id,id_usuario,id_restaurante,fecha,estado
ped_00001,user_0295,res_0025,2026-01-11,cancelado
ped_00002,user_0197,res_0064,2024-03-29,entregado
ped_00003,user_0076,res_0084,2025-11-09,entregado
ped_00004,user_0458,res_0097,2026-10-29,entregado
ped_00005,user_0399,res_0055,2023-03-25,entregado
ped_00006,user_0412,res_0090,2024-11-26,pendiente
ped_00007,user_0026,res_0072,2023-05-26,entregado
ped_00008,user_0234,res_0018,2026-06-30,pendiente
ped_00009,user_0342,res_0068,2025-02-18,cancelado
ped_00010,user_0163,res_0097,2026-12-31,pendiente
ped_00011,user_0314,res_0093,2027-01-01,cancelado
ped_00012,user_0219,res_0071,2024-07-02,entregado
ped_00013,user_0381,res_0061,2024-07-10,pendiente
ped_00014,user_0385,res_0032,2026-09-17,cancelado
ped_00015,user_0142,res_0099,2026-05-12,cancelado
ped_00016,user_0249,res_0081,2023-05-05,pendiente
ped_00017,user_0226,res_0010,2026-01-01,pendiente
ped_00018,user_0121,res_0035,2023-11-19,pendiente
ped_00019,user_0458,res_0070,2022-06-15,entregado
ped_00020,user_0078,res_0030,2024-02-24,cancelado
ped_00021,user_0079,res_0091,2023-03-15,entregado
ped_00022,user_0213,res_0053,2023-11-09,cancelado
ped_00023,user_0239,res_0054,2022-05-08,entregado
ped_00024,user_0427,res_0054,2024-03-08,cancelado
ped_00025,user_0485,res_0090,2022-02-10,cancelado
ped_00026,user_0195,res_0062,2022-01-13,pendiente
ped_00027,user_0153,res_0097,2024-03-09,pendiente
ped_00028,user_0276,res_0096,2026-02-13,cancelado
ped_00029,user_0410,res_0078,2027-01-13,entregado
ped_00030,user_0250,res_0029,2023-07-13,pendiente
ped_00031,user_0249,res_0004,2024-03-07,pendiente
ped_00032,user_0343,res_0087,2026-06-23,pendiente
ped_00033,user_0371,res_0022,2026-09-18,pendiente
ped_00034,user_0471,res_0017,2025-06-28,cancelado
ped_00035,user_0014,res_0051,2025-04-27,cancelado
ped_00036,user_0340,res_0004,2022-06-21,cancelado
ped_00037,user_0220,res_0018,2026-11-11,pendiente
ped_00038,user_0094,res_0007,2023-06-17,pendiente
ped_00039,user_0168,res_0028,2024-07-20,pendiente
ped_00040,user_0173,res_0098,2026-12-07,pendiente
ped_00041,user_0143,res_0097,2027-05-03,pendiente
ped_00042,user_0130,res_0011,2024-08-21,entregado
ped_00043,user_0384,res_0070,2022-04-17,pendiente
ped_00044,user_0115,res_0084,2022-05-21,cancelado
ped_00045,user_0021,res_0097,2022-03-05,entregado
ped_00046,user_0103,res_0003,2025-06-26,entregado
ped_00047,user_0123,res_0017,2024-08-27,cancelado
ped_00048,user_0059,res_0073,2027-04-26,entregado
ped_00049,user_0239,res_0090,2023-06-09,pendiente
ped_00050,user_0086,res_0078,2025-05-28,cancelado
ped_00051,user_0368,res_0015,2026-05-12,entregado
ped_00052,user_0494,res_0040,2022-08-10,cancelado
ped_00053,user_0014,res_0040,2025-03-25,cancelado
ped_00054,user_0465,res_0049,2024-03-23,cancelado
ped_00055,user_0102,res_0010,2025-04-27,cancelado
ped_00056,user_0426,res_0081,2023-05-13,entregado
ped_00057,user_0357,res_0099,2023-09-10,cancelado
ped_00058,user_0308,res_0016,2026-06-19,cancelado
ped_00059,user_0401,res_0006,2023-12-13,cancelado
ped_00060,user_0220,res_0085,2024-01-29,entregado
ped_00061,user_0260,res_0083,2023-11-30,entregado
ped_00062,user_0435,res_0054,2026-08-12,pendiente
ped_00063,user_0055,res_0056,2027-05-22,pendiente
ped_00064,user_0326,res_0059,2025-12-19,entregado
ped_00065,user_0223,res_0023,2026-02-11,cancelado
ped_00066,user_0495,res_0084,2023-07-08,cancelado
ped_00067,user_0414,res_0069,2026-05-06,pendiente
ped_00068,user_0239,res_0056,2026-08-19,cancelado
ped_00069,user_0304,res_0035,2023-10-23,entregado
ped_00070,user_0426,res_0012,2023-07-26,pendiente
ped_00071,user_0125,res_0097,2024-08-09,cancelado
ped_00072,user_0313,res_0086,2024-02-16,pendiente
ped_00073,user_0015,res_0064,2026-10-09,pendiente
ped_00074,user_0094,res_0063,2023-03-11,pendiente
ped_00075,user_0409,res_0034,2023-11-29,pendiente
ped_00076,user_0451,res_0077,2025-12-07,pendiente
ped_00077,user_0285,res_0002,2024-11-24,entregado
ped_00078,user_0044,res_0031,2026-01-14,pendiente
ped_00079,user_0251,res_0072,2026-04-02,entregado
ped_00080,user_0354,res_0061,2025-08-15,cancelado
ped_00081,user_0252,res_0058,2026-06-12,entregado
ped_00082,user_0048,res_0038,2023-03-30,pendiente
ped_00083,user_0355,res_0032,2023-09-20,cancelado
ped_00084,user_0298,res_0048,2024-08-27,cancelado
ped_00085,user_0272,res_0045,2024-05-21,cancelado
ped_00086,user_0282,res_0043,2023-12-22,cancelado
ped_00087,user_0233,res_0035,2023-09-20,pendiente
ped_00088,user_0119,res_0016,2026-01-17,entregado
ped_00089,user_0162,res_0016,2026-03-02,cancelado
ped_00090,user_0487,res_0098,2025-11-14,entregado
ped_00091,user_0099,res_0028,2026-02-21,pendiente
ped_00092,user_0142,res_0093,2025-04-22,cancelado
ped_00093,user_0306,res_0037,2022-07-25,entregado
ped_00094,user_0152,res_0030,2024-01-10,entregado
ped_00095,user_0155,res_0002,2025-12-21,cancelado
ped_00096,user_0065,res_0036,2022-04-04,entregado
ped_00097,user_0284,res_0038,2025-11-29,entregado
ped_00098,user_0327,res_0097,2024-10-02,entregado
ped_00099,user_0447,res_0002,2025-03-21,pendiente
ped_00100,user_0241,res_0062,2024-06-21,pendiente
ped_00101,user_0095,res_0007,2023-06-02,pendiente
ped_00102,user_0059,res_0009,2024-03-31,pendiente
ped_00103,user_0038,res_0074,2025-07-13,cancelado
ped_00104,user_0028,res_0020,2022-11-02,cancelado
ped_00105,user_0486,res_0039,2022-06-24,entregado
ped_00106,user_0061,res_0072,2026-04-15,pendiente
ped_00107,user_0311,res_0077,2026-06-08,cancelado
ped_00108,user_0116,res_0100,2024-12-06,pendiente
ped_00109,user_0231,res_0057,2023-09-01,cancelado
ped_00110,user_0220,res_0040,2025-03-10,cancelado
ped_00111,user_0031,res_0079,2027-05-21,cancelado
ped_00112,user_0051,res_0098,2023-03-02,cancelado
ped_00113,user_0109,res_0034,2025-09-14,entregado
ped_00114,user_0081,res_0031,2022-12-22,cancelado
ped_00115,user_0039,res_0021,2022-01-06,pendiente
ped_00116,user_0231,res_0089,2025-05-01,pendiente
ped_00117,user_0150,res_0005,2023-04-20,pendiente
ped_00118,user_0362,res_0037,2025-12-10,pendiente
ped_00119,user_0037,res_0088,2023-04-24,pendiente
ped_00120,user_0404,res_0081,2025-04-22,cancelado
ped_00121,user_0412,res_0026,2024-05-20,entregado
ped_00122,user_0279,res_0029,2025-08-19,entregado
ped_00123,user_0466,res_0035,2026-08-20,entregado
ped_00124,user_0037,res_0008,2022-12-06,pendiente
ped_00125,user_0305,res_0096,2026-08-16,cancelado
ped_00126,user_0472,res_0037,2024-06-18,entregado
ped_00127,user_0240,res_0089,2023-09-15,cancelado
ped_00128,user_0207,res_0035,2024-10-21,cancelado
ped_00129,user_0253,res_0057,2022-06-14,cancelado
ped_00130,user_0021,res_0056,2026-02-13,pendiente
ped_00131,user_0310,res_0033,2022-02-22,entregado
ped_00132,user_0118,res_0087,2026-09-09,cancelado
ped_00133,user_0301,res_0003,2026-04-16,cancelado
ped_00134,user_0421,res_0035,2025-03-26,entregado
ped_00135,user_0391,res_0097,2022-12-25,pendiente
ped_00136,user_0266,res_0084,2024-06-24,pendiente
ped_00137,user_0093,res_0075,2024-06-11,cancelado
ped_00138,user_0417,res_0063,2027-06-08,entregado
ped_00139,user_0241,res_0045,2024-04-16,pendiente
ped_00140,user_0165,res_0086,2022-08-03,entregado
ped_00141,user_0169,res_0053,2025-11-21,pendiente
ped_00142,user_0148,res_0085,2027-04-20,pendiente
ped_00143,user_0417,res_0098,2025-01-31,entregado
ped_00144,user_0233,res_0012,2023-10-07,pendiente
ped_00145,user_0166,res_0015,2027-06-10,pendiente
ped_00146,user_0443,res_0066,2026-08-17,entregado
ped_00147,user_0337,res_0070,2024-08-04,pendiente
ped_00148,user_0028,res_0025,2024-11-27,pendiente
ped_00149,user_0319,res_0097,2024-10-17,cancelado
ped_00150,user_0227,res_0098,2022-04-16,entregado
ped_00151,user_0137,res_0071,2022-09-26,pendiente
ped_00152,user_0225,res_0090,2024-09-19,entregado
ped_00153,user_0015,res_0081,2025-05-31,entregado
ped_00154,user_0364,res_0021,2023-09-29,cancelado
ped_00155,user_0008,res_0071,2024-04-15,entregado
ped_00156,user_0116,res_0015,2024-08-03,entregado
ped_00157,user_0332,res_0020,2024-10-17,cancelado
ped_00158,user_0150,res_0066,2025-12-15,pendiente
ped_00159,user_0213,res_0062,2024-08-25,entregado
ped_00160,user_0234,res_0071,2022-10-24,pendiente
ped_00161,user_0098,res_0077,2024-11-06,cancelado
ped_00162,user_0451,res_0018,2026-11-05,entregado
ped_00163,user_0142,res_0099,2026-06-06,pendiente
ped_00164,user_0175,res_0065,2023-07-02,entregado
ped_00165,user_0145,res_0093,2023-09-04,cancelado
ped_00166,user_0297,res_0085,2024-09-29,entregado
ped_00167,user_0229,res_0069,2024-09-18,pendiente
ped_00168,user_0171,res_0071,2026-04-12,cancelado
ped_00169,user_0194,res_0059,2027-03-26,pendiente
ped_00170,user_0446,res_0025,2025-11-29,entregado
ped_00171,user_0293,res_0050,2023-04-24,pendiente
ped_00172,user_0023,res_0041,2026-03-06,pendiente
ped_00173,user_0362,res_0049,2024-03-01,cancelado
ped_00174,user_0406,res_0084,2022-11-08,pendiente
ped_00175,user_0494,res_0005,2022-09-16,cancelado
ped_00176,user_0495,res_0076,2023-11-11,entregado
ped_00177,user_0448,res_0057,2022-07-24,cancelado
ped_00178,user_0467,res_0059,2022-02-01,cancelado
ped_00179,user_0074,res_0053,2026-11-19,cancelado
ped_00180,user_0497,res_0020,2022-06-03,pendiente
ped_00181,user_0401,res_0034,2023-11-25,cancelado
ped_00182,user_0355,res_0051,2025-08-23,entregado
ped_00183,user_0437,res_0043,2026-10-12,cancelado
ped_00184,user_0440,res_0069,2024-02-18,pendiente
ped_00185,user_0321,res_0092,2026-12-23,pendiente
ped_00186,user_0447,res_0070,2022-03-15,cancelado
ped_00187,user_0036,res_0031,2025-07-16,cancelado
ped_00188,user_0472,res_0037,2023-04-11,cancelado
ped_00189,user_0047,res_0056,2022-07-21,cancelado
ped_00190,user_0361,res_0013,2024-06-27,entregado
ped_00191,user_0356,res_0039,2027-01-25,entregado
ped_00192,user_0024,res_0042,2026-06-19,entregado
ped_00193,user_0151,res_0046,2024-02-07,pendiente
ped_00194,user_0075,res_0032,2024-12-23,pendiente
ped_00195,user_0290,res_0088,2026-06-12,entregado
ped_00196,user_0088,res_0023,2022-06-11,cancelado
ped_00197,user_0446,res_0049,2025-06-23,cancelado
ped_00198,user_0124,res_0064,2027-02-13,cancelado
ped_00199,user_0074,res_0030,2024-08-02,cancelado
ped_00200,user_0131,res_0059,2023-06-07,cancelado
ped_00201,user_0005,res_0060,2027-01-20,pendiente
ped_00202,user_0347,res_0070,2022-11-20,entregado
ped_00203,user_0227,res_0045,2025-04-18,pendiente
ped_00204,user_0328,res_0055,2025-11-14,pendiente
ped_00205,user_0234,res_0039,2023-02-12,pendiente
ped_00206,user_0437,res_0062,2022-08-07,entregado
ped_00207,user_0196,res_0074,2024-01-06,cancelado
ped_00208,user_0152,res_0090,2023-08-28,entregado
ped_00209,user_0425,res_0085,2024-03-21,pendiente
ped_00210,user_0005,res_0073,2026-11-07,cancelado
ped_00211,user_0399,res_0096,2027-06-17,entregado
ped_00212,user_0467,res_0078,2026-03-07,pendiente
ped_00213,user_0427,res_0037,2026-05-08,entregado
ped_00214,user_0311,res_0046,2023-03-25,cancelado
ped_00215,user_0098,res_0080,2023-05-29,cancelado
ped_00216,user_0387,res_0093,2026-04-21,cancelado
ped_00217,user_0349,res_0018,2025-07-10,entregado
ped_00218,user_0463,res_0081,2025-08-16,entregado
ped_00219,user_0159,res_0057,2022-03-10,cancelado
ped_00220,user_0187,res_0094,2022-09-27,entregado
ped_00221,user_0466,res_0038,2023-11-01,cancelado
ped_00222,user_0213,res_0023,2023-02-16,entregado
ped_00223,user_0403,res_0070,2026-11-30,pendiente
ped_00224,user_0272,res_0065,2027-02-14,pendiente
ped_00225,user_0426,res_0022,2023-06-11,pendiente
ped_00226,user_0496,res_0038,2026-03-09,pendiente
ped_00227,user_0412,res_0015,2024-08-17,entregado
ped_00228,user_0073,res_0097,2027-06-03,entregado
ped_00229,user_0441,res_0087,2026-01-23,cancelado
ped_00230,user_0204,res_0072,2024-01-20,entregado
ped_00231,user_0405,res_0051,2022-01-29,pendiente
ped_00232,user_0275,res_0016,2024-07-20,pendiente
ped_00233,user_0345,res_0096,2025-10-08,pendiente
ped_00234,user_0300,res_0049,2026-08-12,cancelado
ped_00235,user_0482,res_0048,2022-08-10,cancelado
ped_00236,user_0120,res_0061,2022-02-21,cancelado
ped_00237,user_0453,res_0072,2023-11-03,cancelado
ped_00238,user_0114,res_0083,2022-05-10,cancelado
ped_00239,user_0422,res_0060,2027-02-06,cancelado
ped_00240,user_0155,res_0084,2024-04-16,entregado
ped_00241,user_0072,res_0006,2027-04-22,entregado
ped_00242,user_0156,res_0064,2022-08-26,entregado
ped_00243,user_0121,res_0069,2022-10-05,pendiente
ped_00244,user_0233,res_0048,2025-10-05,cancelado
ped_00245,user_0357,res_0070,2024-05-08,cancelado
ped_00246,user_0381,res_0094,2022-11-13,pendiente
ped_00247,user_0336,res_0013,2026-09-04,pendiente
ped_00248,user_0316,res_0053,2027-04-08,pendiente
ped_00249,user_0017,res_0089,2024-01-29,entregado
ped_00250,user_0228,res_0057,2027-05-01,entregado
ped_00251,user_0438,res_0047,2022-07-23,cancelado
ped_00252,user_0189,res_0070,2027-01-21,cancelado
ped_00253,user_0184,res_0008,2024-03-26,pendiente
ped_00254,user_0098,res_0016,2027-04-28,pendiente
ped_00255,user_0047,res_0085,2023-03-11,cancelado
ped_00256,user_0328,res_0077,2027-06-12,entregado
ped_00257,user_0026,res_0043,2023-05-14,entregado
ped_00258,user_0403,res_0073,2023-02-25,entregado
ped_00259,user_0425,res_0098,2025-02-09,entregado
ped_00260,user_0301,res_0028,2026-07-24,entregado
ped_00261,user_0169,res_0100,2022-10-30,cancelado
ped_00262,user_0002,res_0036,2026-10-25,entregado
ped_00263,user_0067,res_0070,2023-05-29,entregado
ped_00264,user_0057,res_0085,2026-11-10,entregado
ped_00265,user_0068,res_0002,2024-01-04,entregado
ped_00266,user_0302,res_0042,2022-02-02,entregado
ped_00267,user_0136,res_0007,2022-09-17,cancelado
ped_00268,user_0216,res_0068,2022-08-21,cancelado
ped_00269,user_0033,res_0061,2024-07-07,pendiente
ped_00270,user_0263,res_0076,2022-08-12,pendiente
ped_00271,user_0258,res_0029,2027-04-21,cancelado
ped_00272,user_0023,res_0094,2026-05-24,cancelado
ped_00273,user_0267,res_0039,2024-07-27,cancelado
ped_00274,user_0494,res_0004,2022-05-05,pendiente
ped_00275,user_0434,res_0052,2024-05-23,cancelado
ped_00276,user_0056,res_0063,2025-12-29,pendiente
ped_00277,user_0038,res_0011,2023-10-22,cancelado
ped_00278,user_0076,res_0009,2022-09-16,pendiente
ped_00279,user_0320,res_0082,2025-04-13,cancelado
ped_00280,user_0365,res_0042,2024-02-20,cancelado
ped_00281,user_0272,res_0038,2024-07-18,cancelado
ped_00282,user_0310,res_0056,2022-07-23,cancelado
ped_00283,user_0059,res_0084,2025-08-26,cancelado
ped_00284,user_0370,res_0028,2024-05-30,pendiente
ped_00285,user_0455,res_0030,2024-04-27,pendiente
ped_00286,user_0424,res_0059,2024-03-27,pendiente
ped_00287,user_0374,res_0013,2023-10-03,pendiente
ped_00288,user_0161,res_0086,2023-06-07,pendiente
ped_00289,user_0489,res_0020,2025-11-07,pendiente
ped_00290,user_0035,res_0012,2026-08-31,entregado
ped_00291,user_0048,res_0056,2022-07-17,cancelado
ped_00292,user_0379,res_0048,2026-07-21,entregado
ped_00293,user_0285,res_0008,2025-04-16,cancelado
ped_00294,user_0288,res_0043,2025-10-04,entregado
ped_00295,user_0211,res_0046,2026-11-25,cancelado
ped_00296,user_0482,res_0097,2024-05-16,cancelado
ped_00297,user_0027,res_0037,2025-05-14,pendiente
ped_00298,user_0181,res_0014,2025-03-29,cancelado
ped_00299,user_0109,res_0020,2025-09-06,pendiente
ped_00300,user_0115,res_0014,2023-12-19,cancelado
ped_00301,user_0189,res_0015,2026-04-11,pendiente
ped_00302,user_0294,res_0029,2026-07-12,pendiente
ped_00303,user_0433,res_0072,2027-06-19,cancelado
ped_00304,user_0315,res_0087,2025-08-09,cancelado
ped_00305,user_0014,res_0078,2027-03-18,cancelado
ped_00306,user_0425,res_0089,2023-07-02,entregado
ped_00307,user_0093,res_0035,2025-12-10,pendiente
ped_00308,user_0472,res_0044,2023-12-20,entregado
ped_00309,user_0093,res_0019,2025-03-05,cancelado
ped_00310,user_0206,res_0009,2022-10-18,cancelado
ped_00311,user_0325,res_0004,2022-07-07,cancelado
ped_00312,user_0272,res_0028,2024-02-10,pendiente
ped_00313,user_0233,res_0044,2022-11-19,pendiente
ped_00314,user_0160,res_0093,2023-10-27,cancelado
ped_00315,user_0306,res_0011,2026-12-15,entregado
ped_00316,user_0080,res_0021,2026-03-26,cancelado
ped_00317,user_0026,res_0087,2022-06-17,pendiente
ped_00318,user_0227,res_0085,2024-05-18,pendiente
ped_00319,user_0311,res_0057,2024-04-28,pendiente
ped_00320,user_0111,res_0097,2024-11-15,entregado
ped_00321,user_0177,res_0056,2022-08-16,pendiente
ped_00322,user_0348,res_0087,2025-04-29,pendiente
ped_00323,user_0270,res_0086,2023-09-24,entregado
ped_00324,user_0113,res_0051,2025-05-12,entregado
ped_00325,user_0004,res_0027,2023-09-10,entregado
ped_00326,user_0393,res_0018,2026-04-15,pendiente
ped_00327,user_0149,res_0042,2022-09-03,entregado
ped_00328,user_0255,res_0096,2024-05-31,entregado
ped_00329,user_0067,res_0049,2024-12-26,cancelado
ped_00330,user_0118,res_0065,2025-02-18,cancelado
ped_00331,user_0413,res_0046,2022-05-28,pendiente
ped_00332,user_0442,res_0095,2022-03-28,pendiente
ped_00333,user_0010,res_0059,2027-03-02,entregado
ped_00334,user_0442,res_0041,2025-03-25,pendiente
ped_00335,user_0294,res_0052,2025-12-24,cancelado
ped_00336,user_0214,res_0038,2022-08-24,pendiente
ped_00337,user_0011,res_0042,2022-12-18,cancelado
ped_00338,user_0236,res_0089,2027-02-27,pendiente
ped_00339,user_0046,res_0056,2026-09-26,entregado
ped_00340,user_0125,res_0056,2025-04-21,pendiente
ped_00341,user_0269,res_0011,2024-03-21,pendiente
ped_00342,user_0382,res_0044,2023-03-30,pendiente
ped_00343,user_0399,res_0022,2022-06-06,cancelado
ped_00344,user_0325,res_0015,2024-12-22,cancelado
ped_00345,user_0100,res_0100,2023-12-17,pendiente
ped_00346,user_0373,res_0083,2026-07-28,entregado
ped_00347,user_0121,res_0014,2022-10-27,pendiente
ped_00348,user_0102,res_0023,2025-05-18,entregado
ped_00349,user_0390,res_0098,2025-09-04,entregado
ped_00350,user_0091,res_0099,2025-07-10,pendiente
ped_00351,user_0238,res_0097,2025-02-28,cancelado
ped_00352,user_0230,res_0088,2027-03-08,cancelado
ped_00353,user_0330,res_0082,2025-07-03,pendiente
ped_00354,user_0443,res_0081,2023-10-10,entregado
ped_00355,user_0226,res_0009,2024-08-18,pendiente
ped_00356,user_0324,res_0039,2026-06-19,pendiente
ped_00357,user_0303,res_0008,2023-12-22,cancelado
ped_00358,user_0038,res_0040,2024-08-03,pendiente
ped_00359,user_0020,res_0008,2024-01-26,pendiente
ped_00360,user_0040,res_0083,2026-11-05,entregado
ped_00361,user_0315,res_0077,2024-11-04,pendiente
ped_00362,user_0237,res_0075,2025-02-09,cancelado
ped_00363,user_0459,res_0006,2024-07-10,cancelado
ped_00364,user_0334,res_0025,2023-10-21,cancelado
ped_00365,user_0244,res_0065,2022-11-05,entregado
ped_00366,user_0231,res_0014,2026-07-19,pendiente
ped_00367,user_0366,res_0011,2024-10-30,cancelado
ped_00368,user_0089,res_0006,2023-05-23,cancelado
ped_00369,user_0225,res_0057,2024-12-09,cancelado
ped_00370,user_0313,res_0021,2024-01-16,pendiente
ped_00371,user_0470,res_0037,2024-03-04,pendiente
ped_00372,user_0397,res_0044,2025-10-22,cancelado
ped_00373,user_0027,res_0081,2025-08-18,pendiente
ped_00374,user_0034,res_0043,2022-07-13,cancelado
ped_00375,user_0348,res_0050,2023-08-05,pendiente
ped_00376,user_0371,res_0085,2027-05-30,cancelado
ped_00377,user_0448,res_0020,2023-11-14,entregado
ped_00378,user_0299,res_0085,2022-10-17,pendiente
ped_00379,user_0159,res_0084,2025-12-01,cancelado
ped_00380,user_0201,res_0017,2025-05-03,cancelado
ped_00381,user_0481,res_0011,2023-09-27,cancelado
ped_00382,user_0193,res_0083,2026-06-10,pendiente
ped_00383,user_0417,res_0017,2025-10-04,cancelado
ped_00384,user_0425,res_0095,2025-11-04,cancelado
ped_00385,user_0048,res_0083,2025-10-05,pendiente
ped_00386,user_0261,res_0047,2022-02-07,pendiente
ped_00387,user_0159,res_0024,2027-05-02,entregado
ped_00388,user_0175,res_0099,2024-09-22,entregado
ped_00389,user_0116,res_0018,2022-11-14,entregado
ped_00390,user_0152,res_0013,2024-11-05,cancelado
ped_00391,user_0428,res_0095,2026-12-15,cancelado
ped_00392,user_0020,res_0085,2023-11-21,cancelado
ped_00393,user_0068,res_0077,2024-02-11,entregado
ped_00394,user_0084,res_0024,2026-08-30,cancelado
ped_00395,user_0395,res_0080,2026-07-15,entregado
ped_00396,user_0370,res_0057,2022-03-31,pendiente
ped_00397,user_0187,res_0087,2026-01-13,entregado
ped_00398,user_0497,res_0057,2025-06-04,pendiente
ped_00399,user_0386,res_0096,2026-05-25,pendiente
ped_00400,user_0120,res_0069,2023-05-05,pendiente
ped_00401,user_0495,res_0061,2027-01-26,entregado
ped_00402,user_0189,res_0087,2027-04-24,cancelado
ped_00403,user_0226,res_0060,2026-04-25,pendiente
ped_00404,user_0399,res_0049,2024-10-26,cancelado
ped_00405,user_0215,res_0021,2026-07-31,entregado
ped_00406,user_0411,res_0078,2022-10-11,pendiente
ped_00407,user_0027,res_0083,2024-09-11,pendiente
ped_00408,user_0284,res_0014,2025-12-27,cancelado
ped_00409,user_0436,res_0016,2023-08-07,entregado
ped_00410,user_0391,res_0021,2023-07-13,pendiente
ped_00411,user_0464,res_0066,2022-10-29,pendiente
ped_00412,user_0047,res_0029,2026-07-31,pendiente
ped_00413,user_0453,res_0045,2027-03-21,entregado
ped_00414,user_0213,res_0007,2024-03-22,cancelado
ped_00415,user_0192,res_0031,2024-03-01,entregado
ped_00416,user_0192,res_0029,2022-02-27,pendiente
ped_00417,user_0477,res_0013,2026-09-15,cancelado
ped_00418,user_0333,res_0043,2026-06-09,entregado
ped_00419,user_0071,res_0005,2023-08-11,pendiente
ped_00420,user_0357,res_0018,2026-04-04,cancelado
ped_00421,user_0241,res_0058,2025-06-14,entregado
ped_00422,user_0464,res_0011,2022-02-08,pendiente
ped_00423,user_0111,res_0020,2025-01-28,cancelado
ped_00424,user_0312,res_0068,2024-05-16,entregado
ped_00425,user_0398,res_0037,2023-05-02,pendiente
ped_00426,user_0063,res_0007,2023-05-04,pendiente
ped_00427,user_0328,res_0080,2024-07-25,entregado
ped_00428,user_0057,res_0064,2025-05-07,cancelado
ped_00429,user_0009,res_0081,2024-11-21,cancelado
ped_00430,user_0124,res_0092,2022-10-22,pendiente
ped_00431,user_0220,res_0001,2025-06-13,pendiente
ped_00432,user_0124,res_0074,2024-05-03,entregado
ped_00433,user_0341,res_0086,2022-06-25,cancelado
ped_00434,user_0500,res_0047,2022-05-19,cancelado
ped_00435,user_0279,res_0065,2026-05-30,cancelado
ped_00436,user_0284,res_0003,2024-03-10,pendiente
ped_00437,user_0023,res_0082,2024-03-03,pendiente
ped_00438,user_0130,res_0096,2022-02-03,pendiente
ped_00439,user_0404,res_0009,2023-12-08,entregado
ped_00440,user_0376,res_0085,2025-07-10,entregado
ped_00441,user_0396,res_0075,2026-02-14,pendiente
ped_00442,user_0069,res_0006,2023-12-23,cancelado
ped_00443,user_0174,res_0083,2022-12-25,cancelado
ped_00444,user_0238,res_0090,2024-09-07,cancelado
ped_00445,user_0094,res_0018,2022-05-10,cancelado
ped_00446,user_0398,res_0059,2022-03-17,pendiente
ped_00447,user_0104,res_0006,2026-06-09,entregado
ped_00448,user_0454,res_0006,2023-10-09,pendiente
ped_00449,user_0264,res_0051,2026-07-28,cancelado
ped_00450,user_0243,res_0033,2022-03-16,cancelado
ped_00451,user_0098,res_0037,2024-01-02,entregado
ped_00452,user_0444,res_0084,2023-11-11,pendiente
ped_00453,user_0064,res_0048,2024-06-13,pendiente
ped_00454,user_0381,res_0057,2027-01-07,pendiente
ped_00455,user_0174,res_0024,2024-10-13,cancelado
ped_00456,user_0255,res_0048,2027-03-08,cancelado
ped_00457,user_0137,res_0011,2026-01-29,pendiente
ped_00458,user_0041,res_0056,2025-05-18,entregado
ped_00459,user_0280,res_0038,2023-10-20,entregado
ped_00460,user_0041,res_0042,2025-09-15,pendiente
ped_00461,user_0157,res_0058,2025-05-19,cancelado
ped_00462,user_0219,res_0022,2025-11-13,pendiente
ped_00463,user_0180,res_0058,2022-03-28,cancelado
ped_00464,user_0446,res_0046,2025-06-13,pendiente
ped_00465,user_0141,res_0082,2026-06-09,entregado
ped_00466,user_0039,res_0086,2025-07-29,pendiente
ped_00467,user_0187,res_0066,2026-06-29,cancelado
ped_00468,user_0348,res_0021,2027-05-06,entregado
ped_00469,user_0074,res_0078,2025-10-20,pendiente
ped_00470,user_0018,res_0017,2022-05-18,entregado
ped_00471,user_0399,res_0083,2024-01-21,pendiente
ped_00472,user_0197,res_0073,2022-03-08,cancelado
ped_00473,user_0079,res_0087,2024-07-10,pendiente
ped_00474,user_0191,res_0057,2026-04-12,entregado
ped_00475,user_0294,res_0018,2024-12-20,pendiente
ped_00476,user_0204,res_0041,2025-08-23,pendiente
ped_00477,user_0128,res_0015,2022-02-23,cancelado
ped_00478,user_0096,res_0064,2024-11-26,pendiente
ped_00479,user_0468,res_0072,2022-08-30,pendiente
ped_00480,user_0397,res_0034,2025-12-12,pendiente
ped_00481,user_0110,res_0079,2023-08-08,cancelado
ped_00482,user_0470,res_0063,2023-02-14,entregado
ped_00483,user_0070,res_0010,2024-07-14,entregado
ped_00484,user_0461,res_0092,2024-06-30,entregado
ped_00485,user_0415,res_0088,2027-06-05,pendiente
ped_00486,user_0342,res_0045,2025-12-24,entregado
ped_00487,user_0282,res_0070,2023-08-18,pendiente
ped_00488,user_0436,res_0021,2025-12-28,cancelado
ped_00489,user_0475,res_0090,2025-07-30,entregado
ped_00490,user_0407,res_0047,2024-11-07,entregado
ped_00491,user_0063,res_0026,2026-06-11,entregado
ped_00492,user_0122,res_0064,2022-02-23,pendiente
ped_00493,user_0284,res_0074,2024-01-26,pendiente
ped_00494,user_0412,res_0071,2022-09-23,cancelado
ped_00495,user_0453,res_0012,2022-05-15,pendiente
ped_00496,user_0204,res_0092,2026-01-12,pendiente
ped_00497,user_0270,res_0053,2026-04-25,pendiente
ped_00498,user_0422,res_0074,2022-06-01,entregado
ped_00499,user_0498,res_0041,2025-08-08,entregado
ped_00500,user_0231,res_0060,2025-10-24,cancelado
ped_00501,user_0177,res_0017,2026-12-04,cancelado
ped_00502,user_0328,res_0076,2023-01-08,entregado
ped_00503,user_0222,res_0065,2027-02-09,entregado
ped_00504,user_0426,res_0016,2024-11-27,entregado
ped_00505,user_0156,res_0022,2022-11-28,pendiente
ped_00506,user_0479,res_0091,2023-04-07,pendiente
ped_00507,user_0486,res_0067,2027-01-07,pendiente
ped_00508,user_0434,res_0011,2023-05-29,entregado
ped_00509,user_0326,res_0071,2023-07-17,entregado
ped_00510,user_0321,res_0039,2025-06-12,cancelado
ped_00511,user_0048,res_0065,2025-08-05,entregado
ped_00512,user_0304,res_0075,2022-11-12,entregado
ped_00513,user_0338,res_0080,2026-01-15,cancelado
ped_00514,user_0173,res_0073,2022-03-26,entregado
ped_00515,user_0042,res_0006,2027-04-27,cancelado
ped_00516,user_0395,res_0074,2023-06-27,cancelado
ped_00517,user_0108,res_0099,2025-03-17,pendiente
ped_00518,user_0317,res_0082,2022-03-04,pendiente
ped_00519,user_0456,res_0081,2025-01-22,pendiente
ped_00520,user_0329,res_0039,2024-09-16,entregado
ped_00521,user_0413,res_0088,2024-04-11,pendiente
ped_00522,user_0233,res_0010,2025-11-11,entregado
ped_00523,user_0081,res_0057,2024-05-01,pendiente
ped_00524,user_0238,res_0027,2023-11-28,cancelado
ped_00525,user_0074,res_0041,2026-10-31,cancelado
ped_00526,user_0164,res_0094,2026-10-29,pendiente
ped_00527,user_0500,res_0052,2022-09-25,pendiente
ped_00528,user_0264,res_0072,2022-08-06,pendiente
ped_00529,user_0124,res_0060,2022-09-08,pendiente
ped_00530,user_0231,res_0032,2022-10-16,entregado
ped_00531,user_0026,res_0038,2027-04-21,pendiente
ped_00532,user_0443,res_0079,2024-05-06,entregado
ped_00533,user_0493,res_0021,2026-07-25,pendiente
ped_00534,user_0479,res_0074,2026-01-16,pendiente
ped_00535,user_0098,res_0098,2022-11-23,pendiente
ped_00536,user_0264,res_0060,2024-10-18,pendiente
ped_00537,user_0255,res_0003,2022-07-04,pendiente
ped_00538,user_0259,res_0059,2027-06-03,entregado
ped_00539,user_0111,res_0075,2023-12-24,entregado
ped_00540,user_0026,res_0037,2024-10-10,cancelado
ped_00541,user_0452,res_0084,2025-10-09,pendiente
ped_00542,user_0147,res_0069,2022-01-17,entregado
ped_00543,user_0221,res_0018,2026-12-13,pendiente
ped_00544,user_0373,res_0047,2026-04-14,pendiente
ped_00545,user_0188,res_0006,2024-03-31,entregado
ped_00546,user_0292,res_0072,2023-02-03,pendiente
ped_00547,user_0284,res_0037,2022-05-31,pendiente
ped_00548,user_0259,res_0058,2026-04-15,cancelado
ped_00549,user_0144,res_0080,2025-10-25,cancelado
ped_00550,user_0061,res_0017,2027-06-20,entregado
ped_00551,user_0202,res_0048,2026-06-16,pendiente
ped_00552,user_0286,res_0047,2026-03-27,entregado
ped_00553,user_0102,res_0078,2024-11-08,pendiente
ped_00554,user_0257,res_0006,2022-04-03,entregado
ped_00555,user_0071,res_0092,2023-11-14,pendiente
ped_00556,user_0266,res_0059,2022-11-02,cancelado
ped_00557,user_0458,res_0066,2022-10-14,pendiente
ped_00558,user_0477,res_0079,2023-10-15,entregado
ped_00559,user_0202,res_0079,2026-02-23,pendiente
ped_00560,user_0304,res_0044,2024-11-04,cancelado
ped_00561,user_0273,res_0063,2025-12-22,cancelado
ped_00562,user_0154,res_0061,2026-07-29,entregado
ped_00563,user_0189,res_0043,2025-10-11,entregado
ped_00564,user_0214,res_0075,2023-09-23,cancelado
ped_00565,user_0447,res_0089,2025-07-12,entregado
ped_00566,user_0306,res_0061,2023-06-28,cancelado
ped_00567,user_0401,res_0100,2025-03-30,cancelado
ped_00568,user_0117,res_0093,2022-04-16,cancelado
ped_00569,user_0246,res_0022,2024-12-09,cancelado
ped_00570,user_0370,res_0080,2026-05-06,pendiente
ped_00571,user_0076,res_0088,2023-05-12,entregado
ped_00572,user_0294,res_0090,2022-08-14,entregado
ped_00573,user_0010,res_0057,2023-10-05,pendiente
ped_00574,user_0078,res_0053,2025-11-15,entregado
ped_00575,user_0211,res_0065,2026-05-07,cancelado
ped_00576,user_0472,res_0061,2026-11-23,cancelado
ped_00577,user_0373,res_0008,2025-12-16,entregado
ped_00578,user_0266,res_0027,2025-02-22,pendiente
ped_00579,user_0340,res_0062,2024-12-12,pendiente
ped_00580,user_0161,res_0023,2024-07-30,cancelado
ped_00581,user_0176,res_0070,2023-12-27,cancelado
ped_00582,user_0396,res_0093,2025-10-26,cancelado
ped_00583,user_0412,res_0089,2023-06-26,cancelado
ped_00584,user_0248,res_0025,2027-05-15,entregado
ped_00585,user_0143,res_0072,2023-09-04,entregado
ped_00586,user_0483,res_0039,2026-04-29,pendiente
ped_00587,user_0361,res_0027,2025-11-14,cancelado
ped_00588,user_0251,res_0041,2024-09-09,pendiente
ped_00589,user_0287,res_0093,2023-07-15,pendiente
ped_00590,user_0063,res_0074,2025-10-17,cancelado
ped_00591,user_0195,res_0051,2026-08-04,pendiente
ped_00592,user_0489,res_0099,2026-07-06,entregado
ped_00593,user_0149,res_0006,2023-08-13,cancelado
ped_00594,user_0041,res_0045,2027-03-08,pendiente
ped_00595,user_0336,res_0033,2026-03-11,pendiente
ped_00596,user_0110,res_0026,2026-08-23,cancelado
ped_00597,user_0139,res_0072,2025-11-26,pendiente
ped_00598,user_0071,res_0014,2025-06-14,cancelado
ped_00599,user_0301,res_0031,2023-05-12,entregado
ped_00600,user_0343,res_0068,2023-04-08,cancelado
ped_00601,user_0120,res_0007,2022-07-25,pendiente
ped_00602,user_0170,res_0092,2024-08-25,entregado
ped_00603,user_0349,res_0099,2022-10-09,entregado
ped_00604,user_0494,res_0071,2027-03-18,entregado
ped_00605,user_0209,res_0084,2027-03-30,pendiente
ped_00606,user_0245,res_0084,2023-02-13,pendiente
ped_00607,user_0165,res_0037,2025-08-15,entregado
ped_00608,user_0465,res_0099,2022-07-03,cancelado
ped_00609,user_0294,res_0030,2024-12-31,cancelado
ped_00610,user_0371,res_0005,2027-02-14,entregado
ped_00611,user_0214,res_0023,2027-03-28,entregado
ped_00612,user_0429,res_0051,2026-06-02,pendiente
ped_00613,user_0096,res_0096,2027-05-25,pendiente
ped_00614,user_0449,res_0005,2022-01-19,pendiente
ped_00615,user_0291,res_0078,2022-08-08,pendiente
ped_00616,user_0146,res_0059,2025-08-06,cancelado
ped_00617,user_0269,res_0064,2026-12-27,entregado
ped_00618,user_0436,res_0065,2024-08-16,pendiente
ped_00619,user_0099,res_0015,2023-11-09,entregado
ped_00620,user_0375,res_0059,2025-08-20,pendiente
ped_00621,user_0368,res_0024,2022-01-29,cancelado
ped_00622,user_0173,res_0038,2025-03-08,cancelado
ped_00623,user_0388,res_0025,2022-12-26,cancelado
ped_00624,user_0439,res_0082,2027-01-12,pendiente
ped_00625,user_0424,res_0055,2024-11-21,pendiente
ped_00626,user_0045,res_0052,2025-10-02,entregado
ped_00627,user_0095,res_0018,2024-09-04,pendiente
ped_00628,user_0480,res_0032,2022-01-14,pendiente
ped_00629,user_0197,res_0031,2024-07-03,pendiente
ped_00630,user_0489,res_0043,2023-09-11,cancelado
ped_00631,user_0371,res_0074,2022-01-24,pendiente
ped_00632,user_0335,res_0047,2025-11-19,entregado
ped_00633,user_0032,res_0086,2022-08-31,pendiente
ped_00634,user_0158,res_0021,2024-04-10,cancelado
ped_00635,user_0258,res_0091,2026-04-26,pendiente
ped_00636,user_0354,res_0016,2025-08-01,pendiente
ped_00637,user_0189,res_0079,2023-03-29,entregado
ped_00638,user_0491,res_0018,2024-09-06,entregado
ped_00639,user_0233,res_0096,2025-05-25,pendiente
ped_00640,user_0213,res_0090,2025-01-29,pendiente
ped_00641,user_0388,res_0069,2026-07-01,cancelado
ped_00642,user_0423,res_0028,2026-04-10,entregado
ped_00643,user_0349,res_0097,2025-05-05,entregado
ped_00644,user_0270,res_0058,2024-12-17,cancelado
ped_00645,user_0186,res_0010,2027-02-22,cancelado
ped_00646,user_0058,res_0008,2026-08-25,cancelado
ped_00647,user_0463,res_0065,2023-02-19,cancelado
ped_00648,user_0275,res_0020,2022-12-03,pendiente
ped_00649,user_0438,res_0067,2024-06-23,entregado
ped_00650,user_0349,res_0027,2026-01-08,cancelado
ped_00651,user_0251,res_0012,2027-01-15,cancelado
ped_00652,user_0229,res_0008,2024-07-17,entregado
ped_00653,user_0263,res_0054,2024-07-24,cancelado
ped_00654,user_0030,res_0072,2024-08-04,cancelado
ped_00655,user_0414,res_0040,2026-01-21,entregado
ped_00656,user_0203,res_0033,2026-07-31,entregado
ped_00657,user_0382,res_0028,2025-03-30,entregado
ped_00658,user_0024,res_0055,2023-12-07,cancelado
ped_00659,user_0033,res_0070,2022-05-04,entregado
ped_00660,user_0479,res_0061,2022-03-06,pendiente
ped_00661,user_0210,res_0024,2026-04-24,entregado
ped_00662,user_0393,res_0083,2026-02-02,cancelado
ped_00663,user_0494,res_0054,2024-02-06,pendiente
ped_00664,user_0230,res_0049,2024-02-09,entregado
ped_00665,user_0350,res_0085,2026-11-27,cancelado
ped_00666,user_0069,res_0084,2026-10-28,pendiente
ped_00667,user_0061,res_0023,2025-01-05,pendiente
ped_00668,user_0271,res_0017,2026-01-30,entregado
ped_00669,user_0428,res_0001,2026-03-29,entregado
ped_00670,user_0153,res_0060,2025-10-11,cancelado
ped_00671,user_0279,res_0055,2024-12-25,pendiente
ped_00672,user_0422,res_0030,2023-05-22,pendiente
ped_00673,user_0178,res_0020,2023-07-19,entregado
ped_00674,user_0480,res_0093,2026-04-17,entregado
ped_00675,user_0017,res_0085,2024-05-08,cancelado
ped_00676,user_0393,res_0003,2023-05-08,entregado
ped_00677,user_0035,res_0013,2025-05-01,entregado
ped_00678,user_0229,res_0077,2025-10-08,cancelado
ped_00679,user_0447,res_0007,2023-05-17,cancelado
ped_00680,user_0023,res_0052,2024-06-17,entregado
ped_00681,user_0277,res_0028,2026-03-25,entregado
ped_00682,user_0072,res_0065,2023-08-16,entregado
ped_00683,user_0418,res_0094,2025-03-25,pendiente
ped_00684,user_0296,res_0077,2026-05-02,cancelado
ped_00685,user_0420,res_0042,2023-05-01,pendiente
ped_00686,user_0449,res_0019,2025-09-14,cancelado
ped_00687,user_0114,res_0053,2023-09-08,pendiente
ped_00688,user_0032,res_0072,2027-04-27,cancelado
ped_00689,user_0451,res_0095,2027-02-10,entregado
ped_00690,user_0321,res_0087,2024-05-24,cancelado
ped_00691,user_0254,res_0007,2027-06-15,pendiente
ped_00692,user_0483,res_0083,2025-10-06,pendiente
ped_00693,user_0403,res_0068,2023-10-15,cancelado
ped_00694,user_0214,res_0053,2022-11-02,pendiente
ped_00695,user_0193,res_0024,2026-03-26,cancelado
ped_00696,user_0243,res_0031,2026-10-06,entregado
ped_00697,user_0154,res_0091,2022-10-23,pendiente
ped_00698,user_0469,res_0008,2025-02-25,pendiente
ped_00699,user_0496,res_0054,2025-02-15,cancelado
ped_00700,user_0069,res_0050,2023-05-13,pendiente
ped_00701,user_0105,res_0043,2025-08-17,entregado
ped_00702,user_0473,res_0058,2026-10-01,pendiente
ped_00703,user_0048,res_0069,2026-01-23,entregado
ped_00704,user_0027,res_0035,2024-02-12,cancelado
ped_00705,user_0310,res_0078,2022-03-22,entregado
ped_00706,user_0097,res_0098,2025-04-18,cancelado
ped_00707,user_0344,res_0072,2023-03-21,pendiente
ped_00708,user_0107,res_0043,2023-09-13,entregado
ped_00709,user_0109,res_0025,2027-05-25,cancelado
ped_00710,user_0061,res_0096,2026-03-25,pendiente
ped_00711,user_0469,res_0032,2025-11-25,cancelado
ped_00712,user_0361,res_0027,2024-03-23,entregado
ped_00713,user_0283,res_0042,2026-05-08,pendiente
ped_00714,user_0195,res_0060,2024-12-28,cancelado
ped_00715,user_0184,res_0040,2023-06-20,pendiente
ped_00716,user_0263,res_0064,2024-08-12,entregado
ped_00717,user_0412,res_0093,2024-08-19,pendiente
ped_00718,user_0469,res_0027,2024-01-30,pendiente
ped_00719,user_0212,res_0006,2025-02-26,entregado
ped_00720,user_0380,res_0019,2022-02-03,pendiente
ped_00721,user_0284,res_0075,2025-04-01,cancelado
ped_00722,user_0214,res_0038,2022-11-09,entregado
ped_00723,user_0169,res_0030,2024-02-17,cancelado
ped_00724,user_0427,res_0032,2024-10-19,cancelado
ped_00725,user_0336,res_0088,2023-11-23,pendiente
ped_00726,user_0391,res_0063,2027-06-03,cancelado
ped_00727,user_0329,res_0095,2024-10-01,pendiente
ped_00728,user_0087,res_0094,2026-06-17,pendiente
ped_00729,user_0087,res_0018,2026-01-15,cancelado
ped_00730,user_0251,res_0024,2027-02-21,cancelado
ped_00731,user_0329,res_0008,2024-12-09,entregado
ped_00732,user_0430,res_0010,2027-04-20,cancelado
ped_00733,user_0025,res_0098,2022-01-14,pendiente
ped_00734,user_0071,res_0081,2023-04-19,entregado
ped_00735,user_0363,res_0020,2022-01-19,entregado
ped_00736,user_0259,res_0059,2024-02-04,entregado
ped_00737,user_0317,res_0082,2025-09-27,cancelado
ped_00738,user_0468,res_0062,2025-09-12,pendiente
ped_00739,user_0009,res_0001,2024-12-25,cancelado
ped_00740,user_0211,res_0002,2022-02-04,cancelado
ped_00741,user_0370,res_0036,2025-01-02,pendiente
ped_00742,user_0009,res_0065,2026-07-24,cancelado
ped_00743,user_0346,res_0056,2026-07-10,entregado
ped_00744,user_0055,res_0013,2024-12-09,entregado
ped_00745,user_0124,res_0025,2025-06-23,cancelado
ped_00746,user_0130,res_0046,2023-07-02,pendiente
ped_00747,user_0041,res_0048,2027-05-19,pendiente
ped_00748,user_0236,res_0073,2023-05-14,cancelado
ped_00749,user_0116,res_0039,2025-11-01,entregado
ped_00750,user_0335,res_0084,2026-04-05,entregado
ped_00751,user_0048,res_0052,2024-02-16,pendiente
ped_00752,user_0283,res_0061,2022-04-25,cancelado
ped_00753,user_0005,res_0090,2022-12-17,entregado
ped_00754,user_0256,res_0056,2025-08-13,pendiente
ped_00755,user_0290,res_0013,2027-01-07,cancelado
ped_00756,user_0471,res_0006,2023-04-16,entregado
ped_00757,user_0462,res_0089,2026-12-23,cancelado
ped_00758,user_0244,res_0035,2022-04-06,entregado
ped_00759,user_0351,res_0036,2027-01-16,cancelado
ped_00760,user_0289,res_0085,2022-03-09,entregado
ped_00761,user_0476,res_0041,2022-02-02,entregado
ped_00762,user_0301,res_0019,2026-03-21,cancelado
ped_00763,user_0421,res_0051,2027-03-18,entregado
ped_00764,user_0154,res_0021,2025-02-28,entregado
ped_00765,user_0291,res_0050,2025-10-18,cancelado
ped_00766,user_0170,res_0050,2026-03-28,cancelado
ped_00767,user_0072,res_0089,2026-01-23,entregado
ped_00768,user_0257,res_0096,2027-06-19,pendiente
ped_00769,user_0028,res_0013,2024-06-14,entregado
ped_00770,user_0430,res_0010,2023-11-29,cancelado
ped_00771,user_0394,res_0079,2027-05-10,cancelado
ped_00772,user_0204,res_0100,2023-10-31,entregado
ped_00773,user_0325,res_0035,2026-05-24,pendiente
ped_00774,user_0252,res_0030,2023-12-30,cancelado
ped_00775,user_0482,res_0049,2024-06-03,entregado
ped_00776,user_0349,res_0075,2025-09-15,pendiente
ped_00777,user_0044,res_0099,2025-06-20,pendiente
ped_00778,user_0409,res_0032,2025-12-31,entregado
ped_00779,user_0043,res_0035,2022-11-12,pendiente
ped_00780,user_0365,res_0082,2022-11-12,cancelado
ped_00781,user_0200,res_0041,2024-01-09,entregado
ped_00782,user_0047,res_0001,2027-04-16,pendiente
ped_00783,user_0228,res_0047,2026-04-09,pendiente
ped_00784,user_0053,res_0017,2022-06-28,entregado
ped_00785,user_0221,res_0058,2025-02-14,cancelado
ped_00786,user_0263,res_0053,2022-07-31,entregado
ped_00787,user_0046,res_0046,2025-02-09,entregado
ped_00788,user_0306,res_0077,2026-05-26,pendiente
ped_00789,user_0443,res_0050,2022-01-26,pendiente
ped_00790,user_0212,res_0050,2026-05-15,entregado
ped_00791,user_0372,res_0072,2027-01-28,entregado
ped_00792,user_0293,res_0067,2022-12-14,cancelado
ped_00793,user_0195,res_0022,2022-10-12,pendiente
ped_00794,user_0155,res_0035,2024-10-06,entregado
ped_00795,user_0033,res_0022,2024-06-09,pendiente
ped_00796,user_0216,res_0039,2024-09-18,entregado
ped_00797,user_0185,res_0033,2027-04-18,entregado
ped_00798,user_0370,res_0081,2024-10-12,cancelado
ped_00799,user_0316,res_0026,2024-07-26,entregado
ped_00800,user_0070,res_0039,2022-01-14,pendiente
ped_00801,user_0171,res_0080,2024-02-18,pendiente
ped_00802,user_0226,res_0043,2024-05-31,cancelado
ped_00803,user_0499,res_0077,2022-10-06,pendiente
ped_00804,user_0165,res_0078,2027-04-25,cancelado
ped_00805,user_0103,res_0062,2023-10-06,entregado
ped_00806,user_0494,res_0051,2027-06-07,pendiente
ped_00807,user_0150,res_0095,2025-11-24,cancelado
ped_00808,user_0252,res_0074,2026-05-21,entregado
ped_00809,user_0167,res_0049,2023-07-29,pendiente
ped_00810,user_0187,res_0015,2027-03-24,cancelado
ped_00811,user_0103,res_0076,2025-01-22,entregado
ped_00812,user_0350,res_0099,2025-01-31,entregado
ped_00813,user_0488,res_0094,2024-08-03,cancelado
ped_00814,user_0108,res_0057,2026-06-22,pendiente
ped_00815,user_0426,res_0089,2022-05-22,pendiente
ped_00816,user_0345,res_0064,2022-10-13,cancelado
ped_00817,user_0156,res_0031,2023-06-02,cancelado
ped_00818,user_0079,res_0092,2024-05-16,pendiente
ped_00819,user_0038,res_0058,2025-05-09,pendiente
ped_00820,user_0299,res_0052,2024-12-30,cancelado
ped_00821,user_0473,res_0089,2024-05-06,cancelado
ped_00822,user_0019,res_0047,2025-12-07,cancelado
ped_00823,user_0305,res_0082,2027-02-16,entregado
ped_00824,user_0056,res_0099,2023-05-24,cancelado
ped_00825,user_0341,res_0046,2022-12-07,cancelado
ped_00826,user_0314,res_0006,2025-02-27,cancelado
ped_00827,user_0347,res_0083,2024-03-29,pendiente
ped_00828,user_0495,res_0056,2022-08-05,entregado
ped_00829,user_0051,res_0034,2023-03-31,cancelado
ped_00830,user_0383,res_0067,2025-02-16,cancelado
ped_00831,user_0353,res_0074,2023-03-29,pendiente
ped_00832,user_0192,res_0051,2024-08-06,cancelado
ped_00833,user_0302,res_0089,2024-10-21,entregado
ped_00834,user_0177,res_0004,2024-09-15,entregado
ped_00835,user_0152,res_0054,2027-03-01,entregado
ped_00836,user_0060,res_0094,2022-10-18,pendiente
ped_00837,user_0160,res_0044,2024-07-21,entregado
ped_00838,user_0267,res_0062,2023-12-15,pendiente
ped_00839,user_0050,res_0057,2026-01-18,cancelado
ped_00840,user_0232,res_0041,2022-05-18,pendiente
ped_00841,user_0023,res_0091,2022-08-24,entregado
ped_00842,user_0435,res_0044,2025-08-20,entregado
ped_00843,user_0347,res_0022,2027-03-20,cancelado
ped_00844,user_0125,res_0067,2022-12-24,cancelado
ped_00845,user_0082,res_0043,2025-02-20,pendiente
ped_00846,user_0491,res_0060,2023-04-20,pendiente
ped_00847,user_0323,res_0024,2023-01-17,cancelado
ped_00848,user_0337,res_0056,2024-03-21,entregado
ped_00849,user_0378,res_0079,2026-12-14,entregado
ped_00850,user_0231,res_0076,2024-05-29,pendiente
ped_00851,user_0003,res_0091,2023-03-16,entregado
ped_00852,user_0143,res_0097,2025-12-12,entregado
ped_00853,user_0296,res_0014,2026-06-26,cancelado
ped_00854,user_0096,res_0047,2023-10-30,entregado
ped_00855,user_0235,res_0015,2023-06-22,cancelado
ped_00856,user_0442,res_0063,2024-12-16,cancelado
ped_00857,user_0161,res_0077,2024-03-06,cancelado
ped_00858,user_0201,res_0076,2022-08-22,pendiente
ped_00859,user_0181,res_0059,2025-06-18,entregado
ped_00860,user_0417,res_0087,2025-12-16,pendiente
ped_00861,user_0471,res_0079,2025-04-23,entregado
ped_00862,user_0345,res_0018,2023-10-04,entregado
ped_00863,user_0123,res_0040,2022-08-28,entregado
ped_00864,user_0192,res_0089,2022-10-17,cancelado
ped_00865,user_0199,res_0054,2025-05-06,entregado
ped_00866,user_0295,res_0050,2024-05-16,entregado
ped_00867,user_0250,res_0082,2025-01-05,cancelado
ped_00868,user_0471,res_0083,2027-03-22,entregado
ped_00869,user_0285,res_0022,2024-09-29,pendiente
ped_00870,user_0072,res_0024,2023-10-07,pendiente
ped_00871,user_0318,res_0007,2026-11-08,pendiente
ped_00872,user_0488,res_0002,2024-09-19,entregado
ped_00873,user_0100,res_0050,2027-05-28,cancelado
ped_00874,user_0259,res_0084,2024-10-10,pendiente
ped_00875,user_0351,res_0063,2024-05-01,cancelado
ped_00876,user_0431,res_0057,2024-09-27,entregado
ped_00877,user_0043,res_0073,2022-03-05,entregado
ped_00878,user_0150,res_0005,2023-07-17,entregado
ped_00879,user_0276,res_0037,2022-12-11,pendiente
ped_00880,user_0290,res_0096,2026-05-02,pendiente
ped_00881,user_0282,res_0066,2022-08-20,cancelado
ped_00882,user_0059,res_0035,2026-05-07,cancelado
ped_00883,user_0422,res_0047,2025-01-15,entregado
ped_00884,user_0390,res_0093,2024-06-22,cancelado
ped_00885,user_0112,res_0055,2022-07-29,cancelado
ped_00886,user_0425,res_0084,2026-03-19,entregado
ped_00887,user_0153,res_0005,2024-07-10,pendiente
ped_00888,user_0179,res_0012,2024-06-18,entregado
ped_00889,user_0398,res_0031,2023-03-06,cancelado
ped_00890,user_0302,res_0089,2023-12-20,cancelado
ped_00891,user_0313,res_0081,2024-05-26,entregado
ped_00892,user_0316,res_0018,2026-05-27,entregado
ped_00893,user_0417,res_0027,2026-07-08,entregado
ped_00894,user_0292,res_0045,2024-12-26,pendiente
ped_00895,user_0306,res_0069,2022-12-11,pendiente
ped_00896,user_0361,res_0038,2023-08-16,cancelado
ped_00897,user_0137,res_0066,2027-01-18,cancelado
ped_00898,user_0418,res_0013,2022-10-05,pendiente
ped_00899,user_0471,res_0008,2023-07-22,cancelado
ped_00900,user_0065,res_0090,2026-11-09,entregado
ped_00901,user_0128,res_0019,2025-12-27,pendiente
ped_00902,user_0425,res_0032,2026-04-09,cancelado
ped_00903,user_0202,res_0063,2022-10-19,cancelado
ped_00904,user_0324,res_0035,2025-07-09,pendiente
ped_00905,user_0193,res_0058,2022-06-04,cancelado
ped_00906,user_0407,res_0099,2022-07-10,pendiente
ped_00907,user_0264,res_0096,2023-07-24,cancelado
ped_00908,user_0480,res_0048,2024-07-20,pendiente
ped_00909,user_0168,res_0075,2022-01-06,cancelado
ped_00910,user_0048,res_0094,2027-06-14,pendiente
ped_00911,user_0326,res_0086,2025-11-29,pendiente
ped_00912,user_0436,res_0009,2026-06-18,cancelado
ped_00913,user_0204,res_0028,2027-06-06,pendiente
ped_00914,user_0423,res_0028,2024-10-10,pendiente
ped_00915,user_0166,res_0037,2023-11-23,cancelado
ped_00916,user_0296,res_0017,2025-03-05,pendiente
ped_00917,user_0404,res_0044,2027-01-06,cancelado
ped_00918,user_0391,res_0007,2022-04-05,entregado
ped_00919,user_0321,res_0059,2022-02-03,entregado
ped_00920,user_0476,res_0021,2024-06-22,pendiente
ped_00921,user_0001,res_0055,2023-02-19,cancelado
ped_00922,user_0466,res_0017,2026-12-12,cancelado
ped_00923,user_0155,res_0021,2026-11-26,pendiente
ped_00924,user_0048,res_0084,2024-01-09,pendiente
ped_00925,user_0043,res_0048,2025-09-22,cancelado
ped_00926,user_0085,res_0007,2024-03-22,cancelado
ped_00927,user_0157,res_0093,2025-12-03,entregado
ped_00928,user_0220,res_0084,2022-07-06,cancelado
ped_00929,user_0049,res_0001,2023-03-14,pendiente
ped_00930,user_0040,res_0017,2025-04-30,entregado
ped_00931,user_0266,res_0088,2024-06-30,entregado
ped_00932,user_0005,res_0090,2023-12-05,entregado
ped_00933,user_0441,res_0055,2025-11-22,entregado
ped_00934,user_0245,res_0010,2023-04-14,pendiente
ped_00935,user_0046,res_0094,2026-07-09,entregado
ped_00936,user_0053,res_0041,2024-01-23,pendiente
ped_00937,user_0071,res_0049,2026-05-04,entregado
ped_00938,user_0329,res_0087,2022-10-20,entregado
ped_00939,user_0272,res_0073,2022-01-18,cancelado
ped_00940,user_0333,res_0022,2024-06-20,pendiente
ped_00941,user_0370,res_0028,2025-07-10,cancelado
ped_00942,user_0078,res_0053,2025-06-15,cancelado
ped_00943,user_0227,res_0028,2022-06-27,entregado
ped_00944,user_0072,res_0097,2022-09-10,cancelado
ped_00945,user_0374,res_0050,2023-12-21,pendiente
ped_00946,user_0162,res_0018,2023-05-23,pendiente
ped_00947,user_0331,res_0011,2023-05-24,cancelado
ped_00948,user_0308,res_0077,2026-01-16,cancelado
ped_00949,user_0146,res_0100,2027-04-12,cancelado
ped_00950,user_0014,res_0085,2026-11-29,pendiente
ped_00951,user_0106,res_0067,2025-05-27,cancelado
ped_00952,user_0097,res_0096,2024-03-13,pendiente
ped_00953,user_0331,res_0007,2026-05-25,entregado
ped_00954,user_0254,res_0050,2022-08-19,entregado
ped_00955,user_0256,res_0082,2025-05-01,entregado
ped_00956,user_0271,res_0002,2024-01-10,pendiente
ped_00957,user_0068,res_0050,2026-10-29,cancelado
ped_00958,user_0216,res_0047,2025-01-23,cancelado
ped_00959,user_0089,res_0098,2024-08-22,entregado
ped_00960,user_0009,res_0076,2022-05-19,entregado
ped_00961,user_0135,res_0028,2022-03-23,entregado
ped_00962,user_0486,res_0051,2024-11-03,pendiente
ped_00963,user_0322,res_0092,2024-10-23,pendiente
ped_00964,user_0217,res_0090,2024-04-03,entregado
ped_00965,user_0328,res_0069,2025-01-06,cancelado
ped_00966,user_0079,res_0036,2022-06-21,pendiente
ped_00967,user_0041,res_0066,2027-03-02,entregado
ped_00968,user_0499,res_0020,2025-01-03,pendiente
ped_00969,user_0201,res_0076,2025-07-23,cancelado
ped_00970,user_0349,res_0083,2022-05-16,pendiente
ped_00971,user_0358,res_0056,2026-02-03,entregado
ped_00972,user_0030,res_0032,2022-06-26,pendiente
ped_00973,user_0060,res_0059,2025-06-07,cancelado
ped_00974,user_0029,res_0040,2025-09-26,cancelado
ped_00975,user_0337,res_0095,2022-12-26,entregado
ped_00976,user_0007,res_0091,2022-10-09,cancelado
ped_00977,user_0006,res_0021,2024-10-13,pendiente
ped_00978,user_0268,res_0067,2026-05-23,cancelado
ped_00979,user_0133,res_0022,2024-02-01,entregado
ped_00980,user_0384,res_0100,2026-11-24,pendiente
ped_00981,user_0376,res_0016,2026-04-29,entregado
ped_00982,user_0172,res_0055,2023-07-12,cancelado
ped_00983,user_0033,res_0034,2025-12-29,cancelado
ped_00984,user_0322,res_0010,2024-10-13,pendiente
ped_00985,user_0262,res_0047,2022-04-24,pendiente
ped_00986,user_0440,res_0073,2022-12-08,pendiente
ped_00987,user_0081,res_0033,2026-05-03,entregado
ped_00988,user_0458,res_0074,2025-10-12,cancelado
ped_00989,user_0060,res_0030,2026-02-26,cancelado
ped_00990,user_0002,res_0006,2026-10-25,entregado
ped_00991,user_0126,res_0006,2024-08-24,pendiente
ped_00992,user_0197,res_0020,2023-01-02,entregado
ped_00993,user_0284,res_0092,2026-02-25,cancelado
ped_00994,user_0215,res_0029,2023-10-22,entregado
ped_00995,user_0214,res_0093,2023-10-18,pendiente
ped_00996,user_0423,res_0010,2025-03-16,pendiente
ped_00997,user_0062,res_0065,2025-10-10,entregado
ped_00998,user_0092,res_0029,2026-07-06,cancelado
ped_00999,user_0024,res_0052,2022-05-22,pendiente
ped_01000,user_0444,res_0037,2026-05-04,pendiente
ped_01001,user_0168,res_0012,2025-02-06,pendiente
ped_01002,user_0005,res_0048,2023-02-15,pendiente
ped_01003,user_0289,res_0039,2026-02-23,cancelado
ped_01004,user_0125,res_0060,2024-01-25,cancelado
ped_01005,user_0498,res_0064,2026-05-02,entregado
ped_01006,user_0376,res_0070,2026-04-07,entregado
ped_01007,user_0078,res_0001,2027-03-25,pendiente
ped_01008,user_0013,res_0030,2025-01-14,pendiente
ped_01009,user_0326,res_0089,2026-12-02,entregado
ped_01010,user_0487,res_0043,2022-01-03,cancelado
ped_01011,user_0193,res_0095,2026-01-29,pendiente
ped_01012,user_0054,res_0027,2024-12-21,entregado
ped_01013,user_0215,res_0063,2027-05-23,entregado
ped_01014,user_0498,res_0019,2025-12-28,pendiente
ped_01015,user_0048,res_0006,2027-03-02,entregado
ped_01016,user_0460,res_0067,2024-04-25,cancelado
ped_01017,user_0459,res_0048,2024-07-27,cancelado
ped_01018,user_0044,res_0075,2022-07-15,cancelado
ped_01019,user_0069,res_0082,2026-08-07,pendiente
ped_01020,user_0039,res_0076,2025-03-08,entregado
ped_01021,user_0223,res_0085,2027-05-29,entregado
ped_01022,user_0122,res_0038,2023-06-19,pendiente
ped_01023,user_0475,res_0051,2025-12-06,cancelado
ped_01024,user_0168,res_0041,2024-07-16,pendiente
ped_01025,user_0120,res_0010,2027-04-17,entregado
ped_01026,user_0070,res_0100,2026-04-27,cancelado
ped_01027,user_0056,res_0020,2022-08-05,entregado
ped_01028,user_0231,res_0060,2023-10-06,pendiente
ped_01029,user_0062,res_0069,2024-01-04,entregado
ped_01030,user_0232,res_0040,2024-08-06,pendiente
ped_01031,user_0437,res_0016,2022-07-05,entregado
ped_01032,user_0414,res_0088,2023-09-16,cancelado
ped_01033,user_0357,res_0078,2022-03-24,entregado
ped_01034,user_0428,res_0042,2022-10-31,entregado
ped_01035,user_0365,res_0032,2027-06-07,pendiente
ped_01036,user_0203,res_0066,2022-04-11,cancelado
ped_01037,user_0154,res_0034,2026-08-07,entregado
ped_01038,user_0016,res_0052,2026-10-17,pendiente
ped_01039,user_0285,res_0096,2025-01-31,entregado
ped_01040,user_0049,res_0060,2022-07-28,entregado
ped_01041,user_0063,res_0002,2022-05-07,entregado
ped_01042,user_0067,res_0026,2026-08-14,pendiente
ped_01043,user_0191,res_0088,2025-07-14,cancelado
ped_01044,user_0044,res_0075,2025-04-15,pendiente
ped_01045,user_0470,res_0010,2022-02-14,entregado
ped_01046,user_0102,res_0083,2024-06-27,entregado
ped_01047,user_0048,res_0043,2022-09-08,entregado
ped_01048,user_0483,res_0060,2022-04-14,entregado
ped_01049,user_0474,res_0074,2024-06-06,cancelado
ped_01050,user_0203,res_0064,2022-03-02,pendiente
ped_01051,user_0350,res_0055,2022-12-20,pendiente
ped_01052,user_0110,res_0024,2023-07-18,pendiente
ped_01053,user_0229,res_0020,2022-03-12,cancelado
ped_01054,user_0318,res_0079,2023-05-19,cancelado
ped_01055,user_0152,res_0064,2024-04-23,cancelado
ped_01056,user_0246,res_0008,2022-06-29,pendiente
ped_01057,user_0197,res_0018,2024-05-08,entregado
ped_01058,user_0330,res_0068,2023-05-26,cancelado
ped_01059,user_0411,res_0070,2026-06-16,entregado
ped_01060,user_0196,res_0092,2024-01-06,pendiente
ped_01061,user_0279,res_0063,2023-12-06,cancelado
ped_01062,user_0258,res_0042,2024-03-06,pendiente
ped_01063,user_0093,res_0004,2023-10-16,cancelado
ped_01064,user_0113,res_0004,2027-01-09,pendiente
ped_01065,user_0030,res_0061,2024-12-20,pendiente
ped_01066,user_0393,res_0075,2023-04-22,entregado
ped_01067,user_0052,res_0032,2025-09-07,entregado
ped_01068,user_0137,res_0069,2026-07-30,cancelado
ped_01069,user_0029,res_0098,2027-04-26,entregado
ped_01070,user_0295,res_0050,2023-12-28,entregado
ped_01071,user_0091,res_0031,2025-04-28,pendiente
ped_01072,user_0413,res_0095,2025-11-29,pendiente
ped_01073,user_0468,res_0076,2022-02-27,cancelado
ped_01074,user_0359,res_0046,2027-04-25,cancelado
ped_01075,user_0289,res_0019,2025-02-27,entregado
ped_01076,user_0429,res_0064,2025-01-15,pendiente
ped_01077,user_0090,res_0063,2022-03-19,entregado
ped_01078,user_0029,res_0030,2025-05-17,entregado
ped_01079,user_0011,res_0068,2024-09-05,entregado
ped_01080,user_0170,res_0079,2023-02-17,entregado
ped_01081,user_0175,res_0092,2022-12-30,pendiente
ped_01082,user_0031,res_0003,2022-10-30,cancelado
ped_01083,user_0361,res_0019,2026-05-05,entregado
ped_01084,user_0434,res_0068,2026-10-29,pendiente
ped_01085,user_0492,res_0010,2024-02-05,cancelado
ped_01086,user_0483,res_0085,2024-03-21,cancelado
ped_01087,user_0052,res_0044,2023-09-11,pendiente
ped_01088,user_0070,res_0021,2026-02-08,pendiente
ped_01089,user_0406,res_0082,2027-05-22,pendiente
ped_01090,user_0333,res_0041,2022-12-23,cancelado
ped_01091,user_0496,res_0072,2025-11-21,cancelado
ped_01092,user_0403,res_0046,2023-04-03,cancelado
ped_01093,user_0302,res_0023,2024-02-14,pendiente
ped_01094,user_0376,res_0089,2023-08-27,entregado
ped_01095,user_0091,res_0094,2022-01-04,cancelado
ped_01096,user_0486,res_0074,2024-03-12,cancelado
ped_01097,user_0017,res_0024,2025-05-18,pendiente
ped_01098,user_0472,res_0079,2023-03-29,cancelado
ped_01099,user_0290,res_0014,2027-04-03,pendiente
ped_01100,user_0073,res_0043,2026-03-07,entregado
ped_01101,user_0122,res_0045,2023-10-17,entregado
ped_01102,user_0326,res_0012,2026-08-10,cancelado
ped_01103,user_0344,res_0082,2026-02-02,pendiente
ped_01104,user_0229,res_0002,2023-06-28,entregado
ped_01105,user_0128,res_0089,2022-05-19,pendiente
ped_01106,user_0132,res_0014,2026-01-15,entregado
ped_01107,user_0025,res_0050,2024-06-16,cancelado
ped_01108,user_0215,res_0022,2026-12-17,pendiente
ped_01109,user_0253,res_0049,2023-12-21,cancelado
ped_01110,user_0193,res_0013,2026-08-25,pendiente
ped_01111,user_0404,res_0074,2025-08-26,cancelado
ped_01112,user_0116,res_0021,2024-07-13,entregado
ped_01113,user_0410,res_0005,2023-08-27,entregado
ped_01114,user_0164,res_0034,2027-05-04,entregado
ped_01115,user_0038,res_0044,2022-12-15,pendiente
ped_01116,user_0083,res_0094,2022-06-03,cancelado
ped_01117,user_0483,res_0012,2023-11-24,cancelado
ped_01118,user_0315,res_0062,2025-12-13,entregado
ped_01119,user_0221,res_0084,2022-12-04,cancelado
ped_01120,user_0456,res_0056,2022-11-18,entregado
ped_01121,user_0052,res_0043,2023-02-25,entregado
ped_01122,user_0210,res_0090,2025-02-08,cancelado
ped_01123,user_0474,res_0094,2025-01-11,pendiente
ped_01124,user_0339,res_0037,2023-09-02,entregado
ped_01125,user_0050,res_0007,2024-03-15,cancelado
ped_01126,user_0282,res_0063,2022-11-11,entregado
ped_01127,user_0185,res_0001,2024-05-25,entregado
ped_01128,user_0151,res_0085,2025-07-04,cancelado
ped_01129,user_0246,res_0026,2022-07-18,entregado
ped_01130,user_0106,res_0022,2025-07-31,pendiente
ped_01131,user_0042,res_0061,2026-09-25,entregado
ped_01132,user_0158,res_0051,2024-08-22,pendiente
ped_01133,user_0459,res_0085,2023-06-27,entregado
ped_01134,user_0329,res_0070,2024-03-04,entregado
ped_01135,user_0190,res_0049,2024-01-27,entregado
ped_01136,user_0229,res_0006,2023-06-24,pendiente
ped_01137,user_0239,res_0034,2023-04-09,pendiente
ped_01138,user_0289,res_0008,2022-11-06,cancelado
ped_01139,user_0342,res_0013,2022-06-25,cancelado
ped_01140,user_0177,res_0070,2024-04-27,cancelado
ped_01141,user_0117,res_0071,2022-05-05,pendiente
ped_01142,user_0420,res_0067,2024-05-07,cancelado
ped_01143,user_0352,res_0061,2025-03-18,entregado
ped_01144,user_0244,res_0039,2022-06-11,pendiente
ped_01145,user_0463,res_0092,2022-03-13,cancelado
ped_01146,user_0293,res_0067,2026-06-28,cancelado
ped_01147,user_0347,res_0080,2022-10-29,entregado
ped_01148,user_0487,res_0097,2024-07-08,entregado
ped_01149,user_0486,res_0022,2027-06-14,entregado
ped_01150,user_0414,res_0025,2022-09-16,entregado
ped_01151,user_0217,res_0011,2025-10-31,pendiente
ped_01152,user_0104,res_0081,2022-10-30,cancelado
ped_01153,user_0133,res_0041,2027-02-09,cancelado
ped_01154,user_0469,res_0009,2022-06-28,pendiente
ped_01155,user_0285,res_0051,2025-02-04,pendiente
ped_01156,user_0439,res_0036,2024-11-30,pendiente
ped_01157,user_0470,res_0002,2026-05-30,cancelado
ped_01158,user_0320,res_0076,2024-12-06,pendiente
ped_01159,user_0058,res_0054,2022-11-03,entregado
ped_01160,user_0291,res_0076,2025-04-08,entregado
ped_01161,user_0474,res_0014,2025-02-26,entregado
ped_01162,user_0403,res_0037,2026-11-12,cancelado
ped_01163,user_0451,res_0045,2026-12-03,pendiente
ped_01164,user_0136,res_0050,2025-09-03,pendiente
ped_01165,user_0293,res_0078,2024-08-26,entregado
ped_01166,user_0089,res_0036,2024-04-05,entregado
ped_01167,user_0317,res_0078,2025-10-26,cancelado
ped_01168,user_0206,res_0005,2024-03-21,pendiente
ped_01169,user_0354,res_0031,2022-04-11,cancelado
ped_01170,user_0244,res_0035,2027-01-12,pendiente
ped_01171,user_0011,res_0044,2026-08-02,pendiente
ped_01172,user_0160,res_0036,2026-09-23,pendiente
ped_01173,user_0440,res_0090,2025-11-03,entregado
ped_01174,user_0498,res_0030,2022-10-03,pendiente
ped_01175,user_0499,res_0096,2024-06-26,pendiente
ped_01176,user_0138,res_0094,2024-05-03,cancelado
ped_01177,user_0331,res_0012,2023-01-20,pendiente
ped_01178,user_0109,res_0053,2026-02-26,pendiente
ped_01179,user_0389,res_0067,2026-11-12,pendiente
ped_01180,user_0421,res_0008,2024-11-21,entregado
ped_01181,user_0034,res_0040,2025-12-24,cancelado
ped_01182,user_0207,res_0018,2026-05-18,cancelado
ped_01183,user_0451,res_0073,2022-03-01,entregado
ped_01184,user_0099,res_0026,2026-09-11,entregado
ped_01185,user_0128,res_0005,2024-07-23,entregado
ped_01186,user_0471,res_0047,2025-12-14,entregado
ped_01187,user_0141,res_0048,2026-08-14,pendiente
ped_01188,user_0259,res_0051,2025-07-25,entregado
ped_01189,user_0349,res_0004,2023-05-11,pendiente
ped_01190,user_0251,res_0077,2024-07-02,entregado
ped_01191,user_0492,res_0061,2025-04-16,cancelado
ped_01192,user_0180,res_0045,2022-12-01,pendiente
ped_01193,user_0384,res_0089,2022-07-05,pendiente
ped_01194,user_0015,res_0050,2022-04-12,entregado
ped_01195,user_0438,res_0074,2026-05-17,entregado
ped_01196,user_0439,res_0029,2025-08-18,entregado
ped_01197,user_0347,res_0027,2023-07-06,cancelado
ped_01198,user_0210,res_0066,2022-02-11,cancelado
ped_01199,user_0005,res_0061,2027-02-10,entregado
ped_01200,user_0332,res_0023,2025-05-16,entregado
ped_01201,user_0115,res_0033,2025-05-30,pendiente
ped_01202,user_0365,res_0091,2025-08-09,pendiente
ped_01203,user_0217,res_0049,2026-10-11,pendiente
ped_01204,user_0236,res_0033,2023-03-23,pendiente
ped_01205,user_0155,res_0087,2024-12-02,cancelado
ped_01206,user_0204,res_0075,2022-07-29,entregado
ped_01207,user_0262,res_0085,2027-06-03,pendiente
ped_01208,user_0288,res_0083,2025-05-01,cancelado
ped_01209,user_0145,res_0039,2025-11-02,entregado
ped_01210,user_0247,res_0009,2023-11-20,pendiente
ped_01211,user_0328,res_0042,2026-10-31,pendiente
ped_01212,user_0134,res_0084,2025-12-27,cancelado
ped_01213,user_0153,res_0025,2022-11-04,cancelado
ped_01214,user_0392,res_0031,2027-01-17,entregado
ped_01215,user_0413,res_0077,2024-04-07,cancelado
ped_01216,user_0164,res_0088,2022-10-14,cancelado
ped_01217,user_0014,res_0084,2024-10-15,pendiente
ped_01218,user_0133,res_0054,2024-04-08,pendiente
ped_01219,user_0378,res_0005,2025-04-09,cancelado
ped_01220,user_0293,res_0025,2023-12-04,cancelado
ped_01221,user_0366,res_0029,2025-11-06,cancelado
ped_01222,user_0327,res_0061,2027-01-31,cancelado
ped_01223,user_0184,res_0065,2023-09-07,entregado
ped_01224,user_0431,res_0085,2026-12-01,cancelado
ped_01225,user_0093,res_0038,2022-07-19,pendiente
ped_01226,user_0066,res_0095,2023-06-14,cancelado
ped_01227,user_0414,res_0072,2026-04-12,entregado
ped_01228,user_0485,res_0088,2027-01-17,pendiente
ped_01229,user_0336,res_0012,2023-04-01,pendiente
ped_01230,user_0115,res_0096,2026-11-20,pendiente
ped_01231,user_0216,res_0043,2024-02-01,pendiente
ped_01232,user_0300,res_0038,2024-08-07,entregado
ped_01233,user_0241,res_0007,2026-11-10,cancelado
ped_01234,user_0299,res_0075,2027-04-18,cancelado
ped_01235,user_0037,res_0061,2026-12-27,entregado
ped_01236,user_0257,res_0016,2026-11-12,cancelado
ped_01237,user_0196,res_0068,2023-09-04,pendiente
ped_01238,user_0028,res_0020,2022-10-09,entregado
ped_01239,user_0176,res_0053,2025-03-12,pendiente
ped_01240,user_0074,res_0041,2026-11-02,cancelado
ped_01241,user_0093,res_0100,2022-06-15,pendiente
ped_01242,user_0171,res_0081,2022-12-29,pendiente
ped_01243,user_0325,res_0008,2022-01-10,pendiente
ped_01244,user_0141,res_0027,2026-04-08,entregado
ped_01245,user_0296,res_0098,2022-11-21,pendiente
ped_01246,user_0403,res_0098,2026-05-16,entregado
ped_01247,user_0067,res_0079,2024-06-07,cancelado
ped_01248,user_0220,res_0052,2024-05-28,pendiente
ped_01249,user_0197,res_0001,2022-03-19,cancelado
ped_01250,user_0103,res_0094,2024-02-04,entregado
ped_01251,user_0457,res_0042,2026-03-31,cancelado
ped_01252,user_0098,res_0003,2025-10-17,entregado
ped_01253,user_0321,res_0094,2023-05-25,entregado
ped_01254,user_0356,res_0045,2023-10-02,entregado
ped_01255,user_0053,res_0050,2024-10-27,cancelado
ped_01256,user_0157,res_0022,2022-05-14,entregado
ped_01257,user_0153,res_0038,2024-07-22,cancelado
ped_01258,user_0267,res_0077,2024-12-09,pendiente
ped_01259,user_0223,res_0088,2022-10-02,pendiente
ped_01260,user_0462,res_0063,2024-01-06,entregado
ped_01261,user_0085,res_0052,2022-02-09,entregado
ped_01262,user_0115,res_0094,2022-09-26,entregado
ped_01263,user_0376,res_0003,2025-04-22,cancelado
ped_01264,user_0087,res_0016,2024-01-21,cancelado
ped_01265,user_0334,res_0005,2024-02-08,cancelado
ped_01266,user_0131,res_0099,2024-12-31,cancelado
ped_01267,user_0025,res_0077,2022-04-09,cancelado
ped_01268,user_0056,res_0084,2026-09-09,entregado
ped_01269,user_0025,res_0089,2022-08-26,pendiente
ped_01270,user_0228,res_0049,2022-09-11,cancelado
ped_01271,user_0130,res_0061,2025-12-08,entregado
ped_01272,user_0106,res_0089,2025-11-05,cancelado
ped_01273,user_0005,res_0039,2024-05-11,cancelado
ped_01274,user_0052,res_0085,2024-12-01,pendiente
ped_01275,user_0319,res_0078,2025-12-06,entregado
ped_01276,user_0215,res_0014,2024-11-13,cancelado
ped_01277,user_0317,res_0016,2023-08-02,entregado
ped_01278,user_0402,res_0014,2024-10-16,entregado
ped_01279,user_0312,res_0026,2026-05-13,pendiente
ped_01280,user_0426,res_0067,2027-06-16,entregado
ped_01281,user_0184,res_0091,2024-04-19,pendiente
ped_01282,user_0083,res_0006,2025-01-27,pendiente
ped_01283,user_0467,res_0027,2025-11-10,pendiente
ped_01284,user_0170,res_0031,2022-01-06,entregado
ped_01285,user_0344,res_0012,2027-02-01,entregado
ped_01286,user_0428,res_0074,2025-10-02,pendiente
ped_01287,user_0077,res_0012,2026-05-16,cancelado
ped_01288,user_0039,res_0093,2026-01-21,entregado
ped_01289,user_0464,res_0033,2025-08-12,entregado
ped_01290,user_0234,res_0038,2023-06-25,pendiente
ped_01291,user_0026,res_0013,2026-07-24,entregado
ped_01292,user_0448,res_0006,2026-10-12,pendiente
ped_01293,user_0185,res_0087,2023-10-03,pendiente
ped_01294,user_0379,res_0015,2022-07-14,entregado
ped_01295,user_0005,res_0018,2025-09-20,cancelado
ped_01296,user_0088,res_0043,2024-01-03,pendiente
ped_01297,user_0490,res_0080,2023-07-04,cancelado
ped_01298,user_0048,res_0048,2026-07-28,pendiente
ped_01299,user_0094,res_0015,2024-03-31,pendiente
ped_01300,user_0493,res_0059,2023-07-11,pendiente
ped_01301,user_0354,res_0062,2026-06-27,pendiente
ped_01302,user_0333,res_0022,2022-08-20,entregado
ped_01303,user_0357,res_0093,2022-05-01,entregado
ped_01304,user_0054,res_0054,2027-02-10,cancelado
ped_01305,user_0248,res_0073,2025-10-21,pendiente
ped_01306,user_0093,res_0079,2024-02-17,pendiente
ped_01307,user_0314,res_0004,2026-11-02,cancelado
ped_01308,user_0451,res_0094,2027-06-17,entregado
ped_01309,user_0248,res_0063,2022-08-20,pendiente
ped_01310,user_0226,res_0006,2022-05-10,pendiente
ped_01311,user_0336,res_0041,2022-01-26,cancelado
ped_01312,user_0445,res_0087,2024-12-10,cancelado
ped_01313,user_0296,res_0093,2025-03-03,entregado
ped_01314,user_0490,res_0086,2026-11-24,pendiente
ped_01315,user_0266,res_0067,2025-11-10,cancelado
ped_01316,user_0317,res_0013,2024-06-05,cancelado
ped_01317,user_0373,res_0032,2024-09-13,pendiente
ped_01318,user_0340,res_0087,2025-08-06,pendiente
ped_01319,user_0077,res_0072,2027-01-01,cancelado
ped_01320,user_0028,res_0002,2025-08-10,entregado
ped_01321,user_0259,res_0061,2026-10-11,pendiente
ped_01322,user_0446,res_0022,2022-06-03,pendiente
ped_01323,user_0165,res_0031,2023-11-09,pendiente
ped_01324,user_0026,res_0065,2023-04-02,cancelado
ped_01325,user_0330,res_0049,2024-04-05,entregado
ped_01326,user_0041,res_0059,2024-06-28,cancelado
ped_01327,user_0230,res_0012,2026-10-21,pendiente
ped_01328,user_0229,res_0041,2022-09-01,pendiente
ped_01329,user_0382,res_0084,2022-02-06,entregado
ped_01330,user_0207,res_0053,2022-03-15,cancelado
ped_01331,user_0282,res_0001,2026-08-19,entregado
ped_01332,user_0406,res_0078,2027-05-27,cancelado
ped_01333,user_0327,res_0039,2026-12-28,cancelado
ped_01334,user_0288,res_0027,2025-09-02,cancelado
ped_01335,user_0234,res_0044,2024-01-15,entregado
ped_01336,user_0419,res_0029,2026-09-26,pendiente
ped_01337,user_0170,res_0072,2026-04-21,cancelado
ped_01338,user_0308,res_0061,2026-01-07,cancelado
ped_01339,user_0187,res_0092,2024-07-15,entregado
ped_01340,user_0050,res_0098,2025-09-11,entregado
ped_01341,user_0002,res_0044,2023-12-29,cancelado
ped_01342,user_0494,res_0038,2025-01-26,cancelado
ped_01343,user_0192,res_0090,2022-08-06,entregado
ped_01344,user_0460,res_0022,2024-10-05,entregado
ped_01345,user_0421,res_0092,2026-03-01,cancelado
ped_01346,user_0210,res_0014,2023-06-05,cancelado
ped_01347,user_0101,res_0025,2022-09-05,pendiente
ped_01348,user_0111,res_0059,2026-08-16,entregado
ped_01349,user_0367,res_0044,2022-08-09,pendiente
ped_01350,user_0024,res_0082,2026-09-12,cancelado
ped_01351,user_0302,res_0016,2026-05-01,pendiente
ped_01352,user_0235,res_0085,2025-04-21,cancelado
ped_01353,user_0069,res_0064,2022-01-09,cancelado
ped_01354,user_0377,res_0007,2025-02-07,pendiente
ped_01355,user_0430,res_0075,2024-09-16,cancelado
ped_01356,user_0400,res_0023,2025-11-17,cancelado
ped_01357,user_0089,res_0094,2026-07-28,entregado
ped_01358,user_0054,res_0050,2025-09-08,cancelado
ped_01359,user_0311,res_0042,2024-10-29,pendiente
ped_01360,user_0215,res_0078,2027-02-19,cancelado
ped_01361,user_0391,res_0032,2023-07-15,pendiente
ped_01362,user_0494,res_0044,2027-06-11,pendiente
ped_01363,user_0232,res_0018,2022-10-10,pendiente
ped_01364,user_0309,res_0090,2026-12-21,cancelado
ped_01365,user_0263,res_0039,2026-09-23,cancelado
ped_01366,user_0281,res_0041,2025-12-28,cancelado
ped_01367,user_0479,res_0071,2025-07-19,entregado
ped_01368,user_0103,res_0027,2025-07-02,cancelado
ped_01369,user_0149,res_0088,2023-12-09,cancelado
ped_01370,user_0068,res_0091,2025-08-24,entregado
ped_01371,user_0258,res_0070,2025-11-22,cancelado
ped_01372,user_0166,res_0091,2022-08-25,pendiente
ped_01373,user_0288,res_0062,2025-04-08,cancelado
ped_01374,user_0483,res_0086,2025-12-25,pendiente
ped_01375,user_0346,res_0096,2027-01-05,cancelado
ped_01376,user_0147,res_0055,2026-07-14,entregado
ped_01377,user_0268,res_0014,2022-02-21,pendiente
ped_01378,user_0075,res_0007,2025-10-04,entregado
ped_01379,user_0103,res_0035,2026-03-17,entregado
ped_01380,user_0147,res_0088,2023-05-29,entregado
ped_01381,user_0430,res_0008,2025-11-15,pendiente
ped_01382,user_0105,res_0097,2025-01-13,entregado
ped_01383,user_0184,res_0058,2022-07-29,cancelado
ped_01384,user_0445,res_0087,2026-02-23,cancelado
ped_01385,user_0443,res_0029,2026-03-01,cancelado
ped_01386,user_0288,res_0050,2023-05-02,cancelado
ped_01387,user_0402,res_0090,2023-08-13,cancelado
ped_01388,user_0341,res_0007,2027-03-13,pendiente
ped_01389,user_0199,res_0054,2027-05-14,cancelado
ped_01390,user_0161,res_0071,2022-04-21,entregado
ped_01391,user_0381,res_0033,2023-02-20,cancelado
ped_01392,user_0445,res_0100,2026-10-29,pendiente
ped_01393,user_0425,res_0029,2027-02-10,cancelado
ped_01394,user_0361,res_0091,2025-08-19,pendiente
ped_01395,user_0387,res_0076,2025-01-24,cancelado
ped_01396,user_0309,res_0026,2026-05-09,cancelado
ped_01397,user_0494,res_0025,2023-08-26,pendiente
ped_01398,user_0091,res_0088,2022-06-02,entregado
ped_01399,user_0493,res_0023,2026-02-14,cancelado
ped_01400,user_0062,res_0049,2022-03-25,pendiente
ped_01401,user_0143,res_0072,2023-06-26,entregado
ped_01402,user_0083,res_0075,2026-09-29,pendiente
ped_01403,user_0003,res_0043,2024-08-13,cancelado
ped_01404,user_0480,res_0020,2022-03-23,entregado
ped_01405,user_0476,res_0042,2025-05-07,entregado
ped_01406,user_0397,res_0081,2025-06-14,cancelado
ped_01407,user_0155,res_0063,2026-06-06,cancelado
ped_01408,user_0282,res_0046,2022-05-30,cancelado
ped_01409,user_0163,res_0068,2023-03-27,entregado
ped_01410,user_0267,res_0009,2026-05-30,cancelado
ped_01411,user_0082,res_0054,2025-01-17,cancelado
ped_01412,user_0207,res_0012,2023-12-17,entregado
ped_01413,user_0453,res_0028,2025-09-20,pendiente
ped_01414,user_0170,res_0047,2023-08-25,entregado
ped_01415,user_0487,res_0097,2025-06-20,cancelado
ped_01416,user_0244,res_0072,2026-08-14,cancelado
ped_01417,user_0005,res_0015,2025-10-01,pendiente
ped_01418,user_0229,res_0031,2027-01-27,cancelado
ped_01419,user_0315,res_0080,2023-05-15,entregado
ped_01420,user_0350,res_0042,2024-02-21,entregado
ped_01421,user_0198,res_0033,2025-01-11,cancelado
ped_01422,user_0145,res_0004,2027-02-10,cancelado
ped_01423,user_0421,res_0099,2024-02-07,cancelado
ped_01424,user_0412,res_0066,2024-07-01,pendiente
ped_01425,user_0023,res_0038,2027-01-14,cancelado
ped_01426,user_0099,res_0042,2024-11-18,entregado
ped_01427,user_0486,res_0013,2022-12-09,cancelado
ped_01428,user_0274,res_0001,2025-07-07,entregado
ped_01429,user_0108,res_0086,2025-07-13,entregado
ped_01430,user_0443,res_0088,2024-05-18,entregado
ped_01431,user_0106,res_0069,2026-08-25,cancelado
ped_01432,user_0450,res_0095,2026-05-07,pendiente
ped_01433,user_0332,res_0010,2026-03-10,cancelado
ped_01434,user_0079,res_0004,2024-07-29,cancelado
ped_01435,user_0170,res_0005,2022-06-29,entregado
ped_01436,user_0028,res_0023,2026-06-15,pendiente
ped_01437,user_0286,res_0010,2025-03-23,entregado
ped_01438,user_0467,res_0034,2024-04-14,pendiente
ped_01439,user_0231,res_0081,2024-04-08,pendiente
ped_01440,user_0162,res_0003,2024-03-08,cancelado
ped_01441,user_0061,res_0069,2022-01-13,cancelado
ped_01442,user_0369,res_0080,2022-05-10,cancelado
ped_01443,user_0300,res_0006,2025-12-06,entregado
ped_01444,user_0184,res_0065,2022-08-06,pendiente
ped_01445,user_0403,res_0088,2023-09-10,cancelado
ped_01446,user_0045,res_0037,2026-04-17,pendiente
ped_01447,user_0196,res_0051,2026-08-11,cancelado
ped_01448,user_0016,res_0061,2022-11-17,cancelado
ped_01449,user_0113,res_0018,2026-03-10,pendiente
ped_01450,user_0408,res_0070,2023-08-28,cancelado
ped_01451,user_0074,res_0039,2025-10-19,cancelado
ped_01452,user_0332,res_0048,2027-05-15,entregado
ped_01453,user_0284,res_0072,2022-10-17,entregado
ped_01454,user_0022,res_0001,2025-03-18,cancelado
ped_01455,user_0202,res_0069,2025-01-26,entregado
ped_01456,user_0157,res_0027,2026-03-13,cancelado
ped_01457,user_0463,res_0093,2023-12-06,entregado
ped_01458,user_0212,res_0083,2026-10-10,cancelado
ped_01459,user_0073,res_0021,2023-01-12,entregado
ped_01460,user_0316,res_0033,2023-02-02,entregado
ped_01461,user_0093,res_0086,2026-06-26,cancelado
ped_01462,user_0437,res_0007,2026-10-10,cancelado
ped_01463,user_0237,res_0083,2025-01-30,entregado
ped_01464,user_0149,res_0086,2022-05-18,pendiente
ped_01465,user_0051,res_0026,2026-01-26,cancelado
ped_01466,user_0250,res_0043,2024-01-02,entregado
ped_01467,user_0344,res_0084,2023-04-26,entregado
ped_01468,user_0146,res_0080,2022-05-23,entregado
ped_01469,user_0163,res_0063,2024-07-11,pendiente
ped_01470,user_0316,res_0085,2023-09-19,cancelado
ped_01471,user_0300,res_0020,2025-03-04,cancelado
ped_01472,user_0187,res_0041,2027-05-18,pendiente
ped_01473,user_0087,res_0001,2023-10-04,entregado
ped_01474,user_0403,res_0029,2025-12-29,cancelado
ped_01475,user_0329,res_0056,2023-07-21,pendiente
ped_01476,user_0069,res_0087,2026-02-10,pendiente
ped_01477,user_0450,res_0062,2024-08-05,pendiente
ped_01478,user_0184,res_0100,2023-09-18,pendiente
ped_01479,user_0283,res_0014,2022-12-26,cancelado
ped_01480,user_0311,res_0011,2026-09-20,pendiente
ped_01481,user_0440,res_0018,2026-12-31,cancelado
ped_01482,user_0101,res_0034,2026-02-11,cancelado
ped_01483,user_0040,res_0094,2022-06-04,entregado
ped_01484,user_0435,res_0065,2025-07-17,entregado
ped_01485,user_0417,res_0075,2025-03-31,pendiente
ped_01486,user_0394,res_0076,2023-03-12,entregado
ped_01487,user_0283,res_0034,2025-01-18,cancelado
ped_01488,user_0242,res_0084,2026-05-07,entregado
ped_01489,user_0188,res_0051,2023-04-03,cancelado
ped_01490,user_0376,res_0038,2022-10-02,pendiente
ped_01491,user_0257,res_0066,2022-07-05,pendiente
ped_01492,user_0187,res_0065,2022-01-22,cancelado
ped_01493,user_0123,res_0079,2025-11-02,entregado
ped_01494,user_0388,res_0066,2022-10-15,pendiente
ped_01495,user_0082,res_0023,2025-03-05,cancelado
ped_01496,user_0338,res_0019,2026-02-16,cancelado
ped_01497,user_0248,res_0046,2022-03-24,entregado
ped_01498,user_0390,res_0063,2023-04-20,entregado
ped_01499,user_0136,res_0048,2023-04-25,entregado
ped_01500,user_0343,res_0027,2024-11-26,pendiente
ped_01501,user_0199,res_0061,2027-02-23,pendiente
ped_01502,user_0452,res_0006,2022-03-23,cancelado
ped_01503,user_0166,res_0014,2025-12-12,cancelado
ped_01504,user_0325,res_0036,2026-09-06,cancelado
ped_01505,user_0135,res_0075,2025-01-19,cancelado
ped_01506,user_0090,res_0049,2025-08-31,pendiente
ped_01507,user_0188,res_0076,2025-08-31,entregado
ped_01508,user_0265,res_0033,2024-02-10,entregado
ped_01509,user_0265,res_0052,2023-12-24,pendiente
ped_01510,user_0250,res_0062,2026-12-22,cancelado
ped_01511,user_0004,res_0065,2026-12-12,entregado
ped_01512,user_0226,res_0022,2023-04-17,entregado
ped_01513,user_0264,res_0083,2023-07-30,entregado
ped_01514,user_0077,res_0024,2022-11-19,pendiente
ped_01515,user_0309,res_0092,2026-08-01,entregado
ped_01516,user_0339,res_0030,2024-04-29,pendiente
ped_01517,user_0369,res_0015,2024-09-13,cancelado
ped_01518,user_0246,res_0062,2023-03-08,cancelado
ped_01519,user_0083,res_0083,2026-09-03,pendiente
ped_01520,user_0012,res_0032,2022-03-30,entregado
ped_01521,user_0294,res_0076,2022-11-26,entregado
ped_01522,user_0323,res_0066,2022-03-22,cancelado
ped_01523,user_0076,res_0008,2022-12-07,pendiente
ped_01524,user_0473,res_0024,2024-11-24,pendiente
ped_01525,user_0307,res_0073,2025-07-29,entregado
ped_01526,user_0450,res_0093,2026-01-30,cancelado
ped_01527,user_0421,res_0037,2027-04-24,entregado
ped_01528,user_0111,res_0058,2025-05-27,pendiente
ped_01529,user_0445,res_0062,2022-12-16,entregado
ped_01530,user_0426,res_0053,2025-05-15,entregado
ped_01531,user_0407,res_0075,2026-08-08,entregado
ped_01532,user_0320,res_0085,2024-11-12,pendiente
ped_01533,user_0086,res_0093,2025-11-05,pendiente
ped_01534,user_0473,res_0059,2025-05-06,cancelado
ped_01535,user_0036,res_0030,2024-02-14,pendiente
ped_01536,user_0068,res_0014,2022-02-03,entregado
ped_01537,user_0268,res_0065,2025-11-02,pendiente
ped_01538,user_0424,res_0020,2025-05-25,entregado
ped_01539,user_0091,res_0061,2027-01-21,cancelado
ped_01540,user_0308,res_0005,2026-12-03,cancelado
ped_01541,user_0258,res_0097,2022-08-29,entregado
ped_01542,user_0247,res_0085,2022-09-24,cancelado
ped_01543,user_0277,res_0001,2027-01-11,cancelado
ped_01544,user_0333,res_0056,2024-12-05,pendiente
ped_01545,user_0190,res_0006,2025-11-29,cancelado
ped_01546,user_0220,res_0030,2027-04-06,pendiente
ped_01547,user_0405,res_0099,2024-02-20,pendiente
ped_01548,user_0302,res_0095,2027-02-03,cancelado
ped_01549,user_0295,res_0013,2024-05-21,entregado
ped_01550,user_0131,res_0062,2026-04-18,entregado
ped_01551,user_0466,res_0011,2023-08-04,cancelado
ped_01552,user_0449,res_0070,2024-04-16,pendiente
ped_01553,user_0097,res_0001,2025-12-23,cancelado
ped_01554,user_0405,res_0001,2025-03-29,cancelado
ped_01555,user_0061,res_0067,2022-01-15,pendiente
ped_01556,user_0336,res_0027,2025-11-09,pendiente
ped_01557,user_0210,res_0047,2022-08-07,entregado
ped_01558,user_0219,res_0084,2025-04-13,pendiente
ped_01559,user_0134,res_0069,2024-05-17,cancelado
ped_01560,user_0188,res_0079,2023-07-19,cancelado
ped_01561,user_0204,res_0097,2023-02-22,pendiente
ped_01562,user_0283,res_0072,2024-09-15,entregado
ped_01563,user_0190,res_0072,2025-02-10,pendiente
ped_01564,user_0130,res_0040,2025-03-29,pendiente
ped_01565,user_0397,res_0091,2024-03-26,cancelado
ped_01566,user_0071,res_0085,2022-09-01,cancelado
ped_01567,user_0118,res_0058,2026-05-23,cancelado
ped_01568,user_0487,res_0021,2022-07-25,entregado
ped_01569,user_0261,res_0052,2026-05-29,pendiente
ped_01570,user_0411,res_0071,2025-06-11,cancelado
ped_01571,user_0351,res_0091,2022-04-17,entregado
ped_01572,user_0200,res_0082,2022-01-11,entregado
ped_01573,user_0422,res_0019,2024-08-23,cancelado
ped_01574,user_0223,res_0012,2022-05-12,pendiente
ped_01575,user_0114,res_0048,2022-06-13,cancelado
ped_01576,user_0020,res_0093,2024-02-27,pendiente
ped_01577,user_0315,res_0084,2024-12-03,pendiente
ped_01578,user_0365,res_0077,2022-04-28,entregado
ped_01579,user_0328,res_0064,2024-06-18,entregado
ped_01580,user_0104,res_0085,2027-03-22,cancelado
ped_01581,user_0147,res_0025,2022-03-10,cancelado
ped_01582,user_0262,res_0067,2025-12-01,entregado
ped_01583,user_0315,res_0022,2025-10-12,entregado
ped_01584,user_0185,res_0031,2025-09-03,entregado
ped_01585,user_0500,res_0021,2022-06-27,pendiente
ped_01586,user_0400,res_0052,2023-12-25,cancelado
ped_01587,user_0203,res_0052,2025-04-15,entregado
ped_01588,user_0266,res_0002,2026-02-18,cancelado
ped_01589,user_0036,res_0012,2025-01-30,pendiente
ped_01590,user_0372,res_0072,2027-02-17,cancelado
ped_01591,user_0179,res_0045,2027-05-27,pendiente
ped_01592,user_0116,res_0078,2027-05-27,entregado
ped_01593,user_0233,res_0052,2025-03-23,entregado
ped_01594,user_0134,res_0023,2024-04-13,cancelado
ped_01595,user_0055,res_0072,2022-05-29,cancelado
ped_01596,user_0151,res_0044,2027-04-24,entregado
ped_01597,user_0412,res_0066,2027-05-14,pendiente
ped_01598,user_0449,res_0069,2026-07-24,cancelado
ped_01599,user_0129,res_0089,2024-06-25,pendiente
ped_01600,user_0289,res_0062,2026-04-26,entregado
ped_01601,user_0388,res_0044,2027-05-23,pendiente
ped_01602,user_0349,res_0059,2027-01-11,cancelado
ped_01603,user_0442,res_0004,2024-09-14,entregado
ped_01604,user_0133,res_0009,2024-02-23,cancelado
ped_01605,user_0404,res_0029,2025-10-18,cancelado
ped_01606,user_0118,res_0041,2024-04-24,pendiente
ped_01607,user_0265,res_0069,2022-01-20,cancelado
ped_01608,user_0427,res_0034,2023-05-24,pendiente
ped_01609,user_0048,res_0052,2025-10-11,cancelado
ped_01610,user_0421,res_0044,2022-06-05,cancelado
ped_01611,user_0477,res_0023,2024-09-02,pendiente
ped_01612,user_0182,res_0028,2027-01-06,cancelado
ped_01613,user_0138,res_0024,2027-04-24,cancelado
ped_01614,user_0350,res_0025,2024-10-18,cancelado
ped_01615,user_0103,res_0031,2026-02-15,entregado
ped_01616,user_0447,res_0034,2023-02-28,entregado
ped_01617,user_0104,res_0032,2026-09-09,cancelado
ped_01618,user_0183,res_0020,2026-05-15,entregado
ped_01619,user_0062,res_0011,2025-10-16,cancelado
ped_01620,user_0253,res_0079,2022-01-14,cancelado
ped_01621,user_0491,res_0006,2026-10-03,pendiente
ped_01622,user_0191,res_0080,2023-10-08,pendiente
ped_01623,user_0460,res_0074,2026-11-15,pendiente
ped_01624,user_0252,res_0024,2026-04-15,cancelado
ped_01625,user_0144,res_0051,2023-03-31,cancelado
ped_01626,user_0066,res_0007,2024-12-12,pendiente
ped_01627,user_0245,res_0070,2022-03-08,cancelado
ped_01628,user_0178,res_0051,2026-10-29,cancelado
ped_01629,user_0398,res_0023,2024-07-25,entregado
ped_01630,user_0358,res_0067,2024-07-31,pendiente
ped_01631,user_0353,res_0002,2022-01-25,cancelado
ped_01632,user_0108,res_0049,2025-04-04,entregado
ped_01633,user_0167,res_0047,2025-06-08,pendiente
ped_01634,user_0096,res_0071,2023-06-23,entregado
ped_01635,user_0138,res_0061,2027-05-18,cancelado
ped_01636,user_0176,res_0047,2023-01-12,pendiente
ped_01637,user_0218,res_0027,2024-05-08,cancelado
ped_01638,user_0386,res_0048,2024-01-18,pendiente
ped_01639,user_0144,res_0058,2023-01-04,cancelado
ped_01640,user_0068,res_0074,2025-11-05,entregado
ped_01641,user_0417,res_0013,2026-01-16,pendiente
ped_01642,user_0412,res_0031,2025-02-11,pendiente
ped_01643,user_0439,res_0049,2023-02-06,entregado
ped_01644,user_0410,res_0095,2022-11-03,pendiente
ped_01645,user_0413,res_0002,2022-12-28,pendiente
ped_01646,user_0256,res_0018,2027-01-04,cancelado
ped_01647,user_0265,res_0069,2026-01-15,pendiente
ped_01648,user_0403,res_0063,2023-09-07,pendiente
ped_01649,user_0288,res_0073,2022-04-08,pendiente
ped_01650,user_0051,res_0089,2022-12-01,entregado
ped_01651,user_0111,res_0033,2024-09-02,cancelado
ped_01652,user_0050,res_0058,2026-03-05,pendiente
ped_01653,user_0134,res_0047,2024-01-08,cancelado
ped_01654,user_0286,res_0033,2023-12-06,entregado
ped_01655,user_0211,res_0016,2023-12-21,cancelado
ped_01656,user_0494,res_0078,2023-02-12,cancelado
ped_01657,user_0295,res_0084,2025-08-22,cancelado
ped_01658,user_0090,res_0100,2023-08-06,pendiente
ped_01659,user_0167,res_0087,2024-11-11,pendiente
ped_01660,user_0397,res_0095,2024-07-04,entregado
ped_01661,user_0196,res_0079,2023-08-10,pendiente
ped_01662,user_0324,res_0019,2026-11-14,entregado
ped_01663,user_0328,res_0044,2024-05-13,cancelado
ped_01664,user_0314,res_0074,2024-04-08,entregado
ped_01665,user_0041,res_0021,2023-12-05,entregado
ped_01666,user_0161,res_0041,2025-08-30,pendiente
ped_01667,user_0364,res_0035,2025-05-24,cancelado
ped_01668,user_0203,res_0035,2026-12-23,pendiente
ped_01669,user_0400,res_0047,2026-03-12,cancelado
ped_01670,user_0267,res_0058,2024-04-27,entregado
ped_01671,user_0095,res_0003,2022-09-14,cancelado
ped_01672,user_0121,res_0085,2023-05-31,cancelado
ped_01673,user_0359,res_0096,2022-06-13,entregado
ped_01674,user_0086,res_0051,2022-07-30,entregado
ped_01675,user_0033,res_0061,2025-01-28,entregado
ped_01676,user_0014,res_0099,2024-03-24,cancelado
ped_01677,user_0392,res_0011,2022-08-01,pendiente
ped_01678,user_0317,res_0020,2022-06-22,cancelado
ped_01679,user_0477,res_0050,2023-09-26,entregado
ped_01680,user_0127,res_0095,2023-08-05,pendiente
ped_01681,user_0321,res_0017,2022-09-26,cancelado
ped_01682,user_0430,res_0022,2022-02-28,entregado
ped_01683,user_0340,res_0046,2026-10-29,pendiente
ped_01684,user_0443,res_0061,2024-08-14,cancelado
ped_01685,user_0479,res_0035,2025-01-28,pendiente
ped_01686,user_0070,res_0090,2025-01-09,entregado
ped_01687,user_0303,res_0077,2024-07-24,cancelado
ped_01688,user_0384,res_0082,2026-12-02,cancelado
ped_01689,user_0223,res_0068,2025-08-03,cancelado
ped_01690,user_0274,res_0040,2027-02-05,pendiente
ped_01691,user_0247,res_0070,2023-04-11,entregado
ped_01692,user_0227,res_0040,2024-01-20,pendiente
ped_01693,user_0134,res_0020,2023-09-14,entregado
ped_01694,user_0001,res_0067,2026-07-28,entregado
ped_01695,user_0177,res_0037,2024-08-18,cancelado
ped_01696,user_0005,res_0089,2027-03-04,pendiente
ped_01697,user_0485,res_0097,2024-09-04,pendiente
ped_01698,user_0005,res_0099,2024-05-31,pendiente
ped_01699,user_0306,res_0030,2026-06-20,entregado
ped_01700,user_0281,res_0048,2023-01-22,pendiente
ped_01701,user_0452,res_0072,2024-06-14,pendiente
ped_01702,user_0128,res_0021,2026-01-04,cancelado
ped_01703,user_0331,res_0050,2026-08-24,pendiente
ped_01704,user_0113,res_0034,2022-06-12,pendiente
ped_01705,user_0321,res_0031,2024-11-24,cancelado
ped_01706,user_0414,res_0089,2025-11-03,pendiente
ped_01707,user_0146,res_0084,2026-03-02,cancelado
ped_01708,user_0415,res_0035,2024-04-25,entregado
ped_01709,user_0437,res_0009,2023-01-09,entregado
ped_01710,user_0149,res_0015,2025-07-28,pendiente
ped_01711,user_0317,res_0058,2023-07-12,cancelado
ped_01712,user_0319,res_0063,2023-01-20,pendiente
ped_01713,user_0010,res_0020,2022-04-12,cancelado
ped_01714,user_0012,res_0024,2027-06-15,entregado
ped_01715,user_0145,res_0035,2022-09-14,cancelado
ped_01716,user_0225,res_0094,2022-01-17,entregado
ped_01717,user_0047,res_0020,2022-01-31,pendiente
ped_01718,user_0112,res_0044,2024-05-10,pendiente
ped_01719,user_0403,res_0064,2024-01-31,pendiente
ped_01720,user_0357,res_0005,2023-11-08,entregado
ped_01721,user_0432,res_0097,2027-05-03,entregado
ped_01722,user_0029,res_0035,2026-05-08,pendiente
ped_01723,user_0037,res_0070,2024-08-20,entregado
ped_01724,user_0099,res_0033,2026-08-01,pendiente
ped_01725,user_0425,res_0002,2022-09-07,cancelado
ped_01726,user_0128,res_0050,2026-04-29,pendiente
ped_01727,user_0127,res_0095,2022-03-10,entregado
ped_01728,user_0236,res_0095,2026-04-28,entregado
ped_01729,user_0267,res_0086,2023-03-03,pendiente
ped_01730,user_0200,res_0088,2027-05-23,pendiente
ped_01731,user_0480,res_0042,2022-11-21,cancelado
ped_01732,user_0373,res_0006,2026-03-06,cancelado
ped_01733,user_0267,res_0016,2023-06-03,pendiente
ped_01734,user_0327,res_0039,2023-02-11,pendiente
ped_01735,user_0455,res_0007,2026-11-04,cancelado
ped_01736,user_0112,res_0015,2023-04-29,cancelado
ped_01737,user_0223,res_0042,2022-01-31,entregado
ped_01738,user_0407,res_0036,2025-04-12,entregado
ped_01739,user_0203,res_0032,2022-01-19,entregado
ped_01740,user_0298,res_0089,2024-08-31,cancelado
ped_01741,user_0306,res_0020,2024-01-31,entregado
ped_01742,user_0128,res_0021,2024-10-20,entregado
ped_01743,user_0352,res_0080,2023-11-25,cancelado
ped_01744,user_0031,res_0008,2023-12-30,cancelado
ped_01745,user_0079,res_0090,2025-01-03,entregado
ped_01746,user_0065,res_0063,2023-04-22,pendiente
ped_01747,user_0286,res_0083,2026-03-30,pendiente
ped_01748,user_0413,res_0057,2026-02-10,entregado
ped_01749,user_0011,res_0089,2024-02-13,pendiente
ped_01750,user_0371,res_0018,2023-05-29,entregado
ped_01751,user_0249,res_0091,2024-06-15,cancelado
ped_01752,user_0151,res_0070,2025-11-28,pendiente
ped_01753,user_0098,res_0073,2023-01-18,cancelado
ped_01754,user_0179,res_0042,2026-02-08,pendiente
ped_01755,user_0141,res_0077,2027-02-16,cancelado
ped_01756,user_0083,res_0009,2024-12-23,entregado
ped_01757,user_0231,res_0038,2026-08-06,pendiente
ped_01758,user_0278,res_0047,2024-07-18,entregado
ped_01759,user_0398,res_0082,2024-11-02,pendiente
ped_01760,user_0376,res_0024,2026-12-14,entregado
ped_01761,user_0318,res_0047,2026-05-09,cancelado
ped_01762,user_0123,res_0042,2026-01-16,entregado
ped_01763,user_0338,res_0069,2026-08-05,pendiente
ped_01764,user_0098,res_0068,2025-10-31,pendiente
ped_01765,user_0393,res_0071,2022-11-12,cancelado
ped_01766,user_0145,res_0042,2024-04-19,cancelado
ped_01767,user_0165,res_0015,2022-07-17,cancelado
ped_01768,user_0338,res_0009,2022-03-31,entregado
ped_01769,user_0092,res_0005,2023-02-18,entregado
ped_01770,user_0249,res_0025,2022-07-22,entregado
ped_01771,user_0293,res_0083,2026-09-09,pendiente
ped_01772,user_0337,res_0063,2024-12-12,cancelado
ped_01773,user_0360,res_0076,2023-06-09,entregado
ped_01774,user_0188,res_0029,2025-05-25,cancelado
ped_01775,user_0037,res_0002,2027-03-21,entregado
ped_01776,user_0336,res_0063,2027-03-17,entregado
ped_01777,user_0240,res_0082,2022-05-05,pendiente
ped_01778,user_0286,res_0096,2027-04-06,pendiente
ped_01779,user_0421,res_0048,2026-06-15,cancelado
ped_01780,user_0030,res_0079,2023-06-29,cancelado
ped_01781,user_0021,res_0094,2022-05-25,pendiente
ped_01782,user_0040,res_0028,2027-05-22,cancelado
ped_01783,user_0050,res_0013,2026-01-25,entregado
ped_01784,user_0273,res_0050,2023-01-24,entregado
ped_01785,user_0270,res_0085,2023-05-25,cancelado
ped_01786,user_0321,res_0023,2025-02-17,cancelado
ped_01787,user_0286,res_0054,2026-03-09,entregado
ped_01788,user_0393,res_0082,2025-03-26,pendiente
ped_01789,user_0346,res_0059,2025-12-09,cancelado
ped_01790,user_0219,res_0014,2022-12-08,entregado
ped_01791,user_0282,res_0052,2024-10-30,pendiente
ped_01792,user_0337,res_0021,2024-12-29,cancelado
ped_01793,user_0227,res_0046,2027-01-23,pendiente
ped_01794,user_0282,res_0042,2026-09-27,pendiente
ped_01795,user_0212,res_0098,2025-07-20,pendiente
ped_01796,user_0423,res_0093,2023-10-25,cancelado
ped_01797,user_0124,res_0073,2025-01-22,entregado
ped_01798,user_0193,res_0099,2025-01-31,cancelado
ped_01799,user_0131,res_0047,2027-05-24,pendiente
ped_01800,user_0230,res_0051,2022-01-01,cancelado
ped_01801,user_0018,res_0037,2025-05-05,entregado
ped_01802,user_0266,res_0018,2026-12-29,pendiente
ped_01803,user_0004,res_0039,2023-03-31,entregado
ped_01804,user_0439,res_0041,2022-02-14,cancelado
ped_01805,user_0422,res_0036,2027-02-26,cancelado
ped_01806,user_0262,res_0072,2025-03-14,cancelado
ped_01807,user_0080,res_0013,2022-03-19,pendiente
ped_01808,user_0183,res_0020,2022-10-11,pendiente
ped_01809,user_0188,res_0075,2023-05-27,entregado
ped_01810,user_0132,res_0039,2022-07-08,cancelado
ped_01811,user_0205,res_0073,2027-02-23,entregado
ped_01812,user_0376,res_0010,2026-01-21,pendiente
ped_01813,user_0406,res_0062,2022-12-21,pendiente
ped_01814,user_0423,res_0089,2025-12-10,cancelado
ped_01815,user_0420,res_0013,2025-05-04,cancelado
ped_01816,user_0154,res_0005,2026-02-05,cancelado
ped_01817,user_0196,res_0011,2026-05-17,entregado
ped_01818,user_0472,res_0099,2023-11-16,pendiente
ped_01819,user_0451,res_0056,2024-05-03,entregado
ped_01820,user_0446,res_0099,2023-04-10,cancelado
ped_01821,user_0335,res_0078,2027-03-17,entregado
ped_01822,user_0325,res_0100,2025-07-18,pendiente
ped_01823,user_0028,res_0040,2024-12-09,entregado
ped_01824,user_0164,res_0070,2025-03-02,entregado
ped_01825,user_0168,res_0065,2025-11-30,entregado
ped_01826,user_0079,res_0007,2025-10-11,cancelado
ped_01827,user_0202,res_0058,2026-03-22,cancelado
ped_01828,user_0295,res_0065,2022-07-04,entregado
ped_01829,user_0222,res_0038,2026-05-30,pendiente
ped_01830,user_0076,res_0017,2023-11-20,entregado
ped_01831,user_0244,res_0074,2026-03-07,entregado
ped_01832,user_0281,res_0052,2023-06-22,entregado
ped_01833,user_0205,res_0065,2024-06-08,cancelado
ped_01834,user_0067,res_0098,2022-10-04,pendiente
ped_01835,user_0287,res_0026,2024-09-26,pendiente
ped_01836,user_0334,res_0074,2023-02-06,cancelado
ped_01837,user_0316,res_0095,2024-12-09,entregado
ped_01838,user_0125,res_0010,2023-06-30,pendiente
ped_01839,user_0166,res_0088,2027-03-08,cancelado
ped_01840,user_0046,res_0015,2025-10-07,pendiente
ped_01841,user_0217,res_0047,2023-12-15,entregado
ped_01842,user_0165,res_0045,2025-05-01,cancelado
ped_01843,user_0013,res_0099,2023-09-17,entregado
ped_01844,user_0180,res_0079,2026-08-10,pendiente
ped_01845,user_0320,res_0019,2024-06-21,entregado
ped_01846,user_0474,res_0030,2023-02-13,cancelado
ped_01847,user_0192,res_0020,2026-04-01,cancelado
ped_01848,user_0437,res_0011,2022-08-19,cancelado
ped_01849,user_0028,res_0032,2027-04-28,cancelado
ped_01850,user_0475,res_0019,2026-11-15,pendiente
ped_01851,user_0008,res_0044,2025-11-21,entregado
ped_01852,user_0157,res_0058,2024-08-22,entregado
ped_01853,user_0170,res_0027,2026-02-24,cancelado
ped_01854,user_0109,res_0027,2025-01-24,cancelado
ped_01855,user_0385,res_0034,2025-01-28,pendiente
ped_01856,user_0319,res_0094,2022-10-17,cancelado
ped_01857,user_0358,res_0086,2022-02-07,pendiente
ped_01858,user_0299,res_0085,2024-12-14,entregado
ped_01859,user_0131,res_0022,2022-05-04,pendiente
ped_01860,user_0103,res_0090,2025-06-19,pendiente
ped_01861,user_0028,res_0060,2025-09-02,entregado
ped_01862,user_0035,res_0050,2025-09-14,pendiente
ped_01863,user_0340,res_0085,2024-01-08,entregado
ped_01864,user_0010,res_0038,2026-11-12,cancelado
ped_01865,user_0198,res_0030,2024-02-19,cancelado
ped_01866,user_0364,res_0013,2027-01-26,pendiente
ped_01867,user_0249,res_0077,2024-12-24,entregado
ped_01868,user_0096,res_0026,2024-10-22,pendiente
ped_01869,user_0288,res_0092,2022-02-14,entregado
ped_01870,user_0127,res_0068,2023-09-17,pendiente
ped_01871,user_0251,res_0051,2026-03-05,entregado
ped_01872,user_0010,res_0045,2025-11-02,pendiente
ped_01873,user_0182,res_0081,2023-09-12,entregado
ped_01874,user_0257,res_0036,2026-07-21,entregado
ped_01875,user_0321,res_0033,2026-12-05,pendiente
ped_01876,user_0456,res_0004,2027-04-18,cancelado
ped_01877,user_0486,res_0036,2023-04-07,entregado
ped_01878,user_0175,res_0051,2025-09-07,entregado
ped_01879,user_0045,res_0094,2024-02-22,cancelado
ped_01880,user_0492,res_0087,2025-06-08,cancelado
ped_01881,user_0352,res_0030,2024-05-04,entregado
ped_01882,user_0294,res_0020,2024-05-23,pendiente
ped_01883,user_0466,res_0078,2023-11-06,pendiente
ped_01884,user_0278,res_0017,2023-02-28,cancelado
ped_01885,user_0071,res_0075,2025-01-13,cancelado
ped_01886,user_0410,res_0026,2026-11-02,entregado
ped_01887,user_0159,res_0089,2025-12-15,cancelado
ped_01888,user_0466,res_0018,2024-05-30,entregado
ped_01889,user_0336,res_0073,2027-02-22,entregado
ped_01890,user_0163,res_0009,2025-02-15,cancelado
ped_01891,user_0486,res_0093,2022-08-31,entregado
ped_01892,user_0163,res_0019,2026-01-29,entregado
ped_01893,user_0392,res_0041,2026-12-08,pendiente
ped_01894,user_0493,res_0053,2023-09-14,pendiente
ped_01895,user_0382,res_0082,2027-03-27,cancelado
ped_01896,user_0141,res_0020,2026-05-15,entregado
ped_01897,user_0055,res_0017,2023-01-14,entregado
ped_01898,user_0391,res_0079,2025-06-17,pendiente
ped_01899,user_0311,res_0073,2025-06-08,entregado
ped_01900,user_0306,res_0030,2023-04-18,cancelado
ped_01901,user_0014,res_0046,2022-06-12,cancelado
ped_01902,user_0400,res_0062,2022-10-02,cancelado
ped_01903,user_0434,res_0078,2024-08-18,cancelado
ped_01904,user_0333,res_0048,2023-01-12,pendiente
ped_01905,user_0252,res_0061,2022-10-09,entregado
ped_01906,user_0099,res_0029,2022-03-08,pendiente
ped_01907,user_0392,res_0002,2027-03-11,pendiente
ped_01908,user_0487,res_0053,2023-04-01,cancelado
ped_01909,user_0344,res_0026,2026-04-01,entregado
ped_01910,user_0034,res_0023,2027-03-14,pendiente
ped_01911,user_0444,res_0079,2024-09-30,cancelado
ped_01912,user_0167,res_0059,2026-12-23,entregado
ped_01913,user_0219,res_0052,2026-05-09,entregado
ped_01914,user_0312,res_0095,2026-08-16,pendiente
ped_01915,user_0369,res_0041,2024-03-18,cancelado
ped_01916,user_0481,res_0096,2025-03-17,cancelado
ped_01917,user_0275,res_0068,2025-08-06,cancelado
ped_01918,user_0403,res_0005,2024-12-02,entregado
ped_01919,user_0232,res_0059,2026-08-21,entregado
ped_01920,user_0450,res_0032,2024-11-28,cancelado
ped_01921,user_0203,res_0095,2022-03-22,cancelado
ped_01922,user_0199,res_0067,2026-04-17,cancelado
ped_01923,user_0493,res_0007,2023-01-24,pendiente
ped_01924,user_0226,res_0051,2026-12-17,pendiente
ped_01925,user_0397,res_0037,2024-08-02,entregado
ped_01926,user_0217,res_0038,2025-06-09,entregado
ped_01927,user_0354,res_0067,2027-01-25,entregado
ped_01928,user_0238,res_0083,2024-07-14,entregado
ped_01929,user_0370,res_0065,2022-08-20,entregado
ped_01930,user_0399,res_0075,2027-04-05,cancelado
ped_01931,user_0280,res_0018,2024-03-16,pendiente
ped_01932,user_0166,res_0058,2022-02-21,entregado
ped_01933,user_0233,res_0076,2027-01-11,cancelado
ped_01934,user_0459,res_0026,2026-12-13,pendiente
ped_01935,user_0047,res_0033,2023-10-26,cancelado
ped_01936,user_0333,res_0092,2026-06-20,entregado
ped_01937,user_0368,res_0094,2022-09-11,entregado
ped_01938,user_0059,res_0091,2024-07-09,cancelado
ped_01939,user_0186,res_0011,2024-12-08,cancelado
ped_01940,user_0197,res_0094,2026-06-09,cancelado
ped_01941,user_0314,res_0021,2024-02-15,cancelado
ped_01942,user_0195,res_0006,2026-04-23,entregado
ped_01943,user_0468,res_0043,2025-03-04,cancelado
ped_01944,user_0442,res_0020,2022-11-29,entregado
ped_01945,user_0092,res_0099,2025-12-29,entregado
ped_01946,user_0215,res_0040,2023-09-26,cancelado
ped_01947,user_0394,res_0058,2023-08-15,cancelado
ped_01948,user_0093,res_0016,2027-01-15,entregado
ped_01949,user_0492,res_0026,2022-01-08,cancelado
ped_01950,user_0392,res_0033,2022-01-26,pendiente
ped_01951,user_0255,res_0064,2025-01-18,entregado
ped_01952,user_0312,res_0064,2023-05-03,entregado
ped_01953,user_0302,res_0085,2024-09-01,pendiente
ped_01954,user_0210,res_0057,2022-06-12,cancelado
ped_01955,user_0308,res_0001,2023-05-17,cancelado
ped_01956,user_0143,res_0080,2025-07-11,cancelado
ped_01957,user_0420,res_0027,2022-04-11,entregado
ped_01958,user_0076,res_0008,2025-08-30,pendiente
ped_01959,user_0019,res_0019,2026-10-15,entregado
ped_01960,user_0342,res_0074,2026-09-13,cancelado
ped_01961,user_0153,res_0043,2027-02-28,entregado
ped_01962,user_0026,res_0014,2024-05-03,entregado
ped_01963,user_0083,res_0087,2023-08-06,cancelado
ped_01964,user_0339,res_0089,2025-12-04,cancelado
ped_01965,user_0294,res_0072,2022-12-30,pendiente
ped_01966,user_0384,res_0075,2024-01-08,entregado
ped_01967,user_0048,res_0099,2023-09-05,pendiente
ped_01968,user_0189,res_0049,2026-08-07,entregado
ped_01969,user_0389,res_0055,2026-09-24,cancelado
ped_01970,user_0034,res_0038,2024-08-22,entregado
ped_01971,user_0063,res_0089,2026-10-27,pendiente
ped_01972,user_0169,res_0068,2024-04-27,cancelado
ped_01973,user_0108,res_0090,2023-03-05,cancelado
ped_01974,user_0030,res_0014,2025-03-16,cancelado
ped_01975,user_0323,res_0068,2022-06-29,pendiente
ped_01976,user_0371,res_0089,2025-05-23,cancelado
ped_01977,user_0148,res_0055,2025-05-31,pendiente
ped_01978,user_0133,res_0068,2025-03-23,cancelado
ped_01979,user_0182,res_0017,2025-06-12,cancelado
ped_01980,user_0255,res_0067,2026-02-02,cancelado
ped_01981,user_0255,res_0064,2026-07-13,entregado
ped_01982,user_0453,res_0079,2023-04-22,cancelado
ped_01983,user_0149,res_0025,2022-01-04,entregado
ped_01984,user_0013,res_0060,2025-07-04,entregado
ped_01985,user_0378,res_0027,2026-06-26,cancelado
ped_01986,user_0213,res_0053,2022-04-04,pendiente
ped_01987,user_0180,res_0072,2026-07-09,cancelado
ped_01988,user_0109,res_0002,2025-08-04,entregado
ped_01989,user_0354,res_0037,2023-06-06,entregado
ped_01990,user_0158,res_0039,2024-11-03,cancelado
ped_01991,user_0166,res_0099,2022-01-13,entregado
ped_01992,user_0352,res_0043,2023-12-01,pendiente
ped_01993,user_0371,res_0073,2025-06-15,entregado
ped_01994,user_0427,res_0023,2023-02-02,pendiente
ped_01995,user_0427,res_0044,2027-03-04,cancelado
ped_01996,user_0246,res_0061,2026-06-21,entregado
ped_01997,user_0331,res_0018,2024-09-13,entregado
ped_01998,user_0322,res_0059,2027-01-01,cancelado
ped_01999,user_0459,res_0043,2024-08-05,pendiente
ped_02000,user_0476,res_0096,2022-04-25,cancelado
