desde_tipo,desde_id,relacion,hasta_tipo,hasta_id,km,tiempo_min
Ubicacion,1,CONECTA_CON,Ubicacion,4661,6.81,18.81
Ubicacion,1,CONECTA_CON,Ubicacion,4872,6.68,19.29
Ubicacion,1,CONECTA_CON,Ubicacion,4593,7.55,14.19
Ubicacion,2,CONECTA_CON,Ubicacion,1220,5.25,8.19
Ubicacion,2,CONECTA_CON,Ubicacion,3823,9.06,16.91
Ubicacion,2,CONECTA_CON,Ubicacion,4350,9.65,16.93
Ubicacion,3,CONECTA_CON,Ubicacion,3171,3.52,6.95
Ubicacion,3,CONECTA_CON,Ubicacion,3177,7.61,18.39
Ubicacion,3,CONECTA_CON,Ubicacion,2866,0.81,0.84
Ubicacion,4,CONECTA_CON,Ubicacion,3224,3.15,5.69
Ubicacion,4,CONECTA_CON,Ubicacion,1491,7.59,15.03
Ubicacion,4,CONECTA_CON,Ubicacion,851,4.28,4.74
Ubicacion,5,CONECTA_CON,Ubicacion,2777,5.4,7.53
Ubicacion,5,CONECTA_CON,Ubicacion,971,6.9,11.23
Ubicacion,5,CONECTA_CON,Ubicacion,1987,7.86,9.83
Ubicacion,6,CONECTA_CON,Ubicacion,1687,7.18,7.47
Ubicacion,6,CONECTA_CON,Ubicacion,2079,3.07,3.52
Ubicacion,6,CONECTA_CON,Ubicacion,3686,5.99,8.92
Ubicacion,7,CONECTA_CON,Ubicacion,3494,2.56,3.8
Ubicacion,7,CONECTA_CON,Ubicacion,2913,3.98,8.6
Ubicacion,7,CONECTA_CON,Ubicacion,2839,4.12,5.75
Ubicacion,8,CONECTA_CON,Ubicacion,4945,8.02,11.11
Ubicacion,8,CONECTA_CON,Ubicacion,2095,3.49,6.19
Ubicacion,8,CONECTA_CON,Ubicacion,571,2.37,5.44
Ubicacion,9,CONECTA_CON,Ubicacion,713,6.87,6.94
Ubicacion,9,CONECTA_CON,Ubicacion,3258,8.6,8.69
Ubicacion,9,CONECTA_CON,Ubicacion,959,9.19,12.43
Ubicacion,10,CONECTA_CON,Ubicacion,374,9.03,14.1
Ubicacion,10,CONECTA_CON,Ubicacion,3196,1.91,2.89
Ubicacion,10,CONECTA_CON,Ubicacion,1649,4.99,6.03
Ubicacion,11,CONECTA_CON,Ubicacion,2568,4.66,5.78
Ubicacion,11,CONECTA_CON,Ubicacion,3474,0.93,1.81
Ubicacion,11,CONECTA_CON,Ubicacion,543,1.44,2.85
Ubicacion,12,CONECTA_CON,Ubicacion,333,9.6,11.39
Ubicacion,12,CONECTA_CON,Ubicacion,4089,1.01,1.08
Ubicacion,12,CONECTA_CON,Ubicacion,2775,4.59,7.42
Ubicacion,13,CONECTA_CON,Ubicacion,1029,7.49,8.29
Ubicacion,13,CONECTA_CON,Ubicacion,4030,4.09,11.92
Ubicacion,13,CONECTA_CON,Ubicacion,1578,1.0,1.43
Ubicacion,14,CONECTA_CON,Ubicacion,2175,5.27,5.37
Ubicacion,14,CONECTA_CON,Ubicacion,1986,9.13,24.82
Ubicacion,14,CONECTA_CON,Ubicacion,764,1.42,3.37
Ubicacion,15,CONECTA_CON,Ubicacion,4641,8.64,17.94
Ubicacion,15,CONECTA_CON,Ubicacion,2527,1.52,3.32
Ubicacion,15,CONECTA_CON,Ubicacion,426,6.78,12.15
Ubicacion,16,CONECTA_CON,Ubicacion,1417,4.93,11.73
Ubicacion,16,CONECTA_CON,Ubicacion,211,3.7,8.47
Ubicacion,16,CONECTA_CON,Ubicacion,4612,8.63,12.36
Ubicacion,17,CONECTA_CON,Ubicacion,3430,6.67,15.97
Ubicacion,17,CONECTA_CON,Ubicacion,1788,4.38,7.96
Ubicacion,17,CONECTA_CON,Ubicacion,1734,6.08,13.65
Ubicacion,18,CONECTA_CON,Ubicacion,1108,8.06,11.76
Ubicacion,18,CONECTA_CON,Ubicacion,3719,8.47,23.14
Ubicacion,18,CONECTA_CON,Ubicacion,636,1.7,1.73
Ubicacion,19,CONECTA_CON,Ubicacion,4382,3.51,4.6
Ubicacion,19,CONECTA_CON,Ubicacion,4805,0.69,1.94
Ubicacion,19,CONECTA_CON,Ubicacion,2164,4.97,5.2
Ubicacion,20,CONECTA_CON,Ubicacion,3077,8.69,10.37
Ubicacion,20,CONECTA_CON,Ubicacion,1240,4.63,8.32
Ubicacion,20,CONECTA_CON,Ubicacion,13,8.39,11.06
Ubicacion,21,CONECTA_CON,Ubicacion,2040,8.09,13.68
Ubicacion,21,CONECTA_CON,Ubicacion,4463,9.1,11.76
Ubicacion,21,CONECTA_CON,Ubicacion,1667,1.02,1.3
Ubicacion,22,CONECTA_CON,Ubicacion,1807,4.06,4.11
Ubicacion,22,CONECTA_CON,Ubicacion,2213,8.59,13.67
Ubicacion,22,CONECTA_CON,Ubicacion,699,3.79,5.73
Ubicacion,23,CONECTA_CON,Ubicacion,3615,4.15,5.28
Ubicacion,23,CONECTA_CON,Ubicacion,1777,8.98,26.4
Ubicacion,23,CONECTA_CON,Ubicacion,4621,5.23,8.85
Ubicacion,24,CONECTA_CON,Ubicacion,572,7.46,9.67
Ubicacion,24,CONECTA_CON,Ubicacion,3126,5.44,6.64
Ubicacion,24,CONECTA_CON,Ubicacion,4224,6.68,8.46
Ubicacion,25,CONECTA_CON,Ubicacion,2295,7.62,9.14
Ubicacion,25,CONECTA_CON,Ubicacion,4102,6.34,17.35
Ubicacion,25,CONECTA_CON,Ubicacion,3071,9.01,17.55
Ubicacion,26,CONECTA_CON,Ubicacion,3845,9.75,11.0
Ubicacion,26,CONECTA_CON,Ubicacion,2635,6.57,10.13
Ubicacion,26,CONECTA_CON,Ubicacion,775,7.87,9.69
Ubicacion,27,CONECTA_CON,Ubicacion,256,6.24,7.07
Ubicacion,27,CONECTA_CON,Ubicacion,896,1.8,4.92
Ubicacion,27,CONECTA_CON,Ubicacion,3653,5.75,7.59
Ubicacion,28,CONECTA_CON,Ubicacion,1652,3.63,7.47
Ubicacion,28,CONECTA_CON,Ubicacion,1668,3.79,5.15
Ubicacion,28,CONECTA_CON,Ubicacion,3000,7.93,15.03
Ubicacion,29,CONECTA_CON,Ubicacion,284,3.87,4.31
Ubicacion,29,CONECTA_CON,Ubicacion,2427,0.66,1.07
Ubicacion,29,CONECTA_CON,Ubicacion,4803,6.79,17.0
Ubicacion,30,CONECTA_CON,Ubicacion,563,2.58,2.95
Ubicacion,30,CONECTA_CON,Ubicacion,4275,5.7,8.19
Ubicacion,30,CONECTA_CON,Ubicacion,569,6.3,16.37
Ubicacion,31,CONECTA_CON,Ubicacion,4638,8.43,11.02
Ubicacion,31,CONECTA_CON,Ubicacion,3806,1.14,2.88
Ubicacion,31,CONECTA_CON,Ubicacion,3451,2.74,5.54
Ubicacion,32,CONECTA_CON,Ubicacion,1769,2.37,3.12
Ubicacion,32,CONECTA_CON,Ubicacion,1107,7.23,12.3
Ubicacion,32,CONECTA_CON,Ubicacion,1714,5.37,13.77
Ubicacion,33,CONECTA_CON,Ubicacion,774,8.59,10.03
Ubicacion,33,CONECTA_CON,Ubicacion,1203,1.43,2.78
Ubicacion,33,CONECTA_CON,Ubicacion,3487,5.93,7.46
Ubicacion,34,CONECTA_CON,Ubicacion,4053,6.8,14.12
Ubicacion,34,CONECTA_CON,Ubicacion,2623,5.29,11.45
Ubicacion,34,CONECTA_CON,Ubicacion,2830,7.18,21.45
Ubicacion,35,CONECTA_CON,Ubicacion,2287,4.37,5.22
Ubicacion,35,CONECTA_CON,Ubicacion,1062,9.48,9.67
Ubicacion,35,CONECTA_CON,Ubicacion,1996,6.41,6.85
Ubicacion,36,CONECTA_CON,Ubicacion,3110,2.7,7.08
Ubicacion,36,CONECTA_CON,Ubicacion,3219,9.1,11.32
Ubicacion,36,CONECTA_CON,Ubicacion,3157,0.96,1.47
Ubicacion,37,CONECTA_CON,Ubicacion,1335,2.69,3.9
Ubicacion,37,CONECTA_CON,Ubicacion,2417,6.81,9.03
Ubicacion,37,CONECTA_CON,Ubicacion,1690,2.59,3.8
Ubicacion,38,CONECTA_CON,Ubicacion,1141,1.62,3.56
Ubicacion,38,CONECTA_CON,Ubicacion,1566,4.65,6.02
Ubicacion,38,CONECTA_CON,Ubicacion,451,6.88,8.64
Ubicacion,39,CONECTA_CON,Ubicacion,354,8.75,21.71
Ubicacion,39,CONECTA_CON,Ubicacion,803,2.11,2.16
Ubicacion,39,CONECTA_CON,Ubicacion,2727,0.6,0.98
Ubicacion,40,CONECTA_CON,Ubicacion,1627,9.77,15.52
Ubicacion,40,CONECTA_CON,Ubicacion,613,8.41,10.29
Ubicacion,40,CONECTA_CON,Ubicacion,2003,5.92,7.14
Ubicacion,41,CONECTA_CON,Ubicacion,1348,7.87,12.18
Ubicacion,41,CONECTA_CON,Ubicacion,3551,2.06,2.25
Ubicacion,41,CONECTA_CON,Ubicacion,1590,7.29,15.99
Ubicacion,42,CONECTA_CON,Ubicacion,4719,4.66,11.3
Ubicacion,42,CONECTA_CON,Ubicacion,3638,7.49,12.02
Ubicacion,42,CONECTA_CON,Ubicacion,3508,2.46,2.72
Ubicacion,43,CONECTA_CON,Ubicacion,1371,4.27,8.32
Ubicacion,43,CONECTA_CON,Ubicacion,4752,5.05,8.26
Ubicacion,43,CONECTA_CON,Ubicacion,1691,7.48,8.45
Ubicacion,44,CONECTA_CON,Ubicacion,1494,4.95,8.71
Ubicacion,44,CONECTA_CON,Ubicacion,2902,0.68,1.02
Ubicacion,44,CONECTA_CON,Ubicacion,1650,6.49,12.17
Ubicacion,45,CONECTA_CON,Ubicacion,4122,6.89,7.33
Ubicacion,45,CONECTA_CON,Ubicacion,3883,2.23,3.08
Ubicacion,45,CONECTA_CON,Ubicacion,1204,1.17,1.56
Ubicacion,46,CONECTA_CON,Ubicacion,2621,1.89,4.87
Ubicacion,46,CONECTA_CON,Ubicacion,3964,8.29,15.47
Ubicacion,46,CONECTA_CON,Ubicacion,1299,5.09,6.18
Ubicacion,47,CONECTA_CON,Ubicacion,653,1.14,3.13
Ubicacion,47,CONECTA_CON,Ubicacion,4481,0.52,0.89
Ubicacion,47,CONECTA_CON,Ubicacion,2384,1.56,2.0
Ubicacion,48,CONECTA_CON,Ubicacion,1860,4.74,5.35
Ubicacion,48,CONECTA_CON,Ubicacion,177,9.28,10.0
Ubicacion,48,CONECTA_CON,Ubicacion,3810,8.94,12.65
Ubicacion,49,CONECTA_CON,Ubicacion,3334,5.26,5.68
Ubicacion,49,CONECTA_CON,Ubicacion,4004,5.3,7.69
Ubicacion,49,CONECTA_CON,Ubicacion,3298,7.58,9.94
Ubicacion,50,CONECTA_CON,Ubicacion,4445,2.74,3.37
Ubicacion,50,CONECTA_CON,Ubicacion,2785,1.67,3.51
Ubicacion,50,CONECTA_CON,Ubicacion,2457,7.67,10.71
Ubicacion,51,CONECTA_CON,Ubicacion,3792,6.74,10.39
Ubicacion,51,CONECTA_CON,Ubicacion,3774,6.14,14.95
Ubicacion,51,CONECTA_CON,Ubicacion,659,8.67,23.6
Ubicacion,52,CONECTA_CON,Ubicacion,189,8.44,15.92
Ubicacion,52,CONECTA_CON,Ubicacion,3882,9.11,14.41
Ubicacion,52,CONECTA_CON,Ubicacion,3268,6.86,18.39
Ubicacion,53,CONECTA_CON,Ubicacion,4925,8.46,14.62
Ubicacion,53,CONECTA_CON,Ubicacion,3110,5.45,12.09
Ubicacion,53,CONECTA_CON,Ubicacion,637,1.87,2.12
Ubicacion,54,CONECTA_CON,Ubicacion,2608,5.94,9.29
Ubicacion,54,CONECTA_CON,Ubicacion,3642,5.69,16.57
Ubicacion,54,CONECTA_CON,Ubicacion,4909,3.28,3.88
Ubicacion,55,CONECTA_CON,Ubicacion,2664,2.15,6.28
Ubicacion,55,CONECTA_CON,Ubicacion,4794,5.45,10.09
Ubicacion,55,CONECTA_CON,Ubicacion,1994,3.88,4.68
Ubicacion,56,CONECTA_CON,Ubicacion,542,8.19,9.27
Ubicacion,56,CONECTA_CON,Ubicacion,3914,4.32,12.08
Ubicacion,56,CONECTA_CON,Ubicacion,4028,7.33,17.06
Ubicacion,57,CONECTA_CON,Ubicacion,2563,3.09,5.43
Ubicacion,57,CONECTA_CON,Ubicacion,2775,5.65,6.43
Ubicacion,57,CONECTA_CON,Ubicacion,2796,5.75,7.92
Ubicacion,58,CONECTA_CON,Ubicacion,4925,5.96,7.16
Ubicacion,58,CONECTA_CON,Ubicacion,4259,4.33,7.22
Ubicacion,58,CONECTA_CON,Ubicacion,1473,5.06,8.32
Ubicacion,59,CONECTA_CON,Ubicacion,1094,1.25,1.33
Ubicacion,59,CONECTA_CON,Ubicacion,2559,8.93,10.08
Ubicacion,59,CONECTA_CON,Ubicacion,2098,5.6,12.16
Ubicacion,60,CONECTA_CON,Ubicacion,839,7.51,8.51
Ubicacion,60,CONECTA_CON,Ubicacion,1550,9.89,17.47
Ubicacion,60,CONECTA_CON,Ubicacion,2253,7.54,7.67
Ubicacion,61,CONECTA_CON,Ubicacion,204,1.37,1.76
Ubicacion,61,CONECTA_CON,Ubicacion,4451,5.43,9.77
Ubicacion,61,CONECTA_CON,Ubicacion,3005,8.61,9.0
Ubicacion,62,CONECTA_CON,Ubicacion,2735,5.87,15.8
Ubicacion,62,CONECTA_CON,Ubicacion,2347,5.91,14.21
Ubicacion,62,CONECTA_CON,Ubicacion,4384,3.36,7.35
Ubicacion,63,CONECTA_CON,Ubicacion,4524,5.95,13.57
Ubicacion,63,CONECTA_CON,Ubicacion,4533,1.31,2.2
Ubicacion,63,CONECTA_CON,Ubicacion,2898,7.48,10.03
Ubicacion,64,CONECTA_CON,Ubicacion,4962,3.51,3.53
Ubicacion,64,CONECTA_CON,Ubicacion,1658,6.28,11.08
Ubicacion,64,CONECTA_CON,Ubicacion,1374,8.68,10.41
Ubicacion,65,CONECTA_CON,Ubicacion,3498,8.79,9.3
Ubicacion,65,CONECTA_CON,Ubicacion,2346,2.9,3.62
Ubicacion,65,CONECTA_CON,Ubicacion,106,3.07,3.11
Ubicacion,66,CONECTA_CON,Ubicacion,150,3.36,6.66
Ubicacion,66,CONECTA_CON,Ubicacion,2441,2.38,3.85
Ubicacion,66,CONECTA_CON,Ubicacion,4694,8.71,20.53
Ubicacion,67,CONECTA_CON,Ubicacion,4409,2.86,6.11
Ubicacion,67,CONECTA_CON,Ubicacion,1126,4.86,14.09
Ubicacion,67,CONECTA_CON,Ubicacion,2211,7.55,7.71
Ubicacion,68,CONECTA_CON,Ubicacion,3976,0.66,0.93
Ubicacion,68,CONECTA_CON,Ubicacion,4985,4.52,5.12
Ubicacion,68,CONECTA_CON,Ubicacion,4395,3.81,4.72
Ubicacion,69,CONECTA_CON,Ubicacion,171,7.63,8.51
Ubicacion,69,CONECTA_CON,Ubicacion,2954,0.82,1.27
Ubicacion,69,CONECTA_CON,Ubicacion,3625,1.07,1.19
Ubicacion,70,CONECTA_CON,Ubicacion,3684,6.67,6.92
Ubicacion,70,CONECTA_CON,Ubicacion,4950,7.58,14.86
Ubicacion,70,CONECTA_CON,Ubicacion,4373,4.43,7.08
Ubicacion,71,CONECTA_CON,Ubicacion,2449,4.12,6.97
Ubicacion,71,CONECTA_CON,Ubicacion,859,1.81,2.82
Ubicacion,71,CONECTA_CON,Ubicacion,3252,9.87,16.72
Ubicacion,72,CONECTA_CON,Ubicacion,1569,9.09,21.52
Ubicacion,72,CONECTA_CON,Ubicacion,134,9.56,14.13
Ubicacion,72,CONECTA_CON,Ubicacion,1410,2.31,2.47
Ubicacion,73,CONECTA_CON,Ubicacion,1642,3.19,8.16
Ubicacion,73,CONECTA_CON,Ubicacion,4478,6.97,18.33
Ubicacion,73,CONECTA_CON,Ubicacion,2549,5.72,10.9
Ubicacion,74,CONECTA_CON,Ubicacion,4601,4.58,8.05
Ubicacion,74,CONECTA_CON,Ubicacion,105,8.94,15.23
Ubicacion,74,CONECTA_CON,Ubicacion,448,5.98,8.37
Ubicacion,75,CONECTA_CON,Ubicacion,2214,1.36,1.54
Ubicacion,75,CONECTA_CON,Ubicacion,440,3.09,3.61
Ubicacion,75,CONECTA_CON,Ubicacion,1236,0.76,1.08
Ubicacion,76,CONECTA_CON,Ubicacion,1713,9.55,13.23
Ubicacion,76,CONECTA_CON,Ubicacion,4023,4.78,7.21
Ubicacion,76,CONECTA_CON,Ubicacion,3760,4.77,12.13
Ubicacion,77,CONECTA_CON,Ubicacion,1756,8.82,11.82
Ubicacion,77,CONECTA_CON,Ubicacion,4422,8.2,14.7
Ubicacion,77,CONECTA_CON,Ubicacion,1123,8.84,9.31
Ubicacion,78,CONECTA_CON,Ubicacion,3592,5.22,10.1
Ubicacion,78,CONECTA_CON,Ubicacion,1887,7.42,15.67
Ubicacion,78,CONECTA_CON,Ubicacion,272,4.14,5.49
Ubicacion,79,CONECTA_CON,Ubicacion,3158,9.23,12.37
Ubicacion,79,CONECTA_CON,Ubicacion,333,4.23,5.24
Ubicacion,79,CONECTA_CON,Ubicacion,4086,9.55,10.95
Ubicacion,80,CONECTA_CON,Ubicacion,116,5.19,6.63
Ubicacion,80,CONECTA_CON,Ubicacion,3775,6.39,7.97
Ubicacion,80,CONECTA_CON,Ubicacion,4080,4.46,5.93
Ubicacion,81,CONECTA_CON,Ubicacion,1479,2.64,3.89
Ubicacion,81,CONECTA_CON,Ubicacion,4941,5.62,7.9
Ubicacion,81,CONECTA_CON,Ubicacion,4632,1.11,2.91
Ubicacion,82,CONECTA_CON,Ubicacion,93,6.18,10.16
Ubicacion,82,CONECTA_CON,Ubicacion,3679,3.54,9.46
Ubicacion,82,CONECTA_CON,Ubicacion,2789,7.73,8.56
Ubicacion,83,CONECTA_CON,Ubicacion,4359,4.23,7.21
Ubicacion,83,CONECTA_CON,Ubicacion,3556,2.53,2.64
Ubicacion,83,CONECTA_CON,Ubicacion,615,0.67,1.58
Ubicacion,84,CONECTA_CON,Ubicacion,1628,1.07,1.1
Ubicacion,84,CONECTA_CON,Ubicacion,1643,9.73,20.05
Ubicacion,84,CONECTA_CON,Ubicacion,3502,4.91,5.65
Ubicacion,85,CONECTA_CON,Ubicacion,2217,8.82,24.13
Ubicacion,85,CONECTA_CON,Ubicacion,2122,9.49,11.19
Ubicacion,85,CONECTA_CON,Ubicacion,2790,4.15,4.8
Ubicacion,86,CONECTA_CON,Ubicacion,2416,4.6,10.39
Ubicacion,86,CONECTA_CON,Ubicacion,4287,1.86,4.07
Ubicacion,86,CONECTA_CON,Ubicacion,3335,9.94,9.96
Ubicacion,87,CONECTA_CON,Ubicacion,4168,6.66,11.27
Ubicacion,87,CONECTA_CON,Ubicacion,1998,7.3,8.99
Ubicacion,87,CONECTA_CON,Ubicacion,4247,8.37,16.3
Ubicacion,88,CONECTA_CON,Ubicacion,4060,9.03,26.04
Ubicacion,88,CONECTA_CON,Ubicacion,983,0.61,0.66
Ubicacion,88,CONECTA_CON,Ubicacion,1052,5.54,11.06
Ubicacion,89,CONECTA_CON,Ubicacion,3963,8.78,9.78
Ubicacion,89,CONECTA_CON,Ubicacion,2581,6.06,9.4
Ubicacion,89,CONECTA_CON,Ubicacion,237,4.65,5.7
Ubicacion,90,CONECTA_CON,Ubicacion,1015,7.71,9.08
Ubicacion,90,CONECTA_CON,Ubicacion,2691,7.32,8.8
Ubicacion,90,CONECTA_CON,Ubicacion,196,6.19,17.72
Ubicacion,91,CONECTA_CON,Ubicacion,1791,6.07,7.2
Ubicacion,91,CONECTA_CON,Ubicacion,4312,4.3,10.01
Ubicacion,91,CONECTA_CON,Ubicacion,423,0.94,1.62
Ubicacion,92,CONECTA_CON,Ubicacion,3307,8.71,14.02
Ubicacion,92,CONECTA_CON,Ubicacion,1666,8.04,10.58
Ubicacion,92,CONECTA_CON,Ubicacion,2976,7.15,7.62
Ubicacion,93,CONECTA_CON,Ubicacion,4463,9.51,14.75
Ubicacion,93,CONECTA_CON,Ubicacion,3300,1.86,2.31
Ubicacion,93,CONECTA_CON,Ubicacion,3525,2.79,2.82
Ubicacion,94,CONECTA_CON,Ubicacion,2643,1.28,2.39
Ubicacion,94,CONECTA_CON,Ubicacion,3988,3.76,5.24
Ubicacion,94,CONECTA_CON,Ubicacion,2737,9.25,21.05
Ubicacion,95,CONECTA_CON,Ubicacion,3257,2.08,2.72
Ubicacion,95,CONECTA_CON,Ubicacion,4227,2.94,6.8
Ubicacion,95,CONECTA_CON,Ubicacion,1742,7.02,7.66
Ubicacion,96,CONECTA_CON,Ubicacion,3470,9.91,16.31
Ubicacion,96,CONECTA_CON,Ubicacion,1234,2.81,4.24
Ubicacion,96,CONECTA_CON,Ubicacion,4618,9.14,14.6
Ubicacion,97,CONECTA_CON,Ubicacion,4689,3.89,5.94
Ubicacion,97,CONECTA_CON,Ubicacion,2650,1.28,2.68
Ubicacion,97,CONECTA_CON,Ubicacion,2115,6.35,18.39
Ubicacion,98,CONECTA_CON,Ubicacion,2484,1.23,1.42
Ubicacion,98,CONECTA_CON,Ubicacion,3770,7.61,12.02
Ubicacion,98,CONECTA_CON,Ubicacion,37,7.58,19.32
Ubicacion,99,CONECTA_CON,Ubicacion,4643,7.75,13.84
Ubicacion,99,CONECTA_CON,Ubicacion,4806,7.61,9.45
Ubicacion,99,CONECTA_CON,Ubicacion,2309,9.54,11.62
Ubicacion,100,CONECTA_CON,Ubicacion,323,5.38,11.7
Ubicacion,100,CONECTA_CON,Ubicacion,1759,6.6,7.36
Ubicacion,100,CONECTA_CON,Ubicacion,2973,8.49,10.26
Ubicacion,101,CONECTA_CON,Ubicacion,2812,2.18,3.85
Ubicacion,101,CONECTA_CON,Ubicacion,1484,5.54,6.61
Ubicacion,101,CONECTA_CON,Ubicacion,1509,9.26,11.24
Ubicacion,102,CONECTA_CON,Ubicacion,1269,4.51,5.87
Ubicacion,102,CONECTA_CON,Ubicacion,2669,3.69,5.66
Ubicacion,102,CONECTA_CON,Ubicacion,2972,8.0,8.07
Ubicacion,103,CONECTA_CON,Ubicacion,575,3.29,9.11
Ubicacion,103,CONECTA_CON,Ubicacion,2602,9.93,15.9
Ubicacion,103,CONECTA_CON,Ubicacion,4522,3.77,3.78
Ubicacion,104,CONECTA_CON,Ubicacion,3454,0.73,0.8
Ubicacion,104,CONECTA_CON,Ubicacion,2473,9.29,9.45
Ubicacion,104,CONECTA_CON,Ubicacion,83,4.83,7.53
Ubicacion,105,CONECTA_CON,Ubicacion,1211,6.19,8.86
Ubicacion,105,CONECTA_CON,Ubicacion,4358,0.61,0.86
Ubicacion,105,CONECTA_CON,Ubicacion,845,7.18,9.78
Ubicacion,106,CONECTA_CON,Ubicacion,2169,7.28,16.6
Ubicacion,106,CONECTA_CON,Ubicacion,2414,3.24,6.44
Ubicacion,106,CONECTA_CON,Ubicacion,3959,9.59,21.21
Ubicacion,107,CONECTA_CON,Ubicacion,3161,3.7,6.98
Ubicacion,107,CONECTA_CON,Ubicacion,2330,8.24,20.03
Ubicacion,107,CONECTA_CON,Ubicacion,383,2.98,3.11
Ubicacion,108,CONECTA_CON,Ubicacion,3097,6.93,8.06
Ubicacion,108,CONECTA_CON,Ubicacion,1767,4.7,4.75
Ubicacion,108,CONECTA_CON,Ubicacion,733,3.76,5.35
Ubicacion,109,CONECTA_CON,Ubicacion,475,9.34,9.48
Ubicacion,109,CONECTA_CON,Ubicacion,1226,5.65,8.79
Ubicacion,109,CONECTA_CON,Ubicacion,930,5.41,10.53
Ubicacion,110,CONECTA_CON,Ubicacion,1943,3.66,8.18
Ubicacion,110,CONECTA_CON,Ubicacion,4908,8.54,17.93
Ubicacion,110,CONECTA_CON,Ubicacion,1112,9.61,21.01
Ubicacion,111,CONECTA_CON,Ubicacion,4497,5.51,7.25
Ubicacion,111,CONECTA_CON,Ubicacion,4227,4.25,5.38
Ubicacion,111,CONECTA_CON,Ubicacion,3671,2.71,5.82
Ubicacion,112,CONECTA_CON,Ubicacion,1307,2.6,2.81
Ubicacion,112,CONECTA_CON,Ubicacion,2377,9.09,15.41
Ubicacion,112,CONECTA_CON,Ubicacion,2703,4.47,8.57
Ubicacion,113,CONECTA_CON,Ubicacion,2442,7.95,10.91
Ubicacion,113,CONECTA_CON,Ubicacion,530,6.6,8.63
Ubicacion,113,CONECTA_CON,Ubicacion,3695,5.86,10.06
Ubicacion,114,CONECTA_CON,Ubicacion,4177,3.04,6.0
Ubicacion,114,CONECTA_CON,Ubicacion,2687,2.5,3.08
Ubicacion,114,CONECTA_CON,Ubicacion,3752,2.54,4.15
Ubicacion,115,CONECTA_CON,Ubicacion,3958,2.5,6.93
Ubicacion,115,CONECTA_CON,Ubicacion,894,5.74,13.31
Ubicacion,115,CONECTA_CON,Ubicacion,1085,6.01,15.65
Ubicacion,116,CONECTA_CON,Ubicacion,3737,8.08,14.74
Ubicacion,116,CONECTA_CON,Ubicacion,506,9.61,12.98
Ubicacion,116,CONECTA_CON,Ubicacion,2979,8.27,15.48
Ubicacion,117,CONECTA_CON,Ubicacion,4331,3.16,8.74
Ubicacion,117,CONECTA_CON,Ubicacion,1825,2.69,4.16
Ubicacion,117,CONECTA_CON,Ubicacion,3528,1.96,2.18
Ubicacion,118,CONECTA_CON,Ubicacion,142,5.82,12.48
Ubicacion,118,CONECTA_CON,Ubicacion,2967,6.66,8.77
Ubicacion,118,CONECTA_CON,Ubicacion,3466,3.17,7.44
Ubicacion,119,CONECTA_CON,Ubicacion,3067,7.53,9.14
Ubicacion,119,CONECTA_CON,Ubicacion,1242,8.14,15.81
Ubicacion,119,CONECTA_CON,Ubicacion,3930,6.8,18.85
Ubicacion,120,CONECTA_CON,Ubicacion,7,8.03,8.04
Ubicacion,120,CONECTA_CON,Ubicacion,4428,7.4,18.29
Ubicacion,120,CONECTA_CON,Ubicacion,364,2.96,3.44
Ubicacion,121,CONECTA_CON,Ubicacion,2284,6.95,9.38
Ubicacion,121,CONECTA_CON,Ubicacion,3341,9.29,19.96
Ubicacion,121,CONECTA_CON,Ubicacion,3368,8.16,8.54
Ubicacion,122,CONECTA_CON,Ubicacion,2055,5.51,7.83
Ubicacion,122,CONECTA_CON,Ubicacion,1429,4.59,8.67
Ubicacion,122,CONECTA_CON,Ubicacion,785,6.0,13.18
Ubicacion,123,CONECTA_CON,Ubicacion,162,6.73,9.9
Ubicacion,123,CONECTA_CON,Ubicacion,1009,7.15,9.19
Ubicacion,123,CONECTA_CON,Ubicacion,3858,0.89,1.8
Ubicacion,124,CONECTA_CON,Ubicacion,4286,6.71,8.29
Ubicacion,124,CONECTA_CON,Ubicacion,3195,4.3,6.63
Ubicacion,124,CONECTA_CON,Ubicacion,2395,7.12,11.27
Ubicacion,125,CONECTA_CON,Ubicacion,3273,0.71,1.09
Ubicacion,125,CONECTA_CON,Ubicacion,65,8.97,20.27
Ubicacion,125,CONECTA_CON,Ubicacion,4213,3.93,5.25
Ubicacion,126,CONECTA_CON,Ubicacion,3685,7.81,10.88
Ubicacion,126,CONECTA_CON,Ubicacion,3462,7.46,18.12
Ubicacion,126,CONECTA_CON,Ubicacion,1491,6.84,7.73
Ubicacion,127,CONECTA_CON,Ubicacion,4958,8.47,9.89
Ubicacion,127,CONECTA_CON,Ubicacion,514,6.64,8.48
Ubicacion,127,CONECTA_CON,Ubicacion,2066,7.08,11.83
Ubicacion,128,CONECTA_CON,Ubicacion,1910,2.45,2.8
Ubicacion,128,CONECTA_CON,Ubicacion,133,7.41,10.9
Ubicacion,128,CONECTA_CON,Ubicacion,9,8.17,15.54
Ubicacion,129,CONECTA_CON,Ubicacion,3021,9.98,11.06
Ubicacion,129,CONECTA_CON,Ubicacion,287,6.2,8.6
Ubicacion,129,CONECTA_CON,Ubicacion,285,4.65,7.5
Ubicacion,130,CONECTA_CON,Ubicacion,2361,8.45,11.44
Ubicacion,130,CONECTA_CON,Ubicacion,4654,5.68,6.28
Ubicacion,130,CONECTA_CON,Ubicacion,4738,7.94,13.45
Ubicacion,131,CONECTA_CON,Ubicacion,1320,7.0,8.15
Ubicacion,131,CONECTA_CON,Ubicacion,4842,6.26,9.97
Ubicacion,131,CONECTA_CON,Ubicacion,296,6.06,6.14
Ubicacion,132,CONECTA_CON,Ubicacion,2833,2.58,3.52
Ubicacion,132,CONECTA_CON,Ubicacion,4045,3.67,6.79
Ubicacion,132,CONECTA_CON,Ubicacion,752,4.86,7.41
Ubicacion,133,CONECTA_CON,Ubicacion,4534,7.14,11.49
Ubicacion,133,CONECTA_CON,Ubicacion,3053,0.7,1.26
Ubicacion,133,CONECTA_CON,Ubicacion,2278,5.73,15.17
Ubicacion,134,CONECTA_CON,Ubicacion,3923,5.79,9.14
Ubicacion,134,CONECTA_CON,Ubicacion,1099,6.58,7.24
Ubicacion,134,CONECTA_CON,Ubicacion,4975,4.66,6.27
Ubicacion,135,CONECTA_CON,Ubicacion,4822,6.86,7.43
Ubicacion,135,CONECTA_CON,Ubicacion,3272,6.4,11.67
Ubicacion,135,CONECTA_CON,Ubicacion,2852,1.24,1.74
Ubicacion,136,CONECTA_CON,Ubicacion,24,0.53,0.54
Ubicacion,136,CONECTA_CON,Ubicacion,3429,1.69,3.15
Ubicacion,136,CONECTA_CON,Ubicacion,2311,4.72,7.28
Ubicacion,137,CONECTA_CON,Ubicacion,2750,7.94,12.92
Ubicacion,137,CONECTA_CON,Ubicacion,2473,6.41,6.97
Ubicacion,137,CONECTA_CON,Ubicacion,2320,4.16,5.06
Ubicacion,138,CONECTA_CON,Ubicacion,4785,3.1,3.28
Ubicacion,138,CONECTA_CON,Ubicacion,224,9.44,19.9
Ubicacion,138,CONECTA_CON,Ubicacion,1346,0.6,0.97
Ubicacion,139,CONECTA_CON,Ubicacion,4690,2.87,4.95
Ubicacion,139,CONECTA_CON,Ubicacion,2283,5.61,6.29
Ubicacion,139,CONECTA_CON,Ubicacion,2836,3.54,3.63
Ubicacion,140,CONECTA_CON,Ubicacion,865,8.25,24.52
Ubicacion,140,CONECTA_CON,Ubicacion,2777,1.55,2.45
Ubicacion,140,CONECTA_CON,Ubicacion,3864,7.21,13.73
Ubicacion,141,CONECTA_CON,Ubicacion,737,8.32,14.75
Ubicacion,141,CONECTA_CON,Ubicacion,4315,9.7,19.03
Ubicacion,141,CONECTA_CON,Ubicacion,3500,7.5,19.32
Ubicacion,142,CONECTA_CON,Ubicacion,3854,8.37,12.43
Ubicacion,142,CONECTA_CON,Ubicacion,3658,8.86,21.53
Ubicacion,142,CONECTA_CON,Ubicacion,591,6.16,12.79
Ubicacion,143,CONECTA_CON,Ubicacion,2529,1.59,3.61
Ubicacion,143,CONECTA_CON,Ubicacion,3591,5.93,6.88
Ubicacion,143,CONECTA_CON,Ubicacion,1399,7.48,15.9
Ubicacion,144,CONECTA_CON,Ubicacion,3492,5.09,5.38
Ubicacion,144,CONECTA_CON,Ubicacion,1790,4.08,11.94
Ubicacion,144,CONECTA_CON,Ubicacion,4362,7.61,9.92
Ubicacion,145,CONECTA_CON,Ubicacion,1542,3.05,6.47
Ubicacion,145,CONECTA_CON,Ubicacion,2831,2.27,2.43
Ubicacion,145,CONECTA_CON,Ubicacion,4789,5.84,9.11
Ubicacion,146,CONECTA_CON,Ubicacion,4001,1.54,2.53
Ubicacion,146,CONECTA_CON,Ubicacion,3920,3.79,6.86
Ubicacion,146,CONECTA_CON,Ubicacion,1157,8.89,16.62
Ubicacion,147,CONECTA_CON,Ubicacion,4848,9.07,19.87
Ubicacion,147,CONECTA_CON,Ubicacion,1369,5.96,9.61
Ubicacion,147,CONECTA_CON,Ubicacion,3608,8.03,17.45
Ubicacion,148,CONECTA_CON,Ubicacion,3716,0.54,0.68
Ubicacion,148,CONECTA_CON,Ubicacion,2665,8.69,9.12
Ubicacion,148,CONECTA_CON,Ubicacion,796,6.34,12.99
Ubicacion,149,CONECTA_CON,Ubicacion,2043,9.15,9.76
Ubicacion,149,CONECTA_CON,Ubicacion,2869,6.46,15.18
Ubicacion,149,CONECTA_CON,Ubicacion,4324,1.56,4.47
Ubicacion,150,CONECTA_CON,Ubicacion,4761,3.01,8.36
Ubicacion,150,CONECTA_CON,Ubicacion,1362,7.71,8.52
Ubicacion,150,CONECTA_CON,Ubicacion,3426,8.34,12.37
Ubicacion,151,CONECTA_CON,Ubicacion,1183,6.56,6.69
Ubicacion,151,CONECTA_CON,Ubicacion,1613,1.16,1.3
Ubicacion,151,CONECTA_CON,Ubicacion,1476,9.05,16.71
Ubicacion,152,CONECTA_CON,Ubicacion,4188,2.41,4.49
Ubicacion,152,CONECTA_CON,Ubicacion,3744,0.77,0.79
Ubicacion,152,CONECTA_CON,Ubicacion,792,5.67,13.97
Ubicacion,153,CONECTA_CON,Ubicacion,3098,5.66,14.14
Ubicacion,153,CONECTA_CON,Ubicacion,4195,3.44,7.62
Ubicacion,153,CONECTA_CON,Ubicacion,2315,3.3,4.53
Ubicacion,154,CONECTA_CON,Ubicacion,3082,9.71,17.41
Ubicacion,154,CONECTA_CON,Ubicacion,1305,1.76,1.91
Ubicacion,154,CONECTA_CON,Ubicacion,1116,9.57,14.21
Ubicacion,155,CONECTA_CON,Ubicacion,4907,6.05,11.62
Ubicacion,155,CONECTA_CON,Ubicacion,4711,4.27,5.16
Ubicacion,155,CONECTA_CON,Ubicacion,4264,1.2,1.26
Ubicacion,156,CONECTA_CON,Ubicacion,3713,0.72,1.15
Ubicacion,156,CONECTA_CON,Ubicacion,1565,8.52,12.16
Ubicacion,156,CONECTA_CON,Ubicacion,4494,3.23,5.88
Ubicacion,157,CONECTA_CON,Ubicacion,2823,8.53,10.43
Ubicacion,157,CONECTA_CON,Ubicacion,223,4.64,6.15
Ubicacion,157,CONECTA_CON,Ubicacion,4681,7.17,18.46
Ubicacion,158,CONECTA_CON,Ubicacion,2227,0.97,1.33
Ubicacion,158,CONECTA_CON,Ubicacion,2463,2.12,2.26
Ubicacion,158,CONECTA_CON,Ubicacion,4313,8.02,12.12
Ubicacion,159,CONECTA_CON,Ubicacion,1995,6.87,14.66
Ubicacion,159,CONECTA_CON,Ubicacion,4976,5.61,6.86
Ubicacion,159,CONECTA_CON,Ubicacion,48,4.41,7.61
Ubicacion,160,CONECTA_CON,Ubicacion,3373,6.98,9.08
Ubicacion,160,CONECTA_CON,Ubicacion,468,9.59,24.65
Ubicacion,160,CONECTA_CON,Ubicacion,203,3.46,5.84
Ubicacion,161,CONECTA_CON,Ubicacion,2796,9.34,11.75
Ubicacion,161,CONECTA_CON,Ubicacion,1073,2.09,2.23
Ubicacion,161,CONECTA_CON,Ubicacion,1715,1.05,1.48
Ubicacion,162,CONECTA_CON,Ubicacion,3155,8.81,9.6
Ubicacion,162,CONECTA_CON,Ubicacion,3662,0.61,1.14
Ubicacion,162,CONECTA_CON,Ubicacion,1267,8.06,17.32
Ubicacion,163,CONECTA_CON,Ubicacion,3947,4.1,8.57
Ubicacion,163,CONECTA_CON,Ubicacion,3419,6.18,14.65
Ubicacion,163,CONECTA_CON,Ubicacion,3712,7.53,17.65
Ubicacion,164,CONECTA_CON,Ubicacion,4591,6.87,6.93
Ubicacion,164,CONECTA_CON,Ubicacion,1003,3.48,5.26
Ubicacion,164,CONECTA_CON,Ubicacion,613,9.82,11.74
Ubicacion,165,CONECTA_CON,Ubicacion,3410,5.95,9.5
Ubicacion,165,CONECTA_CON,Ubicacion,2327,2.47,2.98
Ubicacion,165,CONECTA_CON,Ubicacion,3145,4.99,12.01
Ubicacion,166,CONECTA_CON,Ubicacion,62,6.75,8.18
Ubicacion,166,CONECTA_CON,Ubicacion,2777,9.71,11.6
Ubicacion,166,CONECTA_CON,Ubicacion,65,6.97,10.28
Ubicacion,167,CONECTA_CON,Ubicacion,200,6.05,16.69
Ubicacion,167,CONECTA_CON,Ubicacion,3934,7.28,8.65
Ubicacion,167,CONECTA_CON,Ubicacion,4123,5.55,7.58
Ubicacion,168,CONECTA_CON,Ubicacion,4246,9.51,19.56
Ubicacion,168,CONECTA_CON,Ubicacion,2812,5.6,6.16
Ubicacion,168,CONECTA_CON,Ubicacion,600,1.78,1.82
Ubicacion,169,CONECTA_CON,Ubicacion,2969,7.38,11.18
Ubicacion,169,CONECTA_CON,Ubicacion,4139,8.56,24.13
Ubicacion,169,CONECTA_CON,Ubicacion,1819,9.25,20.43
Ubicacion,170,CONECTA_CON,Ubicacion,540,2.55,4.09
Ubicacion,170,CONECTA_CON,Ubicacion,426,9.22,10.26
Ubicacion,170,CONECTA_CON,Ubicacion,2917,9.7,12.83
Ubicacion,171,CONECTA_CON,Ubicacion,3975,7.74,10.48
Ubicacion,171,CONECTA_CON,Ubicacion,4757,6.02,9.5
Ubicacion,171,CONECTA_CON,Ubicacion,2566,2.76,3.41
Ubicacion,172,CONECTA_CON,Ubicacion,3641,3.08,3.97
Ubicacion,172,CONECTA_CON,Ubicacion,2042,2.8,3.3
Ubicacion,172,CONECTA_CON,Ubicacion,3536,0.84,1.92
Ubicacion,173,CONECTA_CON,Ubicacion,239,1.89,3.1
Ubicacion,173,CONECTA_CON,Ubicacion,3330,7.33,9.8
Ubicacion,173,CONECTA_CON,Ubicacion,197,5.25,11.89
Ubicacion,174,CONECTA_CON,Ubicacion,2122,8.31,21.16
Ubicacion,174,CONECTA_CON,Ubicacion,2634,9.6,25.45
Ubicacion,174,CONECTA_CON,Ubicacion,3057,8.61,15.76
Ubicacion,175,CONECTA_CON,Ubicacion,2928,6.54,6.68
Ubicacion,175,CONECTA_CON,Ubicacion,2443,0.65,0.76
Ubicacion,175,CONECTA_CON,Ubicacion,1034,9.38,26.91
Ubicacion,176,CONECTA_CON,Ubicacion,3966,3.97,8.61
Ubicacion,176,CONECTA_CON,Ubicacion,1196,6.67,7.28
Ubicacion,176,CONECTA_CON,Ubicacion,3092,1.66,4.62
Ubicacion,177,CONECTA_CON,Ubicacion,733,0.84,0.96
Ubicacion,177,CONECTA_CON,Ubicacion,3663,9.51,23.32
Ubicacion,177,CONECTA_CON,Ubicacion,367,6.95,17.39
Ubicacion,178,CONECTA_CON,Ubicacion,2520,2.63,4.65
Ubicacion,178,CONECTA_CON,Ubicacion,602,6.91,13.73
Ubicacion,178,CONECTA_CON,Ubicacion,2981,4.51,4.64
Ubicacion,179,CONECTA_CON,Ubicacion,4684,1.14,2.39
Ubicacion,179,CONECTA_CON,Ubicacion,2529,5.73,8.8
Ubicacion,179,CONECTA_CON,Ubicacion,2710,9.83,12.29
Ubicacion,180,CONECTA_CON,Ubicacion,508,9.33,10.23
Ubicacion,180,CONECTA_CON,Ubicacion,2039,9.04,12.63
Ubicacion,180,CONECTA_CON,Ubicacion,3041,4.87,5.48
Ubicacion,181,CONECTA_CON,Ubicacion,3731,8.01,11.04
Ubicacion,181,CONECTA_CON,Ubicacion,100,4.11,4.39
Ubicacion,181,CONECTA_CON,Ubicacion,2829,8.48,16.52
Ubicacion,182,CONECTA_CON,Ubicacion,1973,4.58,6.47
Ubicacion,182,CONECTA_CON,Ubicacion,4021,4.42,5.44
Ubicacion,182,CONECTA_CON,Ubicacion,3157,2.27,2.29
Ubicacion,183,CONECTA_CON,Ubicacion,3260,6.92,14.62
Ubicacion,183,CONECTA_CON,Ubicacion,1413,9.93,13.67
Ubicacion,183,CONECTA_CON,Ubicacion,1342,2.57,3.41
Ubicacion,184,CONECTA_CON,Ubicacion,4549,6.03,7.07
Ubicacion,184,CONECTA_CON,Ubicacion,4957,4.76,4.82
Ubicacion,184,CONECTA_CON,Ubicacion,1541,4.9,7.79
Ubicacion,185,CONECTA_CON,Ubicacion,857,6.67,14.48
Ubicacion,185,CONECTA_CON,Ubicacion,1807,8.59,15.24
Ubicacion,185,CONECTA_CON,Ubicacion,2410,6.36,9.81
Ubicacion,186,CONECTA_CON,Ubicacion,3278,3.23,3.78
Ubicacion,186,CONECTA_CON,Ubicacion,3614,5.18,9.94
Ubicacion,186,CONECTA_CON,Ubicacion,4214,0.97,1.69
Ubicacion,187,CONECTA_CON,Ubicacion,1101,9.71,20.93
Ubicacion,187,CONECTA_CON,Ubicacion,4693,9.37,22.49
Ubicacion,187,CONECTA_CON,Ubicacion,1911,4.48,5.82
Ubicacion,188,CONECTA_CON,Ubicacion,4503,4.86,7.12
Ubicacion,188,CONECTA_CON,Ubicacion,4569,4.89,5.0
Ubicacion,188,CONECTA_CON,Ubicacion,1472,3.53,3.74
Ubicacion,189,CONECTA_CON,Ubicacion,1946,0.57,1.58
Ubicacion,189,CONECTA_CON,Ubicacion,4169,2.96,4.52
Ubicacion,189,CONECTA_CON,Ubicacion,2099,7.93,10.12
Ubicacion,190,CONECTA_CON,Ubicacion,2427,0.92,1.33
Ubicacion,190,CONECTA_CON,Ubicacion,1810,9.98,17.66
Ubicacion,190,CONECTA_CON,Ubicacion,2190,8.15,8.53
Ubicacion,191,CONECTA_CON,Ubicacion,707,8.34,10.9
Ubicacion,191,CONECTA_CON,Ubicacion,1822,7.04,10.74
Ubicacion,191,CONECTA_CON,Ubicacion,4832,1.83,3.55
Ubicacion,192,CONECTA_CON,Ubicacion,53,9.21,15.02
Ubicacion,192,CONECTA_CON,Ubicacion,2961,7.97,12.65
Ubicacion,192,CONECTA_CON,Ubicacion,4261,0.58,0.99
Ubicacion,193,CONECTA_CON,Ubicacion,859,1.62,2.98
Ubicacion,193,CONECTA_CON,Ubicacion,2360,3.76,3.99
Ubicacion,193,CONECTA_CON,Ubicacion,3020,5.63,7.55
Ubicacion,194,CONECTA_CON,Ubicacion,2654,6.8,12.08
Ubicacion,194,CONECTA_CON,Ubicacion,2671,1.96,3.27
Ubicacion,194,CONECTA_CON,Ubicacion,4013,6.49,7.36
Ubicacion,195,CONECTA_CON,Ubicacion,3871,8.85,21.15
Ubicacion,195,CONECTA_CON,Ubicacion,2837,9.15,9.77
Ubicacion,195,CONECTA_CON,Ubicacion,4703,3.32,5.9
Ubicacion,196,CONECTA_CON,Ubicacion,3340,8.13,9.36
Ubicacion,196,CONECTA_CON,Ubicacion,2216,1.47,1.57
Ubicacion,196,CONECTA_CON,Ubicacion,2157,6.81,7.16
Ubicacion,197,CONECTA_CON,Ubicacion,1308,7.86,18.88
Ubicacion,197,CONECTA_CON,Ubicacion,13,7.49,19.18
Ubicacion,197,CONECTA_CON,Ubicacion,4353,6.87,9.58
Ubicacion,198,CONECTA_CON,Ubicacion,2070,6.04,9.59
Ubicacion,198,CONECTA_CON,Ubicacion,187,9.76,15.37
Ubicacion,198,CONECTA_CON,Ubicacion,2343,3.65,4.39
Ubicacion,199,CONECTA_CON,Ubicacion,1921,3.2,3.28
Ubicacion,199,CONECTA_CON,Ubicacion,4566,7.8,20.36
Ubicacion,199,CONECTA_CON,Ubicacion,1138,3.73,10.74
Ubicacion,200,CONECTA_CON,Ubicacion,2242,7.42,16.88
Ubicacion,200,CONECTA_CON,Ubicacion,2264,8.93,10.84
Ubicacion,200,CONECTA_CON,Ubicacion,456,1.82,2.47
Ubicacion,201,CONECTA_CON,Ubicacion,1662,6.91,16.36
Ubicacion,201,CONECTA_CON,Ubicacion,3795,9.99,23.85
Ubicacion,201,CONECTA_CON,Ubicacion,2897,6.97,11.67
Ubicacion,202,CONECTA_CON,Ubicacion,370,7.78,14.04
Ubicacion,202,CONECTA_CON,Ubicacion,867,8.36,10.03
Ubicacion,202,CONECTA_CON,Ubicacion,2867,5.03,9.55
Ubicacion,203,CONECTA_CON,Ubicacion,1643,4.51,9.23
Ubicacion,203,CONECTA_CON,Ubicacion,1324,2.19,3.27
Ubicacion,203,CONECTA_CON,Ubicacion,4888,1.47,1.82
Ubicacion,204,CONECTA_CON,Ubicacion,3754,7.76,8.45
Ubicacion,204,CONECTA_CON,Ubicacion,2844,1.46,2.02
Ubicacion,204,CONECTA_CON,Ubicacion,4400,7.63,7.79
Ubicacion,205,CONECTA_CON,Ubicacion,4998,0.62,1.04
Ubicacion,205,CONECTA_CON,Ubicacion,3115,6.67,8.22
Ubicacion,205,CONECTA_CON,Ubicacion,1500,2.98,3.73
Ubicacion,206,CONECTA_CON,Ubicacion,3278,7.35,7.72
Ubicacion,206,CONECTA_CON,Ubicacion,162,9.05,18.83
Ubicacion,206,CONECTA_CON,Ubicacion,966,1.03,1.04
Ubicacion,207,CONECTA_CON,Ubicacion,2833,4.06,4.59
Ubicacion,207,CONECTA_CON,Ubicacion,4101,9.03,11.05
Ubicacion,207,CONECTA_CON,Ubicacion,903,9.27,25.17
Ubicacion,208,CONECTA_CON,Ubicacion,319,9.64,10.13
Ubicacion,208,CONECTA_CON,Ubicacion,4523,8.35,23.84
Ubicacion,208,CONECTA_CON,Ubicacion,1465,0.58,0.82
Ubicacion,209,CONECTA_CON,Ubicacion,1592,6.74,14.68
Ubicacion,209,CONECTA_CON,Ubicacion,2947,1.29,1.34
Ubicacion,209,CONECTA_CON,Ubicacion,2700,2.39,5.79
Ubicacion,210,CONECTA_CON,Ubicacion,4852,3.68,4.92
Ubicacion,210,CONECTA_CON,Ubicacion,3905,5.05,6.96
Ubicacion,210,CONECTA_CON,Ubicacion,4592,8.99,24.67
Ubicacion,211,CONECTA_CON,Ubicacion,1214,7.93,18.05
Ubicacion,211,CONECTA_CON,Ubicacion,2798,3.82,5.75
Ubicacion,211,CONECTA_CON,Ubicacion,3146,8.83,13.42
Ubicacion,212,CONECTA_CON,Ubicacion,3780,6.03,8.11
Ubicacion,212,CONECTA_CON,Ubicacion,4917,0.63,0.9
Ubicacion,212,CONECTA_CON,Ubicacion,2732,1.08,3.16
Ubicacion,213,CONECTA_CON,Ubicacion,757,7.16,7.69
Ubicacion,213,CONECTA_CON,Ubicacion,2471,8.61,25.29
Ubicacion,213,CONECTA_CON,Ubicacion,1564,4.12,5.16
Ubicacion,214,CONECTA_CON,Ubicacion,4292,1.46,3.08
Ubicacion,214,CONECTA_CON,Ubicacion,2347,5.98,7.55
Ubicacion,214,CONECTA_CON,Ubicacion,2989,3.36,3.61
Ubicacion,215,CONECTA_CON,Ubicacion,4953,8.16,11.82
Ubicacion,215,CONECTA_CON,Ubicacion,1607,8.4,21.17
Ubicacion,215,CONECTA_CON,Ubicacion,936,4.01,6.78
Ubicacion,216,CONECTA_CON,Ubicacion,3406,6.68,17.36
Ubicacion,216,CONECTA_CON,Ubicacion,4212,5.51,7.21
Ubicacion,216,CONECTA_CON,Ubicacion,2973,5.52,5.99
Ubicacion,217,CONECTA_CON,Ubicacion,3530,5.36,6.35
Ubicacion,217,CONECTA_CON,Ubicacion,4965,9.96,16.03
Ubicacion,217,CONECTA_CON,Ubicacion,1356,7.56,17.07
Ubicacion,218,CONECTA_CON,Ubicacion,4832,6.23,12.81
Ubicacion,218,CONECTA_CON,Ubicacion,3198,5.71,8.76
Ubicacion,218,CONECTA_CON,Ubicacion,4207,8.69,9.61
Ubicacion,219,CONECTA_CON,Ubicacion,207,9.71,26.85
Ubicacion,219,CONECTA_CON,Ubicacion,4209,4.48,4.62
Ubicacion,220,CONECTA_CON,Ubicacion,3207,5.63,8.52
Ubicacion,220,CONECTA_CON,Ubicacion,940,7.95,14.68
Ubicacion,220,CONECTA_CON,Ubicacion,2500,2.89,4.02
Ubicacion,221,CONECTA_CON,Ubicacion,2753,7.78,9.59
Ubicacion,221,CONECTA_CON,Ubicacion,4574,4.1,5.07
Ubicacion,221,CONECTA_CON,Ubicacion,3758,6.49,11.3
Ubicacion,222,CONECTA_CON,Ubicacion,2129,7.62,9.04
Ubicacion,222,CONECTA_CON,Ubicacion,1213,6.85,7.7
Ubicacion,222,CONECTA_CON,Ubicacion,3883,3.94,4.43
Ubicacion,223,CONECTA_CON,Ubicacion,2117,2.1,3.02
Ubicacion,223,CONECTA_CON,Ubicacion,848,2.19,2.22
Ubicacion,223,CONECTA_CON,Ubicacion,2076,3.71,9.72
Ubicacion,224,CONECTA_CON,Ubicacion,3789,3.92,7.6
Ubicacion,224,CONECTA_CON,Ubicacion,3976,9.31,25.13
Ubicacion,224,CONECTA_CON,Ubicacion,4267,1.35,1.59
Ubicacion,225,CONECTA_CON,Ubicacion,862,2.36,4.66
Ubicacion,225,CONECTA_CON,Ubicacion,2520,4.36,5.46
Ubicacion,225,CONECTA_CON,Ubicacion,401,6.76,7.82
Ubicacion,226,CONECTA_CON,Ubicacion,3374,2.27,3.54
Ubicacion,226,CONECTA_CON,Ubicacion,4097,3.01,3.51
Ubicacion,226,CONECTA_CON,Ubicacion,1573,6.17,11.15
Ubicacion,227,CONECTA_CON,Ubicacion,2184,5.75,6.33
Ubicacion,227,CONECTA_CON,Ubicacion,3020,1.02,1.49
Ubicacion,227,CONECTA_CON,Ubicacion,982,8.05,9.48
Ubicacion,228,CONECTA_CON,Ubicacion,3202,8.95,11.6
Ubicacion,228,CONECTA_CON,Ubicacion,3913,7.92,9.2
Ubicacion,228,CONECTA_CON,Ubicacion,4765,3.5,6.68
Ubicacion,229,CONECTA_CON,Ubicacion,2485,5.02,10.59
Ubicacion,229,CONECTA_CON,Ubicacion,1628,6.97,17.79
Ubicacion,229,CONECTA_CON,Ubicacion,152,8.68,22.59
Ubicacion,230,CONECTA_CON,Ubicacion,2557,2.0,2.06
Ubicacion,230,CONECTA_CON,Ubicacion,4133,7.28,13.51
Ubicacion,230,CONECTA_CON,Ubicacion,3374,7.23,11.36
Ubicacion,231,CONECTA_CON,Ubicacion,380,6.48,17.93
Ubicacion,231,CONECTA_CON,Ubicacion,4784,8.07,16.46
Ubicacion,231,CONECTA_CON,Ubicacion,3194,7.31,8.44
Ubicacion,232,CONECTA_CON,Ubicacion,2553,9.75,27.68
Ubicacion,232,CONECTA_CON,Ubicacion,147,3.72,10.51
Ubicacion,232,CONECTA_CON,Ubicacion,1734,9.55,10.63
Ubicacion,233,CONECTA_CON,Ubicacion,4869,8.45,17.45
Ubicacion,233,CONECTA_CON,Ubicacion,4331,9.05,18.41
Ubicacion,233,CONECTA_CON,Ubicacion,2987,6.29,7.08
Ubicacion,234,CONECTA_CON,Ubicacion,4132,8.16,22.41
Ubicacion,234,CONECTA_CON,Ubicacion,1970,5.78,8.28
Ubicacion,234,CONECTA_CON,Ubicacion,2170,8.53,12.24
Ubicacion,235,CONECTA_CON,Ubicacion,3520,5.16,5.73
Ubicacion,235,CONECTA_CON,Ubicacion,1077,5.07,12.39
Ubicacion,235,CONECTA_CON,Ubicacion,4989,3.53,7.05
Ubicacion,236,CONECTA_CON,Ubicacion,3355,1.17,3.04
Ubicacion,236,CONECTA_CON,Ubicacion,1180,5.2,12.93
Ubicacion,236,CONECTA_CON,Ubicacion,2824,5.63,14.13
Ubicacion,237,CONECTA_CON,Ubicacion,3059,5.67,6.52
Ubicacion,237,CONECTA_CON,Ubicacion,1161,5.71,6.31
Ubicacion,237,CONECTA_CON,Ubicacion,4243,6.88,8.34
Ubicacion,238,CONECTA_CON,Ubicacion,17,4.12,10.23
Ubicacion,238,CONECTA_CON,Ubicacion,3211,2.75,3.29
Ubicacion,238,CONECTA_CON,Ubicacion,4165,2.25,3.25
Ubicacion,239,CONECTA_CON,Ubicacion,4625,1.13,2.8
Ubicacion,239,CONECTA_CON,Ubicacion,488,5.96,6.25
Ubicacion,239,CONECTA_CON,Ubicacion,333,3.58,7.71
Ubicacion,240,CONECTA_CON,Ubicacion,3641,2.25,5.58
Ubicacion,240,CONECTA_CON,Ubicacion,4616,7.11,11.33
Ubicacion,240,CONECTA_CON,Ubicacion,3768,6.84,18.78
Ubicacion,241,CONECTA_CON,Ubicacion,1374,1.72,1.81
Ubicacion,241,CONECTA_CON,Ubicacion,484,9.25,9.5
Ubicacion,241,CONECTA_CON,Ubicacion,416,1.02,1.37
Ubicacion,242,CONECTA_CON,Ubicacion,475,2.33,5.86
Ubicacion,242,CONECTA_CON,Ubicacion,2737,6.86,8.5
Ubicacion,242,CONECTA_CON,Ubicacion,4056,1.2,1.77
Ubicacion,243,CONECTA_CON,Ubicacion,4893,8.98,15.42
Ubicacion,243,CONECTA_CON,Ubicacion,4071,2.02,2.73
Ubicacion,243,CONECTA_CON,Ubicacion,1333,2.49,2.54
Ubicacion,244,CONECTA_CON,Ubicacion,2684,5.65,13.26
Ubicacion,244,CONECTA_CON,Ubicacion,4762,8.86,12.74
Ubicacion,244,CONECTA_CON,Ubicacion,2798,5.48,7.13
Ubicacion,245,CONECTA_CON,Ubicacion,2566,5.13,13.83
Ubicacion,245,CONECTA_CON,Ubicacion,645,4.9,5.17
Ubicacion,245,CONECTA_CON,Ubicacion,4613,4.09,4.24
Ubicacion,246,CONECTA_CON,Ubicacion,2140,9.73,21.24
Ubicacion,246,CONECTA_CON,Ubicacion,4659,8.04,10.38
Ubicacion,246,CONECTA_CON,Ubicacion,178,7.72,8.15
Ubicacion,247,CONECTA_CON,Ubicacion,3471,6.67,13.16
Ubicacion,247,CONECTA_CON,Ubicacion,4380,2.77,5.23
Ubicacion,247,CONECTA_CON,Ubicacion,3885,4.15,4.45
Ubicacion,248,CONECTA_CON,Ubicacion,4251,1.18,1.3
Ubicacion,248,CONECTA_CON,Ubicacion,795,5.36,13.85
Ubicacion,248,CONECTA_CON,Ubicacion,4341,2.66,3.19
Ubicacion,249,CONECTA_CON,Ubicacion,4532,1.04,1.28
Ubicacion,249,CONECTA_CON,Ubicacion,3216,9.09,22.94
Ubicacion,249,CONECTA_CON,Ubicacion,3307,2.09,2.13
Ubicacion,250,CONECTA_CON,Ubicacion,1861,1.54,1.88
Ubicacion,250,CONECTA_CON,Ubicacion,838,8.4,11.16
Ubicacion,250,CONECTA_CON,Ubicacion,1583,8.65,10.43
Ubicacion,251,CONECTA_CON,Ubicacion,1332,8.85,9.85
Ubicacion,251,CONECTA_CON,Ubicacion,1234,0.84,0.99
Ubicacion,251,CONECTA_CON,Ubicacion,1055,7.69,9.16
Ubicacion,252,CONECTA_CON,Ubicacion,3322,6.92,16.57
Ubicacion,252,CONECTA_CON,Ubicacion,3989,2.02,2.35
Ubicacion,252,CONECTA_CON,Ubicacion,1605,2.8,3.65
Ubicacion,253,CONECTA_CON,Ubicacion,96,7.05,11.09
Ubicacion,253,CONECTA_CON,Ubicacion,2888,4.36,5.84
Ubicacion,253,CONECTA_CON,Ubicacion,2399,4.4,8.89
Ubicacion,254,CONECTA_CON,Ubicacion,2410,4.13,9.6
Ubicacion,254,CONECTA_CON,Ubicacion,4029,9.28,13.22
Ubicacion,254,CONECTA_CON,Ubicacion,700,8.26,13.71
Ubicacion,255,CONECTA_CON,Ubicacion,801,8.92,19.84
Ubicacion,255,CONECTA_CON,Ubicacion,3410,4.91,4.95
Ubicacion,255,CONECTA_CON,Ubicacion,4959,3.62,4.2
Ubicacion,256,CONECTA_CON,Ubicacion,4528,8.38,23.44
Ubicacion,256,CONECTA_CON,Ubicacion,2601,3.11,4.16
Ubicacion,256,CONECTA_CON,Ubicacion,2337,6.12,10.43
Ubicacion,257,CONECTA_CON,Ubicacion,3132,7.29,14.65
Ubicacion,257,CONECTA_CON,Ubicacion,4700,8.17,13.45
Ubicacion,257,CONECTA_CON,Ubicacion,88,6.09,10.85
Ubicacion,258,CONECTA_CON,Ubicacion,3557,2.49,3.97
Ubicacion,258,CONECTA_CON,Ubicacion,2058,6.33,8.32
Ubicacion,258,CONECTA_CON,Ubicacion,716,7.23,8.27
Ubicacion,259,CONECTA_CON,Ubicacion,1630,9.73,23.77
Ubicacion,259,CONECTA_CON,Ubicacion,2771,2.08,5.91
Ubicacion,259,CONECTA_CON,Ubicacion,3332,1.78,2.26
Ubicacion,260,CONECTA_CON,Ubicacion,3287,4.72,6.95
Ubicacion,260,CONECTA_CON,Ubicacion,3487,2.98,4.23
Ubicacion,260,CONECTA_CON,Ubicacion,4496,2.2,5.37
Ubicacion,261,CONECTA_CON,Ubicacion,1060,0.89,1.08
Ubicacion,261,CONECTA_CON,Ubicacion,3683,0.98,2.87
Ubicacion,261,CONECTA_CON,Ubicacion,4187,6.2,10.06
Ubicacion,262,CONECTA_CON,Ubicacion,393,8.19,13.47
Ubicacion,262,CONECTA_CON,Ubicacion,4312,1.93,5.2
Ubicacion,262,CONECTA_CON,Ubicacion,4879,1.52,2.02
Ubicacion,263,CONECTA_CON,Ubicacion,4160,3.67,4.16
Ubicacion,263,CONECTA_CON,Ubicacion,4170,5.86,7.28
Ubicacion,263,CONECTA_CON,Ubicacion,20,7.96,7.99
Ubicacion,264,CONECTA_CON,Ubicacion,1758,5.8,6.72
Ubicacion,264,CONECTA_CON,Ubicacion,1674,9.78,12.83
Ubicacion,264,CONECTA_CON,Ubicacion,4752,7.53,14.64
Ubicacion,265,CONECTA_CON,Ubicacion,1249,9.65,9.89
Ubicacion,265,CONECTA_CON,Ubicacion,1170,0.9,2.23
Ubicacion,265,CONECTA_CON,Ubicacion,1365,9.11,13.24
Ubicacion,266,CONECTA_CON,Ubicacion,939,2.06,2.54
Ubicacion,266,CONECTA_CON,Ubicacion,3281,7.26,15.52
Ubicacion,266,CONECTA_CON,Ubicacion,3454,1.35,1.42
Ubicacion,267,CONECTA_CON,Ubicacion,3743,3.52,4.04
Ubicacion,267,CONECTA_CON,Ubicacion,2128,0.61,0.82
Ubicacion,267,CONECTA_CON,Ubicacion,3864,2.25,2.62
Ubicacion,268,CONECTA_CON,Ubicacion,2240,9.75,9.92
Ubicacion,268,CONECTA_CON,Ubicacion,3105,2.2,5.12
Ubicacion,268,CONECTA_CON,Ubicacion,4321,9.52,16.72
Ubicacion,269,CONECTA_CON,Ubicacion,3470,4.74,5.89
Ubicacion,269,CONECTA_CON,Ubicacion,251,8.28,10.16
Ubicacion,269,CONECTA_CON,Ubicacion,3963,1.05,1.84
Ubicacion,270,CONECTA_CON,Ubicacion,2024,0.65,1.09
Ubicacion,270,CONECTA_CON,Ubicacion,3369,0.65,1.89
Ubicacion,270,CONECTA_CON,Ubicacion,2269,1.45,3.39
Ubicacion,271,CONECTA_CON,Ubicacion,163,1.4,3.1
Ubicacion,271,CONECTA_CON,Ubicacion,554,7.99,9.51
Ubicacion,271,CONECTA_CON,Ubicacion,3418,2.89,4.08
Ubicacion,272,CONECTA_CON,Ubicacion,2085,8.17,18.83
Ubicacion,272,CONECTA_CON,Ubicacion,857,8.39,14.97
Ubicacion,272,CONECTA_CON,Ubicacion,148,9.81,27.9
Ubicacion,273,CONECTA_CON,Ubicacion,4918,3.63,9.03
Ubicacion,273,CONECTA_CON,Ubicacion,3246,2.47,6.79
Ubicacion,273,CONECTA_CON,Ubicacion,327,9.31,19.67
Ubicacion,274,CONECTA_CON,Ubicacion,1431,1.46,3.61
Ubicacion,274,CONECTA_CON,Ubicacion,3945,9.43,21.43
Ubicacion,274,CONECTA_CON,Ubicacion,2354,7.51,7.81
Ubicacion,275,CONECTA_CON,Ubicacion,4145,9.83,21.7
Ubicacion,275,CONECTA_CON,Ubicacion,871,1.08,1.61
Ubicacion,275,CONECTA_CON,Ubicacion,4325,1.54,2.33
Ubicacion,276,CONECTA_CON,Ubicacion,1185,8.43,19.85
Ubicacion,276,CONECTA_CON,Ubicacion,3319,7.32,8.36
Ubicacion,276,CONECTA_CON,Ubicacion,595,5.02,5.67
Ubicacion,277,CONECTA_CON,Ubicacion,2063,9.02,19.27
Ubicacion,277,CONECTA_CON,Ubicacion,4321,0.67,1.03
Ubicacion,277,CONECTA_CON,Ubicacion,757,6.69,10.32
Ubicacion,278,CONECTA_CON,Ubicacion,2111,1.32,1.65
Ubicacion,278,CONECTA_CON,Ubicacion,4113,4.35,7.83
Ubicacion,278,CONECTA_CON,Ubicacion,1728,2.46,5.79
Ubicacion,279,CONECTA_CON,Ubicacion,2262,2.18,4.59
Ubicacion,279,CONECTA_CON,Ubicacion,2355,2.99,3.15
Ubicacion,279,CONECTA_CON,Ubicacion,417,3.87,11.31
Ubicacion,280,CONECTA_CON,Ubicacion,4635,5.55,6.39
Ubicacion,280,CONECTA_CON,Ubicacion,2042,5.58,8.81
Ubicacion,280,CONECTA_CON,Ubicacion,313,3.29,3.78
Ubicacion,281,CONECTA_CON,Ubicacion,129,7.28,12.43
Ubicacion,281,CONECTA_CON,Ubicacion,995,4.36,9.36
Ubicacion,281,CONECTA_CON,Ubicacion,4310,0.57,0.85
Ubicacion,282,CONECTA_CON,Ubicacion,2711,1.42,2.81
Ubicacion,282,CONECTA_CON,Ubicacion,4670,3.0,5.07
Ubicacion,282,CONECTA_CON,Ubicacion,3013,1.48,2.86
Ubicacion,283,CONECTA_CON,Ubicacion,3286,8.68,13.98
Ubicacion,283,CONECTA_CON,Ubicacion,3532,1.38,1.9
Ubicacion,283,CONECTA_CON,Ubicacion,1971,7.79,16.7
Ubicacion,284,CONECTA_CON,Ubicacion,4976,8.24,16.25
Ubicacion,284,CONECTA_CON,Ubicacion,4113,4.72,5.52
Ubicacion,284,CONECTA_CON,Ubicacion,4128,6.44,8.52
Ubicacion,285,CONECTA_CON,Ubicacion,546,3.38,3.46
Ubicacion,285,CONECTA_CON,Ubicacion,1661,2.32,6.12
Ubicacion,285,CONECTA_CON,Ubicacion,1940,4.01,5.98
Ubicacion,286,CONECTA_CON,Ubicacion,2930,4.86,7.1
Ubicacion,286,CONECTA_CON,Ubicacion,3242,8.22,9.3
Ubicacion,286,CONECTA_CON,Ubicacion,4626,6.62,6.94
Ubicacion,287,CONECTA_CON,Ubicacion,4906,3.59,3.63
Ubicacion,287,CONECTA_CON,Ubicacion,3108,9.0,13.4
Ubicacion,287,CONECTA_CON,Ubicacion,951,3.13,4.06
Ubicacion,288,CONECTA_CON,Ubicacion,3592,4.8,6.92
Ubicacion,288,CONECTA_CON,Ubicacion,838,7.36,9.46
Ubicacion,288,CONECTA_CON,Ubicacion,3582,7.23,7.96
Ubicacion,289,CONECTA_CON,Ubicacion,958,1.84,1.98
Ubicacion,289,CONECTA_CON,Ubicacion,2733,5.62,16.73
Ubicacion,289,CONECTA_CON,Ubicacion,727,3.98,4.33
Ubicacion,290,CONECTA_CON,Ubicacion,2624,6.6,14.19
Ubicacion,290,CONECTA_CON,Ubicacion,3136,0.79,1.11
Ubicacion,290,CONECTA_CON,Ubicacion,2979,7.95,11.89
Ubicacion,291,CONECTA_CON,Ubicacion,224,3.44,8.15
Ubicacion,291,CONECTA_CON,Ubicacion,2078,3.89,8.97
Ubicacion,291,CONECTA_CON,Ubicacion,2686,6.58,6.71
Ubicacion,292,CONECTA_CON,Ubicacion,523,5.85,6.03
Ubicacion,292,CONECTA_CON,Ubicacion,2591,6.51,7.05
Ubicacion,292,CONECTA_CON,Ubicacion,494,2.18,2.47
Ubicacion,293,CONECTA_CON,Ubicacion,1542,5.52,7.85
Ubicacion,293,CONECTA_CON,Ubicacion,884,2.95,4.67
Ubicacion,293,CONECTA_CON,Ubicacion,2095,4.62,10.97
Ubicacion,294,CONECTA_CON,Ubicacion,2845,3.51,8.4
Ubicacion,294,CONECTA_CON,Ubicacion,4600,4.54,6.96
Ubicacion,294,CONECTA_CON,Ubicacion,2618,8.82,21.52
Ubicacion,295,CONECTA_CON,Ubicacion,2013,8.83,24.41
Ubicacion,295,CONECTA_CON,Ubicacion,3725,0.75,1.69
Ubicacion,295,CONECTA_CON,Ubicacion,2869,5.25,9.44
Ubicacion,296,CONECTA_CON,Ubicacion,1002,3.25,3.62
Ubicacion,296,CONECTA_CON,Ubicacion,1801,6.71,8.71
Ubicacion,296,CONECTA_CON,Ubicacion,4905,6.88,9.37
Ubicacion,297,CONECTA_CON,Ubicacion,3997,8.49,11.03
Ubicacion,297,CONECTA_CON,Ubicacion,2114,0.56,0.95
Ubicacion,297,CONECTA_CON,Ubicacion,3390,6.83,11.59
Ubicacion,298,CONECTA_CON,Ubicacion,2868,9.4,17.16
Ubicacion,298,CONECTA_CON,Ubicacion,4466,4.71,5.76
Ubicacion,298,CONECTA_CON,Ubicacion,1780,4.97,5.8
Ubicacion,299,CONECTA_CON,Ubicacion,2235,4.69,9.89
Ubicacion,299,CONECTA_CON,Ubicacion,3379,5.85,7.9
Ubicacion,299,CONECTA_CON,Ubicacion,4829,9.33,12.92
Ubicacion,300,CONECTA_CON,Ubicacion,1734,1.41,2.07
Ubicacion,300,CONECTA_CON,Ubicacion,4904,2.9,6.63
Ubicacion,300,CONECTA_CON,Ubicacion,2397,3.67,10.78
Ubicacion,301,CONECTA_CON,Ubicacion,1018,5.61,9.86
Ubicacion,301,CONECTA_CON,Ubicacion,2958,3.21,8.23
Ubicacion,301,CONECTA_CON,Ubicacion,2202,6.31,8.48
Ubicacion,302,CONECTA_CON,Ubicacion,1895,3.36,7.32
Ubicacion,302,CONECTA_CON,Ubicacion,2188,2.97,7.87
Ubicacion,302,CONECTA_CON,Ubicacion,1537,3.1,4.05
Ubicacion,303,CONECTA_CON,Ubicacion,2571,1.57,1.76
Ubicacion,303,CONECTA_CON,Ubicacion,3093,5.81,6.54
Ubicacion,303,CONECTA_CON,Ubicacion,3568,1.84,2.83
Ubicacion,304,CONECTA_CON,Ubicacion,166,1.7,2.14
Ubicacion,304,CONECTA_CON,Ubicacion,2100,5.92,8.47
Ubicacion,304,CONECTA_CON,Ubicacion,3560,8.27,18.85
Ubicacion,305,CONECTA_CON,Ubicacion,3829,9.43,15.36
Ubicacion,305,CONECTA_CON,Ubicacion,1253,7.38,10.72
Ubicacion,305,CONECTA_CON,Ubicacion,3238,6.22,11.82
Ubicacion,306,CONECTA_CON,Ubicacion,3483,5.85,6.07
Ubicacion,306,CONECTA_CON,Ubicacion,2181,8.82,12.14
Ubicacion,306,CONECTA_CON,Ubicacion,2049,5.9,7.55
Ubicacion,307,CONECTA_CON,Ubicacion,2961,6.44,8.6
Ubicacion,307,CONECTA_CON,Ubicacion,4477,9.71,17.28
Ubicacion,307,CONECTA_CON,Ubicacion,73,6.8,9.8
Ubicacion,308,CONECTA_CON,Ubicacion,3665,2.17,5.26
Ubicacion,308,CONECTA_CON,Ubicacion,1420,5.97,17.34
Ubicacion,308,CONECTA_CON,Ubicacion,365,7.88,11.85
Ubicacion,309,CONECTA_CON,Ubicacion,2964,1.84,2.09
Ubicacion,309,CONECTA_CON,Ubicacion,4034,8.7,9.42
Ubicacion,309,CONECTA_CON,Ubicacion,143,5.22,5.89
Ubicacion,310,CONECTA_CON,Ubicacion,2513,4.2,4.79
Ubicacion,310,CONECTA_CON,Ubicacion,3866,5.8,10.51
Ubicacion,310,CONECTA_CON,Ubicacion,41,8.95,9.61
Ubicacion,311,CONECTA_CON,Ubicacion,1493,9.63,22.96
Ubicacion,311,CONECTA_CON,Ubicacion,281,3.55,3.93
Ubicacion,311,CONECTA_CON,Ubicacion,2754,8.26,13.58
Ubicacion,312,CONECTA_CON,Ubicacion,4573,6.72,8.47
Ubicacion,312,CONECTA_CON,Ubicacion,3812,7.57,9.04
Ubicacion,312,CONECTA_CON,Ubicacion,34,6.17,6.66
Ubicacion,313,CONECTA_CON,Ubicacion,182,4.19,8.38
Ubicacion,313,CONECTA_CON,Ubicacion,4948,2.96,3.23
Ubicacion,313,CONECTA_CON,Ubicacion,1158,0.98,2.32
Ubicacion,314,CONECTA_CON,Ubicacion,3537,8.49,9.26
Ubicacion,314,CONECTA_CON,Ubicacion,1320,5.54,6.84
Ubicacion,314,CONECTA_CON,Ubicacion,2499,8.0,17.97
Ubicacion,315,CONECTA_CON,Ubicacion,1459,9.66,23.14
Ubicacion,315,CONECTA_CON,Ubicacion,89,0.73,0.76
Ubicacion,315,CONECTA_CON,Ubicacion,802,1.55,1.56
Ubicacion,316,CONECTA_CON,Ubicacion,4707,8.09,10.18
Ubicacion,316,CONECTA_CON,Ubicacion,2103,2.3,4.38
Ubicacion,316,CONECTA_CON,Ubicacion,3335,0.86,1.64
Ubicacion,317,CONECTA_CON,Ubicacion,1808,5.9,6.29
Ubicacion,317,CONECTA_CON,Ubicacion,1710,7.47,12.05
Ubicacion,317,CONECTA_CON,Ubicacion,2079,7.65,11.42
Ubicacion,318,CONECTA_CON,Ubicacion,1029,3.16,3.32
Ubicacion,318,CONECTA_CON,Ubicacion,3121,3.88,4.18
Ubicacion,318,CONECTA_CON,Ubicacion,3226,1.08,1.46
Ubicacion,319,CONECTA_CON,Ubicacion,1189,1.61,2.78
Ubicacion,319,CONECTA_CON,Ubicacion,4795,7.05,8.6
Ubicacion,319,CONECTA_CON,Ubicacion,746,1.86,3.03
Ubicacion,320,CONECTA_CON,Ubicacion,4056,8.6,20.86
Ubicacion,320,CONECTA_CON,Ubicacion,635,8.98,10.92
Ubicacion,320,CONECTA_CON,Ubicacion,4547,2.29,4.04
Ubicacion,321,CONECTA_CON,Ubicacion,622,2.23,3.05
Ubicacion,321,CONECTA_CON,Ubicacion,99,4.79,7.91
Ubicacion,321,CONECTA_CON,Ubicacion,2647,5.94,13.38
Ubicacion,322,CONECTA_CON,Ubicacion,419,3.47,3.54
Ubicacion,322,CONECTA_CON,Ubicacion,1815,5.12,5.78
Ubicacion,322,CONECTA_CON,Ubicacion,4440,4.08,10.0
Ubicacion,323,CONECTA_CON,Ubicacion,675,3.31,5.93
Ubicacion,323,CONECTA_CON,Ubicacion,1170,3.75,9.13
Ubicacion,323,CONECTA_CON,Ubicacion,2345,3.23,5.06
Ubicacion,324,CONECTA_CON,Ubicacion,111,7.37,16.32
Ubicacion,324,CONECTA_CON,Ubicacion,3750,7.2,11.55
Ubicacion,324,CONECTA_CON,Ubicacion,743,1.38,3.78
Ubicacion,325,CONECTA_CON,Ubicacion,3841,3.84,4.1
Ubicacion,325,CONECTA_CON,Ubicacion,4842,8.02,23.46
Ubicacion,325,CONECTA_CON,Ubicacion,1203,5.87,6.66
Ubicacion,326,CONECTA_CON,Ubicacion,1728,7.13,8.52
Ubicacion,326,CONECTA_CON,Ubicacion,3101,1.12,2.41
Ubicacion,326,CONECTA_CON,Ubicacion,1513,1.47,1.51
Ubicacion,327,CONECTA_CON,Ubicacion,4975,6.83,17.61
Ubicacion,327,CONECTA_CON,Ubicacion,207,1.62,2.65
Ubicacion,327,CONECTA_CON,Ubicacion,573,9.96,14.86
Ubicacion,328,CONECTA_CON,Ubicacion,4731,8.35,17.66
Ubicacion,328,CONECTA_CON,Ubicacion,3814,6.01,7.47
Ubicacion,328,CONECTA_CON,Ubicacion,4336,7.3,14.08
Ubicacion,329,CONECTA_CON,Ubicacion,964,7.26,8.99
Ubicacion,329,CONECTA_CON,Ubicacion,123,4.58,11.16
Ubicacion,329,CONECTA_CON,Ubicacion,4225,9.57,20.84
Ubicacion,330,CONECTA_CON,Ubicacion,2283,3.01,5.03
Ubicacion,330,CONECTA_CON,Ubicacion,4748,9.11,12.47
Ubicacion,330,CONECTA_CON,Ubicacion,2734,1.01,1.39
Ubicacion,331,CONECTA_CON,Ubicacion,4061,9.06,14.95
Ubicacion,331,CONECTA_CON,Ubicacion,155,7.52,11.62
Ubicacion,331,CONECTA_CON,Ubicacion,4142,7.51,12.47
Ubicacion,332,CONECTA_CON,Ubicacion,4234,3.72,8.17
Ubicacion,332,CONECTA_CON,Ubicacion,2615,1.3,2.16
Ubicacion,332,CONECTA_CON,Ubicacion,2841,4.56,11.2
Ubicacion,333,CONECTA_CON,Ubicacion,4896,1.82,5.39
Ubicacion,333,CONECTA_CON,Ubicacion,2976,8.59,13.3
Ubicacion,333,CONECTA_CON,Ubicacion,1698,7.46,10.26
Ubicacion,334,CONECTA_CON,Ubicacion,4910,2.23,2.6
Ubicacion,334,CONECTA_CON,Ubicacion,4583,9.02,13.35
Ubicacion,334,CONECTA_CON,Ubicacion,898,9.24,9.95
Ubicacion,335,CONECTA_CON,Ubicacion,3496,4.5,6.01
Ubicacion,335,CONECTA_CON,Ubicacion,2772,6.4,10.03
Ubicacion,335,CONECTA_CON,Ubicacion,944,4.15,6.03
Ubicacion,336,CONECTA_CON,Ubicacion,762,6.11,15.25
Ubicacion,336,CONECTA_CON,Ubicacion,3087,1.5,2.88
Ubicacion,336,CONECTA_CON,Ubicacion,3259,1.31,1.46
Ubicacion,337,CONECTA_CON,Ubicacion,3984,1.42,2.47
Ubicacion,337,CONECTA_CON,Ubicacion,4961,3.78,3.88
Ubicacion,337,CONECTA_CON,Ubicacion,3883,4.28,10.57
Ubicacion,338,CONECTA_CON,Ubicacion,3403,2.89,4.93
Ubicacion,338,CONECTA_CON,Ubicacion,1105,2.49,3.14
Ubicacion,338,CONECTA_CON,Ubicacion,2234,7.36,8.05
Ubicacion,339,CONECTA_CON,Ubicacion,3845,5.13,9.91
Ubicacion,339,CONECTA_CON,Ubicacion,1283,3.15,5.41
Ubicacion,339,CONECTA_CON,Ubicacion,3581,7.92,8.84
Ubicacion,340,CONECTA_CON,Ubicacion,978,1.28,2.96
Ubicacion,340,CONECTA_CON,Ubicacion,3838,7.18,8.72
Ubicacion,340,CONECTA_CON,Ubicacion,1175,4.66,10.19
Ubicacion,341,CONECTA_CON,Ubicacion,4373,9.13,10.36
Ubicacion,341,CONECTA_CON,Ubicacion,3180,7.58,10.11
Ubicacion,341,CONECTA_CON,Ubicacion,2181,0.5,0.8
Ubicacion,342,CONECTA_CON,Ubicacion,4656,4.25,7.18
Ubicacion,342,CONECTA_CON,Ubicacion,1594,2.36,3.27
Ubicacion,342,CONECTA_CON,Ubicacion,2972,7.53,8.72
Ubicacion,343,CONECTA_CON,Ubicacion,4644,7.28,11.04
Ubicacion,343,CONECTA_CON,Ubicacion,4617,6.37,7.52
Ubicacion,343,CONECTA_CON,Ubicacion,1124,6.16,14.2
Ubicacion,344,CONECTA_CON,Ubicacion,3558,1.53,3.82
Ubicacion,344,CONECTA_CON,Ubicacion,4651,7.61,11.42
Ubicacion,344,CONECTA_CON,Ubicacion,4607,7.51,11.65
Ubicacion,345,CONECTA_CON,Ubicacion,3037,5.57,7.09
Ubicacion,345,CONECTA_CON,Ubicacion,4321,1.75,2.88
Ubicacion,345,CONECTA_CON,Ubicacion,170,7.38,13.04
Ubicacion,346,CONECTA_CON,Ubicacion,306,0.58,1.24
Ubicacion,346,CONECTA_CON,Ubicacion,1390,8.55,10.28
Ubicacion,346,CONECTA_CON,Ubicacion,1214,9.77,19.83
Ubicacion,347,CONECTA_CON,Ubicacion,234,4.81,9.5
Ubicacion,347,CONECTA_CON,Ubicacion,1073,8.57,9.46
Ubicacion,347,CONECTA_CON,Ubicacion,4040,1.88,2.22
Ubicacion,348,CONECTA_CON,Ubicacion,4581,4.44,7.81
Ubicacion,348,CONECTA_CON,Ubicacion,3480,1.55,3.46
Ubicacion,348,CONECTA_CON,Ubicacion,983,4.41,11.88
Ubicacion,349,CONECTA_CON,Ubicacion,2711,9.83,11.56
Ubicacion,349,CONECTA_CON,Ubicacion,348,7.96,21.74
Ubicacion,349,CONECTA_CON,Ubicacion,2975,5.54,7.2
Ubicacion,350,CONECTA_CON,Ubicacion,3549,5.75,6.05
Ubicacion,350,CONECTA_CON,Ubicacion,3765,5.51,7.14
Ubicacion,350,CONECTA_CON,Ubicacion,4607,6.11,7.11
Ubicacion,351,CONECTA_CON,Ubicacion,2401,9.48,14.49
Ubicacion,351,CONECTA_CON,Ubicacion,3887,2.73,5.59
Ubicacion,351,CONECTA_CON,Ubicacion,3578,6.41,12.17
Ubicacion,352,CONECTA_CON,Ubicacion,1368,7.16,8.3
Ubicacion,352,CONECTA_CON,Ubicacion,2783,9.03,10.13
Ubicacion,352,CONECTA_CON,Ubicacion,4910,4.15,5.17
Ubicacion,353,CONECTA_CON,Ubicacion,2915,1.07,1.7
Ubicacion,353,CONECTA_CON,Ubicacion,1869,9.27,18.11
Ubicacion,353,CONECTA_CON,Ubicacion,1026,9.57,9.92
Ubicacion,354,CONECTA_CON,Ubicacion,1673,6.01,10.97
Ubicacion,354,CONECTA_CON,Ubicacion,368,4.48,5.64
Ubicacion,354,CONECTA_CON,Ubicacion,244,9.78,14.34
Ubicacion,355,CONECTA_CON,Ubicacion,3856,1.15,1.88
Ubicacion,355,CONECTA_CON,Ubicacion,4179,7.5,19.02
Ubicacion,355,CONECTA_CON,Ubicacion,3256,1.98,2.93
Ubicacion,356,CONECTA_CON,Ubicacion,584,5.56,6.59
Ubicacion,356,CONECTA_CON,Ubicacion,2820,9.0,21.53
Ubicacion,356,CONECTA_CON,Ubicacion,4398,3.48,5.3
Ubicacion,357,CONECTA_CON,Ubicacion,2317,1.28,2.34
Ubicacion,357,CONECTA_CON,Ubicacion,411,7.89,10.25
Ubicacion,357,CONECTA_CON,Ubicacion,2597,8.63,13.43
Ubicacion,358,CONECTA_CON,Ubicacion,2356,2.7,5.06
Ubicacion,358,CONECTA_CON,Ubicacion,2982,6.81,14.26
Ubicacion,358,CONECTA_CON,Ubicacion,2800,4.38,9.87
Ubicacion,359,CONECTA_CON,Ubicacion,2384,0.64,0.71
Ubicacion,359,CONECTA_CON,Ubicacion,62,1.37,1.68
Ubicacion,359,CONECTA_CON,Ubicacion,4193,4.67,6.7
Ubicacion,360,CONECTA_CON,Ubicacion,3691,6.56,12.87
Ubicacion,360,CONECTA_CON,Ubicacion,3013,5.86,6.67
Ubicacion,360,CONECTA_CON,Ubicacion,673,1.29,1.35
Ubicacion,361,CONECTA_CON,Ubicacion,3362,4.16,6.39
Ubicacion,361,CONECTA_CON,Ubicacion,703,6.89,8.35
Ubicacion,361,CONECTA_CON,Ubicacion,3675,6.22,10.52
Ubicacion,362,CONECTA_CON,Ubicacion,3208,8.45,9.77
Ubicacion,362,CONECTA_CON,Ubicacion,2216,7.64,17.2
Ubicacion,362,CONECTA_CON,Ubicacion,2499,5.95,6.77
Ubicacion,363,CONECTA_CON,Ubicacion,3145,8.25,15.05
Ubicacion,363,CONECTA_CON,Ubicacion,1896,9.23,15.52
Ubicacion,363,CONECTA_CON,Ubicacion,3320,7.33,12.62
Ubicacion,364,CONECTA_CON,Ubicacion,1150,2.05,2.58
Ubicacion,364,CONECTA_CON,Ubicacion,3225,1.24,1.25
Ubicacion,364,CONECTA_CON,Ubicacion,3553,4.04,5.76
Ubicacion,365,CONECTA_CON,Ubicacion,3486,1.27,2.34
Ubicacion,365,CONECTA_CON,Ubicacion,3982,6.92,8.64
Ubicacion,365,CONECTA_CON,Ubicacion,131,7.9,10.0
Ubicacion,366,CONECTA_CON,Ubicacion,4232,0.74,2.02
Ubicacion,366,CONECTA_CON,Ubicacion,2618,4.44,8.78
Ubicacion,366,CONECTA_CON,Ubicacion,147,5.83,10.34
Ubicacion,367,CONECTA_CON,Ubicacion,2805,0.88,1.15
Ubicacion,367,CONECTA_CON,Ubicacion,4592,1.42,1.6
Ubicacion,367,CONECTA_CON,Ubicacion,3129,3.01,4.74
Ubicacion,368,CONECTA_CON,Ubicacion,3285,8.73,20.63
Ubicacion,368,CONECTA_CON,Ubicacion,2508,8.81,15.57
Ubicacion,368,CONECTA_CON,Ubicacion,3246,4.22,4.74
Ubicacion,369,CONECTA_CON,Ubicacion,586,4.21,7.56
Ubicacion,369,CONECTA_CON,Ubicacion,3564,9.58,13.11
Ubicacion,369,CONECTA_CON,Ubicacion,1673,3.36,6.23
Ubicacion,370,CONECTA_CON,Ubicacion,940,3.52,4.3
Ubicacion,370,CONECTA_CON,Ubicacion,309,3.27,3.7
Ubicacion,370,CONECTA_CON,Ubicacion,3913,6.14,8.36
Ubicacion,371,CONECTA_CON,Ubicacion,4161,1.09,2.17
Ubicacion,371,CONECTA_CON,Ubicacion,4681,5.04,5.57
Ubicacion,371,CONECTA_CON,Ubicacion,4675,7.69,7.86
Ubicacion,372,CONECTA_CON,Ubicacion,4228,6.52,8.88
Ubicacion,372,CONECTA_CON,Ubicacion,3289,2.22,3.97
Ubicacion,372,CONECTA_CON,Ubicacion,1777,1.17,1.64
Ubicacion,373,CONECTA_CON,Ubicacion,3866,4.99,5.99
Ubicacion,373,CONECTA_CON,Ubicacion,1286,2.61,3.61
Ubicacion,373,CONECTA_CON,Ubicacion,3852,4.15,11.65
Ubicacion,374,CONECTA_CON,Ubicacion,4649,3.76,10.62
Ubicacion,374,CONECTA_CON,Ubicacion,2673,4.45,5.2
Ubicacion,374,CONECTA_CON,Ubicacion,4339,5.01,11.77
Ubicacion,375,CONECTA_CON,Ubicacion,936,5.69,14.56
Ubicacion,375,CONECTA_CON,Ubicacion,2542,8.22,12.09
Ubicacion,375,CONECTA_CON,Ubicacion,76,5.01,5.97
Ubicacion,376,CONECTA_CON,Ubicacion,4654,9.83,23.35
Ubicacion,376,CONECTA_CON,Ubicacion,3786,7.29,7.5
Ubicacion,376,CONECTA_CON,Ubicacion,3781,7.8,12.75
Ubicacion,377,CONECTA_CON,Ubicacion,2278,0.67,0.71
Ubicacion,377,CONECTA_CON,Ubicacion,3316,7.15,9.67
Ubicacion,377,CONECTA_CON,Ubicacion,975,7.39,13.53
Ubicacion,378,CONECTA_CON,Ubicacion,544,1.2,1.29
Ubicacion,378,CONECTA_CON,Ubicacion,4056,4.45,10.97
Ubicacion,378,CONECTA_CON,Ubicacion,27,2.62,4.09
Ubicacion,379,CONECTA_CON,Ubicacion,1216,0.6,0.95
Ubicacion,379,CONECTA_CON,Ubicacion,32,4.33,9.98
Ubicacion,379,CONECTA_CON,Ubicacion,3455,5.12,10.24
Ubicacion,380,CONECTA_CON,Ubicacion,115,3.23,4.49
Ubicacion,380,CONECTA_CON,Ubicacion,3038,4.24,9.45
Ubicacion,380,CONECTA_CON,Ubicacion,3228,2.06,2.14
Ubicacion,381,CONECTA_CON,Ubicacion,4548,9.7,15.38
Ubicacion,381,CONECTA_CON,Ubicacion,2134,4.71,11.26
Ubicacion,381,CONECTA_CON,Ubicacion,1218,3.33,3.57
Ubicacion,382,CONECTA_CON,Ubicacion,4411,6.75,11.35
Ubicacion,382,CONECTA_CON,Ubicacion,4436,1.93,2.4
Ubicacion,382,CONECTA_CON,Ubicacion,3404,7.29,9.96
Ubicacion,383,CONECTA_CON,Ubicacion,3719,3.23,3.49
Ubicacion,383,CONECTA_CON,Ubicacion,4839,4.42,13.14
Ubicacion,383,CONECTA_CON,Ubicacion,1029,2.09,3.1
Ubicacion,384,CONECTA_CON,Ubicacion,4775,7.61,10.76
Ubicacion,384,CONECTA_CON,Ubicacion,1144,5.45,7.39
Ubicacion,384,CONECTA_CON,Ubicacion,2038,4.9,5.38
Ubicacion,385,CONECTA_CON,Ubicacion,1849,6.0,6.99
Ubicacion,385,CONECTA_CON,Ubicacion,2722,2.68,5.75
Ubicacion,385,CONECTA_CON,Ubicacion,1404,6.36,10.55
Ubicacion,386,CONECTA_CON,Ubicacion,4002,6.67,11.06
Ubicacion,386,CONECTA_CON,Ubicacion,1020,2.8,3.69
Ubicacion,386,CONECTA_CON,Ubicacion,1635,2.45,2.84
Ubicacion,387,CONECTA_CON,Ubicacion,1035,8.82,10.18
Ubicacion,387,CONECTA_CON,Ubicacion,1541,4.35,7.87
Ubicacion,387,CONECTA_CON,Ubicacion,2173,6.29,9.66
Ubicacion,388,CONECTA_CON,Ubicacion,879,5.51,5.61
Ubicacion,388,CONECTA_CON,Ubicacion,1073,4.81,7.85
Ubicacion,388,CONECTA_CON,Ubicacion,1829,9.02,9.56
Ubicacion,389,CONECTA_CON,Ubicacion,1862,1.82,3.02
Ubicacion,389,CONECTA_CON,Ubicacion,3454,8.99,19.25
Ubicacion,389,CONECTA_CON,Ubicacion,2530,0.9,1.65
Ubicacion,390,CONECTA_CON,Ubicacion,1887,6.51,16.28
Ubicacion,390,CONECTA_CON,Ubicacion,124,8.45,10.07
Ubicacion,390,CONECTA_CON,Ubicacion,3736,1.53,4.54
Ubicacion,391,CONECTA_CON,Ubicacion,4267,9.09,16.62
Ubicacion,391,CONECTA_CON,Ubicacion,3090,6.82,7.52
Ubicacion,391,CONECTA_CON,Ubicacion,1896,8.04,13.58
Ubicacion,392,CONECTA_CON,Ubicacion,1302,5.82,7.5
Ubicacion,392,CONECTA_CON,Ubicacion,1092,5.24,7.12
Ubicacion,392,CONECTA_CON,Ubicacion,2446,8.86,11.57
Ubicacion,393,CONECTA_CON,Ubicacion,231,6.36,6.86
Ubicacion,393,CONECTA_CON,Ubicacion,4069,7.96,17.37
Ubicacion,393,CONECTA_CON,Ubicacion,2950,9.27,11.58
Ubicacion,394,CONECTA_CON,Ubicacion,1454,4.07,6.21
Ubicacion,394,CONECTA_CON,Ubicacion,2302,3.49,5.53
Ubicacion,394,CONECTA_CON,Ubicacion,443,3.43,3.59
Ubicacion,395,CONECTA_CON,Ubicacion,1569,2.39,4.35
Ubicacion,395,CONECTA_CON,Ubicacion,1833,6.88,10.06
Ubicacion,395,CONECTA_CON,Ubicacion,811,1.48,1.71
Ubicacion,396,CONECTA_CON,Ubicacion,3377,1.02,1.11
Ubicacion,396,CONECTA_CON,Ubicacion,2029,1.97,4.96
Ubicacion,396,CONECTA_CON,Ubicacion,472,9.65,15.43
Ubicacion,397,CONECTA_CON,Ubicacion,561,3.54,8.82
Ubicacion,397,CONECTA_CON,Ubicacion,4983,1.91,2.87
Ubicacion,397,CONECTA_CON,Ubicacion,2173,0.57,0.67
Ubicacion,398,CONECTA_CON,Ubicacion,4963,4.08,10.34
Ubicacion,398,CONECTA_CON,Ubicacion,1401,6.15,13.04
Ubicacion,398,CONECTA_CON,Ubicacion,1165,7.8,22.0
Ubicacion,399,CONECTA_CON,Ubicacion,4910,1.08,1.38
Ubicacion,399,CONECTA_CON,Ubicacion,3796,6.83,18.45
Ubicacion,399,CONECTA_CON,Ubicacion,2370,3.62,5.0
Ubicacion,400,CONECTA_CON,Ubicacion,3502,8.89,26.36
Ubicacion,400,CONECTA_CON,Ubicacion,2527,1.63,3.23
Ubicacion,400,CONECTA_CON,Ubicacion,1647,7.01,9.42
Ubicacion,401,CONECTA_CON,Ubicacion,4847,9.23,10.75
Ubicacion,401,CONECTA_CON,Ubicacion,4178,2.25,3.82
Ubicacion,401,CONECTA_CON,Ubicacion,3140,7.33,8.05
Ubicacion,402,CONECTA_CON,Ubicacion,2784,2.43,2.69
Ubicacion,402,CONECTA_CON,Ubicacion,4798,4.57,7.07
Ubicacion,402,CONECTA_CON,Ubicacion,3818,4.11,11.59
Ubicacion,403,CONECTA_CON,Ubicacion,3324,6.98,12.94
Ubicacion,403,CONECTA_CON,Ubicacion,2970,5.97,8.73
Ubicacion,403,CONECTA_CON,Ubicacion,372,6.34,11.24
Ubicacion,404,CONECTA_CON,Ubicacion,994,3.29,4.61
Ubicacion,404,CONECTA_CON,Ubicacion,2828,3.54,6.05
Ubicacion,404,CONECTA_CON,Ubicacion,3496,3.96,8.21
Ubicacion,405,CONECTA_CON,Ubicacion,4941,6.86,9.78
Ubicacion,405,CONECTA_CON,Ubicacion,3022,5.76,6.93
Ubicacion,405,CONECTA_CON,Ubicacion,573,4.93,10.59
Ubicacion,406,CONECTA_CON,Ubicacion,2776,6.15,7.37
Ubicacion,406,CONECTA_CON,Ubicacion,4665,9.86,10.7
Ubicacion,406,CONECTA_CON,Ubicacion,429,2.05,4.03
Ubicacion,407,CONECTA_CON,Ubicacion,2675,0.97,1.43
Ubicacion,407,CONECTA_CON,Ubicacion,2407,3.27,7.93
Ubicacion,407,CONECTA_CON,Ubicacion,2142,1.94,2.58
Ubicacion,408,CONECTA_CON,Ubicacion,3036,3.93,9.81
Ubicacion,408,CONECTA_CON,Ubicacion,4074,7.82,8.54
Ubicacion,408,CONECTA_CON,Ubicacion,909,2.79,3.15
Ubicacion,409,CONECTA_CON,Ubicacion,2409,3.94,5.29
Ubicacion,409,CONECTA_CON,Ubicacion,542,9.44,11.98
Ubicacion,409,CONECTA_CON,Ubicacion,3938,8.42,10.56
Ubicacion,410,CONECTA_CON,Ubicacion,1759,7.49,10.38
Ubicacion,410,CONECTA_CON,Ubicacion,766,4.14,4.14
Ubicacion,410,CONECTA_CON,Ubicacion,172,9.51,10.34
Ubicacion,411,CONECTA_CON,Ubicacion,2858,5.23,11.28
Ubicacion,411,CONECTA_CON,Ubicacion,3737,1.16,1.3
Ubicacion,411,CONECTA_CON,Ubicacion,4109,6.97,7.69
Ubicacion,412,CONECTA_CON,Ubicacion,1002,2.39,2.93
Ubicacion,412,CONECTA_CON,Ubicacion,1391,6.76,16.48
Ubicacion,412,CONECTA_CON,Ubicacion,1343,5.74,16.64
Ubicacion,413,CONECTA_CON,Ubicacion,2307,0.85,1.18
Ubicacion,413,CONECTA_CON,Ubicacion,4216,6.31,8.01
Ubicacion,413,CONECTA_CON,Ubicacion,415,3.14,4.88
Ubicacion,414,CONECTA_CON,Ubicacion,338,3.29,4.29
Ubicacion,414,CONECTA_CON,Ubicacion,230,3.61,6.97
Ubicacion,414,CONECTA_CON,Ubicacion,2380,1.89,2.62
Ubicacion,415,CONECTA_CON,Ubicacion,4966,4.19,4.8
Ubicacion,415,CONECTA_CON,Ubicacion,582,7.9,8.34
Ubicacion,415,CONECTA_CON,Ubicacion,2562,8.23,13.01
Ubicacion,416,CONECTA_CON,Ubicacion,1924,8.78,21.0
Ubicacion,416,CONECTA_CON,Ubicacion,1545,7.82,10.15
Ubicacion,416,CONECTA_CON,Ubicacion,849,9.67,12.77
Ubicacion,417,CONECTA_CON,Ubicacion,1052,0.97,1.67
Ubicacion,417,CONECTA_CON,Ubicacion,3408,7.74,7.98
Ubicacion,417,CONECTA_CON,Ubicacion,3382,4.61,5.53
Ubicacion,418,CONECTA_CON,Ubicacion,4174,1.57,1.72
Ubicacion,418,CONECTA_CON,Ubicacion,3676,8.88,11.27
Ubicacion,418,CONECTA_CON,Ubicacion,4954,6.05,6.39
Ubicacion,419,CONECTA_CON,Ubicacion,3916,3.07,3.97
Ubicacion,419,CONECTA_CON,Ubicacion,3165,6.7,8.43
Ubicacion,419,CONECTA_CON,Ubicacion,1436,7.9,17.83
Ubicacion,420,CONECTA_CON,Ubicacion,3757,2.81,4.82
Ubicacion,420,CONECTA_CON,Ubicacion,1544,1.23,1.43
Ubicacion,420,CONECTA_CON,Ubicacion,2372,9.12,17.83
Ubicacion,421,CONECTA_CON,Ubicacion,2246,9.17,10.1
Ubicacion,421,CONECTA_CON,Ubicacion,2133,8.42,12.94
Ubicacion,421,CONECTA_CON,Ubicacion,4982,5.79,9.27
Ubicacion,422,CONECTA_CON,Ubicacion,4223,7.63,11.78
Ubicacion,422,CONECTA_CON,Ubicacion,4010,9.49,22.28
Ubicacion,422,CONECTA_CON,Ubicacion,2427,8.88,13.33
Ubicacion,423,CONECTA_CON,Ubicacion,1082,8.88,9.96
Ubicacion,423,CONECTA_CON,Ubicacion,4872,3.56,6.63
Ubicacion,423,CONECTA_CON,Ubicacion,1861,3.65,5.93
Ubicacion,424,CONECTA_CON,Ubicacion,4645,4.79,12.55
Ubicacion,424,CONECTA_CON,Ubicacion,447,0.79,0.88
Ubicacion,424,CONECTA_CON,Ubicacion,1608,3.25,5.05
Ubicacion,425,CONECTA_CON,Ubicacion,2757,2.74,6.16
Ubicacion,425,CONECTA_CON,Ubicacion,3021,4.19,6.12
Ubicacion,425,CONECTA_CON,Ubicacion,20,2.3,5.98
Ubicacion,426,CONECTA_CON,Ubicacion,3076,3.08,3.23
Ubicacion,426,CONECTA_CON,Ubicacion,1115,6.09,6.15
Ubicacion,426,CONECTA_CON,Ubicacion,1314,3.33,7.94
Ubicacion,427,CONECTA_CON,Ubicacion,2156,9.12,14.77
Ubicacion,427,CONECTA_CON,Ubicacion,1111,8.4,9.95
Ubicacion,427,CONECTA_CON,Ubicacion,1598,6.18,8.94
Ubicacion,428,CONECTA_CON,Ubicacion,3593,3.2,3.65
Ubicacion,428,CONECTA_CON,Ubicacion,3326,1.67,2.97
Ubicacion,428,CONECTA_CON,Ubicacion,2242,3.42,8.17
Ubicacion,429,CONECTA_CON,Ubicacion,4762,3.49,8.23
Ubicacion,429,CONECTA_CON,Ubicacion,4320,1.26,1.46
Ubicacion,429,CONECTA_CON,Ubicacion,2533,6.12,8.68
Ubicacion,430,CONECTA_CON,Ubicacion,268,9.25,17.09
Ubicacion,430,CONECTA_CON,Ubicacion,2310,9.64,10.44
Ubicacion,430,CONECTA_CON,Ubicacion,2711,6.85,7.12
Ubicacion,431,CONECTA_CON,Ubicacion,2149,8.3,15.74
Ubicacion,431,CONECTA_CON,Ubicacion,4021,5.28,8.17
Ubicacion,431,CONECTA_CON,Ubicacion,4592,7.29,16.23
Ubicacion,432,CONECTA_CON,Ubicacion,1455,7.83,15.2
Ubicacion,432,CONECTA_CON,Ubicacion,1427,2.3,3.83
Ubicacion,432,CONECTA_CON,Ubicacion,304,9.64,13.87
Ubicacion,433,CONECTA_CON,Ubicacion,174,9.25,17.69
Ubicacion,433,CONECTA_CON,Ubicacion,3003,4.09,4.31
Ubicacion,433,CONECTA_CON,Ubicacion,958,1.82,3.62
Ubicacion,434,CONECTA_CON,Ubicacion,4352,0.76,0.99
Ubicacion,434,CONECTA_CON,Ubicacion,2113,4.36,7.61
Ubicacion,434,CONECTA_CON,Ubicacion,2527,0.71,1.41
Ubicacion,435,CONECTA_CON,Ubicacion,1113,7.45,9.93
Ubicacion,435,CONECTA_CON,Ubicacion,463,6.78,15.95
Ubicacion,435,CONECTA_CON,Ubicacion,769,3.14,4.56
Ubicacion,436,CONECTA_CON,Ubicacion,1180,9.07,13.4
Ubicacion,436,CONECTA_CON,Ubicacion,3235,1.16,1.86
Ubicacion,436,CONECTA_CON,Ubicacion,4128,0.56,0.69
Ubicacion,437,CONECTA_CON,Ubicacion,3525,2.04,3.0
Ubicacion,437,CONECTA_CON,Ubicacion,1667,3.46,4.3
Ubicacion,437,CONECTA_CON,Ubicacion,1535,6.52,14.65
Ubicacion,438,CONECTA_CON,Ubicacion,1472,8.06,9.73
Ubicacion,438,CONECTA_CON,Ubicacion,2114,4.5,6.91
Ubicacion,438,CONECTA_CON,Ubicacion,2703,9.33,12.49
Ubicacion,439,CONECTA_CON,Ubicacion,2417,0.68,0.72
Ubicacion,439,CONECTA_CON,Ubicacion,1034,7.84,12.0
Ubicacion,439,CONECTA_CON,Ubicacion,4798,6.17,11.78
Ubicacion,440,CONECTA_CON,Ubicacion,733,5.52,12.04
Ubicacion,440,CONECTA_CON,Ubicacion,992,2.2,2.8
Ubicacion,440,CONECTA_CON,Ubicacion,916,6.95,10.98
Ubicacion,441,CONECTA_CON,Ubicacion,1318,9.08,23.88
Ubicacion,441,CONECTA_CON,Ubicacion,3221,1.95,2.16
Ubicacion,441,CONECTA_CON,Ubicacion,1597,4.82,7.51
Ubicacion,442,CONECTA_CON,Ubicacion,2394,4.15,6.29
Ubicacion,442,CONECTA_CON,Ubicacion,921,5.65,6.82
Ubicacion,442,CONECTA_CON,Ubicacion,2967,7.8,11.34
Ubicacion,443,CONECTA_CON,Ubicacion,1437,5.63,8.33
Ubicacion,443,CONECTA_CON,Ubicacion,4340,6.51,6.88
Ubicacion,443,CONECTA_CON,Ubicacion,4969,1.93,5.67
Ubicacion,444,CONECTA_CON,Ubicacion,3007,6.83,9.66
Ubicacion,444,CONECTA_CON,Ubicacion,3992,6.66,7.41
Ubicacion,444,CONECTA_CON,Ubicacion,2987,7.98,9.64
Ubicacion,445,CONECTA_CON,Ubicacion,2778,7.52,10.78
Ubicacion,445,CONECTA_CON,Ubicacion,1782,5.3,8.67
Ubicacion,445,CONECTA_CON,Ubicacion,1307,5.28,8.8
Ubicacion,446,CONECTA_CON,Ubicacion,2997,9.21,12.02
Ubicacion,446,CONECTA_CON,Ubicacion,2337,2.31,3.81
Ubicacion,446,CONECTA_CON,Ubicacion,3295,2.59,4.32
Ubicacion,447,CONECTA_CON,Ubicacion,839,3.31,3.93
Ubicacion,447,CONECTA_CON,Ubicacion,2276,4.34,12.67
Ubicacion,447,CONECTA_CON,Ubicacion,2848,1.36,1.41
Ubicacion,448,CONECTA_CON,Ubicacion,3434,0.71,0.84
Ubicacion,448,CONECTA_CON,Ubicacion,2810,3.49,4.24
Ubicacion,448,CONECTA_CON,Ubicacion,2314,7.61,13.01
Ubicacion,449,CONECTA_CON,Ubicacion,4409,9.26,23.13
Ubicacion,449,CONECTA_CON,Ubicacion,2495,7.62,10.08
Ubicacion,449,CONECTA_CON,Ubicacion,932,1.38,1.4
Ubicacion,450,CONECTA_CON,Ubicacion,3950,8.25,8.89
Ubicacion,450,CONECTA_CON,Ubicacion,1080,5.5,6.26
Ubicacion,450,CONECTA_CON,Ubicacion,4639,6.2,14.67
Ubicacion,451,CONECTA_CON,Ubicacion,1984,6.81,9.26
Ubicacion,451,CONECTA_CON,Ubicacion,1459,6.08,11.53
Ubicacion,451,CONECTA_CON,Ubicacion,1440,5.19,5.47
Ubicacion,452,CONECTA_CON,Ubicacion,2933,1.12,2.41
Ubicacion,452,CONECTA_CON,Ubicacion,404,1.07,1.39
Ubicacion,452,CONECTA_CON,Ubicacion,801,2.82,2.85
Ubicacion,453,CONECTA_CON,Ubicacion,8,4.33,4.63
Ubicacion,453,CONECTA_CON,Ubicacion,2717,9.95,11.83
Ubicacion,453,CONECTA_CON,Ubicacion,1406,9.97,16.57
Ubicacion,454,CONECTA_CON,Ubicacion,4515,1.21,1.79
Ubicacion,454,CONECTA_CON,Ubicacion,4605,3.3,4.77
Ubicacion,454,CONECTA_CON,Ubicacion,4275,1.59,3.94
Ubicacion,455,CONECTA_CON,Ubicacion,752,2.65,3.97
Ubicacion,455,CONECTA_CON,Ubicacion,4024,6.07,7.08
Ubicacion,455,CONECTA_CON,Ubicacion,3274,1.45,2.87
Ubicacion,456,CONECTA_CON,Ubicacion,4671,0.51,0.65
Ubicacion,456,CONECTA_CON,Ubicacion,401,0.72,0.95
Ubicacion,456,CONECTA_CON,Ubicacion,1422,0.84,0.85
Ubicacion,457,CONECTA_CON,Ubicacion,854,4.13,5.07
Ubicacion,457,CONECTA_CON,Ubicacion,3271,2.78,2.96
Ubicacion,457,CONECTA_CON,Ubicacion,2719,7.45,21.49
Ubicacion,458,CONECTA_CON,Ubicacion,3610,8.17,15.03
Ubicacion,458,CONECTA_CON,Ubicacion,3582,2.93,4.65
Ubicacion,458,CONECTA_CON,Ubicacion,2548,8.25,9.67
Ubicacion,459,CONECTA_CON,Ubicacion,2762,3.16,8.47
Ubicacion,459,CONECTA_CON,Ubicacion,1298,8.73,11.13
Ubicacion,459,CONECTA_CON,Ubicacion,193,6.7,8.16
Ubicacion,460,CONECTA_CON,Ubicacion,2746,9.63,23.93
Ubicacion,460,CONECTA_CON,Ubicacion,3543,3.64,7.79
Ubicacion,460,CONECTA_CON,Ubicacion,1059,4.22,10.79
Ubicacion,461,CONECTA_CON,Ubicacion,2792,9.12,23.75
Ubicacion,461,CONECTA_CON,Ubicacion,912,7.96,14.76
Ubicacion,461,CONECTA_CON,Ubicacion,1823,6.79,19.29
Ubicacion,462,CONECTA_CON,Ubicacion,4536,1.27,1.59
Ubicacion,462,CONECTA_CON,Ubicacion,3811,9.02,22.76
Ubicacion,462,CONECTA_CON,Ubicacion,2411,8.46,17.6
Ubicacion,463,CONECTA_CON,Ubicacion,3402,5.29,7.9
Ubicacion,463,CONECTA_CON,Ubicacion,1526,7.94,10.65
Ubicacion,463,CONECTA_CON,Ubicacion,2203,1.59,1.67
Ubicacion,464,CONECTA_CON,Ubicacion,1028,2.26,3.35
Ubicacion,464,CONECTA_CON,Ubicacion,3644,7.8,10.09
Ubicacion,464,CONECTA_CON,Ubicacion,4036,5.42,9.03
Ubicacion,465,CONECTA_CON,Ubicacion,4815,5.27,6.73
Ubicacion,465,CONECTA_CON,Ubicacion,1256,5.21,11.06
Ubicacion,465,CONECTA_CON,Ubicacion,3925,5.45,9.02
Ubicacion,466,CONECTA_CON,Ubicacion,3977,3.54,3.89
Ubicacion,466,CONECTA_CON,Ubicacion,578,6.9,12.78
Ubicacion,466,CONECTA_CON,Ubicacion,458,0.74,0.83
Ubicacion,467,CONECTA_CON,Ubicacion,2147,9.23,19.91
Ubicacion,467,CONECTA_CON,Ubicacion,1464,6.53,10.81
Ubicacion,467,CONECTA_CON,Ubicacion,469,8.93,9.5
Ubicacion,468,CONECTA_CON,Ubicacion,1820,2.13,2.71
Ubicacion,468,CONECTA_CON,Ubicacion,675,6.33,12.06
Ubicacion,468,CONECTA_CON,Ubicacion,2041,4.91,12.98
Ubicacion,469,CONECTA_CON,Ubicacion,2805,5.15,7.05
Ubicacion,469,CONECTA_CON,Ubicacion,961,5.05,10.44
Ubicacion,469,CONECTA_CON,Ubicacion,3721,3.81,3.84
Ubicacion,470,CONECTA_CON,Ubicacion,1798,5.99,8.1
Ubicacion,470,CONECTA_CON,Ubicacion,4003,8.18,10.6
Ubicacion,470,CONECTA_CON,Ubicacion,1339,9.74,13.94
Ubicacion,471,CONECTA_CON,Ubicacion,1697,4.87,8.06
Ubicacion,471,CONECTA_CON,Ubicacion,2558,1.3,3.11
Ubicacion,471,CONECTA_CON,Ubicacion,4005,5.01,5.17
Ubicacion,472,CONECTA_CON,Ubicacion,1156,1.5,4.46
Ubicacion,472,CONECTA_CON,Ubicacion,1009,4.55,8.33
Ubicacion,472,CONECTA_CON,Ubicacion,2495,9.1,18.89
Ubicacion,473,CONECTA_CON,Ubicacion,3455,8.47,22.6
Ubicacion,473,CONECTA_CON,Ubicacion,2976,8.25,10.12
Ubicacion,473,CONECTA_CON,Ubicacion,2944,7.69,8.1
Ubicacion,474,CONECTA_CON,Ubicacion,2588,6.13,6.26
Ubicacion,474,CONECTA_CON,Ubicacion,1396,6.78,9.16
Ubicacion,474,CONECTA_CON,Ubicacion,1922,5.06,12.52
Ubicacion,475,CONECTA_CON,Ubicacion,1596,1.39,2.56
Ubicacion,475,CONECTA_CON,Ubicacion,741,2.29,3.74
Ubicacion,475,CONECTA_CON,Ubicacion,4579,8.7,15.75
Ubicacion,476,CONECTA_CON,Ubicacion,674,1.5,2.36
Ubicacion,476,CONECTA_CON,Ubicacion,3675,6.64,7.08
Ubicacion,476,CONECTA_CON,Ubicacion,907,5.67,7.11
Ubicacion,477,CONECTA_CON,Ubicacion,2040,7.72,17.0
Ubicacion,477,CONECTA_CON,Ubicacion,976,1.53,2.86
Ubicacion,477,CONECTA_CON,Ubicacion,3866,1.86,2.42
Ubicacion,478,CONECTA_CON,Ubicacion,2104,8.01,21.57
Ubicacion,478,CONECTA_CON,Ubicacion,4516,8.0,15.38
Ubicacion,478,CONECTA_CON,Ubicacion,349,8.12,11.78
Ubicacion,479,CONECTA_CON,Ubicacion,1124,1.24,1.38
Ubicacion,479,CONECTA_CON,Ubicacion,1128,1.08,1.19
Ubicacion,479,CONECTA_CON,Ubicacion,80,6.26,7.83
Ubicacion,480,CONECTA_CON,Ubicacion,483,2.38,5.37
Ubicacion,480,CONECTA_CON,Ubicacion,3844,8.83,13.93
Ubicacion,480,CONECTA_CON,Ubicacion,174,3.13,5.22
Ubicacion,481,CONECTA_CON,Ubicacion,4736,3.98,4.89
Ubicacion,481,CONECTA_CON,Ubicacion,4752,6.08,7.58
Ubicacion,481,CONECTA_CON,Ubicacion,3386,4.21,9.55
Ubicacion,482,CONECTA_CON,Ubicacion,3673,1.31,1.56
Ubicacion,482,CONECTA_CON,Ubicacion,4771,6.12,7.2
Ubicacion,482,CONECTA_CON,Ubicacion,2603,5.22,11.26
Ubicacion,483,CONECTA_CON,Ubicacion,4660,8.65,17.17
Ubicacion,483,CONECTA_CON,Ubicacion,4753,8.39,13.69
Ubicacion,483,CONECTA_CON,Ubicacion,161,1.17,2.62
Ubicacion,484,CONECTA_CON,Ubicacion,3511,4.39,8.22
Ubicacion,484,CONECTA_CON,Ubicacion,2019,8.51,17.76
Ubicacion,484,CONECTA_CON,Ubicacion,367,8.36,11.04
Ubicacion,485,CONECTA_CON,Ubicacion,3157,3.09,6.35
Ubicacion,485,CONECTA_CON,Ubicacion,3194,7.21,14.31
Ubicacion,485,CONECTA_CON,Ubicacion,1938,0.7,0.74
Ubicacion,486,CONECTA_CON,Ubicacion,2833,7.38,8.15
Ubicacion,486,CONECTA_CON,Ubicacion,2634,9.85,12.08
Ubicacion,486,CONECTA_CON,Ubicacion,3892,9.73,12.72
Ubicacion,487,CONECTA_CON,Ubicacion,2388,8.19,11.51
Ubicacion,487,CONECTA_CON,Ubicacion,579,2.83,7.87
Ubicacion,487,CONECTA_CON,Ubicacion,3128,6.02,8.92
Ubicacion,488,CONECTA_CON,Ubicacion,4415,4.29,7.58
Ubicacion,488,CONECTA_CON,Ubicacion,1540,3.17,8.94
Ubicacion,488,CONECTA_CON,Ubicacion,1705,9.67,23.5
Ubicacion,489,CONECTA_CON,Ubicacion,2812,0.9,1.82
Ubicacion,489,CONECTA_CON,Ubicacion,758,9.15,12.92
Ubicacion,489,CONECTA_CON,Ubicacion,1278,7.71,12.04
Ubicacion,490,CONECTA_CON,Ubicacion,3389,3.81,7.79
Ubicacion,490,CONECTA_CON,Ubicacion,1126,7.33,8.24
Ubicacion,490,CONECTA_CON,Ubicacion,4550,4.34,4.98
Ubicacion,491,CONECTA_CON,Ubicacion,147,1.15,1.77
Ubicacion,491,CONECTA_CON,Ubicacion,141,3.67,4.73
Ubicacion,491,CONECTA_CON,Ubicacion,3451,7.75,7.77
Ubicacion,492,CONECTA_CON,Ubicacion,1663,2.42,6.71
Ubicacion,492,CONECTA_CON,Ubicacion,3940,9.94,13.81
Ubicacion,492,CONECTA_CON,Ubicacion,4812,6.48,8.94
Ubicacion,493,CONECTA_CON,Ubicacion,3558,0.86,1.53
Ubicacion,493,CONECTA_CON,Ubicacion,2794,7.05,9.7
Ubicacion,493,CONECTA_CON,Ubicacion,4094,1.7,3.75
Ubicacion,494,CONECTA_CON,Ubicacion,3022,6.24,7.52
Ubicacion,494,CONECTA_CON,Ubicacion,720,8.52,24.25
Ubicacion,494,CONECTA_CON,Ubicacion,2667,3.35,9.11
Ubicacion,495,CONECTA_CON,Ubicacion,1742,9.55,26.0
Ubicacion,495,CONECTA_CON,Ubicacion,1238,1.38,3.86
Ubicacion,495,CONECTA_CON,Ubicacion,559,1.35,2.75
Ubicacion,496,CONECTA_CON,Ubicacion,2242,7.49,7.79
Ubicacion,496,CONECTA_CON,Ubicacion,4965,2.1,3.59
Ubicacion,496,CONECTA_CON,Ubicacion,1788,1.12,1.33
Ubicacion,497,CONECTA_CON,Ubicacion,4682,4.54,4.76
Ubicacion,497,CONECTA_CON,Ubicacion,3064,0.94,1.92
Ubicacion,497,CONECTA_CON,Ubicacion,4748,2.33,2.52
Ubicacion,498,CONECTA_CON,Ubicacion,1611,3.4,6.26
Ubicacion,498,CONECTA_CON,Ubicacion,4875,1.45,1.86
Ubicacion,498,CONECTA_CON,Ubicacion,3934,0.57,0.87
Ubicacion,499,CONECTA_CON,Ubicacion,588,6.92,9.86
Ubicacion,499,CONECTA_CON,Ubicacion,3753,6.88,11.14
Ubicacion,499,CONECTA_CON,Ubicacion,1352,1.91,4.96
Ubicacion,500,CONECTA_CON,Ubicacion,3636,8.14,10.89
Ubicacion,500,CONECTA_CON,Ubicacion,475,3.59,4.56
Ubicacion,500,CONECTA_CON,Ubicacion,946,8.38,25.13
Ubicacion,501,CONECTA_CON,Ubicacion,1843,5.36,5.66
Ubicacion,501,CONECTA_CON,Ubicacion,1901,7.17,9.38
Ubicacion,501,CONECTA_CON,Ubicacion,4646,7.5,11.9
Ubicacion,502,CONECTA_CON,Ubicacion,1614,0.95,1.8
Ubicacion,502,CONECTA_CON,Ubicacion,3837,3.5,8.55
Ubicacion,502,CONECTA_CON,Ubicacion,3369,8.19,16.0
Ubicacion,503,CONECTA_CON,Ubicacion,3264,6.06,7.78
Ubicacion,503,CONECTA_CON,Ubicacion,4357,9.91,24.14
Ubicacion,503,CONECTA_CON,Ubicacion,633,6.02,12.46
Ubicacion,504,CONECTA_CON,Ubicacion,660,2.4,4.13
Ubicacion,504,CONECTA_CON,Ubicacion,2037,8.23,12.15
Ubicacion,504,CONECTA_CON,Ubicacion,1334,4.63,10.4
Ubicacion,505,CONECTA_CON,Ubicacion,1812,6.68,9.57
Ubicacion,505,CONECTA_CON,Ubicacion,2642,6.73,19.7
Ubicacion,505,CONECTA_CON,Ubicacion,3605,2.0,4.25
Ubicacion,506,CONECTA_CON,Ubicacion,4644,3.62,4.12
Ubicacion,506,CONECTA_CON,Ubicacion,1680,6.94,7.6
Ubicacion,506,CONECTA_CON,Ubicacion,2008,4.67,12.67
Ubicacion,507,CONECTA_CON,Ubicacion,1799,4.63,13.29
Ubicacion,507,CONECTA_CON,Ubicacion,1721,3.79,4.25
Ubicacion,507,CONECTA_CON,Ubicacion,1609,6.45,6.48
Ubicacion,508,CONECTA_CON,Ubicacion,929,7.86,20.12
Ubicacion,508,CONECTA_CON,Ubicacion,3414,8.44,21.8
Ubicacion,508,CONECTA_CON,Ubicacion,3542,9.78,18.58
Ubicacion,509,CONECTA_CON,Ubicacion,492,4.7,10.04
Ubicacion,509,CONECTA_CON,Ubicacion,1116,0.52,1.27
Ubicacion,509,CONECTA_CON,Ubicacion,1343,1.97,4.78
Ubicacion,510,CONECTA_CON,Ubicacion,947,7.73,13.35
Ubicacion,510,CONECTA_CON,Ubicacion,4427,5.52,5.83
Ubicacion,510,CONECTA_CON,Ubicacion,1412,4.49,5.45
Ubicacion,511,CONECTA_CON,Ubicacion,4435,0.73,0.89
Ubicacion,511,CONECTA_CON,Ubicacion,3570,6.05,18.14
Ubicacion,511,CONECTA_CON,Ubicacion,802,1.87,2.66
Ubicacion,512,CONECTA_CON,Ubicacion,1013,2.75,4.0
Ubicacion,512,CONECTA_CON,Ubicacion,4307,4.67,10.44
Ubicacion,512,CONECTA_CON,Ubicacion,348,4.12,4.76
Ubicacion,513,CONECTA_CON,Ubicacion,4421,5.37,14.62
Ubicacion,513,CONECTA_CON,Ubicacion,4471,1.1,1.52
Ubicacion,513,CONECTA_CON,Ubicacion,237,7.73,7.79
Ubicacion,514,CONECTA_CON,Ubicacion,1648,2.33,2.81
Ubicacion,514,CONECTA_CON,Ubicacion,1914,6.39,6.61
Ubicacion,514,CONECTA_CON,Ubicacion,4420,7.32,10.13
Ubicacion,515,CONECTA_CON,Ubicacion,1411,1.17,3.13
Ubicacion,515,CONECTA_CON,Ubicacion,1042,4.45,10.44
Ubicacion,515,CONECTA_CON,Ubicacion,3359,7.28,7.54
Ubicacion,516,CONECTA_CON,Ubicacion,1732,6.8,12.9
Ubicacion,516,CONECTA_CON,Ubicacion,3215,8.42,14.68
Ubicacion,516,CONECTA_CON,Ubicacion,2921,3.7,8.42
Ubicacion,517,CONECTA_CON,Ubicacion,4726,6.31,6.33
Ubicacion,517,CONECTA_CON,Ubicacion,4906,0.93,1.14
Ubicacion,517,CONECTA_CON,Ubicacion,3901,3.84,4.04
Ubicacion,518,CONECTA_CON,Ubicacion,2134,4.48,7.21
Ubicacion,518,CONECTA_CON,Ubicacion,75,2.22,3.1
Ubicacion,518,CONECTA_CON,Ubicacion,2163,1.73,1.77
Ubicacion,519,CONECTA_CON,Ubicacion,3091,4.38,4.65
Ubicacion,519,CONECTA_CON,Ubicacion,3126,2.13,4.85
Ubicacion,519,CONECTA_CON,Ubicacion,653,0.94,1.06
Ubicacion,520,CONECTA_CON,Ubicacion,4466,8.7,9.9
Ubicacion,520,CONECTA_CON,Ubicacion,3567,5.99,11.03
Ubicacion,520,CONECTA_CON,Ubicacion,4316,6.42,15.24
Ubicacion,521,CONECTA_CON,Ubicacion,3875,4.04,4.25
Ubicacion,521,CONECTA_CON,Ubicacion,4020,5.65,16.84
Ubicacion,521,CONECTA_CON,Ubicacion,2248,7.42,8.3
Ubicacion,522,CONECTA_CON,Ubicacion,2330,5.8,7.84
Ubicacion,522,CONECTA_CON,Ubicacion,2037,4.93,6.04
Ubicacion,522,CONECTA_CON,Ubicacion,1743,8.85,13.71
Ubicacion,523,CONECTA_CON,Ubicacion,4024,2.05,2.41
Ubicacion,523,CONECTA_CON,Ubicacion,4446,3.56,5.71
Ubicacion,523,CONECTA_CON,Ubicacion,4287,4.03,5.67
Ubicacion,524,CONECTA_CON,Ubicacion,1676,3.26,3.96
Ubicacion,524,CONECTA_CON,Ubicacion,3945,1.89,2.21
Ubicacion,524,CONECTA_CON,Ubicacion,3150,1.96,2.43
Ubicacion,525,CONECTA_CON,Ubicacion,739,0.8,2.01
Ubicacion,525,CONECTA_CON,Ubicacion,4673,6.55,10.93
Ubicacion,525,CONECTA_CON,Ubicacion,4403,2.75,6.73
Ubicacion,526,CONECTA_CON,Ubicacion,4773,7.4,9.57
Ubicacion,526,CONECTA_CON,Ubicacion,3612,2.97,3.75
Ubicacion,526,CONECTA_CON,Ubicacion,4254,9.87,17.4
Ubicacion,527,CONECTA_CON,Ubicacion,4238,6.49,16.38
Ubicacion,527,CONECTA_CON,Ubicacion,3525,1.87,5.22
Ubicacion,527,CONECTA_CON,Ubicacion,1757,9.13,11.91
Ubicacion,528,CONECTA_CON,Ubicacion,970,2.51,3.49
Ubicacion,528,CONECTA_CON,Ubicacion,3863,9.95,16.93
Ubicacion,528,CONECTA_CON,Ubicacion,871,1.78,3.16
Ubicacion,529,CONECTA_CON,Ubicacion,1734,7.22,16.53
Ubicacion,529,CONECTA_CON,Ubicacion,247,3.74,6.31
Ubicacion,529,CONECTA_CON,Ubicacion,3445,6.46,6.89
Ubicacion,530,CONECTA_CON,Ubicacion,706,5.62,7.24
Ubicacion,530,CONECTA_CON,Ubicacion,3887,6.17,8.61
Ubicacion,530,CONECTA_CON,Ubicacion,490,8.2,10.8
Ubicacion,531,CONECTA_CON,Ubicacion,2903,8.36,9.59
Ubicacion,531,CONECTA_CON,Ubicacion,344,1.14,1.73
Ubicacion,531,CONECTA_CON,Ubicacion,4442,0.81,1.06
Ubicacion,532,CONECTA_CON,Ubicacion,1309,0.52,1.43
Ubicacion,532,CONECTA_CON,Ubicacion,3493,5.39,7.96
Ubicacion,532,CONECTA_CON,Ubicacion,4322,3.28,6.9
Ubicacion,533,CONECTA_CON,Ubicacion,1756,4.83,6.0
Ubicacion,533,CONECTA_CON,Ubicacion,34,1.61,1.64
Ubicacion,533,CONECTA_CON,Ubicacion,1407,8.03,12.0
Ubicacion,534,CONECTA_CON,Ubicacion,2833,4.23,5.97
Ubicacion,534,CONECTA_CON,Ubicacion,84,3.26,9.66
Ubicacion,534,CONECTA_CON,Ubicacion,3505,2.23,4.81
Ubicacion,535,CONECTA_CON,Ubicacion,4283,2.05,4.17
Ubicacion,535,CONECTA_CON,Ubicacion,1474,8.73,13.01
Ubicacion,535,CONECTA_CON,Ubicacion,170,4.31,4.67
Ubicacion,536,CONECTA_CON,Ubicacion,1750,5.61,6.6
Ubicacion,536,CONECTA_CON,Ubicacion,1957,7.96,8.31
Ubicacion,536,CONECTA_CON,Ubicacion,85,2.54,2.95
Ubicacion,537,CONECTA_CON,Ubicacion,2088,5.26,9.59
Ubicacion,537,CONECTA_CON,Ubicacion,4138,1.57,3.5
Ubicacion,537,CONECTA_CON,Ubicacion,3822,5.38,10.12
Ubicacion,538,CONECTA_CON,Ubicacion,2991,2.22,4.42
Ubicacion,538,CONECTA_CON,Ubicacion,689,3.0,3.04
Ubicacion,538,CONECTA_CON,Ubicacion,4738,6.69,6.7
Ubicacion,539,CONECTA_CON,Ubicacion,2415,2.51,4.71
Ubicacion,539,CONECTA_CON,Ubicacion,849,1.31,1.38
Ubicacion,539,CONECTA_CON,Ubicacion,1607,3.41,6.46
Ubicacion,540,CONECTA_CON,Ubicacion,3467,9.82,22.2
Ubicacion,540,CONECTA_CON,Ubicacion,2627,7.14,14.13
Ubicacion,540,CONECTA_CON,Ubicacion,3654,6.67,9.28
Ubicacion,541,CONECTA_CON,Ubicacion,3342,1.99,5.77
Ubicacion,541,CONECTA_CON,Ubicacion,2626,7.39,8.08
Ubicacion,541,CONECTA_CON,Ubicacion,3482,8.61,18.72
Ubicacion,542,CONECTA_CON,Ubicacion,3609,9.44,12.81
Ubicacion,542,CONECTA_CON,Ubicacion,3916,8.93,15.82
Ubicacion,542,CONECTA_CON,Ubicacion,2472,3.32,4.94
Ubicacion,543,CONECTA_CON,Ubicacion,3481,3.09,5.11
Ubicacion,543,CONECTA_CON,Ubicacion,3691,4.35,8.88
Ubicacion,543,CONECTA_CON,Ubicacion,544,9.23,14.54
Ubicacion,544,CONECTA_CON,Ubicacion,3597,5.62,5.9
Ubicacion,544,CONECTA_CON,Ubicacion,1130,5.58,10.16
Ubicacion,544,CONECTA_CON,Ubicacion,3043,5.74,9.09
Ubicacion,545,CONECTA_CON,Ubicacion,2013,3.85,10.86
Ubicacion,545,CONECTA_CON,Ubicacion,2681,3.59,3.89
Ubicacion,545,CONECTA_CON,Ubicacion,3487,5.21,9.43
Ubicacion,546,CONECTA_CON,Ubicacion,658,4.58,7.95
Ubicacion,546,CONECTA_CON,Ubicacion,2606,7.34,15.38
Ubicacion,546,CONECTA_CON,Ubicacion,17,8.99,12.59
Ubicacion,547,CONECTA_CON,Ubicacion,2752,2.22,3.23
Ubicacion,547,CONECTA_CON,Ubicacion,3491,7.97,8.25
Ubicacion,547,CONECTA_CON,Ubicacion,864,2.43,3.74
Ubicacion,548,CONECTA_CON,Ubicacion,1378,8.41,10.35
Ubicacion,548,CONECTA_CON,Ubicacion,2581,0.57,0.77
Ubicacion,548,CONECTA_CON,Ubicacion,1529,3.5,3.88
Ubicacion,549,CONECTA_CON,Ubicacion,2727,7.05,15.16
Ubicacion,549,CONECTA_CON,Ubicacion,1845,4.27,4.88
Ubicacion,549,CONECTA_CON,Ubicacion,4487,5.5,6.86
Ubicacion,550,CONECTA_CON,Ubicacion,326,3.37,6.05
Ubicacion,550,CONECTA_CON,Ubicacion,4359,5.73,9.51
Ubicacion,550,CONECTA_CON,Ubicacion,4329,5.86,7.34
Ubicacion,551,CONECTA_CON,Ubicacion,2048,8.78,16.4
Ubicacion,551,CONECTA_CON,Ubicacion,114,3.38,4.3
Ubicacion,551,CONECTA_CON,Ubicacion,3111,2.05,2.1
Ubicacion,552,CONECTA_CON,Ubicacion,3484,4.06,6.69
Ubicacion,552,CONECTA_CON,Ubicacion,2691,3.2,8.01
Ubicacion,552,CONECTA_CON,Ubicacion,2085,3.91,6.01
Ubicacion,553,CONECTA_CON,Ubicacion,2295,9.77,13.29
Ubicacion,553,CONECTA_CON,Ubicacion,3613,7.64,13.03
Ubicacion,553,CONECTA_CON,Ubicacion,180,4.06,10.47
Ubicacion,554,CONECTA_CON,Ubicacion,4806,6.7,10.07
Ubicacion,554,CONECTA_CON,Ubicacion,2039,3.69,3.87
Ubicacion,554,CONECTA_CON,Ubicacion,418,5.33,12.02
Ubicacion,555,CONECTA_CON,Ubicacion,1760,9.38,12.86
Ubicacion,555,CONECTA_CON,Ubicacion,1722,9.31,24.84
Ubicacion,555,CONECTA_CON,Ubicacion,3216,8.84,10.65
Ubicacion,556,CONECTA_CON,Ubicacion,3587,4.65,9.09
Ubicacion,556,CONECTA_CON,Ubicacion,1883,4.99,6.8
Ubicacion,556,CONECTA_CON,Ubicacion,2472,0.91,2.3
Ubicacion,557,CONECTA_CON,Ubicacion,4391,5.41,10.51
Ubicacion,557,CONECTA_CON,Ubicacion,2929,0.7,0.9
Ubicacion,557,CONECTA_CON,Ubicacion,4921,1.98,5.82
Ubicacion,558,CONECTA_CON,Ubicacion,2173,5.24,6.09
Ubicacion,558,CONECTA_CON,Ubicacion,1596,0.87,0.96
Ubicacion,559,CONECTA_CON,Ubicacion,4413,3.26,7.98
Ubicacion,559,CONECTA_CON,Ubicacion,1030,8.28,19.71
Ubicacion,559,CONECTA_CON,Ubicacion,908,4.91,4.96
Ubicacion,560,CONECTA_CON,Ubicacion,4803,1.34,2.5
Ubicacion,560,CONECTA_CON,Ubicacion,4384,7.77,16.11
Ubicacion,560,CONECTA_CON,Ubicacion,4283,4.65,11.4
Ubicacion,561,CONECTA_CON,Ubicacion,732,6.89,11.37
Ubicacion,561,CONECTA_CON,Ubicacion,4955,9.88,14.78
Ubicacion,561,CONECTA_CON,Ubicacion,73,6.03,8.01
Ubicacion,562,CONECTA_CON,Ubicacion,3343,4.91,12.11
Ubicacion,562,CONECTA_CON,Ubicacion,3242,6.84,17.38
Ubicacion,562,CONECTA_CON,Ubicacion,1549,2.43,5.44
Ubicacion,563,CONECTA_CON,Ubicacion,2411,5.3,15.87
Ubicacion,563,CONECTA_CON,Ubicacion,4535,0.97,1.54
Ubicacion,563,CONECTA_CON,Ubicacion,3728,5.74,11.45
Ubicacion,564,CONECTA_CON,Ubicacion,3871,2.37,3.34
Ubicacion,564,CONECTA_CON,Ubicacion,3157,1.8,4.68
Ubicacion,564,CONECTA_CON,Ubicacion,4123,9.3,20.82
Ubicacion,565,CONECTA_CON,Ubicacion,2746,2.06,4.86
Ubicacion,565,CONECTA_CON,Ubicacion,1281,1.85,2.66
Ubicacion,565,CONECTA_CON,Ubicacion,2428,4.04,4.46
Ubicacion,566,CONECTA_CON,Ubicacion,3540,8.1,8.51
Ubicacion,566,CONECTA_CON,Ubicacion,1074,1.34,3.88
Ubicacion,566,CONECTA_CON,Ubicacion,2647,4.49,4.91
Ubicacion,567,CONECTA_CON,Ubicacion,3136,8.74,13.45
Ubicacion,567,CONECTA_CON,Ubicacion,3049,9.2,11.14
Ubicacion,567,CONECTA_CON,Ubicacion,615,0.71,0.99
Ubicacion,568,CONECTA_CON,Ubicacion,2157,0.58,0.6
Ubicacion,568,CONECTA_CON,Ubicacion,445,6.6,11.62
Ubicacion,568,CONECTA_CON,Ubicacion,2685,8.44,24.79
Ubicacion,569,CONECTA_CON,Ubicacion,3991,8.56,25.09
Ubicacion,569,CONECTA_CON,Ubicacion,4588,5.13,15.01
Ubicacion,569,CONECTA_CON,Ubicacion,406,4.11,4.46
Ubicacion,570,CONECTA_CON,Ubicacion,3155,8.37,21.59
Ubicacion,570,CONECTA_CON,Ubicacion,3573,5.67,8.59
Ubicacion,570,CONECTA_CON,Ubicacion,113,5.98,6.59
Ubicacion,571,CONECTA_CON,Ubicacion,2695,8.0,9.52
Ubicacion,571,CONECTA_CON,Ubicacion,268,0.57,0.59
Ubicacion,571,CONECTA_CON,Ubicacion,2906,9.73,11.67
Ubicacion,572,CONECTA_CON,Ubicacion,2895,4.13,5.69
Ubicacion,572,CONECTA_CON,Ubicacion,278,8.75,10.59
Ubicacion,572,CONECTA_CON,Ubicacion,1226,7.06,12.8
Ubicacion,573,CONECTA_CON,Ubicacion,3152,8.61,11.34
Ubicacion,573,CONECTA_CON,Ubicacion,4180,4.77,5.63
Ubicacion,573,CONECTA_CON,Ubicacion,1897,7.13,9.82
Ubicacion,574,CONECTA_CON,Ubicacion,56,6.81,12.05
Ubicacion,574,CONECTA_CON,Ubicacion,1445,4.2,5.33
Ubicacion,574,CONECTA_CON,Ubicacion,2877,7.54,8.56
Ubicacion,575,CONECTA_CON,Ubicacion,2181,2.46,2.76
Ubicacion,575,CONECTA_CON,Ubicacion,2312,2.52,5.16
Ubicacion,575,CONECTA_CON,Ubicacion,3266,2.92,5.87
Ubicacion,576,CONECTA_CON,Ubicacion,3577,8.58,14.42
Ubicacion,576,CONECTA_CON,Ubicacion,2959,4.4,7.98
Ubicacion,576,CONECTA_CON,Ubicacion,2779,8.54,21.86
Ubicacion,577,CONECTA_CON,Ubicacion,750,0.87,1.86
Ubicacion,577,CONECTA_CON,Ubicacion,4360,2.92,8.34
Ubicacion,577,CONECTA_CON,Ubicacion,4748,9.65,9.86
Ubicacion,578,CONECTA_CON,Ubicacion,1505,7.02,8.79
Ubicacion,578,CONECTA_CON,Ubicacion,1689,0.58,1.47
Ubicacion,578,CONECTA_CON,Ubicacion,3022,5.49,8.84
Ubicacion,579,CONECTA_CON,Ubicacion,4270,2.89,4.37
Ubicacion,579,CONECTA_CON,Ubicacion,1641,8.51,9.83
Ubicacion,579,CONECTA_CON,Ubicacion,3321,8.27,9.83
Ubicacion,580,CONECTA_CON,Ubicacion,821,9.44,27.77
Ubicacion,580,CONECTA_CON,Ubicacion,4938,1.46,3.94
Ubicacion,580,CONECTA_CON,Ubicacion,1207,9.45,12.41
Ubicacion,581,CONECTA_CON,Ubicacion,1940,6.86,12.22
Ubicacion,581,CONECTA_CON,Ubicacion,2483,9.92,10.07
Ubicacion,581,CONECTA_CON,Ubicacion,3568,8.27,10.57
Ubicacion,582,CONECTA_CON,Ubicacion,1006,4.26,6.62
Ubicacion,582,CONECTA_CON,Ubicacion,3114,5.28,6.54
Ubicacion,582,CONECTA_CON,Ubicacion,4692,9.8,11.47
Ubicacion,583,CONECTA_CON,Ubicacion,790,9.72,20.46
Ubicacion,583,CONECTA_CON,Ubicacion,2760,2.79,4.61
Ubicacion,583,CONECTA_CON,Ubicacion,3941,1.42,1.59
Ubicacion,584,CONECTA_CON,Ubicacion,4881,5.17,5.63
Ubicacion,584,CONECTA_CON,Ubicacion,1459,8.26,9.75
Ubicacion,584,CONECTA_CON,Ubicacion,4740,6.61,7.7
Ubicacion,585,CONECTA_CON,Ubicacion,4833,9.97,18.99
Ubicacion,585,CONECTA_CON,Ubicacion,30,7.84,15.11
Ubicacion,585,CONECTA_CON,Ubicacion,3377,8.25,11.17
Ubicacion,586,CONECTA_CON,Ubicacion,1085,2.68,3.18
Ubicacion,586,CONECTA_CON,Ubicacion,4365,2.66,5.37
Ubicacion,586,CONECTA_CON,Ubicacion,4455,6.23,15.9
Ubicacion,587,CONECTA_CON,Ubicacion,2913,4.1,5.58
Ubicacion,587,CONECTA_CON,Ubicacion,3941,4.47,5.59
Ubicacion,587,CONECTA_CON,Ubicacion,592,0.72,1.19
Ubicacion,588,CONECTA_CON,Ubicacion,4922,8.15,12.99
Ubicacion,588,CONECTA_CON,Ubicacion,3198,9.47,12.15
Ubicacion,588,CONECTA_CON,Ubicacion,2631,0.7,0.88
Ubicacion,589,CONECTA_CON,Ubicacion,3363,6.58,7.82
Ubicacion,589,CONECTA_CON,Ubicacion,3611,8.29,21.35
Ubicacion,589,CONECTA_CON,Ubicacion,460,3.3,3.49
Ubicacion,590,CONECTA_CON,Ubicacion,2946,5.6,6.05
Ubicacion,590,CONECTA_CON,Ubicacion,4936,5.66,6.95
Ubicacion,590,CONECTA_CON,Ubicacion,2831,0.55,0.79
Ubicacion,591,CONECTA_CON,Ubicacion,1961,5.66,12.14
Ubicacion,591,CONECTA_CON,Ubicacion,1837,2.1,2.74
Ubicacion,591,CONECTA_CON,Ubicacion,188,5.34,13.06
Ubicacion,592,CONECTA_CON,Ubicacion,4060,4.52,8.01
Ubicacion,592,CONECTA_CON,Ubicacion,4975,4.38,9.77
Ubicacion,592,CONECTA_CON,Ubicacion,1082,3.89,10.39
Ubicacion,593,CONECTA_CON,Ubicacion,3031,4.01,4.67
Ubicacion,593,CONECTA_CON,Ubicacion,1978,4.51,7.19
Ubicacion,593,CONECTA_CON,Ubicacion,4982,4.23,4.35
Ubicacion,594,CONECTA_CON,Ubicacion,4746,1.45,3.99
Ubicacion,594,CONECTA_CON,Ubicacion,926,9.05,15.44
Ubicacion,594,CONECTA_CON,Ubicacion,3367,1.98,2.98
Ubicacion,595,CONECTA_CON,Ubicacion,3069,6.31,9.71
Ubicacion,595,CONECTA_CON,Ubicacion,3773,2.44,4.35
Ubicacion,595,CONECTA_CON,Ubicacion,3268,4.69,5.09
Ubicacion,596,CONECTA_CON,Ubicacion,952,1.88,3.38
Ubicacion,596,CONECTA_CON,Ubicacion,3873,8.82,14.34
Ubicacion,596,CONECTA_CON,Ubicacion,934,9.87,22.3
Ubicacion,597,CONECTA_CON,Ubicacion,1574,1.25,2.88
Ubicacion,597,CONECTA_CON,Ubicacion,4986,7.73,14.71
Ubicacion,597,CONECTA_CON,Ubicacion,44,6.23,7.36
Ubicacion,598,CONECTA_CON,Ubicacion,4560,3.15,3.82
Ubicacion,598,CONECTA_CON,Ubicacion,2163,7.91,9.95
Ubicacion,598,CONECTA_CON,Ubicacion,2909,3.25,7.73
Ubicacion,599,CONECTA_CON,Ubicacion,4398,1.64,2.57
Ubicacion,599,CONECTA_CON,Ubicacion,2072,7.55,19.28
Ubicacion,599,CONECTA_CON,Ubicacion,2904,3.43,3.66
Ubicacion,600,CONECTA_CON,Ubicacion,278,7.7,9.14
Ubicacion,600,CONECTA_CON,Ubicacion,3369,9.16,24.47
Ubicacion,600,CONECTA_CON,Ubicacion,2598,0.93,1.74
Ubicacion,601,CONECTA_CON,Ubicacion,828,1.51,3.13
Ubicacion,601,CONECTA_CON,Ubicacion,2288,1.79,3.9
Ubicacion,601,CONECTA_CON,Ubicacion,819,9.09,13.64
Ubicacion,602,CONECTA_CON,Ubicacion,4871,9.7,17.82
Ubicacion,602,CONECTA_CON,Ubicacion,2794,1.94,5.42
Ubicacion,602,CONECTA_CON,Ubicacion,4710,9.52,16.89
Ubicacion,603,CONECTA_CON,Ubicacion,4926,5.27,7.14
Ubicacion,603,CONECTA_CON,Ubicacion,4698,5.08,6.36
Ubicacion,603,CONECTA_CON,Ubicacion,1514,5.82,5.88
Ubicacion,604,CONECTA_CON,Ubicacion,2153,5.57,15.52
Ubicacion,604,CONECTA_CON,Ubicacion,1902,9.05,25.55
Ubicacion,604,CONECTA_CON,Ubicacion,466,6.48,11.95
Ubicacion,605,CONECTA_CON,Ubicacion,3295,4.32,7.79
Ubicacion,605,CONECTA_CON,Ubicacion,3365,3.31,3.47
Ubicacion,605,CONECTA_CON,Ubicacion,2200,2.3,2.63
Ubicacion,606,CONECTA_CON,Ubicacion,4773,0.69,1.01
Ubicacion,606,CONECTA_CON,Ubicacion,1338,2.66,3.38
Ubicacion,606,CONECTA_CON,Ubicacion,3033,7.75,9.67
Ubicacion,607,CONECTA_CON,Ubicacion,3349,4.31,8.95
Ubicacion,607,CONECTA_CON,Ubicacion,1807,6.31,11.85
Ubicacion,607,CONECTA_CON,Ubicacion,592,0.85,1.04
Ubicacion,608,CONECTA_CON,Ubicacion,1654,4.16,7.35
Ubicacion,608,CONECTA_CON,Ubicacion,2799,1.45,1.82
Ubicacion,608,CONECTA_CON,Ubicacion,2974,4.92,12.8
Ubicacion,609,CONECTA_CON,Ubicacion,580,5.65,5.68
Ubicacion,609,CONECTA_CON,Ubicacion,2089,1.85,5.25
Ubicacion,609,CONECTA_CON,Ubicacion,3502,1.52,1.95
Ubicacion,610,CONECTA_CON,Ubicacion,4249,8.51,23.9
Ubicacion,610,CONECTA_CON,Ubicacion,1705,5.93,8.97
Ubicacion,610,CONECTA_CON,Ubicacion,2815,2.11,3.25
Ubicacion,611,CONECTA_CON,Ubicacion,3541,6.04,7.46
Ubicacion,611,CONECTA_CON,Ubicacion,1817,2.43,4.08
Ubicacion,611,CONECTA_CON,Ubicacion,1832,1.46,1.58
Ubicacion,612,CONECTA_CON,Ubicacion,3628,4.18,12.43
Ubicacion,612,CONECTA_CON,Ubicacion,1423,7.92,10.87
Ubicacion,612,CONECTA_CON,Ubicacion,542,8.68,14.75
Ubicacion,613,CONECTA_CON,Ubicacion,4240,9.13,11.19
Ubicacion,613,CONECTA_CON,Ubicacion,3064,3.51,3.69
Ubicacion,613,CONECTA_CON,Ubicacion,4367,2.71,3.43
Ubicacion,614,CONECTA_CON,Ubicacion,4866,2.02,3.1
Ubicacion,614,CONECTA_CON,Ubicacion,187,8.3,9.09
Ubicacion,614,CONECTA_CON,Ubicacion,519,4.59,9.71
Ubicacion,615,CONECTA_CON,Ubicacion,2780,5.13,8.16
Ubicacion,615,CONECTA_CON,Ubicacion,2773,1.96,3.46
Ubicacion,615,CONECTA_CON,Ubicacion,235,4.34,5.75
Ubicacion,616,CONECTA_CON,Ubicacion,3459,5.33,5.37
Ubicacion,616,CONECTA_CON,Ubicacion,588,9.64,10.47
Ubicacion,616,CONECTA_CON,Ubicacion,1687,1.43,1.52
Ubicacion,617,CONECTA_CON,Ubicacion,416,8.33,8.74
Ubicacion,617,CONECTA_CON,Ubicacion,3688,4.78,6.87
Ubicacion,617,CONECTA_CON,Ubicacion,2097,6.47,9.33
Ubicacion,618,CONECTA_CON,Ubicacion,2082,5.45,10.14
Ubicacion,618,CONECTA_CON,Ubicacion,1076,7.51,19.85
Ubicacion,618,CONECTA_CON,Ubicacion,2214,5.16,7.72
Ubicacion,619,CONECTA_CON,Ubicacion,2745,0.71,0.9
Ubicacion,619,CONECTA_CON,Ubicacion,3261,2.85,2.96
Ubicacion,619,CONECTA_CON,Ubicacion,2840,0.75,1.75
Ubicacion,620,CONECTA_CON,Ubicacion,255,9.11,17.22
Ubicacion,620,CONECTA_CON,Ubicacion,4956,3.36,3.36
Ubicacion,620,CONECTA_CON,Ubicacion,2582,4.28,4.47
Ubicacion,621,CONECTA_CON,Ubicacion,178,0.53,0.75
Ubicacion,621,CONECTA_CON,Ubicacion,3105,5.23,13.75
Ubicacion,621,CONECTA_CON,Ubicacion,1158,7.39,9.79
Ubicacion,622,CONECTA_CON,Ubicacion,2927,9.41,19.13
Ubicacion,622,CONECTA_CON,Ubicacion,225,8.59,10.8
Ubicacion,622,CONECTA_CON,Ubicacion,3296,8.92,12.25
Ubicacion,623,CONECTA_CON,Ubicacion,3711,8.88,12.39
Ubicacion,623,CONECTA_CON,Ubicacion,3778,7.1,9.76
Ubicacion,623,CONECTA_CON,Ubicacion,3247,7.41,7.9
Ubicacion,624,CONECTA_CON,Ubicacion,4168,5.14,6.35
Ubicacion,624,CONECTA_CON,Ubicacion,986,1.16,3.31
Ubicacion,624,CONECTA_CON,Ubicacion,818,5.37,7.08
Ubicacion,625,CONECTA_CON,Ubicacion,1866,5.49,8.53
Ubicacion,625,CONECTA_CON,Ubicacion,4000,4.71,5.03
Ubicacion,625,CONECTA_CON,Ubicacion,4188,8.06,16.25
Ubicacion,626,CONECTA_CON,Ubicacion,4980,9.49,10.31
Ubicacion,626,CONECTA_CON,Ubicacion,1522,1.83,4.54
Ubicacion,626,CONECTA_CON,Ubicacion,1134,2.23,5.16
Ubicacion,627,CONECTA_CON,Ubicacion,1531,1.45,3.15
Ubicacion,627,CONECTA_CON,Ubicacion,4132,1.51,1.71
Ubicacion,627,CONECTA_CON,Ubicacion,1923,7.59,10.57
Ubicacion,628,CONECTA_CON,Ubicacion,2206,1.15,3.11
Ubicacion,628,CONECTA_CON,Ubicacion,1239,0.89,0.96
Ubicacion,628,CONECTA_CON,Ubicacion,2157,8.36,8.38
Ubicacion,629,CONECTA_CON,Ubicacion,1657,7.77,12.53
Ubicacion,629,CONECTA_CON,Ubicacion,2938,8.43,9.21
Ubicacion,629,CONECTA_CON,Ubicacion,375,3.07,3.98
Ubicacion,630,CONECTA_CON,Ubicacion,4039,2.11,2.82
Ubicacion,630,CONECTA_CON,Ubicacion,4824,7.2,8.28
Ubicacion,630,CONECTA_CON,Ubicacion,2395,7.61,7.84
Ubicacion,631,CONECTA_CON,Ubicacion,2706,6.71,17.74
Ubicacion,631,CONECTA_CON,Ubicacion,2627,6.89,15.14
Ubicacion,631,CONECTA_CON,Ubicacion,2387,5.72,14.93
Ubicacion,632,CONECTA_CON,Ubicacion,1678,5.46,10.39
Ubicacion,632,CONECTA_CON,Ubicacion,1437,0.83,2.19
Ubicacion,632,CONECTA_CON,Ubicacion,1074,8.95,20.67
Ubicacion,633,CONECTA_CON,Ubicacion,4653,1.03,1.88
Ubicacion,633,CONECTA_CON,Ubicacion,1370,9.5,22.88
Ubicacion,633,CONECTA_CON,Ubicacion,470,3.26,8.56
Ubicacion,634,CONECTA_CON,Ubicacion,721,2.78,3.33
Ubicacion,634,CONECTA_CON,Ubicacion,4932,9.57,10.17
Ubicacion,634,CONECTA_CON,Ubicacion,2113,8.97,21.17
Ubicacion,635,CONECTA_CON,Ubicacion,331,3.9,6.16
Ubicacion,635,CONECTA_CON,Ubicacion,1945,0.83,1.48
Ubicacion,635,CONECTA_CON,Ubicacion,3386,1.02,1.32
Ubicacion,636,CONECTA_CON,Ubicacion,3630,6.45,10.64
Ubicacion,636,CONECTA_CON,Ubicacion,1114,4.07,4.68
Ubicacion,636,CONECTA_CON,Ubicacion,4633,9.89,25.57
Ubicacion,637,CONECTA_CON,Ubicacion,2876,4.51,9.45
Ubicacion,637,CONECTA_CON,Ubicacion,3850,2.32,4.51
Ubicacion,637,CONECTA_CON,Ubicacion,3789,4.08,5.65
Ubicacion,638,CONECTA_CON,Ubicacion,1669,3.18,7.23
Ubicacion,638,CONECTA_CON,Ubicacion,59,4.74,5.94
Ubicacion,638,CONECTA_CON,Ubicacion,2581,9.98,22.81
Ubicacion,639,CONECTA_CON,Ubicacion,2242,6.8,10.77
Ubicacion,639,CONECTA_CON,Ubicacion,3820,6.52,10.62
Ubicacion,639,CONECTA_CON,Ubicacion,3966,3.49,6.84
Ubicacion,640,CONECTA_CON,Ubicacion,3627,1.65,1.68
Ubicacion,640,CONECTA_CON,Ubicacion,3461,1.7,2.54
Ubicacion,640,CONECTA_CON,Ubicacion,2776,6.7,10.02
Ubicacion,641,CONECTA_CON,Ubicacion,1627,6.84,6.93
Ubicacion,641,CONECTA_CON,Ubicacion,4397,6.33,9.53
Ubicacion,641,CONECTA_CON,Ubicacion,87,4.56,9.51
Ubicacion,642,CONECTA_CON,Ubicacion,3334,6.1,6.66
Ubicacion,642,CONECTA_CON,Ubicacion,2138,7.94,9.39
Ubicacion,642,CONECTA_CON,Ubicacion,2773,2.28,5.91
Ubicacion,643,CONECTA_CON,Ubicacion,939,6.28,8.53
Ubicacion,643,CONECTA_CON,Ubicacion,4598,8.68,8.94
Ubicacion,643,CONECTA_CON,Ubicacion,793,9.63,12.64
Ubicacion,644,CONECTA_CON,Ubicacion,4806,7.56,9.01
Ubicacion,644,CONECTA_CON,Ubicacion,4208,0.84,0.92
Ubicacion,644,CONECTA_CON,Ubicacion,3455,9.1,9.8
Ubicacion,645,CONECTA_CON,Ubicacion,843,4.92,9.93
Ubicacion,645,CONECTA_CON,Ubicacion,4996,0.78,0.94
Ubicacion,645,CONECTA_CON,Ubicacion,3678,4.95,5.86
Ubicacion,646,CONECTA_CON,Ubicacion,3218,2.71,5.52
Ubicacion,646,CONECTA_CON,Ubicacion,4661,5.85,10.55
Ubicacion,646,CONECTA_CON,Ubicacion,3614,0.72,0.79
Ubicacion,647,CONECTA_CON,Ubicacion,1052,2.96,2.96
Ubicacion,647,CONECTA_CON,Ubicacion,510,1.41,1.5
Ubicacion,647,CONECTA_CON,Ubicacion,4788,4.42,9.09
Ubicacion,648,CONECTA_CON,Ubicacion,576,8.15,16.58
Ubicacion,648,CONECTA_CON,Ubicacion,4232,2.49,5.86
Ubicacion,648,CONECTA_CON,Ubicacion,3021,9.5,14.08
Ubicacion,649,CONECTA_CON,Ubicacion,950,9.47,13.41
Ubicacion,649,CONECTA_CON,Ubicacion,506,8.63,13.84
Ubicacion,649,CONECTA_CON,Ubicacion,1629,0.57,0.6
Ubicacion,650,CONECTA_CON,Ubicacion,2033,5.45,13.42
Ubicacion,650,CONECTA_CON,Ubicacion,2246,2.15,4.43
Ubicacion,650,CONECTA_CON,Ubicacion,2250,2.36,3.43
Ubicacion,651,CONECTA_CON,Ubicacion,841,2.84,4.36
Ubicacion,651,CONECTA_CON,Ubicacion,2611,4.02,4.77
Ubicacion,651,CONECTA_CON,Ubicacion,3621,8.86,12.59
Ubicacion,652,CONECTA_CON,Ubicacion,367,1.96,2.4
Ubicacion,652,CONECTA_CON,Ubicacion,1368,1.71,2.1
Ubicacion,652,CONECTA_CON,Ubicacion,1473,1.54,4.57
Ubicacion,653,CONECTA_CON,Ubicacion,29,8.68,11.32
Ubicacion,653,CONECTA_CON,Ubicacion,35,8.87,17.79
Ubicacion,653,CONECTA_CON,Ubicacion,346,0.69,1.19
Ubicacion,654,CONECTA_CON,Ubicacion,1057,7.58,12.07
Ubicacion,654,CONECTA_CON,Ubicacion,3726,6.66,14.33
Ubicacion,654,CONECTA_CON,Ubicacion,3006,7.8,8.95
Ubicacion,655,CONECTA_CON,Ubicacion,2764,2.67,7.04
Ubicacion,655,CONECTA_CON,Ubicacion,1914,9.03,20.14
Ubicacion,655,CONECTA_CON,Ubicacion,2527,2.79,3.13
Ubicacion,656,CONECTA_CON,Ubicacion,2637,6.61,11.53
Ubicacion,656,CONECTA_CON,Ubicacion,4945,5.6,6.36
Ubicacion,656,CONECTA_CON,Ubicacion,3385,2.33,4.56
Ubicacion,657,CONECTA_CON,Ubicacion,828,8.22,14.52
Ubicacion,657,CONECTA_CON,Ubicacion,4801,0.61,1.41
Ubicacion,657,CONECTA_CON,Ubicacion,2275,1.54,1.68
Ubicacion,658,CONECTA_CON,Ubicacion,1292,8.75,20.56
Ubicacion,658,CONECTA_CON,Ubicacion,611,4.75,5.73
Ubicacion,658,CONECTA_CON,Ubicacion,597,1.62,3.81
Ubicacion,659,CONECTA_CON,Ubicacion,879,6.85,9.12
Ubicacion,659,CONECTA_CON,Ubicacion,896,1.15,1.21
Ubicacion,659,CONECTA_CON,Ubicacion,3485,3.8,8.25
Ubicacion,660,CONECTA_CON,Ubicacion,673,9.81,10.98
Ubicacion,660,CONECTA_CON,Ubicacion,1470,6.78,13.23
Ubicacion,660,CONECTA_CON,Ubicacion,3426,1.2,1.29
Ubicacion,661,CONECTA_CON,Ubicacion,3318,0.99,1.07
Ubicacion,661,CONECTA_CON,Ubicacion,131,0.98,2.31
Ubicacion,661,CONECTA_CON,Ubicacion,1121,2.96,3.43
Ubicacion,662,CONECTA_CON,Ubicacion,1605,3.76,3.76
Ubicacion,662,CONECTA_CON,Ubicacion,2097,1.32,1.58
Ubicacion,662,CONECTA_CON,Ubicacion,1536,6.88,15.89
Ubicacion,663,CONECTA_CON,Ubicacion,4140,7.34,11.47
Ubicacion,663,CONECTA_CON,Ubicacion,2206,3.32,5.7
Ubicacion,663,CONECTA_CON,Ubicacion,1600,5.0,12.38
Ubicacion,664,CONECTA_CON,Ubicacion,1624,1.51,1.88
Ubicacion,664,CONECTA_CON,Ubicacion,3767,7.97,16.9
Ubicacion,664,CONECTA_CON,Ubicacion,4645,8.93,11.92
Ubicacion,665,CONECTA_CON,Ubicacion,1706,7.97,11.67
Ubicacion,665,CONECTA_CON,Ubicacion,217,2.79,5.99
Ubicacion,665,CONECTA_CON,Ubicacion,4802,9.1,22.86
Ubicacion,666,CONECTA_CON,Ubicacion,978,5.05,7.45
Ubicacion,666,CONECTA_CON,Ubicacion,4687,0.54,0.89
Ubicacion,666,CONECTA_CON,Ubicacion,2427,7.84,8.16
Ubicacion,667,CONECTA_CON,Ubicacion,4095,8.56,14.41
Ubicacion,667,CONECTA_CON,Ubicacion,4624,2.47,6.86
Ubicacion,667,CONECTA_CON,Ubicacion,1968,4.55,4.7
Ubicacion,668,CONECTA_CON,Ubicacion,2471,7.92,10.15
Ubicacion,668,CONECTA_CON,Ubicacion,4088,3.78,9.39
Ubicacion,668,CONECTA_CON,Ubicacion,438,1.91,4.46
Ubicacion,669,CONECTA_CON,Ubicacion,4318,7.0,11.39
Ubicacion,669,CONECTA_CON,Ubicacion,2347,3.47,4.11
Ubicacion,669,CONECTA_CON,Ubicacion,2843,8.83,10.14
Ubicacion,670,CONECTA_CON,Ubicacion,1240,2.6,3.49
Ubicacion,670,CONECTA_CON,Ubicacion,885,4.71,7.11
Ubicacion,670,CONECTA_CON,Ubicacion,467,3.03,7.54
Ubicacion,671,CONECTA_CON,Ubicacion,785,9.87,12.4
Ubicacion,671,CONECTA_CON,Ubicacion,4038,9.92,11.36
Ubicacion,671,CONECTA_CON,Ubicacion,1955,9.71,11.57
Ubicacion,672,CONECTA_CON,Ubicacion,1180,2.79,3.4
Ubicacion,672,CONECTA_CON,Ubicacion,1946,2.91,3.09
Ubicacion,672,CONECTA_CON,Ubicacion,2377,2.76,5.91
Ubicacion,673,CONECTA_CON,Ubicacion,723,2.02,5.28
Ubicacion,673,CONECTA_CON,Ubicacion,1278,5.52,7.02
Ubicacion,673,CONECTA_CON,Ubicacion,1481,4.52,5.05
Ubicacion,674,CONECTA_CON,Ubicacion,4591,7.25,9.7
Ubicacion,674,CONECTA_CON,Ubicacion,4135,5.09,7.88
Ubicacion,674,CONECTA_CON,Ubicacion,4572,2.24,6.58
Ubicacion,675,CONECTA_CON,Ubicacion,493,3.1,7.13
Ubicacion,675,CONECTA_CON,Ubicacion,3530,4.83,8.41
Ubicacion,675,CONECTA_CON,Ubicacion,3379,5.3,6.77
Ubicacion,676,CONECTA_CON,Ubicacion,4083,7.53,14.75
Ubicacion,676,CONECTA_CON,Ubicacion,187,8.37,16.28
Ubicacion,676,CONECTA_CON,Ubicacion,2511,1.35,3.98
Ubicacion,677,CONECTA_CON,Ubicacion,3975,9.43,15.53
Ubicacion,677,CONECTA_CON,Ubicacion,2694,7.43,11.2
Ubicacion,677,CONECTA_CON,Ubicacion,1523,2.31,3.01
Ubicacion,678,CONECTA_CON,Ubicacion,3717,2.4,3.07
Ubicacion,678,CONECTA_CON,Ubicacion,3109,3.32,3.5
Ubicacion,678,CONECTA_CON,Ubicacion,2699,1.93,3.3
Ubicacion,679,CONECTA_CON,Ubicacion,416,1.95,5.53
Ubicacion,679,CONECTA_CON,Ubicacion,4003,8.4,8.7
Ubicacion,679,CONECTA_CON,Ubicacion,1400,0.79,1.25
Ubicacion,680,CONECTA_CON,Ubicacion,4794,9.83,21.72
Ubicacion,680,CONECTA_CON,Ubicacion,4026,3.81,10.98
Ubicacion,680,CONECTA_CON,Ubicacion,1252,8.44,12.98
Ubicacion,681,CONECTA_CON,Ubicacion,161,3.09,3.44
Ubicacion,681,CONECTA_CON,Ubicacion,4450,8.15,8.41
Ubicacion,681,CONECTA_CON,Ubicacion,1300,0.76,0.93
Ubicacion,682,CONECTA_CON,Ubicacion,835,9.33,26.89
Ubicacion,682,CONECTA_CON,Ubicacion,2062,4.86,7.0
Ubicacion,682,CONECTA_CON,Ubicacion,1055,5.57,5.75
Ubicacion,683,CONECTA_CON,Ubicacion,3694,5.98,9.95
Ubicacion,683,CONECTA_CON,Ubicacion,148,5.94,8.8
Ubicacion,683,CONECTA_CON,Ubicacion,4249,7.93,8.17
Ubicacion,684,CONECTA_CON,Ubicacion,1618,7.72,9.0
Ubicacion,684,CONECTA_CON,Ubicacion,1903,4.44,10.28
Ubicacion,684,CONECTA_CON,Ubicacion,2292,8.47,15.26
Ubicacion,685,CONECTA_CON,Ubicacion,751,7.89,8.01
Ubicacion,685,CONECTA_CON,Ubicacion,1933,5.83,7.51
Ubicacion,685,CONECTA_CON,Ubicacion,727,6.88,12.2
Ubicacion,686,CONECTA_CON,Ubicacion,3250,1.92,2.4
Ubicacion,686,CONECTA_CON,Ubicacion,654,6.93,12.31
Ubicacion,686,CONECTA_CON,Ubicacion,4562,9.44,13.21
Ubicacion,687,CONECTA_CON,Ubicacion,3537,4.47,6.9
Ubicacion,687,CONECTA_CON,Ubicacion,4979,3.44,5.47
Ubicacion,687,CONECTA_CON,Ubicacion,2218,7.71,14.08
Ubicacion,688,CONECTA_CON,Ubicacion,2633,5.9,7.22
Ubicacion,688,CONECTA_CON,Ubicacion,3434,5.98,6.67
Ubicacion,688,CONECTA_CON,Ubicacion,4750,4.4,10.38
Ubicacion,689,CONECTA_CON,Ubicacion,538,6.39,8.57
Ubicacion,689,CONECTA_CON,Ubicacion,2917,7.08,9.82
Ubicacion,689,CONECTA_CON,Ubicacion,2474,8.94,10.32
Ubicacion,690,CONECTA_CON,Ubicacion,2176,8.96,13.11
Ubicacion,690,CONECTA_CON,Ubicacion,2670,3.1,7.72
Ubicacion,690,CONECTA_CON,Ubicacion,2021,8.33,16.46
Ubicacion,691,CONECTA_CON,Ubicacion,724,0.53,0.58
Ubicacion,691,CONECTA_CON,Ubicacion,2517,1.96,3.15
Ubicacion,691,CONECTA_CON,Ubicacion,422,2.28,6.67
Ubicacion,692,CONECTA_CON,Ubicacion,2096,2.05,4.41
Ubicacion,692,CONECTA_CON,Ubicacion,1219,0.74,1.19
Ubicacion,692,CONECTA_CON,Ubicacion,4458,4.73,8.63
Ubicacion,693,CONECTA_CON,Ubicacion,4761,1.92,3.63
Ubicacion,693,CONECTA_CON,Ubicacion,827,2.03,3.41
Ubicacion,693,CONECTA_CON,Ubicacion,1964,7.74,10.98
Ubicacion,694,CONECTA_CON,Ubicacion,3883,1.14,1.43
Ubicacion,694,CONECTA_CON,Ubicacion,2561,3.88,3.96
Ubicacion,694,CONECTA_CON,Ubicacion,1233,6.26,6.93
Ubicacion,695,CONECTA_CON,Ubicacion,3797,0.54,1.41
Ubicacion,695,CONECTA_CON,Ubicacion,941,9.02,17.67
Ubicacion,695,CONECTA_CON,Ubicacion,969,0.58,0.61
Ubicacion,696,CONECTA_CON,Ubicacion,4726,7.48,19.4
Ubicacion,696,CONECTA_CON,Ubicacion,1668,7.58,18.94
Ubicacion,696,CONECTA_CON,Ubicacion,2921,7.22,7.25
Ubicacion,697,CONECTA_CON,Ubicacion,2162,4.89,7.5
Ubicacion,697,CONECTA_CON,Ubicacion,1196,5.11,7.31
Ubicacion,697,CONECTA_CON,Ubicacion,3557,0.6,0.91
Ubicacion,698,CONECTA_CON,Ubicacion,212,4.18,6.56
Ubicacion,698,CONECTA_CON,Ubicacion,3303,3.4,3.82
Ubicacion,698,CONECTA_CON,Ubicacion,4597,0.73,1.39
Ubicacion,699,CONECTA_CON,Ubicacion,4451,6.68,9.23
Ubicacion,699,CONECTA_CON,Ubicacion,2564,9.54,12.05
Ubicacion,699,CONECTA_CON,Ubicacion,2364,7.31,16.23
Ubicacion,700,CONECTA_CON,Ubicacion,4652,3.15,7.9
Ubicacion,700,CONECTA_CON,Ubicacion,4219,7.97,12.42
Ubicacion,700,CONECTA_CON,Ubicacion,1822,3.42,3.71
Ubicacion,701,CONECTA_CON,Ubicacion,1575,1.4,3.27
Ubicacion,701,CONECTA_CON,Ubicacion,2269,6.45,6.54
Ubicacion,701,CONECTA_CON,Ubicacion,3260,6.35,7.7
Ubicacion,702,CONECTA_CON,Ubicacion,2975,5.74,8.65
Ubicacion,702,CONECTA_CON,Ubicacion,3209,7.9,12.12
Ubicacion,702,CONECTA_CON,Ubicacion,1164,9.85,11.42
Ubicacion,703,CONECTA_CON,Ubicacion,3595,1.9,5.05
Ubicacion,703,CONECTA_CON,Ubicacion,2596,3.42,4.67
Ubicacion,703,CONECTA_CON,Ubicacion,1936,2.22,3.25
Ubicacion,704,CONECTA_CON,Ubicacion,2966,3.07,3.73
Ubicacion,704,CONECTA_CON,Ubicacion,2207,7.2,11.31
Ubicacion,704,CONECTA_CON,Ubicacion,1475,7.53,17.21
Ubicacion,705,CONECTA_CON,Ubicacion,4946,6.65,8.71
Ubicacion,705,CONECTA_CON,Ubicacion,2312,8.18,23.0
Ubicacion,705,CONECTA_CON,Ubicacion,1614,2.33,5.69
Ubicacion,706,CONECTA_CON,Ubicacion,1644,5.81,15.08
Ubicacion,706,CONECTA_CON,Ubicacion,444,8.47,10.68
Ubicacion,706,CONECTA_CON,Ubicacion,3739,8.4,18.28
Ubicacion,707,CONECTA_CON,Ubicacion,2056,7.38,8.68
Ubicacion,707,CONECTA_CON,Ubicacion,2711,7.58,7.63
Ubicacion,707,CONECTA_CON,Ubicacion,2954,8.01,13.0
Ubicacion,708,CONECTA_CON,Ubicacion,1124,4.01,4.48
Ubicacion,708,CONECTA_CON,Ubicacion,325,2.15,5.26
Ubicacion,708,CONECTA_CON,Ubicacion,2942,1.54,3.45
Ubicacion,709,CONECTA_CON,Ubicacion,2311,3.63,7.29
Ubicacion,709,CONECTA_CON,Ubicacion,1991,3.15,3.5
Ubicacion,709,CONECTA_CON,Ubicacion,3606,1.75,1.81
Ubicacion,710,CONECTA_CON,Ubicacion,2440,6.91,7.31
Ubicacion,710,CONECTA_CON,Ubicacion,3845,5.81,12.95
Ubicacion,710,CONECTA_CON,Ubicacion,1111,8.25,15.03
Ubicacion,711,CONECTA_CON,Ubicacion,2738,9.54,11.11
Ubicacion,711,CONECTA_CON,Ubicacion,2962,8.3,16.67
Ubicacion,711,CONECTA_CON,Ubicacion,2975,7.39,9.48
Ubicacion,712,CONECTA_CON,Ubicacion,4832,3.1,3.44
Ubicacion,712,CONECTA_CON,Ubicacion,562,7.06,8.1
Ubicacion,712,CONECTA_CON,Ubicacion,4929,2.66,3.72
Ubicacion,713,CONECTA_CON,Ubicacion,4232,8.57,22.11
Ubicacion,713,CONECTA_CON,Ubicacion,4433,9.18,18.29
Ubicacion,713,CONECTA_CON,Ubicacion,1522,5.52,7.53
Ubicacion,714,CONECTA_CON,Ubicacion,3384,9.0,10.47
Ubicacion,714,CONECTA_CON,Ubicacion,2767,4.46,4.58
Ubicacion,714,CONECTA_CON,Ubicacion,3089,4.63,11.01
Ubicacion,715,CONECTA_CON,Ubicacion,1674,4.87,6.93
Ubicacion,715,CONECTA_CON,Ubicacion,4183,1.89,4.48
Ubicacion,715,CONECTA_CON,Ubicacion,176,6.7,10.51
Ubicacion,716,CONECTA_CON,Ubicacion,3870,2.76,2.98
Ubicacion,716,CONECTA_CON,Ubicacion,1488,8.6,11.75
Ubicacion,716,CONECTA_CON,Ubicacion,2932,1.63,3.07
Ubicacion,717,CONECTA_CON,Ubicacion,3839,6.41,14.07
Ubicacion,717,CONECTA_CON,Ubicacion,3072,6.28,8.07
Ubicacion,717,CONECTA_CON,Ubicacion,832,8.94,10.9
Ubicacion,718,CONECTA_CON,Ubicacion,435,9.38,15.78
Ubicacion,718,CONECTA_CON,Ubicacion,3081,6.66,13.73
Ubicacion,718,CONECTA_CON,Ubicacion,2640,9.05,25.75
Ubicacion,719,CONECTA_CON,Ubicacion,4401,6.72,11.32
Ubicacion,719,CONECTA_CON,Ubicacion,1740,7.2,20.21
Ubicacion,719,CONECTA_CON,Ubicacion,4938,6.31,7.46
Ubicacion,720,CONECTA_CON,Ubicacion,4101,1.79,3.14
Ubicacion,720,CONECTA_CON,Ubicacion,3934,6.58,18.4
Ubicacion,720,CONECTA_CON,Ubicacion,2267,4.33,9.17
Ubicacion,721,CONECTA_CON,Ubicacion,4875,5.14,13.96
Ubicacion,721,CONECTA_CON,Ubicacion,4557,4.82,7.73
Ubicacion,721,CONECTA_CON,Ubicacion,4866,5.17,6.12
Ubicacion,722,CONECTA_CON,Ubicacion,4220,3.24,3.68
Ubicacion,722,CONECTA_CON,Ubicacion,1002,4.06,5.62
Ubicacion,722,CONECTA_CON,Ubicacion,4072,1.54,2.32
Ubicacion,723,CONECTA_CON,Ubicacion,873,3.77,5.87
Ubicacion,723,CONECTA_CON,Ubicacion,2499,5.76,12.59
Ubicacion,723,CONECTA_CON,Ubicacion,2979,9.82,16.75
Ubicacion,724,CONECTA_CON,Ubicacion,3512,3.75,6.07
Ubicacion,724,CONECTA_CON,Ubicacion,1277,7.33,8.41
Ubicacion,724,CONECTA_CON,Ubicacion,299,8.24,11.69
Ubicacion,725,CONECTA_CON,Ubicacion,777,9.05,13.69
Ubicacion,725,CONECTA_CON,Ubicacion,2479,5.78,7.95
Ubicacion,725,CONECTA_CON,Ubicacion,473,8.85,13.94
Ubicacion,726,CONECTA_CON,Ubicacion,2466,5.86,7.21
Ubicacion,726,CONECTA_CON,Ubicacion,3476,1.9,4.84
Ubicacion,726,CONECTA_CON,Ubicacion,4611,6.51,7.97
Ubicacion,727,CONECTA_CON,Ubicacion,230,2.95,7.31
Ubicacion,727,CONECTA_CON,Ubicacion,4841,1.45,2.29
Ubicacion,727,CONECTA_CON,Ubicacion,3996,4.53,8.6
Ubicacion,728,CONECTA_CON,Ubicacion,1535,7.18,7.82
Ubicacion,728,CONECTA_CON,Ubicacion,804,1.5,1.86
Ubicacion,728,CONECTA_CON,Ubicacion,1852,9.62,15.45
Ubicacion,729,CONECTA_CON,Ubicacion,3692,2.59,3.56
Ubicacion,729,CONECTA_CON,Ubicacion,188,7.02,10.48
Ubicacion,729,CONECTA_CON,Ubicacion,4161,5.93,6.51
Ubicacion,730,CONECTA_CON,Ubicacion,2006,3.32,4.99
Ubicacion,730,CONECTA_CON,Ubicacion,2996,3.47,5.1
Ubicacion,730,CONECTA_CON,Ubicacion,260,5.46,7.53
Ubicacion,731,CONECTA_CON,Ubicacion,2852,3.52,9.99
Ubicacion,731,CONECTA_CON,Ubicacion,3990,2.14,4.53
Ubicacion,731,CONECTA_CON,Ubicacion,238,7.99,10.41
Ubicacion,732,CONECTA_CON,Ubicacion,4815,8.1,16.89
Ubicacion,732,CONECTA_CON,Ubicacion,1750,9.4,23.42
Ubicacion,732,CONECTA_CON,Ubicacion,2845,1.31,1.89
Ubicacion,733,CONECTA_CON,Ubicacion,4530,8.1,19.83
Ubicacion,733,CONECTA_CON,Ubicacion,4815,6.13,8.81
Ubicacion,733,CONECTA_CON,Ubicacion,4489,1.49,2.94
Ubicacion,734,CONECTA_CON,Ubicacion,968,3.59,5.18
Ubicacion,734,CONECTA_CON,Ubicacion,1681,0.58,1.54
Ubicacion,734,CONECTA_CON,Ubicacion,3040,1.61,1.82
Ubicacion,735,CONECTA_CON,Ubicacion,936,8.08,12.74
Ubicacion,735,CONECTA_CON,Ubicacion,3107,5.78,5.82
Ubicacion,735,CONECTA_CON,Ubicacion,1997,6.29,11.96
Ubicacion,736,CONECTA_CON,Ubicacion,170,4.82,11.57
Ubicacion,736,CONECTA_CON,Ubicacion,1405,1.38,3.29
Ubicacion,736,CONECTA_CON,Ubicacion,2774,9.07,17.11
Ubicacion,737,CONECTA_CON,Ubicacion,153,7.0,17.83
Ubicacion,737,CONECTA_CON,Ubicacion,2721,9.65,13.29
Ubicacion,737,CONECTA_CON,Ubicacion,1816,8.57,9.61
Ubicacion,738,CONECTA_CON,Ubicacion,1210,2.36,6.02
Ubicacion,738,CONECTA_CON,Ubicacion,48,5.35,14.85
Ubicacion,738,CONECTA_CON,Ubicacion,648,5.59,11.74
Ubicacion,739,CONECTA_CON,Ubicacion,4229,8.41,8.89
Ubicacion,739,CONECTA_CON,Ubicacion,935,9.87,11.03
Ubicacion,739,CONECTA_CON,Ubicacion,13,9.07,26.43
Ubicacion,740,CONECTA_CON,Ubicacion,1517,7.15,16.75
Ubicacion,740,CONECTA_CON,Ubicacion,4088,7.7,7.83
Ubicacion,740,CONECTA_CON,Ubicacion,1653,3.29,3.64
Ubicacion,741,CONECTA_CON,Ubicacion,3140,4.86,12.73
Ubicacion,741,CONECTA_CON,Ubicacion,3324,7.28,9.06
Ubicacion,741,CONECTA_CON,Ubicacion,203,2.62,3.09
Ubicacion,742,CONECTA_CON,Ubicacion,3739,5.01,7.02
Ubicacion,742,CONECTA_CON,Ubicacion,1719,5.2,14.31
Ubicacion,742,CONECTA_CON,Ubicacion,967,6.85,7.58
Ubicacion,743,CONECTA_CON,Ubicacion,3883,0.95,1.02
Ubicacion,743,CONECTA_CON,Ubicacion,4020,2.67,5.94
Ubicacion,743,CONECTA_CON,Ubicacion,3356,5.61,11.16
Ubicacion,744,CONECTA_CON,Ubicacion,2589,2.15,3.58
Ubicacion,744,CONECTA_CON,Ubicacion,4504,3.32,3.36
Ubicacion,744,CONECTA_CON,Ubicacion,1407,6.3,6.39
Ubicacion,745,CONECTA_CON,Ubicacion,2316,4.0,5.73
Ubicacion,745,CONECTA_CON,Ubicacion,1439,1.33,2.04
Ubicacion,745,CONECTA_CON,Ubicacion,1292,3.3,4.24
Ubicacion,746,CONECTA_CON,Ubicacion,2017,5.12,5.5
Ubicacion,746,CONECTA_CON,Ubicacion,1846,8.58,13.52
Ubicacion,746,CONECTA_CON,Ubicacion,871,4.52,7.45
Ubicacion,747,CONECTA_CON,Ubicacion,3681,6.66,19.28
Ubicacion,747,CONECTA_CON,Ubicacion,3811,7.95,9.9
Ubicacion,747,CONECTA_CON,Ubicacion,3860,0.93,2.58
Ubicacion,748,CONECTA_CON,Ubicacion,1099,9.29,9.9
Ubicacion,748,CONECTA_CON,Ubicacion,3780,3.46,6.05
Ubicacion,748,CONECTA_CON,Ubicacion,4740,8.54,10.52
Ubicacion,749,CONECTA_CON,Ubicacion,1819,1.08,1.34
Ubicacion,749,CONECTA_CON,Ubicacion,2870,1.8,2.26
Ubicacion,749,CONECTA_CON,Ubicacion,359,9.9,10.58
Ubicacion,750,CONECTA_CON,Ubicacion,1546,5.48,9.2
Ubicacion,750,CONECTA_CON,Ubicacion,2856,3.17,5.13
Ubicacion,750,CONECTA_CON,Ubicacion,2382,7.2,9.37
Ubicacion,751,CONECTA_CON,Ubicacion,3623,6.12,6.47
Ubicacion,751,CONECTA_CON,Ubicacion,890,5.29,7.36
Ubicacion,751,CONECTA_CON,Ubicacion,3235,3.07,5.66
Ubicacion,752,CONECTA_CON,Ubicacion,3157,8.23,13.69
Ubicacion,752,CONECTA_CON,Ubicacion,1160,8.41,8.5
Ubicacion,752,CONECTA_CON,Ubicacion,3148,2.14,3.38
Ubicacion,753,CONECTA_CON,Ubicacion,3767,6.3,6.82
Ubicacion,753,CONECTA_CON,Ubicacion,1569,2.43,2.54
Ubicacion,753,CONECTA_CON,Ubicacion,61,9.65,11.02
Ubicacion,754,CONECTA_CON,Ubicacion,2958,3.71,5.92
Ubicacion,754,CONECTA_CON,Ubicacion,1443,1.53,1.65
Ubicacion,754,CONECTA_CON,Ubicacion,725,4.0,5.2
Ubicacion,755,CONECTA_CON,Ubicacion,650,8.42,9.26
Ubicacion,755,CONECTA_CON,Ubicacion,1043,0.59,1.27
Ubicacion,755,CONECTA_CON,Ubicacion,3710,9.47,20.71
Ubicacion,756,CONECTA_CON,Ubicacion,250,1.5,4.08
Ubicacion,756,CONECTA_CON,Ubicacion,3053,8.44,13.63
Ubicacion,756,CONECTA_CON,Ubicacion,1760,4.98,13.84
Ubicacion,757,CONECTA_CON,Ubicacion,3147,2.5,4.29
Ubicacion,757,CONECTA_CON,Ubicacion,3617,8.74,21.25
Ubicacion,757,CONECTA_CON,Ubicacion,3593,4.29,6.64
Ubicacion,758,CONECTA_CON,Ubicacion,2570,7.94,17.01
Ubicacion,758,CONECTA_CON,Ubicacion,3848,6.61,6.95
Ubicacion,758,CONECTA_CON,Ubicacion,351,4.01,4.52
Ubicacion,759,CONECTA_CON,Ubicacion,2599,1.17,1.36
Ubicacion,759,CONECTA_CON,Ubicacion,4199,8.62,13.45
Ubicacion,759,CONECTA_CON,Ubicacion,3684,8.15,8.86
Ubicacion,760,CONECTA_CON,Ubicacion,356,3.93,3.99
Ubicacion,760,CONECTA_CON,Ubicacion,3518,3.74,8.3
Ubicacion,760,CONECTA_CON,Ubicacion,197,1.97,2.13
Ubicacion,761,CONECTA_CON,Ubicacion,2539,9.54,15.45
Ubicacion,761,CONECTA_CON,Ubicacion,2108,3.27,3.91
Ubicacion,761,CONECTA_CON,Ubicacion,4828,8.26,22.77
Ubicacion,762,CONECTA_CON,Ubicacion,4777,7.27,7.6
Ubicacion,762,CONECTA_CON,Ubicacion,984,4.89,11.71
Ubicacion,762,CONECTA_CON,Ubicacion,1056,3.03,7.16
Ubicacion,763,CONECTA_CON,Ubicacion,567,8.89,11.31
Ubicacion,763,CONECTA_CON,Ubicacion,15,7.13,19.66
Ubicacion,763,CONECTA_CON,Ubicacion,3896,3.53,4.74
Ubicacion,764,CONECTA_CON,Ubicacion,1101,0.97,1.23
Ubicacion,764,CONECTA_CON,Ubicacion,352,7.5,11.11
Ubicacion,764,CONECTA_CON,Ubicacion,2271,6.12,17.42
Ubicacion,765,CONECTA_CON,Ubicacion,3022,1.31,1.91
Ubicacion,765,CONECTA_CON,Ubicacion,3520,1.64,2.25
Ubicacion,765,CONECTA_CON,Ubicacion,1062,1.34,3.59
Ubicacion,766,CONECTA_CON,Ubicacion,2167,1.71,2.74
Ubicacion,766,CONECTA_CON,Ubicacion,3163,8.79,17.52
Ubicacion,766,CONECTA_CON,Ubicacion,564,8.73,11.5
Ubicacion,767,CONECTA_CON,Ubicacion,2769,2.65,4.21
Ubicacion,767,CONECTA_CON,Ubicacion,3739,9.8,27.33
Ubicacion,767,CONECTA_CON,Ubicacion,3624,9.61,18.54
Ubicacion,768,CONECTA_CON,Ubicacion,4306,7.26,8.8
Ubicacion,768,CONECTA_CON,Ubicacion,135,9.72,20.89
Ubicacion,768,CONECTA_CON,Ubicacion,4097,5.03,11.62
Ubicacion,769,CONECTA_CON,Ubicacion,4448,7.24,8.4
Ubicacion,769,CONECTA_CON,Ubicacion,547,5.74,13.94
Ubicacion,769,CONECTA_CON,Ubicacion,4385,2.36,2.68
Ubicacion,770,CONECTA_CON,Ubicacion,3997,9.39,18.98
Ubicacion,770,CONECTA_CON,Ubicacion,670,0.75,1.88
Ubicacion,770,CONECTA_CON,Ubicacion,1224,7.42,9.55
Ubicacion,771,CONECTA_CON,Ubicacion,1098,1.46,1.85
Ubicacion,771,CONECTA_CON,Ubicacion,231,2.4,5.13
Ubicacion,771,CONECTA_CON,Ubicacion,1636,0.91,1.29
Ubicacion,772,CONECTA_CON,Ubicacion,4216,6.86,10.09
Ubicacion,772,CONECTA_CON,Ubicacion,4887,9.27,19.66
Ubicacion,772,CONECTA_CON,Ubicacion,3708,8.21,13.6
Ubicacion,773,CONECTA_CON,Ubicacion,1184,0.84,1.15
Ubicacion,773,CONECTA_CON,Ubicacion,695,4.58,8.29
Ubicacion,773,CONECTA_CON,Ubicacion,1181,2.28,3.02
Ubicacion,774,CONECTA_CON,Ubicacion,2007,1.39,1.78
Ubicacion,774,CONECTA_CON,Ubicacion,1388,3.53,6.8
Ubicacion,774,CONECTA_CON,Ubicacion,144,1.9,2.0
Ubicacion,775,CONECTA_CON,Ubicacion,3250,5.49,7.65
Ubicacion,775,CONECTA_CON,Ubicacion,3010,2.12,2.4
Ubicacion,775,CONECTA_CON,Ubicacion,3859,3.77,9.11
Ubicacion,776,CONECTA_CON,Ubicacion,3226,3.05,3.82
Ubicacion,776,CONECTA_CON,Ubicacion,2054,1.55,3.49
Ubicacion,776,CONECTA_CON,Ubicacion,2085,4.32,5.0
Ubicacion,777,CONECTA_CON,Ubicacion,2201,3.52,4.43
Ubicacion,777,CONECTA_CON,Ubicacion,2456,4.44,9.87
Ubicacion,777,CONECTA_CON,Ubicacion,2485,4.84,7.51
Ubicacion,778,CONECTA_CON,Ubicacion,4892,8.37,16.24
Ubicacion,778,CONECTA_CON,Ubicacion,3862,7.36,12.21
Ubicacion,778,CONECTA_CON,Ubicacion,3849,2.62,3.27
Ubicacion,779,CONECTA_CON,Ubicacion,1515,7.76,13.94
Ubicacion,779,CONECTA_CON,Ubicacion,3055,0.79,1.26
Ubicacion,779,CONECTA_CON,Ubicacion,3071,1.88,3.1
Ubicacion,780,CONECTA_CON,Ubicacion,754,2.09,2.52
Ubicacion,780,CONECTA_CON,Ubicacion,3248,5.53,7.74
Ubicacion,780,CONECTA_CON,Ubicacion,4441,5.82,7.08
Ubicacion,781,CONECTA_CON,Ubicacion,579,9.39,11.96
Ubicacion,781,CONECTA_CON,Ubicacion,3195,4.73,4.77
Ubicacion,781,CONECTA_CON,Ubicacion,2277,9.76,12.18
Ubicacion,782,CONECTA_CON,Ubicacion,537,2.79,4.57
Ubicacion,782,CONECTA_CON,Ubicacion,365,7.25,7.98
Ubicacion,782,CONECTA_CON,Ubicacion,2437,2.82,2.95
Ubicacion,783,CONECTA_CON,Ubicacion,2564,8.55,14.33
Ubicacion,783,CONECTA_CON,Ubicacion,3373,8.88,14.12
Ubicacion,783,CONECTA_CON,Ubicacion,3545,1.59,3.94
Ubicacion,784,CONECTA_CON,Ubicacion,2751,5.52,10.52
Ubicacion,784,CONECTA_CON,Ubicacion,824,9.83,14.65
Ubicacion,784,CONECTA_CON,Ubicacion,4680,3.58,9.46
Ubicacion,785,CONECTA_CON,Ubicacion,4450,4.01,10.66
Ubicacion,785,CONECTA_CON,Ubicacion,2524,3.41,4.81
Ubicacion,785,CONECTA_CON,Ubicacion,2287,8.54,10.56
Ubicacion,786,CONECTA_CON,Ubicacion,1321,5.21,8.47
Ubicacion,786,CONECTA_CON,Ubicacion,4781,3.48,5.93
Ubicacion,786,CONECTA_CON,Ubicacion,239,8.64,11.03
Ubicacion,787,CONECTA_CON,Ubicacion,3570,0.9,1.1
Ubicacion,787,CONECTA_CON,Ubicacion,2501,1.79,2.48
Ubicacion,787,CONECTA_CON,Ubicacion,4556,7.01,9.57
Ubicacion,788,CONECTA_CON,Ubicacion,2332,4.18,6.13
Ubicacion,788,CONECTA_CON,Ubicacion,3182,0.69,0.7
Ubicacion,788,CONECTA_CON,Ubicacion,1952,9.44,12.3
Ubicacion,789,CONECTA_CON,Ubicacion,3771,1.71,5.04
Ubicacion,789,CONECTA_CON,Ubicacion,1834,2.32,2.57
Ubicacion,789,CONECTA_CON,Ubicacion,536,7.81,10.28
Ubicacion,790,CONECTA_CON,Ubicacion,3278,7.75,11.2
Ubicacion,790,CONECTA_CON,Ubicacion,3275,8.59,10.65
Ubicacion,790,CONECTA_CON,Ubicacion,1226,3.52,4.0
Ubicacion,791,CONECTA_CON,Ubicacion,3145,4.45,5.87
Ubicacion,791,CONECTA_CON,Ubicacion,1949,5.77,8.98
Ubicacion,791,CONECTA_CON,Ubicacion,122,9.17,17.13
Ubicacion,792,CONECTA_CON,Ubicacion,3736,2.88,7.45
Ubicacion,792,CONECTA_CON,Ubicacion,3482,7.81,16.44
Ubicacion,792,CONECTA_CON,Ubicacion,4911,5.22,13.66
Ubicacion,793,CONECTA_CON,Ubicacion,4144,6.43,14.07
Ubicacion,793,CONECTA_CON,Ubicacion,1786,1.21,1.72
Ubicacion,793,CONECTA_CON,Ubicacion,2877,8.04,8.32
Ubicacion,794,CONECTA_CON,Ubicacion,1760,3.06,3.44
Ubicacion,794,CONECTA_CON,Ubicacion,2483,6.73,13.33
Ubicacion,794,CONECTA_CON,Ubicacion,2265,9.82,10.33
Ubicacion,795,CONECTA_CON,Ubicacion,218,8.86,19.82
Ubicacion,795,CONECTA_CON,Ubicacion,1606,9.38,16.93
Ubicacion,795,CONECTA_CON,Ubicacion,4655,9.18,24.89
Ubicacion,796,CONECTA_CON,Ubicacion,2795,5.87,13.4
Ubicacion,796,CONECTA_CON,Ubicacion,85,3.2,4.01
Ubicacion,796,CONECTA_CON,Ubicacion,1255,3.83,7.85
Ubicacion,797,CONECTA_CON,Ubicacion,2209,8.23,11.93
Ubicacion,797,CONECTA_CON,Ubicacion,4448,1.81,2.79
Ubicacion,797,CONECTA_CON,Ubicacion,3037,7.44,11.11
Ubicacion,798,CONECTA_CON,Ubicacion,3146,1.82,2.97
Ubicacion,798,CONECTA_CON,Ubicacion,2876,2.26,2.57
Ubicacion,798,CONECTA_CON,Ubicacion,1783,6.8,16.66
Ubicacion,799,CONECTA_CON,Ubicacion,679,8.34,9.02
Ubicacion,799,CONECTA_CON,Ubicacion,3938,0.87,1.33
Ubicacion,799,CONECTA_CON,Ubicacion,2566,8.75,9.89
Ubicacion,800,CONECTA_CON,Ubicacion,2097,9.77,22.52
Ubicacion,800,CONECTA_CON,Ubicacion,1161,6.44,6.77
Ubicacion,800,CONECTA_CON,Ubicacion,4294,9.46,12.37
Ubicacion,801,CONECTA_CON,Ubicacion,1414,0.78,1.01
Ubicacion,801,CONECTA_CON,Ubicacion,522,8.19,19.34
Ubicacion,801,CONECTA_CON,Ubicacion,1429,0.78,0.9
Ubicacion,802,CONECTA_CON,Ubicacion,3140,4.79,6.99
Ubicacion,802,CONECTA_CON,Ubicacion,2033,3.92,4.7
Ubicacion,802,CONECTA_CON,Ubicacion,3373,3.95,8.59
Ubicacion,803,CONECTA_CON,Ubicacion,2492,4.03,11.14
Ubicacion,803,CONECTA_CON,Ubicacion,1539,8.82,11.41
Ubicacion,803,CONECTA_CON,Ubicacion,4193,3.48,3.66
Ubicacion,804,CONECTA_CON,Ubicacion,2522,3.93,10.23
Ubicacion,804,CONECTA_CON,Ubicacion,3934,6.89,6.99
Ubicacion,804,CONECTA_CON,Ubicacion,4342,6.49,13.88
Ubicacion,805,CONECTA_CON,Ubicacion,668,0.95,1.2
Ubicacion,805,CONECTA_CON,Ubicacion,4641,0.81,0.83
Ubicacion,805,CONECTA_CON,Ubicacion,2542,1.84,4.93
Ubicacion,806,CONECTA_CON,Ubicacion,2058,9.59,10.86
Ubicacion,806,CONECTA_CON,Ubicacion,4677,8.64,10.57
Ubicacion,806,CONECTA_CON,Ubicacion,377,6.28,8.9
Ubicacion,807,CONECTA_CON,Ubicacion,1074,3.63,7.12
Ubicacion,807,CONECTA_CON,Ubicacion,2913,2.36,3.04
Ubicacion,807,CONECTA_CON,Ubicacion,4743,9.63,21.39
Ubicacion,808,CONECTA_CON,Ubicacion,2220,5.5,6.09
Ubicacion,808,CONECTA_CON,Ubicacion,4379,8.46,8.63
Ubicacion,808,CONECTA_CON,Ubicacion,2317,7.81,13.97
Ubicacion,809,CONECTA_CON,Ubicacion,2042,9.71,26.13
Ubicacion,809,CONECTA_CON,Ubicacion,2474,3.08,6.43
Ubicacion,809,CONECTA_CON,Ubicacion,171,4.15,10.97
Ubicacion,810,CONECTA_CON,Ubicacion,4742,6.43,11.26
Ubicacion,810,CONECTA_CON,Ubicacion,827,0.84,0.97
Ubicacion,810,CONECTA_CON,Ubicacion,1263,9.52,22.64
Ubicacion,811,CONECTA_CON,Ubicacion,2950,0.97,1.0
Ubicacion,811,CONECTA_CON,Ubicacion,2020,6.2,7.03
Ubicacion,811,CONECTA_CON,Ubicacion,3869,7.25,8.05
Ubicacion,812,CONECTA_CON,Ubicacion,1147,8.03,14.8
Ubicacion,812,CONECTA_CON,Ubicacion,2243,9.02,9.41
Ubicacion,812,CONECTA_CON,Ubicacion,3231,7.06,7.5
Ubicacion,813,CONECTA_CON,Ubicacion,4888,9.6,25.56
Ubicacion,813,CONECTA_CON,Ubicacion,3104,7.44,8.5
Ubicacion,813,CONECTA_CON,Ubicacion,2769,4.14,7.63
Ubicacion,814,CONECTA_CON,Ubicacion,3144,2.74,7.47
Ubicacion,814,CONECTA_CON,Ubicacion,784,5.9,6.86
Ubicacion,814,CONECTA_CON,Ubicacion,1833,8.04,9.42
Ubicacion,815,CONECTA_CON,Ubicacion,2517,8.23,12.68
Ubicacion,815,CONECTA_CON,Ubicacion,2292,8.45,9.62
Ubicacion,815,CONECTA_CON,Ubicacion,1557,9.02,15.68
Ubicacion,816,CONECTA_CON,Ubicacion,621,4.2,7.13
Ubicacion,816,CONECTA_CON,Ubicacion,4170,5.06,10.71
Ubicacion,816,CONECTA_CON,Ubicacion,3954,3.91,5.94
Ubicacion,817,CONECTA_CON,Ubicacion,2398,4.52,9.0
Ubicacion,817,CONECTA_CON,Ubicacion,4365,9.84,27.43
Ubicacion,817,CONECTA_CON,Ubicacion,4016,2.08,2.15
Ubicacion,818,CONECTA_CON,Ubicacion,1430,6.98,12.37
Ubicacion,818,CONECTA_CON,Ubicacion,2428,4.87,12.11
Ubicacion,818,CONECTA_CON,Ubicacion,331,0.78,1.88
Ubicacion,819,CONECTA_CON,Ubicacion,4958,2.14,2.53
Ubicacion,819,CONECTA_CON,Ubicacion,4158,6.81,15.93
Ubicacion,819,CONECTA_CON,Ubicacion,3591,3.02,7.93
Ubicacion,820,CONECTA_CON,Ubicacion,2346,6.79,7.79
Ubicacion,820,CONECTA_CON,Ubicacion,1841,8.3,12.27
Ubicacion,820,CONECTA_CON,Ubicacion,3293,9.95,20.89
Ubicacion,821,CONECTA_CON,Ubicacion,2665,9.53,14.34
Ubicacion,821,CONECTA_CON,Ubicacion,647,6.65,12.55
Ubicacion,821,CONECTA_CON,Ubicacion,1554,6.07,13.49
Ubicacion,822,CONECTA_CON,Ubicacion,3951,5.6,6.78
Ubicacion,822,CONECTA_CON,Ubicacion,902,5.06,8.6
Ubicacion,822,CONECTA_CON,Ubicacion,167,7.85,12.52
Ubicacion,823,CONECTA_CON,Ubicacion,2961,5.24,5.37
Ubicacion,823,CONECTA_CON,Ubicacion,4028,9.93,10.97
Ubicacion,823,CONECTA_CON,Ubicacion,1490,1.48,3.27
Ubicacion,824,CONECTA_CON,Ubicacion,1632,6.62,13.06
Ubicacion,824,CONECTA_CON,Ubicacion,4316,5.39,5.84
Ubicacion,824,CONECTA_CON,Ubicacion,2840,3.48,6.01
Ubicacion,825,CONECTA_CON,Ubicacion,2660,3.89,6.8
Ubicacion,825,CONECTA_CON,Ubicacion,4775,6.23,10.51
Ubicacion,825,CONECTA_CON,Ubicacion,797,3.65,4.39
Ubicacion,826,CONECTA_CON,Ubicacion,4776,2.24,2.76
Ubicacion,826,CONECTA_CON,Ubicacion,4968,2.12,3.8
Ubicacion,826,CONECTA_CON,Ubicacion,4783,2.37,5.9
Ubicacion,827,CONECTA_CON,Ubicacion,4311,5.8,7.96
Ubicacion,827,CONECTA_CON,Ubicacion,2733,6.09,6.39
Ubicacion,827,CONECTA_CON,Ubicacion,2698,9.21,10.54
Ubicacion,828,CONECTA_CON,Ubicacion,3959,4.58,4.75
Ubicacion,828,CONECTA_CON,Ubicacion,4033,4.41,10.46
Ubicacion,828,CONECTA_CON,Ubicacion,587,0.78,1.84
Ubicacion,829,CONECTA_CON,Ubicacion,1880,4.25,6.67
Ubicacion,829,CONECTA_CON,Ubicacion,708,9.39,10.84
Ubicacion,829,CONECTA_CON,Ubicacion,1734,4.71,7.37
Ubicacion,830,CONECTA_CON,Ubicacion,2852,3.88,10.25
Ubicacion,830,CONECTA_CON,Ubicacion,714,9.17,9.21
Ubicacion,830,CONECTA_CON,Ubicacion,1523,0.66,0.74
Ubicacion,831,CONECTA_CON,Ubicacion,4581,4.03,5.68
Ubicacion,831,CONECTA_CON,Ubicacion,3616,2.11,2.18
Ubicacion,831,CONECTA_CON,Ubicacion,448,7.51,9.27
Ubicacion,832,CONECTA_CON,Ubicacion,808,2.5,2.91
Ubicacion,832,CONECTA_CON,Ubicacion,3894,4.35,4.5
Ubicacion,832,CONECTA_CON,Ubicacion,54,3.68,3.81
Ubicacion,833,CONECTA_CON,Ubicacion,2212,8.2,8.99
Ubicacion,833,CONECTA_CON,Ubicacion,4000,0.51,0.51
Ubicacion,833,CONECTA_CON,Ubicacion,2959,7.66,8.33
Ubicacion,834,CONECTA_CON,Ubicacion,4883,0.66,1.11
Ubicacion,834,CONECTA_CON,Ubicacion,3721,1.38,2.81
Ubicacion,834,CONECTA_CON,Ubicacion,1747,2.17,5.85
Ubicacion,835,CONECTA_CON,Ubicacion,2833,4.33,4.48
Ubicacion,835,CONECTA_CON,Ubicacion,682,9.75,12.56
Ubicacion,835,CONECTA_CON,Ubicacion,2408,8.86,14.39
Ubicacion,836,CONECTA_CON,Ubicacion,1276,8.36,11.58
Ubicacion,836,CONECTA_CON,Ubicacion,416,3.12,4.8
Ubicacion,836,CONECTA_CON,Ubicacion,2981,0.72,0.87
Ubicacion,837,CONECTA_CON,Ubicacion,3634,0.68,1.41
Ubicacion,837,CONECTA_CON,Ubicacion,1899,4.7,7.96
Ubicacion,837,CONECTA_CON,Ubicacion,1425,8.88,26.41
Ubicacion,838,CONECTA_CON,Ubicacion,648,3.47,9.98
Ubicacion,838,CONECTA_CON,Ubicacion,1490,2.34,4.32
Ubicacion,838,CONECTA_CON,Ubicacion,2891,2.61,6.51
Ubicacion,839,CONECTA_CON,Ubicacion,2295,7.91,8.94
Ubicacion,839,CONECTA_CON,Ubicacion,694,6.18,9.29
Ubicacion,839,CONECTA_CON,Ubicacion,1299,8.39,21.66
Ubicacion,840,CONECTA_CON,Ubicacion,3150,0.76,0.83
Ubicacion,840,CONECTA_CON,Ubicacion,4560,9.5,10.61
Ubicacion,840,CONECTA_CON,Ubicacion,1678,7.1,12.8
Ubicacion,841,CONECTA_CON,Ubicacion,601,7.02,10.12
Ubicacion,841,CONECTA_CON,Ubicacion,4714,3.36,8.38
Ubicacion,841,CONECTA_CON,Ubicacion,3851,4.28,12.72
Ubicacion,842,CONECTA_CON,Ubicacion,3769,0.7,0.73
Ubicacion,842,CONECTA_CON,Ubicacion,4596,6.02,9.77
Ubicacion,842,CONECTA_CON,Ubicacion,4576,8.69,11.13
Ubicacion,843,CONECTA_CON,Ubicacion,3161,2.76,4.61
Ubicacion,843,CONECTA_CON,Ubicacion,1461,8.37,12.72
Ubicacion,843,CONECTA_CON,Ubicacion,1807,3.67,10.52
Ubicacion,844,CONECTA_CON,Ubicacion,2697,3.51,7.38
Ubicacion,844,CONECTA_CON,Ubicacion,2189,6.64,15.8
Ubicacion,844,CONECTA_CON,Ubicacion,2630,0.53,0.84
Ubicacion,845,CONECTA_CON,Ubicacion,4224,8.21,9.69
Ubicacion,845,CONECTA_CON,Ubicacion,2009,6.8,9.48
Ubicacion,845,CONECTA_CON,Ubicacion,848,2.03,2.86
Ubicacion,846,CONECTA_CON,Ubicacion,843,6.54,10.16
Ubicacion,846,CONECTA_CON,Ubicacion,1076,5.9,9.27
Ubicacion,846,CONECTA_CON,Ubicacion,4560,9.29,15.8
Ubicacion,847,CONECTA_CON,Ubicacion,366,9.34,9.39
Ubicacion,847,CONECTA_CON,Ubicacion,4109,9.43,9.62
Ubicacion,847,CONECTA_CON,Ubicacion,4273,1.42,3.32
Ubicacion,848,CONECTA_CON,Ubicacion,3893,6.48,12.14
Ubicacion,848,CONECTA_CON,Ubicacion,2615,2.92,4.86
Ubicacion,848,CONECTA_CON,Ubicacion,870,2.22,2.53
Ubicacion,849,CONECTA_CON,Ubicacion,3230,7.04,10.4
Ubicacion,849,CONECTA_CON,Ubicacion,3236,8.14,8.76
Ubicacion,849,CONECTA_CON,Ubicacion,214,8.71,13.12
Ubicacion,850,CONECTA_CON,Ubicacion,1813,3.72,5.9
Ubicacion,850,CONECTA_CON,Ubicacion,3635,9.93,10.52
Ubicacion,850,CONECTA_CON,Ubicacion,1570,3.08,4.39
Ubicacion,851,CONECTA_CON,Ubicacion,1157,5.7,7.24
Ubicacion,851,CONECTA_CON,Ubicacion,1065,7.92,20.22
Ubicacion,851,CONECTA_CON,Ubicacion,2588,1.06,1.39
Ubicacion,852,CONECTA_CON,Ubicacion,3552,6.1,10.67
Ubicacion,852,CONECTA_CON,Ubicacion,184,5.92,6.81
Ubicacion,852,CONECTA_CON,Ubicacion,3626,0.97,1.13
Ubicacion,853,CONECTA_CON,Ubicacion,4706,3.74,6.62
Ubicacion,853,CONECTA_CON,Ubicacion,1878,8.09,21.29
Ubicacion,853,CONECTA_CON,Ubicacion,4805,3.32,7.24
Ubicacion,854,CONECTA_CON,Ubicacion,3345,8.31,13.43
Ubicacion,854,CONECTA_CON,Ubicacion,1034,6.48,6.96
Ubicacion,854,CONECTA_CON,Ubicacion,318,9.02,17.13
Ubicacion,855,CONECTA_CON,Ubicacion,4969,4.31,12.72
Ubicacion,855,CONECTA_CON,Ubicacion,2747,3.73,7.37
Ubicacion,855,CONECTA_CON,Ubicacion,4193,4.91,5.5
Ubicacion,856,CONECTA_CON,Ubicacion,4625,8.73,17.08
Ubicacion,856,CONECTA_CON,Ubicacion,1367,1.11,2.45
Ubicacion,856,CONECTA_CON,Ubicacion,1636,0.71,1.85
Ubicacion,857,CONECTA_CON,Ubicacion,3484,4.7,7.47
Ubicacion,857,CONECTA_CON,Ubicacion,112,9.1,10.42
Ubicacion,857,CONECTA_CON,Ubicacion,1640,1.05,2.02
Ubicacion,858,CONECTA_CON,Ubicacion,4467,1.39,1.46
Ubicacion,858,CONECTA_CON,Ubicacion,1284,9.8,22.35
Ubicacion,858,CONECTA_CON,Ubicacion,458,2.55,4.62
Ubicacion,859,CONECTA_CON,Ubicacion,4918,2.29,4.44
Ubicacion,859,CONECTA_CON,Ubicacion,1659,4.55,4.88
Ubicacion,859,CONECTA_CON,Ubicacion,1924,4.59,9.71
Ubicacion,860,CONECTA_CON,Ubicacion,3166,7.41,19.27
Ubicacion,860,CONECTA_CON,Ubicacion,664,3.43,4.31
Ubicacion,860,CONECTA_CON,Ubicacion,1638,8.22,9.17
Ubicacion,861,CONECTA_CON,Ubicacion,1190,2.58,3.25
Ubicacion,861,CONECTA_CON,Ubicacion,4248,9.01,9.15
Ubicacion,861,CONECTA_CON,Ubicacion,3257,2.86,3.44
Ubicacion,862,CONECTA_CON,Ubicacion,3100,5.24,6.17
Ubicacion,862,CONECTA_CON,Ubicacion,1012,4.89,5.69
Ubicacion,862,CONECTA_CON,Ubicacion,2227,9.44,9.73
Ubicacion,863,CONECTA_CON,Ubicacion,4864,8.3,9.15
Ubicacion,863,CONECTA_CON,Ubicacion,1892,7.35,13.43
Ubicacion,863,CONECTA_CON,Ubicacion,1003,8.98,16.06
Ubicacion,864,CONECTA_CON,Ubicacion,1078,3.09,5.61
Ubicacion,864,CONECTA_CON,Ubicacion,4604,2.81,3.82
Ubicacion,864,CONECTA_CON,Ubicacion,1551,8.73,12.97
Ubicacion,865,CONECTA_CON,Ubicacion,1733,0.71,1.34
Ubicacion,865,CONECTA_CON,Ubicacion,395,7.39,7.87
Ubicacion,865,CONECTA_CON,Ubicacion,3697,9.16,9.52
Ubicacion,866,CONECTA_CON,Ubicacion,913,5.4,9.61
Ubicacion,866,CONECTA_CON,Ubicacion,2442,4.86,11.38
Ubicacion,866,CONECTA_CON,Ubicacion,2401,2.99,3.37
Ubicacion,867,CONECTA_CON,Ubicacion,591,4.04,4.69
Ubicacion,867,CONECTA_CON,Ubicacion,3520,1.73,2.42
Ubicacion,867,CONECTA_CON,Ubicacion,3477,5.12,6.07
Ubicacion,868,CONECTA_CON,Ubicacion,3504,5.41,5.58
Ubicacion,868,CONECTA_CON,Ubicacion,3473,3.9,4.08
Ubicacion,868,CONECTA_CON,Ubicacion,3448,3.36,5.41
Ubicacion,869,CONECTA_CON,Ubicacion,981,2.54,6.67
Ubicacion,869,CONECTA_CON,Ubicacion,1561,2.65,3.34
Ubicacion,869,CONECTA_CON,Ubicacion,660,9.19,20.15
Ubicacion,870,CONECTA_CON,Ubicacion,2356,6.88,6.88
Ubicacion,870,CONECTA_CON,Ubicacion,2690,8.67,14.48
Ubicacion,870,CONECTA_CON,Ubicacion,276,3.81,5.12
Ubicacion,871,CONECTA_CON,Ubicacion,2508,8.62,12.02
Ubicacion,871,CONECTA_CON,Ubicacion,723,4.51,5.99
Ubicacion,871,CONECTA_CON,Ubicacion,2099,8.86,12.8
Ubicacion,872,CONECTA_CON,Ubicacion,670,4.12,9.66
Ubicacion,872,CONECTA_CON,Ubicacion,3219,6.56,9.69
Ubicacion,872,CONECTA_CON,Ubicacion,3741,7.42,15.23
Ubicacion,873,CONECTA_CON,Ubicacion,4667,9.77,12.3
Ubicacion,873,CONECTA_CON,Ubicacion,2106,7.23,8.79
Ubicacion,873,CONECTA_CON,Ubicacion,3281,5.26,9.33
Ubicacion,874,CONECTA_CON,Ubicacion,2480,5.5,6.33
Ubicacion,874,CONECTA_CON,Ubicacion,4583,5.52,7.17
Ubicacion,874,CONECTA_CON,Ubicacion,2851,9.24,12.99
Ubicacion,875,CONECTA_CON,Ubicacion,3313,4.32,4.5
Ubicacion,875,CONECTA_CON,Ubicacion,1750,5.57,6.18
Ubicacion,875,CONECTA_CON,Ubicacion,3249,0.6,0.77
Ubicacion,876,CONECTA_CON,Ubicacion,76,9.24,11.8
Ubicacion,876,CONECTA_CON,Ubicacion,1220,7.9,10.82
Ubicacion,876,CONECTA_CON,Ubicacion,3063,4.84,12.01
Ubicacion,877,CONECTA_CON,Ubicacion,1702,0.85,1.3
Ubicacion,877,CONECTA_CON,Ubicacion,2492,7.48,18.11
Ubicacion,877,CONECTA_CON,Ubicacion,2415,1.1,2.29
Ubicacion,878,CONECTA_CON,Ubicacion,1911,8.28,11.16
Ubicacion,878,CONECTA_CON,Ubicacion,2116,6.57,7.39
Ubicacion,878,CONECTA_CON,Ubicacion,12,8.81,9.01
Ubicacion,879,CONECTA_CON,Ubicacion,823,6.88,7.83
Ubicacion,879,CONECTA_CON,Ubicacion,518,5.85,12.57
Ubicacion,879,CONECTA_CON,Ubicacion,3530,3.69,4.58
Ubicacion,880,CONECTA_CON,Ubicacion,4287,6.05,13.19
Ubicacion,880,CONECTA_CON,Ubicacion,3988,7.98,13.55
Ubicacion,880,CONECTA_CON,Ubicacion,1035,3.78,10.7
Ubicacion,881,CONECTA_CON,Ubicacion,1177,5.7,8.19
Ubicacion,881,CONECTA_CON,Ubicacion,118,9.8,10.53
Ubicacion,881,CONECTA_CON,Ubicacion,4107,0.83,1.98
Ubicacion,882,CONECTA_CON,Ubicacion,758,2.11,4.68
Ubicacion,882,CONECTA_CON,Ubicacion,3192,5.95,8.16
Ubicacion,882,CONECTA_CON,Ubicacion,3052,6.57,7.9
Ubicacion,883,CONECTA_CON,Ubicacion,2771,6.87,8.07
Ubicacion,883,CONECTA_CON,Ubicacion,3161,9.08,14.12
Ubicacion,883,CONECTA_CON,Ubicacion,1217,1.15,1.21
Ubicacion,884,CONECTA_CON,Ubicacion,3833,1.75,2.51
Ubicacion,884,CONECTA_CON,Ubicacion,4323,5.66,11.63
Ubicacion,884,CONECTA_CON,Ubicacion,3290,8.28,11.25
Ubicacion,885,CONECTA_CON,Ubicacion,4129,6.26,9.39
Ubicacion,885,CONECTA_CON,Ubicacion,4694,7.71,10.8
Ubicacion,885,CONECTA_CON,Ubicacion,2284,2.19,2.21
Ubicacion,886,CONECTA_CON,Ubicacion,709,6.29,10.7
Ubicacion,886,CONECTA_CON,Ubicacion,1450,9.83,13.48
Ubicacion,886,CONECTA_CON,Ubicacion,4923,2.13,2.55
Ubicacion,887,CONECTA_CON,Ubicacion,4701,9.13,20.39
Ubicacion,887,CONECTA_CON,Ubicacion,4194,3.9,6.36
Ubicacion,887,CONECTA_CON,Ubicacion,1727,0.62,0.67
Ubicacion,888,CONECTA_CON,Ubicacion,2095,9.31,15.77
Ubicacion,888,CONECTA_CON,Ubicacion,3387,5.23,12.17
Ubicacion,888,CONECTA_CON,Ubicacion,3259,9.57,11.22
Ubicacion,889,CONECTA_CON,Ubicacion,4910,7.11,7.63
Ubicacion,889,CONECTA_CON,Ubicacion,2527,3.05,6.48
Ubicacion,889,CONECTA_CON,Ubicacion,4338,7.01,15.92
Ubicacion,890,CONECTA_CON,Ubicacion,3411,2.88,7.83
Ubicacion,890,CONECTA_CON,Ubicacion,3422,2.57,3.57
Ubicacion,890,CONECTA_CON,Ubicacion,1375,9.27,14.42
Ubicacion,891,CONECTA_CON,Ubicacion,4315,9.21,19.71
Ubicacion,891,CONECTA_CON,Ubicacion,3781,2.78,6.47
Ubicacion,891,CONECTA_CON,Ubicacion,3027,6.25,13.85
Ubicacion,892,CONECTA_CON,Ubicacion,3757,2.39,7.15
Ubicacion,892,CONECTA_CON,Ubicacion,1985,9.67,15.46
Ubicacion,892,CONECTA_CON,Ubicacion,3508,3.97,9.69
Ubicacion,893,CONECTA_CON,Ubicacion,524,8.48,11.7
Ubicacion,893,CONECTA_CON,Ubicacion,2149,1.17,3.5
Ubicacion,893,CONECTA_CON,Ubicacion,1312,4.09,4.21
Ubicacion,894,CONECTA_CON,Ubicacion,2902,4.67,11.47
Ubicacion,894,CONECTA_CON,Ubicacion,3015,3.09,5.28
Ubicacion,894,CONECTA_CON,Ubicacion,3857,8.66,9.6
Ubicacion,895,CONECTA_CON,Ubicacion,1168,6.97,9.0
Ubicacion,895,CONECTA_CON,Ubicacion,1462,6.31,7.93
Ubicacion,895,CONECTA_CON,Ubicacion,357,7.62,9.02
Ubicacion,896,CONECTA_CON,Ubicacion,2869,6.09,16.2
Ubicacion,896,CONECTA_CON,Ubicacion,745,9.88,21.58
Ubicacion,896,CONECTA_CON,Ubicacion,3905,2.31,3.07
Ubicacion,897,CONECTA_CON,Ubicacion,4540,8.42,8.54
Ubicacion,897,CONECTA_CON,Ubicacion,366,6.49,8.43
Ubicacion,897,CONECTA_CON,Ubicacion,3848,8.05,18.14
Ubicacion,898,CONECTA_CON,Ubicacion,3639,2.6,5.96
Ubicacion,898,CONECTA_CON,Ubicacion,1044,5.54,12.59
Ubicacion,898,CONECTA_CON,Ubicacion,239,9.73,10.51
Ubicacion,899,CONECTA_CON,Ubicacion,1527,5.11,5.21
Ubicacion,899,CONECTA_CON,Ubicacion,481,5.83,8.52
Ubicacion,899,CONECTA_CON,Ubicacion,2379,8.0,9.04
Ubicacion,900,CONECTA_CON,Ubicacion,4600,9.58,12.45
Ubicacion,900,CONECTA_CON,Ubicacion,3845,5.62,6.07
Ubicacion,900,CONECTA_CON,Ubicacion,2102,7.28,7.65
Ubicacion,901,CONECTA_CON,Ubicacion,1236,4.47,5.34
Ubicacion,901,CONECTA_CON,Ubicacion,1792,4.48,6.54
Ubicacion,901,CONECTA_CON,Ubicacion,927,4.37,8.26
Ubicacion,902,CONECTA_CON,Ubicacion,1019,3.71,3.92
Ubicacion,902,CONECTA_CON,Ubicacion,1730,4.0,4.09
Ubicacion,902,CONECTA_CON,Ubicacion,1033,6.58,16.01
Ubicacion,903,CONECTA_CON,Ubicacion,860,1.33,3.35
Ubicacion,903,CONECTA_CON,Ubicacion,3560,6.67,7.02
Ubicacion,903,CONECTA_CON,Ubicacion,2599,5.71,6.82
Ubicacion,904,CONECTA_CON,Ubicacion,680,0.77,1.0
Ubicacion,904,CONECTA_CON,Ubicacion,4106,6.83,10.23
Ubicacion,904,CONECTA_CON,Ubicacion,25,8.78,10.85
Ubicacion,905,CONECTA_CON,Ubicacion,1630,2.52,3.11
Ubicacion,905,CONECTA_CON,Ubicacion,38,3.39,4.29
Ubicacion,905,CONECTA_CON,Ubicacion,3793,1.04,1.41
Ubicacion,906,CONECTA_CON,Ubicacion,1249,8.84,17.2
Ubicacion,906,CONECTA_CON,Ubicacion,1176,9.79,15.8
Ubicacion,906,CONECTA_CON,Ubicacion,1642,9.61,14.49
Ubicacion,907,CONECTA_CON,Ubicacion,3740,7.1,7.3
Ubicacion,907,CONECTA_CON,Ubicacion,3962,0.91,1.18
Ubicacion,907,CONECTA_CON,Ubicacion,3448,3.45,6.39
Ubicacion,908,CONECTA_CON,Ubicacion,2684,2.15,6.21
Ubicacion,908,CONECTA_CON,Ubicacion,3645,1.19,1.37
Ubicacion,908,CONECTA_CON,Ubicacion,106,6.43,13.3
Ubicacion,909,CONECTA_CON,Ubicacion,2576,8.18,9.45
Ubicacion,909,CONECTA_CON,Ubicacion,2063,7.83,8.1
Ubicacion,909,CONECTA_CON,Ubicacion,1620,0.84,0.93
Ubicacion,910,CONECTA_CON,Ubicacion,1573,8.88,11.13
Ubicacion,910,CONECTA_CON,Ubicacion,1713,3.49,4.88
Ubicacion,910,CONECTA_CON,Ubicacion,2372,3.05,5.86
Ubicacion,911,CONECTA_CON,Ubicacion,278,0.79,1.86
Ubicacion,911,CONECTA_CON,Ubicacion,150,6.14,8.98
Ubicacion,911,CONECTA_CON,Ubicacion,490,0.59,0.95
Ubicacion,912,CONECTA_CON,Ubicacion,2971,4.94,5.74
Ubicacion,912,CONECTA_CON,Ubicacion,2673,2.23,3.54
Ubicacion,912,CONECTA_CON,Ubicacion,3588,9.14,22.12
Ubicacion,913,CONECTA_CON,Ubicacion,4698,3.89,7.37
Ubicacion,913,CONECTA_CON,Ubicacion,3234,8.88,9.21
Ubicacion,913,CONECTA_CON,Ubicacion,2334,8.43,12.53
Ubicacion,914,CONECTA_CON,Ubicacion,4099,9.71,10.01
Ubicacion,914,CONECTA_CON,Ubicacion,3880,2.57,6.64
Ubicacion,914,CONECTA_CON,Ubicacion,98,7.37,7.99
Ubicacion,915,CONECTA_CON,Ubicacion,4785,4.17,6.1
Ubicacion,915,CONECTA_CON,Ubicacion,2231,6.65,8.88
Ubicacion,915,CONECTA_CON,Ubicacion,3237,7.91,11.16
Ubicacion,916,CONECTA_CON,Ubicacion,1231,9.12,11.94
Ubicacion,916,CONECTA_CON,Ubicacion,3684,6.1,16.95
Ubicacion,916,CONECTA_CON,Ubicacion,2280,5.89,7.17
Ubicacion,917,CONECTA_CON,Ubicacion,1085,8.77,13.27
Ubicacion,917,CONECTA_CON,Ubicacion,2596,8.82,13.08
Ubicacion,917,CONECTA_CON,Ubicacion,2557,6.47,10.61
Ubicacion,918,CONECTA_CON,Ubicacion,3373,7.16,16.68
Ubicacion,918,CONECTA_CON,Ubicacion,4837,7.95,18.04
Ubicacion,918,CONECTA_CON,Ubicacion,4308,1.33,1.72
Ubicacion,919,CONECTA_CON,Ubicacion,334,9.48,20.91
Ubicacion,919,CONECTA_CON,Ubicacion,1549,5.28,13.39
Ubicacion,919,CONECTA_CON,Ubicacion,325,1.93,2.01
Ubicacion,920,CONECTA_CON,Ubicacion,2094,8.27,11.72
Ubicacion,920,CONECTA_CON,Ubicacion,4668,4.16,5.63
Ubicacion,920,CONECTA_CON,Ubicacion,1094,4.11,7.28
Ubicacion,921,CONECTA_CON,Ubicacion,2877,5.92,6.71
Ubicacion,921,CONECTA_CON,Ubicacion,3933,7.22,20.66
Ubicacion,921,CONECTA_CON,Ubicacion,1792,1.83,2.34
Ubicacion,922,CONECTA_CON,Ubicacion,4514,6.47,11.19
Ubicacion,922,CONECTA_CON,Ubicacion,2755,3.3,6.92
Ubicacion,922,CONECTA_CON,Ubicacion,1760,9.13,13.75
Ubicacion,923,CONECTA_CON,Ubicacion,2561,1.41,2.1
Ubicacion,923,CONECTA_CON,Ubicacion,3384,6.06,14.27
Ubicacion,923,CONECTA_CON,Ubicacion,421,4.22,6.76
Ubicacion,924,CONECTA_CON,Ubicacion,1118,5.84,6.37
Ubicacion,924,CONECTA_CON,Ubicacion,3802,2.72,7.94
Ubicacion,924,CONECTA_CON,Ubicacion,1344,5.35,15.07
Ubicacion,925,CONECTA_CON,Ubicacion,2099,9.81,17.22
Ubicacion,925,CONECTA_CON,Ubicacion,1511,7.67,13.94
Ubicacion,925,CONECTA_CON,Ubicacion,4816,7.18,13.46
Ubicacion,926,CONECTA_CON,Ubicacion,3068,5.79,6.56
Ubicacion,926,CONECTA_CON,Ubicacion,2597,8.52,12.72
Ubicacion,926,CONECTA_CON,Ubicacion,4025,0.91,1.27
Ubicacion,927,CONECTA_CON,Ubicacion,132,7.06,10.18
Ubicacion,927,CONECTA_CON,Ubicacion,576,6.13,10.7
Ubicacion,927,CONECTA_CON,Ubicacion,2469,9.78,16.49
Ubicacion,928,CONECTA_CON,Ubicacion,177,4.42,9.68
Ubicacion,928,CONECTA_CON,Ubicacion,2741,9.42,12.66
Ubicacion,928,CONECTA_CON,Ubicacion,3219,0.55,0.99
Ubicacion,929,CONECTA_CON,Ubicacion,1315,1.26,1.91
Ubicacion,929,CONECTA_CON,Ubicacion,1737,3.71,6.06
Ubicacion,929,CONECTA_CON,Ubicacion,4902,6.02,13.58
Ubicacion,930,CONECTA_CON,Ubicacion,3609,7.26,8.54
Ubicacion,930,CONECTA_CON,Ubicacion,1390,8.74,17.08
Ubicacion,930,CONECTA_CON,Ubicacion,4124,9.58,14.38
Ubicacion,931,CONECTA_CON,Ubicacion,987,8.28,10.63
Ubicacion,931,CONECTA_CON,Ubicacion,78,4.8,4.83
Ubicacion,931,CONECTA_CON,Ubicacion,2408,9.02,11.0
Ubicacion,932,CONECTA_CON,Ubicacion,4241,6.74,12.21
Ubicacion,932,CONECTA_CON,Ubicacion,4667,8.84,17.73
Ubicacion,932,CONECTA_CON,Ubicacion,4421,7.16,16.49
Ubicacion,933,CONECTA_CON,Ubicacion,3112,9.9,15.07
Ubicacion,933,CONECTA_CON,Ubicacion,3928,2.31,6.46
Ubicacion,933,CONECTA_CON,Ubicacion,1391,9.28,12.12
Ubicacion,934,CONECTA_CON,Ubicacion,4941,7.91,10.9
Ubicacion,934,CONECTA_CON,Ubicacion,4138,0.66,0.75
Ubicacion,934,CONECTA_CON,Ubicacion,1784,4.67,5.12
Ubicacion,935,CONECTA_CON,Ubicacion,2380,6.17,12.16
Ubicacion,935,CONECTA_CON,Ubicacion,3692,2.3,5.19
Ubicacion,935,CONECTA_CON,Ubicacion,1893,6.58,7.25
Ubicacion,936,CONECTA_CON,Ubicacion,1756,1.68,3.31
Ubicacion,936,CONECTA_CON,Ubicacion,80,3.52,4.58
Ubicacion,936,CONECTA_CON,Ubicacion,4551,8.01,21.51
Ubicacion,937,CONECTA_CON,Ubicacion,576,7.83,12.1
Ubicacion,937,CONECTA_CON,Ubicacion,4481,7.24,14.04
Ubicacion,937,CONECTA_CON,Ubicacion,143,5.56,6.21
Ubicacion,938,CONECTA_CON,Ubicacion,1341,2.54,3.75
Ubicacion,938,CONECTA_CON,Ubicacion,1702,1.82,1.92
Ubicacion,938,CONECTA_CON,Ubicacion,281,7.18,7.49
Ubicacion,939,CONECTA_CON,Ubicacion,2275,4.22,9.42
Ubicacion,939,CONECTA_CON,Ubicacion,1814,1.64,2.0
Ubicacion,939,CONECTA_CON,Ubicacion,4933,1.85,3.15
Ubicacion,940,CONECTA_CON,Ubicacion,3154,8.09,20.49
Ubicacion,940,CONECTA_CON,Ubicacion,777,5.57,5.73
Ubicacion,940,CONECTA_CON,Ubicacion,2554,5.09,8.15
Ubicacion,941,CONECTA_CON,Ubicacion,4147,1.88,2.13
Ubicacion,941,CONECTA_CON,Ubicacion,4589,5.03,6.56
Ubicacion,941,CONECTA_CON,Ubicacion,3307,1.33,1.39
Ubicacion,942,CONECTA_CON,Ubicacion,2023,3.87,5.96
Ubicacion,942,CONECTA_CON,Ubicacion,1102,4.59,5.11
Ubicacion,942,CONECTA_CON,Ubicacion,3948,5.57,7.37
Ubicacion,943,CONECTA_CON,Ubicacion,2113,2.08,5.26
Ubicacion,943,CONECTA_CON,Ubicacion,2488,8.26,21.45
Ubicacion,943,CONECTA_CON,Ubicacion,3004,6.89,12.74
Ubicacion,944,CONECTA_CON,Ubicacion,1906,5.71,6.7
Ubicacion,944,CONECTA_CON,Ubicacion,3611,9.35,9.65
Ubicacion,944,CONECTA_CON,Ubicacion,2374,0.81,0.94
Ubicacion,945,CONECTA_CON,Ubicacion,1266,5.24,6.16
Ubicacion,945,CONECTA_CON,Ubicacion,4850,0.64,1.04
Ubicacion,945,CONECTA_CON,Ubicacion,915,1.28,1.76
Ubicacion,946,CONECTA_CON,Ubicacion,4919,1.2,1.22
Ubicacion,946,CONECTA_CON,Ubicacion,4805,0.75,0.87
Ubicacion,946,CONECTA_CON,Ubicacion,608,8.96,9.45
Ubicacion,947,CONECTA_CON,Ubicacion,3211,2.33,5.36
Ubicacion,947,CONECTA_CON,Ubicacion,4838,3.01,3.84
Ubicacion,947,CONECTA_CON,Ubicacion,2863,1.38,3.57
Ubicacion,948,CONECTA_CON,Ubicacion,4173,9.79,17.95
Ubicacion,948,CONECTA_CON,Ubicacion,4790,8.07,9.81
Ubicacion,948,CONECTA_CON,Ubicacion,3891,5.51,7.66
Ubicacion,949,CONECTA_CON,Ubicacion,4276,5.5,8.35
Ubicacion,949,CONECTA_CON,Ubicacion,1696,7.63,8.73
Ubicacion,949,CONECTA_CON,Ubicacion,2878,2.8,5.53
Ubicacion,950,CONECTA_CON,Ubicacion,2883,6.49,13.17
Ubicacion,950,CONECTA_CON,Ubicacion,669,1.29,1.32
Ubicacion,950,CONECTA_CON,Ubicacion,1462,9.56,18.01
Ubicacion,951,CONECTA_CON,Ubicacion,217,4.23,5.36
Ubicacion,951,CONECTA_CON,Ubicacion,4225,8.29,11.82
Ubicacion,951,CONECTA_CON,Ubicacion,2006,8.72,12.84
Ubicacion,952,CONECTA_CON,Ubicacion,4834,3.23,3.27
Ubicacion,952,CONECTA_CON,Ubicacion,1760,3.08,3.52
Ubicacion,952,CONECTA_CON,Ubicacion,3689,7.67,11.28
Ubicacion,953,CONECTA_CON,Ubicacion,4903,6.11,9.35
Ubicacion,953,CONECTA_CON,Ubicacion,1409,1.39,3.22
Ubicacion,953,CONECTA_CON,Ubicacion,1139,7.15,13.74
Ubicacion,954,CONECTA_CON,Ubicacion,868,2.29,2.69
Ubicacion,954,CONECTA_CON,Ubicacion,2397,4.21,4.33
Ubicacion,954,CONECTA_CON,Ubicacion,2916,9.76,15.42
Ubicacion,955,CONECTA_CON,Ubicacion,1939,8.41,10.58
Ubicacion,955,CONECTA_CON,Ubicacion,4521,6.42,11.04
Ubicacion,955,CONECTA_CON,Ubicacion,3055,2.78,4.85
Ubicacion,956,CONECTA_CON,Ubicacion,4937,5.76,7.9
Ubicacion,956,CONECTA_CON,Ubicacion,1057,8.21,13.25
Ubicacion,956,CONECTA_CON,Ubicacion,1101,3.16,3.32
Ubicacion,957,CONECTA_CON,Ubicacion,2504,6.8,14.2
Ubicacion,957,CONECTA_CON,Ubicacion,2901,7.49,11.16
Ubicacion,957,CONECTA_CON,Ubicacion,4062,2.86,4.96
Ubicacion,958,CONECTA_CON,Ubicacion,1258,9.7,10.17
Ubicacion,958,CONECTA_CON,Ubicacion,3282,7.12,20.13
Ubicacion,958,CONECTA_CON,Ubicacion,4119,1.23,3.67
Ubicacion,959,CONECTA_CON,Ubicacion,2814,1.8,2.14
Ubicacion,959,CONECTA_CON,Ubicacion,1466,0.69,1.49
Ubicacion,959,CONECTA_CON,Ubicacion,1280,2.4,3.53
Ubicacion,960,CONECTA_CON,Ubicacion,1030,8.93,18.65
Ubicacion,960,CONECTA_CON,Ubicacion,740,3.92,6.22
Ubicacion,960,CONECTA_CON,Ubicacion,3282,1.23,1.52
Ubicacion,961,CONECTA_CON,Ubicacion,4085,6.74,7.16
Ubicacion,961,CONECTA_CON,Ubicacion,1548,3.34,3.34
Ubicacion,961,CONECTA_CON,Ubicacion,679,6.52,7.7
Ubicacion,962,CONECTA_CON,Ubicacion,286,1.05,1.26
Ubicacion,962,CONECTA_CON,Ubicacion,3128,4.73,7.51
Ubicacion,962,CONECTA_CON,Ubicacion,3353,6.51,6.54
Ubicacion,963,CONECTA_CON,Ubicacion,2681,5.07,5.12
Ubicacion,963,CONECTA_CON,Ubicacion,2294,2.75,4.21
Ubicacion,963,CONECTA_CON,Ubicacion,1966,5.21,9.12
Ubicacion,964,CONECTA_CON,Ubicacion,2973,4.06,5.54
Ubicacion,964,CONECTA_CON,Ubicacion,1360,5.87,7.86
Ubicacion,964,CONECTA_CON,Ubicacion,3371,6.99,11.81
Ubicacion,965,CONECTA_CON,Ubicacion,4698,5.65,10.45
Ubicacion,965,CONECTA_CON,Ubicacion,2433,6.9,20.63
Ubicacion,965,CONECTA_CON,Ubicacion,2273,0.83,1.95
Ubicacion,966,CONECTA_CON,Ubicacion,2279,4.01,4.12
Ubicacion,966,CONECTA_CON,Ubicacion,638,5.36,9.08
Ubicacion,966,CONECTA_CON,Ubicacion,2229,3.48,4.3
Ubicacion,967,CONECTA_CON,Ubicacion,4934,9.14,12.3
Ubicacion,967,CONECTA_CON,Ubicacion,2051,6.53,6.67
Ubicacion,967,CONECTA_CON,Ubicacion,2660,4.4,8.45
Ubicacion,968,CONECTA_CON,Ubicacion,1736,8.86,11.03
Ubicacion,968,CONECTA_CON,Ubicacion,3275,8.24,8.55
Ubicacion,968,CONECTA_CON,Ubicacion,1695,4.28,7.06
Ubicacion,969,CONECTA_CON,Ubicacion,2270,1.49,1.63
Ubicacion,969,CONECTA_CON,Ubicacion,3385,5.78,10.49
Ubicacion,969,CONECTA_CON,Ubicacion,249,8.6,13.86
Ubicacion,970,CONECTA_CON,Ubicacion,2717,8.78,20.73
Ubicacion,970,CONECTA_CON,Ubicacion,4377,3.99,4.36
Ubicacion,970,CONECTA_CON,Ubicacion,48,3.52,9.15
Ubicacion,971,CONECTA_CON,Ubicacion,3341,6.51,7.75
Ubicacion,971,CONECTA_CON,Ubicacion,1671,4.79,5.9
Ubicacion,971,CONECTA_CON,Ubicacion,4067,3.98,4.0
Ubicacion,972,CONECTA_CON,Ubicacion,1994,2.32,3.84
Ubicacion,972,CONECTA_CON,Ubicacion,2023,0.64,0.75
Ubicacion,972,CONECTA_CON,Ubicacion,4023,5.0,6.57
Ubicacion,973,CONECTA_CON,Ubicacion,3063,2.28,2.57
Ubicacion,973,CONECTA_CON,Ubicacion,362,3.52,6.74
Ubicacion,973,CONECTA_CON,Ubicacion,4098,2.45,6.31
Ubicacion,974,CONECTA_CON,Ubicacion,2443,1.0,1.0
Ubicacion,974,CONECTA_CON,Ubicacion,2171,3.43,7.97
Ubicacion,974,CONECTA_CON,Ubicacion,608,6.89,13.78
Ubicacion,975,CONECTA_CON,Ubicacion,1953,0.73,1.72
Ubicacion,975,CONECTA_CON,Ubicacion,4769,4.74,9.71
Ubicacion,975,CONECTA_CON,Ubicacion,3398,7.37,12.47
Ubicacion,976,CONECTA_CON,Ubicacion,4342,5.87,7.67
Ubicacion,976,CONECTA_CON,Ubicacion,3873,3.75,7.24
Ubicacion,976,CONECTA_CON,Ubicacion,946,0.63,0.83
Ubicacion,977,CONECTA_CON,Ubicacion,2685,8.97,23.87
Ubicacion,977,CONECTA_CON,Ubicacion,3150,0.8,2.27
Ubicacion,977,CONECTA_CON,Ubicacion,2180,3.83,4.97
Ubicacion,978,CONECTA_CON,Ubicacion,2007,7.15,9.05
Ubicacion,978,CONECTA_CON,Ubicacion,581,9.54,10.6
Ubicacion,978,CONECTA_CON,Ubicacion,2575,5.64,12.0
Ubicacion,979,CONECTA_CON,Ubicacion,2774,9.77,10.83
Ubicacion,979,CONECTA_CON,Ubicacion,4078,1.15,1.34
Ubicacion,979,CONECTA_CON,Ubicacion,657,4.81,7.99
Ubicacion,980,CONECTA_CON,Ubicacion,2789,8.03,15.73
Ubicacion,980,CONECTA_CON,Ubicacion,4130,6.94,11.01
Ubicacion,980,CONECTA_CON,Ubicacion,2988,1.92,4.12
Ubicacion,981,CONECTA_CON,Ubicacion,1937,1.35,1.62
Ubicacion,981,CONECTA_CON,Ubicacion,4258,6.11,15.69
Ubicacion,981,CONECTA_CON,Ubicacion,1255,6.31,9.79
Ubicacion,982,CONECTA_CON,Ubicacion,737,9.32,14.61
Ubicacion,982,CONECTA_CON,Ubicacion,2560,0.81,1.68
Ubicacion,982,CONECTA_CON,Ubicacion,1874,0.99,2.83
Ubicacion,983,CONECTA_CON,Ubicacion,1891,6.86,15.56
Ubicacion,983,CONECTA_CON,Ubicacion,2464,9.37,17.72
Ubicacion,983,CONECTA_CON,Ubicacion,3336,6.46,12.84
Ubicacion,984,CONECTA_CON,Ubicacion,3098,7.22,12.57
Ubicacion,984,CONECTA_CON,Ubicacion,4668,9.35,9.77
Ubicacion,984,CONECTA_CON,Ubicacion,1120,8.72,21.98
Ubicacion,985,CONECTA_CON,Ubicacion,3223,5.94,10.55
Ubicacion,985,CONECTA_CON,Ubicacion,1296,2.93,3.03
Ubicacion,985,CONECTA_CON,Ubicacion,1691,8.21,8.82
Ubicacion,986,CONECTA_CON,Ubicacion,3816,9.2,10.84
Ubicacion,986,CONECTA_CON,Ubicacion,268,6.01,13.01
Ubicacion,986,CONECTA_CON,Ubicacion,4929,6.72,17.86
Ubicacion,987,CONECTA_CON,Ubicacion,188,7.28,14.11
Ubicacion,987,CONECTA_CON,Ubicacion,3208,5.67,10.34
Ubicacion,987,CONECTA_CON,Ubicacion,4330,7.43,7.76
Ubicacion,988,CONECTA_CON,Ubicacion,995,1.51,2.4
Ubicacion,988,CONECTA_CON,Ubicacion,1000,5.25,8.15
Ubicacion,988,CONECTA_CON,Ubicacion,4669,5.6,10.05
Ubicacion,989,CONECTA_CON,Ubicacion,928,2.85,3.05
Ubicacion,989,CONECTA_CON,Ubicacion,299,8.94,10.77
Ubicacion,989,CONECTA_CON,Ubicacion,3775,7.28,7.85
Ubicacion,990,CONECTA_CON,Ubicacion,927,1.36,3.14
Ubicacion,990,CONECTA_CON,Ubicacion,3043,8.1,8.39
Ubicacion,990,CONECTA_CON,Ubicacion,3034,6.93,20.03
Ubicacion,991,CONECTA_CON,Ubicacion,4532,2.21,4.04
Ubicacion,991,CONECTA_CON,Ubicacion,1230,4.6,6.66
Ubicacion,991,CONECTA_CON,Ubicacion,1832,1.05,2.75
Ubicacion,992,CONECTA_CON,Ubicacion,3697,2.7,6.88
Ubicacion,992,CONECTA_CON,Ubicacion,3365,8.57,12.0
Ubicacion,992,CONECTA_CON,Ubicacion,286,7.37,14.73
Ubicacion,993,CONECTA_CON,Ubicacion,4545,7.23,8.28
Ubicacion,993,CONECTA_CON,Ubicacion,4780,6.22,10.17
Ubicacion,993,CONECTA_CON,Ubicacion,2442,9.86,17.16
Ubicacion,994,CONECTA_CON,Ubicacion,4936,8.27,12.49
Ubicacion,994,CONECTA_CON,Ubicacion,1499,9.04,12.26
Ubicacion,994,CONECTA_CON,Ubicacion,3778,9.26,9.69
Ubicacion,995,CONECTA_CON,Ubicacion,1244,1.43,1.74
Ubicacion,995,CONECTA_CON,Ubicacion,3878,4.51,6.44
Ubicacion,995,CONECTA_CON,Ubicacion,623,6.76,10.63
Ubicacion,996,CONECTA_CON,Ubicacion,344,4.86,9.26
Ubicacion,996,CONECTA_CON,Ubicacion,2512,8.87,9.23
Ubicacion,996,CONECTA_CON,Ubicacion,1514,0.68,1.43
Ubicacion,997,CONECTA_CON,Ubicacion,2954,1.7,2.76
Ubicacion,997,CONECTA_CON,Ubicacion,1408,9.7,22.44
Ubicacion,997,CONECTA_CON,Ubicacion,1439,3.44,8.48
Ubicacion,998,CONECTA_CON,Ubicacion,1511,4.01,6.24
Ubicacion,998,CONECTA_CON,Ubicacion,3745,7.62,9.77
Ubicacion,998,CONECTA_CON,Ubicacion,1920,0.53,0.69
Ubicacion,999,CONECTA_CON,Ubicacion,1640,5.57,12.0
Ubicacion,999,CONECTA_CON,Ubicacion,2793,2.82,3.94
Ubicacion,999,CONECTA_CON,Ubicacion,4060,9.93,12.11
Ubicacion,1000,CONECTA_CON,Ubicacion,3440,4.92,4.96
Ubicacion,1000,CONECTA_CON,Ubicacion,4750,5.46,5.72
Ubicacion,1000,CONECTA_CON,Ubicacion,3956,0.76,0.78
Ubicacion,1001,CONECTA_CON,Ubicacion,848,3.08,3.75
Ubicacion,1001,CONECTA_CON,Ubicacion,3338,7.83,11.02
Ubicacion,1001,CONECTA_CON,Ubicacion,3026,9.99,18.33
Ubicacion,1002,CONECTA_CON,Ubicacion,3578,8.45,8.46
Ubicacion,1002,CONECTA_CON,Ubicacion,703,7.22,8.31
Ubicacion,1002,CONECTA_CON,Ubicacion,154,9.78,18.91
Ubicacion,1003,CONECTA_CON,Ubicacion,1688,9.57,22.51
Ubicacion,1003,CONECTA_CON,Ubicacion,1146,5.86,8.28
Ubicacion,1003,CONECTA_CON,Ubicacion,1756,8.91,10.65
Ubicacion,1004,CONECTA_CON,Ubicacion,1895,2.12,2.84
Ubicacion,1004,CONECTA_CON,Ubicacion,1861,5.54,8.13
Ubicacion,1004,CONECTA_CON,Ubicacion,158,9.98,9.99
Ubicacion,1005,CONECTA_CON,Ubicacion,459,2.96,3.86
Ubicacion,1005,CONECTA_CON,Ubicacion,4170,3.18,3.75
Ubicacion,1005,CONECTA_CON,Ubicacion,2273,1.21,1.39
Ubicacion,1006,CONECTA_CON,Ubicacion,3248,9.53,17.32
Ubicacion,1006,CONECTA_CON,Ubicacion,4738,4.97,8.72
Ubicacion,1006,CONECTA_CON,Ubicacion,174,7.18,12.73
Ubicacion,1007,CONECTA_CON,Ubicacion,1276,9.64,16.68
Ubicacion,1007,CONECTA_CON,Ubicacion,4464,9.84,13.47
Ubicacion,1007,CONECTA_CON,Ubicacion,4770,1.97,3.53
Ubicacion,1008,CONECTA_CON,Ubicacion,1231,5.87,7.53
Ubicacion,1008,CONECTA_CON,Ubicacion,2801,6.63,7.08
Ubicacion,1008,CONECTA_CON,Ubicacion,502,8.17,10.56
Ubicacion,1009,CONECTA_CON,Ubicacion,3144,6.82,9.71
Ubicacion,1009,CONECTA_CON,Ubicacion,1650,7.78,17.19
Ubicacion,1009,CONECTA_CON,Ubicacion,2534,3.98,6.26
Ubicacion,1010,CONECTA_CON,Ubicacion,905,5.58,8.44
Ubicacion,1010,CONECTA_CON,Ubicacion,4669,7.36,21.78
Ubicacion,1010,CONECTA_CON,Ubicacion,4074,5.77,8.16
Ubicacion,1011,CONECTA_CON,Ubicacion,2003,1.41,2.55
Ubicacion,1011,CONECTA_CON,Ubicacion,4055,9.12,25.97
Ubicacion,1011,CONECTA_CON,Ubicacion,1193,3.9,8.96
Ubicacion,1012,CONECTA_CON,Ubicacion,3481,1.66,1.69
Ubicacion,1012,CONECTA_CON,Ubicacion,297,6.59,10.89
Ubicacion,1012,CONECTA_CON,Ubicacion,2961,8.32,13.26
Ubicacion,1013,CONECTA_CON,Ubicacion,974,6.44,7.67
Ubicacion,1013,CONECTA_CON,Ubicacion,985,4.07,7.17
Ubicacion,1013,CONECTA_CON,Ubicacion,346,8.01,21.81
Ubicacion,1014,CONECTA_CON,Ubicacion,1679,7.74,12.7
Ubicacion,1014,CONECTA_CON,Ubicacion,912,2.13,2.91
Ubicacion,1014,CONECTA_CON,Ubicacion,3605,6.04,17.99
Ubicacion,1015,CONECTA_CON,Ubicacion,1344,3.11,6.01
Ubicacion,1015,CONECTA_CON,Ubicacion,797,5.45,8.46
Ubicacion,1015,CONECTA_CON,Ubicacion,3091,3.75,3.98
Ubicacion,1016,CONECTA_CON,Ubicacion,1538,2.75,4.49
Ubicacion,1016,CONECTA_CON,Ubicacion,950,6.89,10.98
Ubicacion,1016,CONECTA_CON,Ubicacion,2942,0.69,0.86
Ubicacion,1017,CONECTA_CON,Ubicacion,421,5.76,6.92
Ubicacion,1017,CONECTA_CON,Ubicacion,3143,4.67,8.59
Ubicacion,1017,CONECTA_CON,Ubicacion,440,3.77,4.2
Ubicacion,1018,CONECTA_CON,Ubicacion,2920,1.34,2.34
Ubicacion,1018,CONECTA_CON,Ubicacion,588,3.97,6.63
Ubicacion,1018,CONECTA_CON,Ubicacion,4042,1.07,1.19
Ubicacion,1019,CONECTA_CON,Ubicacion,4120,9.69,12.41
Ubicacion,1019,CONECTA_CON,Ubicacion,4074,3.54,3.77
Ubicacion,1019,CONECTA_CON,Ubicacion,3990,3.98,5.52
Ubicacion,1020,CONECTA_CON,Ubicacion,4838,7.6,21.86
Ubicacion,1020,CONECTA_CON,Ubicacion,4978,0.93,1.75
Ubicacion,1020,CONECTA_CON,Ubicacion,1741,8.24,12.67
Ubicacion,1021,CONECTA_CON,Ubicacion,4672,2.91,3.17
Ubicacion,1021,CONECTA_CON,Ubicacion,4440,9.47,20.78
Ubicacion,1021,CONECTA_CON,Ubicacion,1747,3.87,9.9
Ubicacion,1022,CONECTA_CON,Ubicacion,4155,4.64,6.49
Ubicacion,1022,CONECTA_CON,Ubicacion,2090,5.51,7.94
Ubicacion,1022,CONECTA_CON,Ubicacion,118,2.45,3.53
Ubicacion,1023,CONECTA_CON,Ubicacion,2310,7.48,15.34
Ubicacion,1023,CONECTA_CON,Ubicacion,2770,1.07,1.22
Ubicacion,1023,CONECTA_CON,Ubicacion,1720,5.76,6.59
Ubicacion,1024,CONECTA_CON,Ubicacion,3710,4.33,11.29
Ubicacion,1024,CONECTA_CON,Ubicacion,1560,1.85,2.0
Ubicacion,1024,CONECTA_CON,Ubicacion,4476,8.94,9.22
Ubicacion,1025,CONECTA_CON,Ubicacion,1894,2.47,5.89
Ubicacion,1025,CONECTA_CON,Ubicacion,653,4.29,6.64
Ubicacion,1025,CONECTA_CON,Ubicacion,2895,5.36,5.6
Ubicacion,1026,CONECTA_CON,Ubicacion,1935,1.4,1.79
Ubicacion,1026,CONECTA_CON,Ubicacion,4800,8.91,10.07
Ubicacion,1026,CONECTA_CON,Ubicacion,2312,9.9,12.43
Ubicacion,1027,CONECTA_CON,Ubicacion,4005,2.82,5.59
Ubicacion,1027,CONECTA_CON,Ubicacion,2297,5.68,6.53
Ubicacion,1027,CONECTA_CON,Ubicacion,2970,5.31,5.87
Ubicacion,1028,CONECTA_CON,Ubicacion,653,9.04,20.36
Ubicacion,1028,CONECTA_CON,Ubicacion,4737,3.29,7.49
Ubicacion,1028,CONECTA_CON,Ubicacion,995,3.35,4.99
Ubicacion,1029,CONECTA_CON,Ubicacion,1947,3.09,9.16
Ubicacion,1029,CONECTA_CON,Ubicacion,3091,6.7,11.81
Ubicacion,1029,CONECTA_CON,Ubicacion,2107,9.3,15.06
Ubicacion,1030,CONECTA_CON,Ubicacion,839,2.45,3.94
Ubicacion,1030,CONECTA_CON,Ubicacion,4708,8.7,9.59
Ubicacion,1030,CONECTA_CON,Ubicacion,3766,3.94,8.39
Ubicacion,1031,CONECTA_CON,Ubicacion,1522,2.23,4.63
Ubicacion,1031,CONECTA_CON,Ubicacion,4989,2.25,4.67
Ubicacion,1031,CONECTA_CON,Ubicacion,361,6.76,14.32
Ubicacion,1032,CONECTA_CON,Ubicacion,4376,4.56,13.66
Ubicacion,1032,CONECTA_CON,Ubicacion,4769,5.5,13.7
Ubicacion,1032,CONECTA_CON,Ubicacion,3017,8.24,9.86
Ubicacion,1033,CONECTA_CON,Ubicacion,3380,1.92,2.94
Ubicacion,1033,CONECTA_CON,Ubicacion,1019,7.24,8.74
Ubicacion,1033,CONECTA_CON,Ubicacion,4363,3.65,4.53
Ubicacion,1034,CONECTA_CON,Ubicacion,231,7.77,8.01
Ubicacion,1034,CONECTA_CON,Ubicacion,1741,7.57,11.74
Ubicacion,1034,CONECTA_CON,Ubicacion,2914,6.85,15.8
Ubicacion,1035,CONECTA_CON,Ubicacion,460,9.17,13.24
Ubicacion,1035,CONECTA_CON,Ubicacion,54,3.54,7.86
Ubicacion,1035,CONECTA_CON,Ubicacion,2685,1.01,1.65
Ubicacion,1036,CONECTA_CON,Ubicacion,4479,3.87,4.14
Ubicacion,1036,CONECTA_CON,Ubicacion,468,5.26,6.15
Ubicacion,1036,CONECTA_CON,Ubicacion,4193,4.72,6.44
Ubicacion,1037,CONECTA_CON,Ubicacion,4343,9.13,12.11
Ubicacion,1037,CONECTA_CON,Ubicacion,1231,8.46,10.03
Ubicacion,1037,CONECTA_CON,Ubicacion,3058,1.53,2.87
Ubicacion,1038,CONECTA_CON,Ubicacion,4026,4.68,9.91
Ubicacion,1038,CONECTA_CON,Ubicacion,3899,7.53,9.4
Ubicacion,1038,CONECTA_CON,Ubicacion,548,5.2,14.61
Ubicacion,1039,CONECTA_CON,Ubicacion,4175,8.8,17.84
Ubicacion,1039,CONECTA_CON,Ubicacion,2669,7.57,8.68
Ubicacion,1039,CONECTA_CON,Ubicacion,641,0.53,1.03
Ubicacion,1040,CONECTA_CON,Ubicacion,372,6.16,8.98
Ubicacion,1040,CONECTA_CON,Ubicacion,1878,0.61,0.82
Ubicacion,1040,CONECTA_CON,Ubicacion,3350,6.16,15.74
Ubicacion,1041,CONECTA_CON,Ubicacion,2148,5.94,11.81
Ubicacion,1041,CONECTA_CON,Ubicacion,353,6.07,11.99
Ubicacion,1041,CONECTA_CON,Ubicacion,2973,3.57,5.23
Ubicacion,1042,CONECTA_CON,Ubicacion,268,4.13,9.48
Ubicacion,1042,CONECTA_CON,Ubicacion,2492,3.87,4.7
Ubicacion,1042,CONECTA_CON,Ubicacion,1138,6.17,13.03
Ubicacion,1043,CONECTA_CON,Ubicacion,3505,4.03,6.62
Ubicacion,1043,CONECTA_CON,Ubicacion,1957,5.41,13.37
Ubicacion,1043,CONECTA_CON,Ubicacion,1403,1.56,1.69
Ubicacion,1044,CONECTA_CON,Ubicacion,1165,9.64,23.74
Ubicacion,1044,CONECTA_CON,Ubicacion,1448,5.74,9.59
Ubicacion,1044,CONECTA_CON,Ubicacion,1370,5.88,7.64
Ubicacion,1045,CONECTA_CON,Ubicacion,2275,3.25,3.33
Ubicacion,1045,CONECTA_CON,Ubicacion,3495,6.09,10.41
Ubicacion,1045,CONECTA_CON,Ubicacion,3824,4.09,5.81
Ubicacion,1046,CONECTA_CON,Ubicacion,3165,3.21,9.26
Ubicacion,1046,CONECTA_CON,Ubicacion,1826,8.54,15.57
Ubicacion,1046,CONECTA_CON,Ubicacion,517,9.83,10.14
Ubicacion,1047,CONECTA_CON,Ubicacion,4157,4.62,5.12
Ubicacion,1047,CONECTA_CON,Ubicacion,3331,3.14,5.41
Ubicacion,1047,CONECTA_CON,Ubicacion,2163,1.03,1.57
Ubicacion,1048,CONECTA_CON,Ubicacion,665,3.51,10.22
Ubicacion,1048,CONECTA_CON,Ubicacion,2567,2.14,5.31
Ubicacion,1048,CONECTA_CON,Ubicacion,1930,7.22,9.75
Ubicacion,1049,CONECTA_CON,Ubicacion,2077,4.82,5.39
Ubicacion,1049,CONECTA_CON,Ubicacion,3577,7.28,10.93
Ubicacion,1049,CONECTA_CON,Ubicacion,1744,5.88,7.06
Ubicacion,1050,CONECTA_CON,Ubicacion,1173,1.65,2.57
Ubicacion,1050,CONECTA_CON,Ubicacion,2654,6.85,11.32
Ubicacion,1050,CONECTA_CON,Ubicacion,2820,3.95,4.27
Ubicacion,1051,CONECTA_CON,Ubicacion,801,9.1,24.87
Ubicacion,1051,CONECTA_CON,Ubicacion,282,9.09,12.1
Ubicacion,1051,CONECTA_CON,Ubicacion,3338,6.24,6.27
Ubicacion,1052,CONECTA_CON,Ubicacion,4255,9.52,10.27
Ubicacion,1052,CONECTA_CON,Ubicacion,4973,1.62,2.38
Ubicacion,1052,CONECTA_CON,Ubicacion,4709,0.96,2.04
Ubicacion,1053,CONECTA_CON,Ubicacion,1741,9.18,11.51
Ubicacion,1053,CONECTA_CON,Ubicacion,1552,1.97,2.78
Ubicacion,1053,CONECTA_CON,Ubicacion,2652,4.23,7.52
Ubicacion,1054,CONECTA_CON,Ubicacion,1786,2.17,3.83
Ubicacion,1054,CONECTA_CON,Ubicacion,4560,6.06,8.56
Ubicacion,1054,CONECTA_CON,Ubicacion,675,6.28,12.74
Ubicacion,1055,CONECTA_CON,Ubicacion,4477,9.72,9.85
Ubicacion,1055,CONECTA_CON,Ubicacion,3889,7.61,15.11
Ubicacion,1055,CONECTA_CON,Ubicacion,4233,7.19,9.9
Ubicacion,1056,CONECTA_CON,Ubicacion,4659,2.87,5.42
Ubicacion,1056,CONECTA_CON,Ubicacion,2460,8.49,9.67
Ubicacion,1056,CONECTA_CON,Ubicacion,2393,9.8,11.11
Ubicacion,1057,CONECTA_CON,Ubicacion,4079,4.61,5.02
Ubicacion,1057,CONECTA_CON,Ubicacion,3257,5.13,9.22
Ubicacion,1057,CONECTA_CON,Ubicacion,2125,6.67,6.86
Ubicacion,1058,CONECTA_CON,Ubicacion,1329,7.7,20.49
Ubicacion,1058,CONECTA_CON,Ubicacion,3996,8.36,12.75
Ubicacion,1058,CONECTA_CON,Ubicacion,934,4.53,12.56
Ubicacion,1059,CONECTA_CON,Ubicacion,4395,9.61,13.12
Ubicacion,1059,CONECTA_CON,Ubicacion,2427,4.83,7.14
Ubicacion,1059,CONECTA_CON,Ubicacion,1572,8.13,9.82
Ubicacion,1060,CONECTA_CON,Ubicacion,2040,8.97,22.13
Ubicacion,1060,CONECTA_CON,Ubicacion,1735,0.88,1.26
Ubicacion,1060,CONECTA_CON,Ubicacion,1524,9.65,18.53
Ubicacion,1061,CONECTA_CON,Ubicacion,2133,7.69,20.22
Ubicacion,1061,CONECTA_CON,Ubicacion,4867,5.55,8.63
Ubicacion,1061,CONECTA_CON,Ubicacion,2697,9.38,10.31
Ubicacion,1062,CONECTA_CON,Ubicacion,4116,8.1,12.6
Ubicacion,1062,CONECTA_CON,Ubicacion,3422,3.51,6.17
Ubicacion,1062,CONECTA_CON,Ubicacion,3136,2.79,5.98
Ubicacion,1063,CONECTA_CON,Ubicacion,2088,5.29,6.84
Ubicacion,1063,CONECTA_CON,Ubicacion,1454,2.99,4.39
Ubicacion,1063,CONECTA_CON,Ubicacion,130,0.84,1.71
Ubicacion,1064,CONECTA_CON,Ubicacion,4483,4.81,6.77
Ubicacion,1064,CONECTA_CON,Ubicacion,3475,7.8,8.43
Ubicacion,1064,CONECTA_CON,Ubicacion,2563,3.31,4.21
Ubicacion,1065,CONECTA_CON,Ubicacion,1436,4.27,11.29
Ubicacion,1065,CONECTA_CON,Ubicacion,4432,9.67,19.24
Ubicacion,1065,CONECTA_CON,Ubicacion,3182,1.91,2.87
Ubicacion,1066,CONECTA_CON,Ubicacion,4492,2.58,3.83
Ubicacion,1066,CONECTA_CON,Ubicacion,2396,2.56,5.72
Ubicacion,1066,CONECTA_CON,Ubicacion,1249,1.97,2.4
Ubicacion,1067,CONECTA_CON,Ubicacion,2989,8.05,10.74
Ubicacion,1067,CONECTA_CON,Ubicacion,4992,2.55,5.36
Ubicacion,1067,CONECTA_CON,Ubicacion,2969,3.55,4.31
Ubicacion,1068,CONECTA_CON,Ubicacion,3656,9.44,20.68
Ubicacion,1068,CONECTA_CON,Ubicacion,4398,4.4,12.73
Ubicacion,1068,CONECTA_CON,Ubicacion,1601,2.54,3.75
Ubicacion,1069,CONECTA_CON,Ubicacion,1417,3.58,7.71
Ubicacion,1069,CONECTA_CON,Ubicacion,3922,6.22,6.82
Ubicacion,1069,CONECTA_CON,Ubicacion,4452,6.83,9.96
Ubicacion,1070,CONECTA_CON,Ubicacion,13,6.34,6.67
Ubicacion,1070,CONECTA_CON,Ubicacion,2891,1.12,1.52
Ubicacion,1070,CONECTA_CON,Ubicacion,1047,8.9,14.71
Ubicacion,1071,CONECTA_CON,Ubicacion,1265,5.05,9.84
Ubicacion,1071,CONECTA_CON,Ubicacion,1804,4.09,6.64
Ubicacion,1071,CONECTA_CON,Ubicacion,1484,6.97,13.33
Ubicacion,1072,CONECTA_CON,Ubicacion,4765,1.46,1.62
Ubicacion,1072,CONECTA_CON,Ubicacion,1032,8.44,14.49
Ubicacion,1072,CONECTA_CON,Ubicacion,2301,6.09,12.29
Ubicacion,1073,CONECTA_CON,Ubicacion,2702,4.99,5.7
Ubicacion,1073,CONECTA_CON,Ubicacion,2976,8.98,12.6
Ubicacion,1073,CONECTA_CON,Ubicacion,3192,3.04,3.39
Ubicacion,1074,CONECTA_CON,Ubicacion,254,2.04,2.5
Ubicacion,1074,CONECTA_CON,Ubicacion,2315,3.38,8.5
Ubicacion,1074,CONECTA_CON,Ubicacion,551,2.65,2.74
Ubicacion,1075,CONECTA_CON,Ubicacion,4591,8.96,15.09
Ubicacion,1075,CONECTA_CON,Ubicacion,2943,0.68,1.49
Ubicacion,1075,CONECTA_CON,Ubicacion,3092,1.39,2.95
Ubicacion,1076,CONECTA_CON,Ubicacion,919,1.61,3.2
Ubicacion,1076,CONECTA_CON,Ubicacion,2482,5.35,6.35
Ubicacion,1076,CONECTA_CON,Ubicacion,774,8.84,12.72
Ubicacion,1077,CONECTA_CON,Ubicacion,2085,6.09,13.75
Ubicacion,1077,CONECTA_CON,Ubicacion,3657,9.32,14.98
Ubicacion,1077,CONECTA_CON,Ubicacion,2104,4.32,4.89
Ubicacion,1078,CONECTA_CON,Ubicacion,3972,6.59,8.82
Ubicacion,1078,CONECTA_CON,Ubicacion,45,3.83,4.12
Ubicacion,1078,CONECTA_CON,Ubicacion,4187,0.8,2.01
Ubicacion,1079,CONECTA_CON,Ubicacion,3559,4.5,5.78
Ubicacion,1079,CONECTA_CON,Ubicacion,2444,1.08,1.38
Ubicacion,1079,CONECTA_CON,Ubicacion,8,5.12,12.89
Ubicacion,1080,CONECTA_CON,Ubicacion,3144,0.81,1.23
Ubicacion,1080,CONECTA_CON,Ubicacion,4297,2.33,2.54
Ubicacion,1080,CONECTA_CON,Ubicacion,3403,7.93,12.45
Ubicacion,1081,CONECTA_CON,Ubicacion,3058,0.94,2.66
Ubicacion,1081,CONECTA_CON,Ubicacion,1096,2.3,3.6
Ubicacion,1081,CONECTA_CON,Ubicacion,2395,7.68,13.43
Ubicacion,1082,CONECTA_CON,Ubicacion,3508,3.68,5.88
Ubicacion,1082,CONECTA_CON,Ubicacion,1761,1.21,1.7
Ubicacion,1082,CONECTA_CON,Ubicacion,1161,2.16,2.2
Ubicacion,1083,CONECTA_CON,Ubicacion,2207,1.22,1.5
Ubicacion,1083,CONECTA_CON,Ubicacion,2927,8.57,9.08
Ubicacion,1083,CONECTA_CON,Ubicacion,2045,8.3,14.58
Ubicacion,1084,CONECTA_CON,Ubicacion,2716,7.72,14.02
Ubicacion,1084,CONECTA_CON,Ubicacion,3452,6.32,7.27
Ubicacion,1084,CONECTA_CON,Ubicacion,2762,9.68,12.75
Ubicacion,1085,CONECTA_CON,Ubicacion,1491,9.37,13.24
Ubicacion,1085,CONECTA_CON,Ubicacion,730,9.38,18.01
Ubicacion,1085,CONECTA_CON,Ubicacion,2540,7.4,18.45
Ubicacion,1086,CONECTA_CON,Ubicacion,4883,1.54,1.72
Ubicacion,1086,CONECTA_CON,Ubicacion,2444,9.96,10.12
Ubicacion,1086,CONECTA_CON,Ubicacion,806,7.63,12.46
Ubicacion,1087,CONECTA_CON,Ubicacion,4139,1.56,2.18
Ubicacion,1087,CONECTA_CON,Ubicacion,823,4.8,4.99
Ubicacion,1087,CONECTA_CON,Ubicacion,3616,6.79,18.26
Ubicacion,1088,CONECTA_CON,Ubicacion,2405,0.85,1.44
Ubicacion,1088,CONECTA_CON,Ubicacion,1673,7.65,9.81
Ubicacion,1088,CONECTA_CON,Ubicacion,4378,1.6,3.83
Ubicacion,1089,CONECTA_CON,Ubicacion,4996,6.75,16.02
Ubicacion,1089,CONECTA_CON,Ubicacion,910,8.06,12.27
Ubicacion,1089,CONECTA_CON,Ubicacion,39,2.68,2.94
Ubicacion,1090,CONECTA_CON,Ubicacion,2463,5.88,14.98
Ubicacion,1090,CONECTA_CON,Ubicacion,2907,8.43,9.33
Ubicacion,1090,CONECTA_CON,Ubicacion,1735,9.69,13.55
Ubicacion,1091,CONECTA_CON,Ubicacion,3397,1.84,2.83
Ubicacion,1091,CONECTA_CON,Ubicacion,204,6.78,16.96
Ubicacion,1091,CONECTA_CON,Ubicacion,1496,2.6,2.65
Ubicacion,1092,CONECTA_CON,Ubicacion,4841,4.91,12.39
Ubicacion,1092,CONECTA_CON,Ubicacion,3525,6.74,12.52
Ubicacion,1092,CONECTA_CON,Ubicacion,3127,1.57,2.12
Ubicacion,1093,CONECTA_CON,Ubicacion,1758,9.63,18.42
Ubicacion,1093,CONECTA_CON,Ubicacion,3738,3.2,4.42
Ubicacion,1093,CONECTA_CON,Ubicacion,4024,6.24,7.51
Ubicacion,1094,CONECTA_CON,Ubicacion,4104,8.86,22.48
Ubicacion,1094,CONECTA_CON,Ubicacion,4232,2.71,4.78
Ubicacion,1094,CONECTA_CON,Ubicacion,4612,3.24,5.25
Ubicacion,1095,CONECTA_CON,Ubicacion,2007,6.69,7.37
Ubicacion,1095,CONECTA_CON,Ubicacion,779,7.09,11.96
Ubicacion,1095,CONECTA_CON,Ubicacion,2156,7.68,8.48
Ubicacion,1096,CONECTA_CON,Ubicacion,2852,2.09,2.42
Ubicacion,1096,CONECTA_CON,Ubicacion,3580,5.39,7.88
Ubicacion,1096,CONECTA_CON,Ubicacion,2819,5.09,10.96
Ubicacion,1097,CONECTA_CON,Ubicacion,2657,8.76,11.49
Ubicacion,1097,CONECTA_CON,Ubicacion,3267,1.58,3.91
Ubicacion,1097,CONECTA_CON,Ubicacion,1537,6.44,12.82
Ubicacion,1098,CONECTA_CON,Ubicacion,2932,1.76,3.19
Ubicacion,1098,CONECTA_CON,Ubicacion,234,8.25,11.36
Ubicacion,1098,CONECTA_CON,Ubicacion,4746,9.2,12.39
Ubicacion,1099,CONECTA_CON,Ubicacion,1636,7.36,12.4
Ubicacion,1099,CONECTA_CON,Ubicacion,3882,0.84,1.74
Ubicacion,1099,CONECTA_CON,Ubicacion,1107,1.33,2.56
Ubicacion,1100,CONECTA_CON,Ubicacion,2846,4.47,5.91
Ubicacion,1100,CONECTA_CON,Ubicacion,3757,7.7,16.98
Ubicacion,1100,CONECTA_CON,Ubicacion,4939,4.97,7.36
Ubicacion,1101,CONECTA_CON,Ubicacion,3940,9.74,21.14
Ubicacion,1101,CONECTA_CON,Ubicacion,4887,8.95,9.24
Ubicacion,1101,CONECTA_CON,Ubicacion,3312,0.69,0.84
Ubicacion,1102,CONECTA_CON,Ubicacion,2841,3.88,5.98
Ubicacion,1102,CONECTA_CON,Ubicacion,2719,7.78,8.49
Ubicacion,1102,CONECTA_CON,Ubicacion,2873,6.92,13.24
Ubicacion,1103,CONECTA_CON,Ubicacion,529,9.94,21.86
Ubicacion,1103,CONECTA_CON,Ubicacion,4415,7.2,7.29
Ubicacion,1103,CONECTA_CON,Ubicacion,1510,6.48,10.08
Ubicacion,1104,CONECTA_CON,Ubicacion,1126,8.59,9.42
Ubicacion,1104,CONECTA_CON,Ubicacion,736,8.77,10.5
Ubicacion,1104,CONECTA_CON,Ubicacion,1436,5.09,5.8
Ubicacion,1105,CONECTA_CON,Ubicacion,549,5.45,6.25
Ubicacion,1105,CONECTA_CON,Ubicacion,3205,6.37,9.88
Ubicacion,1105,CONECTA_CON,Ubicacion,3126,1.96,2.83
Ubicacion,1106,CONECTA_CON,Ubicacion,3381,9.45,20.29
Ubicacion,1106,CONECTA_CON,Ubicacion,4341,5.63,7.39
Ubicacion,1106,CONECTA_CON,Ubicacion,3413,1.97,3.64
Ubicacion,1107,CONECTA_CON,Ubicacion,600,1.36,2.57
Ubicacion,1107,CONECTA_CON,Ubicacion,4927,1.55,1.96
Ubicacion,1107,CONECTA_CON,Ubicacion,3321,8.8,9.08
Ubicacion,1108,CONECTA_CON,Ubicacion,307,9.62,24.61
Ubicacion,1108,CONECTA_CON,Ubicacion,2723,6.17,10.51
Ubicacion,1108,CONECTA_CON,Ubicacion,1863,3.1,6.01
Ubicacion,1109,CONECTA_CON,Ubicacion,3768,3.59,9.6
Ubicacion,1109,CONECTA_CON,Ubicacion,3778,1.53,2.24
Ubicacion,1109,CONECTA_CON,Ubicacion,333,5.32,10.87
Ubicacion,1110,CONECTA_CON,Ubicacion,2452,7.9,22.37
Ubicacion,1110,CONECTA_CON,Ubicacion,2149,7.0,8.01
Ubicacion,1110,CONECTA_CON,Ubicacion,3375,6.52,7.42
Ubicacion,1111,CONECTA_CON,Ubicacion,4423,5.4,9.21
Ubicacion,1111,CONECTA_CON,Ubicacion,4588,5.45,9.11
Ubicacion,1111,CONECTA_CON,Ubicacion,31,2.25,3.78
Ubicacion,1112,CONECTA_CON,Ubicacion,3248,3.91,6.17
Ubicacion,1112,CONECTA_CON,Ubicacion,3954,2.15,3.14
Ubicacion,1112,CONECTA_CON,Ubicacion,3001,9.02,10.96
Ubicacion,1113,CONECTA_CON,Ubicacion,449,7.23,7.49
Ubicacion,1113,CONECTA_CON,Ubicacion,2914,4.7,4.74
Ubicacion,1113,CONECTA_CON,Ubicacion,2785,7.08,8.42
Ubicacion,1114,CONECTA_CON,Ubicacion,1998,7.16,9.43
Ubicacion,1114,CONECTA_CON,Ubicacion,3249,9.08,13.47
Ubicacion,1114,CONECTA_CON,Ubicacion,212,5.84,7.02
Ubicacion,1115,CONECTA_CON,Ubicacion,3116,5.75,10.24
Ubicacion,1115,CONECTA_CON,Ubicacion,1424,7.65,11.28
Ubicacion,1115,CONECTA_CON,Ubicacion,1112,2.01,2.94
Ubicacion,1116,CONECTA_CON,Ubicacion,3680,9.01,10.84
Ubicacion,1116,CONECTA_CON,Ubicacion,1506,1.38,2.24
Ubicacion,1116,CONECTA_CON,Ubicacion,3186,3.04,8.27
Ubicacion,1117,CONECTA_CON,Ubicacion,3713,8.89,18.78
Ubicacion,1117,CONECTA_CON,Ubicacion,4993,8.36,18.87
Ubicacion,1117,CONECTA_CON,Ubicacion,4030,7.09,11.12
Ubicacion,1118,CONECTA_CON,Ubicacion,2964,6.47,8.31
Ubicacion,1118,CONECTA_CON,Ubicacion,2047,2.14,3.15
Ubicacion,1118,CONECTA_CON,Ubicacion,705,8.37,9.06
Ubicacion,1119,CONECTA_CON,Ubicacion,4139,9.23,17.25
Ubicacion,1119,CONECTA_CON,Ubicacion,4577,8.73,11.65
Ubicacion,1119,CONECTA_CON,Ubicacion,2520,3.61,8.48
Ubicacion,1120,CONECTA_CON,Ubicacion,3253,2.02,3.32
Ubicacion,1120,CONECTA_CON,Ubicacion,3998,4.86,5.69
Ubicacion,1120,CONECTA_CON,Ubicacion,4962,0.8,1.17
Ubicacion,1121,CONECTA_CON,Ubicacion,1917,8.7,10.2
Ubicacion,1121,CONECTA_CON,Ubicacion,2115,8.06,14.96
Ubicacion,1121,CONECTA_CON,Ubicacion,1738,1.81,2.24
Ubicacion,1122,CONECTA_CON,Ubicacion,3,3.55,4.68
Ubicacion,1122,CONECTA_CON,Ubicacion,1748,4.48,6.32
Ubicacion,1122,CONECTA_CON,Ubicacion,2953,6.0,15.57
Ubicacion,1123,CONECTA_CON,Ubicacion,1207,5.18,6.06
Ubicacion,1123,CONECTA_CON,Ubicacion,2146,4.8,5.48
Ubicacion,1123,CONECTA_CON,Ubicacion,1678,0.85,1.27
Ubicacion,1124,CONECTA_CON,Ubicacion,1669,2.17,2.72
Ubicacion,1124,CONECTA_CON,Ubicacion,2367,4.21,5.55
Ubicacion,1124,CONECTA_CON,Ubicacion,1917,5.78,7.18
Ubicacion,1125,CONECTA_CON,Ubicacion,4560,2.5,3.68
Ubicacion,1125,CONECTA_CON,Ubicacion,1936,8.2,9.92
Ubicacion,1125,CONECTA_CON,Ubicacion,1051,4.96,7.32
Ubicacion,1126,CONECTA_CON,Ubicacion,4068,2.57,5.5
Ubicacion,1126,CONECTA_CON,Ubicacion,4539,5.1,12.64
Ubicacion,1126,CONECTA_CON,Ubicacion,2861,6.33,12.2
Ubicacion,1127,CONECTA_CON,Ubicacion,3652,0.65,1.22
Ubicacion,1127,CONECTA_CON,Ubicacion,526,1.43,1.52
Ubicacion,1127,CONECTA_CON,Ubicacion,3315,8.01,8.85
Ubicacion,1128,CONECTA_CON,Ubicacion,2219,8.69,13.37
Ubicacion,1128,CONECTA_CON,Ubicacion,1296,7.9,13.93
Ubicacion,1128,CONECTA_CON,Ubicacion,3077,1.85,2.01
Ubicacion,1129,CONECTA_CON,Ubicacion,2902,9.46,10.57
Ubicacion,1129,CONECTA_CON,Ubicacion,3046,6.23,8.44
Ubicacion,1129,CONECTA_CON,Ubicacion,445,8.97,9.47
Ubicacion,1130,CONECTA_CON,Ubicacion,1278,7.27,10.07
Ubicacion,1130,CONECTA_CON,Ubicacion,99,4.03,10.63
Ubicacion,1130,CONECTA_CON,Ubicacion,3000,1.7,1.84
Ubicacion,1131,CONECTA_CON,Ubicacion,391,3.06,8.16
Ubicacion,1131,CONECTA_CON,Ubicacion,371,3.32,9.01
Ubicacion,1131,CONECTA_CON,Ubicacion,4976,3.14,4.19
Ubicacion,1132,CONECTA_CON,Ubicacion,647,2.9,3.16
Ubicacion,1132,CONECTA_CON,Ubicacion,1330,7.51,13.41
Ubicacion,1132,CONECTA_CON,Ubicacion,1312,9.5,13.99
Ubicacion,1133,CONECTA_CON,Ubicacion,4450,4.67,6.57
Ubicacion,1133,CONECTA_CON,Ubicacion,1607,5.37,5.69
Ubicacion,1133,CONECTA_CON,Ubicacion,4300,2.1,5.62
Ubicacion,1134,CONECTA_CON,Ubicacion,1381,8.12,8.7
Ubicacion,1134,CONECTA_CON,Ubicacion,3039,5.19,14.68
Ubicacion,1134,CONECTA_CON,Ubicacion,3312,7.21,10.58
Ubicacion,1135,CONECTA_CON,Ubicacion,3610,1.5,2.04
Ubicacion,1135,CONECTA_CON,Ubicacion,2774,5.6,8.17
Ubicacion,1135,CONECTA_CON,Ubicacion,646,6.7,12.65
Ubicacion,1136,CONECTA_CON,Ubicacion,2083,9.18,9.6
Ubicacion,1136,CONECTA_CON,Ubicacion,4639,1.87,2.19
Ubicacion,1136,CONECTA_CON,Ubicacion,2525,3.57,4.13
Ubicacion,1137,CONECTA_CON,Ubicacion,793,7.67,11.06
Ubicacion,1137,CONECTA_CON,Ubicacion,1083,7.32,17.84
Ubicacion,1137,CONECTA_CON,Ubicacion,4812,2.93,3.9
Ubicacion,1138,CONECTA_CON,Ubicacion,4904,8.76,12.65
Ubicacion,1138,CONECTA_CON,Ubicacion,4702,3.3,5.08
Ubicacion,1138,CONECTA_CON,Ubicacion,2168,6.18,7.71
Ubicacion,1139,CONECTA_CON,Ubicacion,4379,6.04,9.85
Ubicacion,1139,CONECTA_CON,Ubicacion,3079,2.5,3.56
Ubicacion,1139,CONECTA_CON,Ubicacion,3,3.99,7.99
Ubicacion,1140,CONECTA_CON,Ubicacion,3904,5.36,6.76
Ubicacion,1140,CONECTA_CON,Ubicacion,2516,5.99,6.04
Ubicacion,1140,CONECTA_CON,Ubicacion,4060,6.6,7.08
Ubicacion,1141,CONECTA_CON,Ubicacion,3455,5.44,7.71
Ubicacion,1141,CONECTA_CON,Ubicacion,2896,5.82,8.43
Ubicacion,1141,CONECTA_CON,Ubicacion,1615,5.73,8.94
Ubicacion,1142,CONECTA_CON,Ubicacion,3094,6.12,11.9
Ubicacion,1142,CONECTA_CON,Ubicacion,4296,8.83,10.37
Ubicacion,1142,CONECTA_CON,Ubicacion,700,3.09,4.32
Ubicacion,1143,CONECTA_CON,Ubicacion,657,4.73,13.92
Ubicacion,1143,CONECTA_CON,Ubicacion,515,6.28,13.77
Ubicacion,1143,CONECTA_CON,Ubicacion,3914,1.52,2.29
Ubicacion,1144,CONECTA_CON,Ubicacion,2407,4.36,12.62
Ubicacion,1144,CONECTA_CON,Ubicacion,860,4.31,4.88
Ubicacion,1144,CONECTA_CON,Ubicacion,2857,3.9,5.93
Ubicacion,1145,CONECTA_CON,Ubicacion,139,5.5,7.55
Ubicacion,1145,CONECTA_CON,Ubicacion,2991,0.63,1.46
Ubicacion,1145,CONECTA_CON,Ubicacion,2341,6.85,13.03
Ubicacion,1146,CONECTA_CON,Ubicacion,3262,8.34,9.29
Ubicacion,1146,CONECTA_CON,Ubicacion,334,9.94,25.6
Ubicacion,1146,CONECTA_CON,Ubicacion,1310,4.09,8.17
Ubicacion,1147,CONECTA_CON,Ubicacion,2767,3.63,4.1
Ubicacion,1147,CONECTA_CON,Ubicacion,3126,8.19,8.3
Ubicacion,1147,CONECTA_CON,Ubicacion,4715,9.75,12.19
Ubicacion,1148,CONECTA_CON,Ubicacion,826,4.85,7.4
Ubicacion,1148,CONECTA_CON,Ubicacion,1039,6.03,6.55
Ubicacion,1148,CONECTA_CON,Ubicacion,2355,2.66,2.95
Ubicacion,1149,CONECTA_CON,Ubicacion,1719,1.26,2.19
Ubicacion,1149,CONECTA_CON,Ubicacion,1943,4.23,4.4
Ubicacion,1149,CONECTA_CON,Ubicacion,3276,3.91,8.63
Ubicacion,1150,CONECTA_CON,Ubicacion,3507,8.65,10.92
Ubicacion,1150,CONECTA_CON,Ubicacion,1766,7.16,10.31
Ubicacion,1150,CONECTA_CON,Ubicacion,2231,3.03,3.37
Ubicacion,1151,CONECTA_CON,Ubicacion,3699,8.0,13.96
Ubicacion,1151,CONECTA_CON,Ubicacion,2401,9.74,12.06
Ubicacion,1151,CONECTA_CON,Ubicacion,809,8.35,17.99
Ubicacion,1152,CONECTA_CON,Ubicacion,3871,8.79,10.92
Ubicacion,1152,CONECTA_CON,Ubicacion,1451,0.63,1.04
Ubicacion,1152,CONECTA_CON,Ubicacion,1525,9.9,11.33
Ubicacion,1153,CONECTA_CON,Ubicacion,3711,6.57,8.85
Ubicacion,1153,CONECTA_CON,Ubicacion,970,6.19,9.58
Ubicacion,1153,CONECTA_CON,Ubicacion,2423,0.61,1.2
Ubicacion,1154,CONECTA_CON,Ubicacion,2720,6.55,8.52
Ubicacion,1154,CONECTA_CON,Ubicacion,320,3.92,5.0
Ubicacion,1154,CONECTA_CON,Ubicacion,1343,9.01,13.96
Ubicacion,1155,CONECTA_CON,Ubicacion,493,6.57,8.47
Ubicacion,1155,CONECTA_CON,Ubicacion,4511,9.09,11.61
Ubicacion,1155,CONECTA_CON,Ubicacion,130,1.97,1.99
Ubicacion,1156,CONECTA_CON,Ubicacion,1344,6.02,15.62
Ubicacion,1156,CONECTA_CON,Ubicacion,4821,6.0,8.33
Ubicacion,1156,CONECTA_CON,Ubicacion,4410,4.17,4.38
Ubicacion,1157,CONECTA_CON,Ubicacion,2789,8.8,9.62
Ubicacion,1157,CONECTA_CON,Ubicacion,4451,9.85,14.48
Ubicacion,1157,CONECTA_CON,Ubicacion,956,7.1,7.82
Ubicacion,1158,CONECTA_CON,Ubicacion,4277,8.35,13.44
Ubicacion,1158,CONECTA_CON,Ubicacion,2601,5.39,7.2
Ubicacion,1158,CONECTA_CON,Ubicacion,4195,3.84,4.97
Ubicacion,1159,CONECTA_CON,Ubicacion,4986,1.17,1.39
Ubicacion,1159,CONECTA_CON,Ubicacion,1753,9.48,18.46
Ubicacion,1159,CONECTA_CON,Ubicacion,1653,7.12,11.94
Ubicacion,1160,CONECTA_CON,Ubicacion,588,5.35,7.3
Ubicacion,1160,CONECTA_CON,Ubicacion,744,3.7,5.75
Ubicacion,1160,CONECTA_CON,Ubicacion,3922,5.54,8.88
Ubicacion,1161,CONECTA_CON,Ubicacion,108,1.79,3.83
Ubicacion,1161,CONECTA_CON,Ubicacion,2981,8.55,9.74
Ubicacion,1161,CONECTA_CON,Ubicacion,368,2.59,3.07
Ubicacion,1162,CONECTA_CON,Ubicacion,2242,6.13,17.51
Ubicacion,1162,CONECTA_CON,Ubicacion,4876,1.88,4.52
Ubicacion,1162,CONECTA_CON,Ubicacion,2850,4.22,6.89
Ubicacion,1163,CONECTA_CON,Ubicacion,857,6.78,13.38
Ubicacion,1163,CONECTA_CON,Ubicacion,2923,10.0,12.06
Ubicacion,1163,CONECTA_CON,Ubicacion,2578,6.28,6.36
Ubicacion,1164,CONECTA_CON,Ubicacion,2007,2.15,4.96
Ubicacion,1164,CONECTA_CON,Ubicacion,4077,4.72,7.75
Ubicacion,1164,CONECTA_CON,Ubicacion,3448,8.72,9.05
Ubicacion,1165,CONECTA_CON,Ubicacion,3673,1.14,2.75
Ubicacion,1165,CONECTA_CON,Ubicacion,4264,7.53,13.19
Ubicacion,1165,CONECTA_CON,Ubicacion,2441,2.37,4.79
Ubicacion,1166,CONECTA_CON,Ubicacion,4515,8.17,14.2
Ubicacion,1166,CONECTA_CON,Ubicacion,1578,3.28,4.39
Ubicacion,1166,CONECTA_CON,Ubicacion,3252,3.14,7.04
Ubicacion,1167,CONECTA_CON,Ubicacion,2709,1.2,1.95
Ubicacion,1167,CONECTA_CON,Ubicacion,782,1.61,1.93
Ubicacion,1167,CONECTA_CON,Ubicacion,1558,1.05,1.31
Ubicacion,1168,CONECTA_CON,Ubicacion,2280,9.0,10.94
Ubicacion,1168,CONECTA_CON,Ubicacion,4608,5.77,11.1
Ubicacion,1168,CONECTA_CON,Ubicacion,1643,0.82,2.17
Ubicacion,1169,CONECTA_CON,Ubicacion,2168,4.38,11.33
Ubicacion,1169,CONECTA_CON,Ubicacion,4750,9.84,18.53
Ubicacion,1169,CONECTA_CON,Ubicacion,1044,3.01,3.5
Ubicacion,1170,CONECTA_CON,Ubicacion,4038,3.84,4.53
Ubicacion,1170,CONECTA_CON,Ubicacion,187,7.01,7.32
Ubicacion,1170,CONECTA_CON,Ubicacion,1688,2.34,4.87
Ubicacion,1171,CONECTA_CON,Ubicacion,3300,6.61,9.22
Ubicacion,1171,CONECTA_CON,Ubicacion,1221,8.36,12.61
Ubicacion,1171,CONECTA_CON,Ubicacion,4101,1.62,2.02
Ubicacion,1172,CONECTA_CON,Ubicacion,2730,8.67,9.47
Ubicacion,1172,CONECTA_CON,Ubicacion,2422,1.12,1.35
Ubicacion,1172,CONECTA_CON,Ubicacion,4980,9.45,16.98
Ubicacion,1173,CONECTA_CON,Ubicacion,2343,1.63,1.97
Ubicacion,1173,CONECTA_CON,Ubicacion,4992,2.39,4.38
Ubicacion,1173,CONECTA_CON,Ubicacion,1853,7.8,10.13
Ubicacion,1174,CONECTA_CON,Ubicacion,3380,6.86,10.25
Ubicacion,1174,CONECTA_CON,Ubicacion,1939,7.35,8.73
Ubicacion,1174,CONECTA_CON,Ubicacion,628,2.1,2.78
Ubicacion,1175,CONECTA_CON,Ubicacion,2773,6.51,7.25
Ubicacion,1175,CONECTA_CON,Ubicacion,1606,6.44,15.07
Ubicacion,1175,CONECTA_CON,Ubicacion,2772,4.07,9.2
Ubicacion,1176,CONECTA_CON,Ubicacion,204,2.4,3.38
Ubicacion,1176,CONECTA_CON,Ubicacion,4746,6.44,7.12
Ubicacion,1176,CONECTA_CON,Ubicacion,333,2.64,2.94
Ubicacion,1177,CONECTA_CON,Ubicacion,4906,1.94,2.91
Ubicacion,1177,CONECTA_CON,Ubicacion,4395,7.97,8.04
Ubicacion,1177,CONECTA_CON,Ubicacion,4411,5.71,9.67
Ubicacion,1178,CONECTA_CON,Ubicacion,4842,9.59,12.6
Ubicacion,1178,CONECTA_CON,Ubicacion,3941,7.37,7.54
Ubicacion,1178,CONECTA_CON,Ubicacion,262,7.37,18.76
Ubicacion,1179,CONECTA_CON,Ubicacion,60,6.44,8.02
Ubicacion,1179,CONECTA_CON,Ubicacion,1751,7.7,10.28
Ubicacion,1179,CONECTA_CON,Ubicacion,2048,8.84,25.5
Ubicacion,1180,CONECTA_CON,Ubicacion,1464,2.99,3.54
Ubicacion,1180,CONECTA_CON,Ubicacion,4621,5.95,14.12
Ubicacion,1180,CONECTA_CON,Ubicacion,4099,4.09,5.02
Ubicacion,1181,CONECTA_CON,Ubicacion,877,1.9,2.98
Ubicacion,1181,CONECTA_CON,Ubicacion,881,7.28,7.84
Ubicacion,1181,CONECTA_CON,Ubicacion,1539,7.65,7.76
Ubicacion,1182,CONECTA_CON,Ubicacion,4076,5.32,5.72
Ubicacion,1182,CONECTA_CON,Ubicacion,4866,8.29,9.37
Ubicacion,1182,CONECTA_CON,Ubicacion,467,9.82,15.71
Ubicacion,1183,CONECTA_CON,Ubicacion,369,1.82,2.91
Ubicacion,1183,CONECTA_CON,Ubicacion,434,1.64,4.7
Ubicacion,1183,CONECTA_CON,Ubicacion,1596,2.52,5.58
Ubicacion,1184,CONECTA_CON,Ubicacion,4528,8.11,13.56
Ubicacion,1184,CONECTA_CON,Ubicacion,3400,7.96,7.97
Ubicacion,1184,CONECTA_CON,Ubicacion,2244,5.91,10.01
Ubicacion,1185,CONECTA_CON,Ubicacion,1686,1.94,3.09
Ubicacion,1185,CONECTA_CON,Ubicacion,3060,3.11,3.9
Ubicacion,1185,CONECTA_CON,Ubicacion,1014,8.61,21.06
Ubicacion,1186,CONECTA_CON,Ubicacion,887,6.95,16.27
Ubicacion,1186,CONECTA_CON,Ubicacion,3976,1.69,3.28
Ubicacion,1186,CONECTA_CON,Ubicacion,83,3.07,3.6
Ubicacion,1187,CONECTA_CON,Ubicacion,1463,5.55,6.71
Ubicacion,1187,CONECTA_CON,Ubicacion,4452,2.93,5.97
Ubicacion,1187,CONECTA_CON,Ubicacion,1943,3.63,4.44
Ubicacion,1188,CONECTA_CON,Ubicacion,2666,6.05,6.21
Ubicacion,1188,CONECTA_CON,Ubicacion,1106,8.97,11.8
Ubicacion,1188,CONECTA_CON,Ubicacion,2280,1.21,2.61
Ubicacion,1189,CONECTA_CON,Ubicacion,2844,9.24,17.98
Ubicacion,1189,CONECTA_CON,Ubicacion,1473,8.35,18.97
Ubicacion,1189,CONECTA_CON,Ubicacion,2086,1.75,1.93
Ubicacion,1190,CONECTA_CON,Ubicacion,1327,5.87,7.82
Ubicacion,1190,CONECTA_CON,Ubicacion,4334,6.45,7.14
Ubicacion,1190,CONECTA_CON,Ubicacion,4272,4.68,11.47
Ubicacion,1191,CONECTA_CON,Ubicacion,830,7.52,13.86
Ubicacion,1191,CONECTA_CON,Ubicacion,3425,7.68,18.25
Ubicacion,1191,CONECTA_CON,Ubicacion,3083,7.19,18.13
Ubicacion,1192,CONECTA_CON,Ubicacion,4897,5.99,7.9
Ubicacion,1192,CONECTA_CON,Ubicacion,709,7.54,17.11
Ubicacion,1192,CONECTA_CON,Ubicacion,179,3.8,5.33
Ubicacion,1193,CONECTA_CON,Ubicacion,846,2.4,2.59
Ubicacion,1193,CONECTA_CON,Ubicacion,31,6.89,9.86
Ubicacion,1193,CONECTA_CON,Ubicacion,521,1.69,3.01
Ubicacion,1194,CONECTA_CON,Ubicacion,4298,3.04,4.65
Ubicacion,1194,CONECTA_CON,Ubicacion,1932,1.23,1.63
Ubicacion,1194,CONECTA_CON,Ubicacion,3091,2.22,2.43
Ubicacion,1195,CONECTA_CON,Ubicacion,50,7.47,10.96
Ubicacion,1195,CONECTA_CON,Ubicacion,1690,1.63,1.65
Ubicacion,1195,CONECTA_CON,Ubicacion,4124,3.33,3.39
Ubicacion,1196,CONECTA_CON,Ubicacion,1873,2.73,5.36
Ubicacion,1196,CONECTA_CON,Ubicacion,834,2.23,3.19
Ubicacion,1196,CONECTA_CON,Ubicacion,1992,8.35,22.96
Ubicacion,1197,CONECTA_CON,Ubicacion,3426,1.37,1.4
Ubicacion,1197,CONECTA_CON,Ubicacion,3010,4.91,5.99
Ubicacion,1197,CONECTA_CON,Ubicacion,3634,0.81,0.89
Ubicacion,1198,CONECTA_CON,Ubicacion,2783,3.19,7.51
Ubicacion,1198,CONECTA_CON,Ubicacion,575,1.23,1.62
Ubicacion,1198,CONECTA_CON,Ubicacion,1027,2.35,2.55
Ubicacion,1199,CONECTA_CON,Ubicacion,3411,4.38,6.75
Ubicacion,1199,CONECTA_CON,Ubicacion,2154,3.68,5.44
Ubicacion,1199,CONECTA_CON,Ubicacion,2837,2.77,5.38
Ubicacion,1200,CONECTA_CON,Ubicacion,1865,7.14,10.59
Ubicacion,1200,CONECTA_CON,Ubicacion,3220,0.75,1.06
Ubicacion,1200,CONECTA_CON,Ubicacion,899,6.5,11.38
Ubicacion,1201,CONECTA_CON,Ubicacion,3980,6.25,17.9
Ubicacion,1201,CONECTA_CON,Ubicacion,4118,3.43,8.05
Ubicacion,1201,CONECTA_CON,Ubicacion,2865,9.75,12.4
Ubicacion,1202,CONECTA_CON,Ubicacion,2478,8.95,21.36
Ubicacion,1202,CONECTA_CON,Ubicacion,2610,9.19,16.88
Ubicacion,1202,CONECTA_CON,Ubicacion,2579,8.04,9.4
Ubicacion,1203,CONECTA_CON,Ubicacion,1904,5.15,8.42
Ubicacion,1203,CONECTA_CON,Ubicacion,3090,3.82,6.18
Ubicacion,1203,CONECTA_CON,Ubicacion,2823,4.43,7.24
Ubicacion,1204,CONECTA_CON,Ubicacion,4428,1.28,3.67
Ubicacion,1204,CONECTA_CON,Ubicacion,1418,5.35,6.24
Ubicacion,1204,CONECTA_CON,Ubicacion,2546,3.84,6.64
Ubicacion,1205,CONECTA_CON,Ubicacion,3803,6.79,11.52
Ubicacion,1205,CONECTA_CON,Ubicacion,4604,3.6,3.61
Ubicacion,1205,CONECTA_CON,Ubicacion,2184,6.61,13.82
Ubicacion,1206,CONECTA_CON,Ubicacion,4366,1.71,1.85
Ubicacion,1206,CONECTA_CON,Ubicacion,4520,6.37,9.14
Ubicacion,1206,CONECTA_CON,Ubicacion,871,5.35,6.74
Ubicacion,1207,CONECTA_CON,Ubicacion,871,7.76,16.44
Ubicacion,1207,CONECTA_CON,Ubicacion,1296,7.42,7.47
Ubicacion,1207,CONECTA_CON,Ubicacion,2014,2.9,6.23
Ubicacion,1208,CONECTA_CON,Ubicacion,478,8.02,11.92
Ubicacion,1208,CONECTA_CON,Ubicacion,232,3.48,10.1
Ubicacion,1208,CONECTA_CON,Ubicacion,1984,4.51,5.22
Ubicacion,1209,CONECTA_CON,Ubicacion,3581,8.37,11.05
Ubicacion,1209,CONECTA_CON,Ubicacion,4782,4.48,9.54
Ubicacion,1209,CONECTA_CON,Ubicacion,4812,1.82,2.31
Ubicacion,1210,CONECTA_CON,Ubicacion,3456,4.05,5.1
Ubicacion,1210,CONECTA_CON,Ubicacion,4410,8.3,9.28
Ubicacion,1210,CONECTA_CON,Ubicacion,4260,1.03,1.36
Ubicacion,1211,CONECTA_CON,Ubicacion,4251,3.6,4.07
Ubicacion,1211,CONECTA_CON,Ubicacion,4354,3.53,4.11
Ubicacion,1211,CONECTA_CON,Ubicacion,1101,6.23,12.1
Ubicacion,1212,CONECTA_CON,Ubicacion,1969,8.7,13.42
Ubicacion,1212,CONECTA_CON,Ubicacion,2250,7.95,13.44
Ubicacion,1212,CONECTA_CON,Ubicacion,3357,1.23,1.93
Ubicacion,1213,CONECTA_CON,Ubicacion,4162,3.73,4.1
Ubicacion,1213,CONECTA_CON,Ubicacion,3239,9.06,23.99
Ubicacion,1213,CONECTA_CON,Ubicacion,3063,6.61,10.02
Ubicacion,1214,CONECTA_CON,Ubicacion,3732,9.29,16.54
Ubicacion,1214,CONECTA_CON,Ubicacion,1592,6.32,10.59
Ubicacion,1214,CONECTA_CON,Ubicacion,2589,1.78,2.89
Ubicacion,1215,CONECTA_CON,Ubicacion,3518,5.8,6.53
Ubicacion,1215,CONECTA_CON,Ubicacion,1732,2.24,2.62
Ubicacion,1215,CONECTA_CON,Ubicacion,2046,0.84,1.53
Ubicacion,1216,CONECTA_CON,Ubicacion,1359,1.67,3.1
Ubicacion,1216,CONECTA_CON,Ubicacion,2692,6.4,6.6
Ubicacion,1216,CONECTA_CON,Ubicacion,4559,6.85,10.28
Ubicacion,1217,CONECTA_CON,Ubicacion,4612,5.31,6.87
Ubicacion,1217,CONECTA_CON,Ubicacion,983,7.3,17.43
Ubicacion,1217,CONECTA_CON,Ubicacion,4566,7.91,13.85
Ubicacion,1218,CONECTA_CON,Ubicacion,2459,2.61,3.33
Ubicacion,1218,CONECTA_CON,Ubicacion,4413,6.55,8.64
Ubicacion,1218,CONECTA_CON,Ubicacion,1229,3.79,11.28
Ubicacion,1219,CONECTA_CON,Ubicacion,1477,0.56,0.62
Ubicacion,1219,CONECTA_CON,Ubicacion,3919,6.03,6.98
Ubicacion,1219,CONECTA_CON,Ubicacion,2822,4.62,4.96
Ubicacion,1220,CONECTA_CON,Ubicacion,4586,4.02,7.84
Ubicacion,1220,CONECTA_CON,Ubicacion,1867,4.82,10.59
Ubicacion,1220,CONECTA_CON,Ubicacion,1629,5.89,7.73
Ubicacion,1221,CONECTA_CON,Ubicacion,4216,6.57,6.69
Ubicacion,1221,CONECTA_CON,Ubicacion,1932,6.48,6.49
Ubicacion,1221,CONECTA_CON,Ubicacion,368,2.07,3.76
Ubicacion,1222,CONECTA_CON,Ubicacion,214,1.93,5.78
Ubicacion,1222,CONECTA_CON,Ubicacion,2739,5.07,5.54
Ubicacion,1222,CONECTA_CON,Ubicacion,3298,8.45,17.02
Ubicacion,1223,CONECTA_CON,Ubicacion,399,9.72,20.13
Ubicacion,1223,CONECTA_CON,Ubicacion,689,4.25,9.77
Ubicacion,1223,CONECTA_CON,Ubicacion,3565,6.64,12.62
Ubicacion,1224,CONECTA_CON,Ubicacion,3992,4.2,5.63
Ubicacion,1224,CONECTA_CON,Ubicacion,3451,9.27,24.66
Ubicacion,1224,CONECTA_CON,Ubicacion,58,8.53,10.73
Ubicacion,1225,CONECTA_CON,Ubicacion,2231,9.12,9.9
Ubicacion,1225,CONECTA_CON,Ubicacion,4376,5.1,5.34
Ubicacion,1225,CONECTA_CON,Ubicacion,3673,7.21,11.55
Ubicacion,1226,CONECTA_CON,Ubicacion,1372,4.76,5.71
Ubicacion,1226,CONECTA_CON,Ubicacion,2958,7.76,9.54
Ubicacion,1226,CONECTA_CON,Ubicacion,3647,7.49,13.82
Ubicacion,1227,CONECTA_CON,Ubicacion,809,5.94,5.98
Ubicacion,1227,CONECTA_CON,Ubicacion,205,3.95,10.5
Ubicacion,1227,CONECTA_CON,Ubicacion,1412,2.51,6.02
Ubicacion,1228,CONECTA_CON,Ubicacion,2531,2.02,5.29
Ubicacion,1228,CONECTA_CON,Ubicacion,4557,6.99,8.33
Ubicacion,1228,CONECTA_CON,Ubicacion,3386,8.68,15.55
Ubicacion,1229,CONECTA_CON,Ubicacion,3125,9.02,13.32
Ubicacion,1229,CONECTA_CON,Ubicacion,4898,4.08,8.33
Ubicacion,1229,CONECTA_CON,Ubicacion,4235,3.34,4.08
Ubicacion,1230,CONECTA_CON,Ubicacion,4618,1.04,1.16
Ubicacion,1230,CONECTA_CON,Ubicacion,1723,1.44,4.12
Ubicacion,1230,CONECTA_CON,Ubicacion,131,8.36,10.44
Ubicacion,1231,CONECTA_CON,Ubicacion,4851,4.25,8.59
Ubicacion,1231,CONECTA_CON,Ubicacion,3380,4.86,6.1
Ubicacion,1231,CONECTA_CON,Ubicacion,1685,7.95,15.83
Ubicacion,1232,CONECTA_CON,Ubicacion,947,7.68,21.15
Ubicacion,1232,CONECTA_CON,Ubicacion,589,2.04,4.94
Ubicacion,1232,CONECTA_CON,Ubicacion,4220,5.81,12.93
Ubicacion,1233,CONECTA_CON,Ubicacion,4552,5.23,5.26
Ubicacion,1233,CONECTA_CON,Ubicacion,4434,3.06,3.46
Ubicacion,1233,CONECTA_CON,Ubicacion,2096,1.76,1.92
Ubicacion,1234,CONECTA_CON,Ubicacion,4588,2.84,4.83
Ubicacion,1234,CONECTA_CON,Ubicacion,2449,5.41,6.89
Ubicacion,1234,CONECTA_CON,Ubicacion,4603,4.24,10.14
Ubicacion,1235,CONECTA_CON,Ubicacion,2395,9.45,16.87
Ubicacion,1235,CONECTA_CON,Ubicacion,427,9.66,11.29
Ubicacion,1235,CONECTA_CON,Ubicacion,2251,5.6,9.65
Ubicacion,1236,CONECTA_CON,Ubicacion,3680,9.38,9.42
Ubicacion,1236,CONECTA_CON,Ubicacion,1148,6.61,11.28
Ubicacion,1236,CONECTA_CON,Ubicacion,723,2.22,2.4
Ubicacion,1237,CONECTA_CON,Ubicacion,332,1.74,3.8
Ubicacion,1237,CONECTA_CON,Ubicacion,4359,1.44,1.66
Ubicacion,1237,CONECTA_CON,Ubicacion,3201,7.69,17.48
Ubicacion,1238,CONECTA_CON,Ubicacion,1678,4.81,4.91
Ubicacion,1238,CONECTA_CON,Ubicacion,905,5.72,7.89
Ubicacion,1238,CONECTA_CON,Ubicacion,3655,5.12,7.33
Ubicacion,1239,CONECTA_CON,Ubicacion,3721,5.09,11.59
Ubicacion,1239,CONECTA_CON,Ubicacion,2411,1.77,1.81
Ubicacion,1239,CONECTA_CON,Ubicacion,4900,9.87,11.21
Ubicacion,1240,CONECTA_CON,Ubicacion,4954,2.89,3.35
Ubicacion,1240,CONECTA_CON,Ubicacion,1347,5.28,5.92
Ubicacion,1240,CONECTA_CON,Ubicacion,4062,9.79,10.43
Ubicacion,1241,CONECTA_CON,Ubicacion,2034,5.3,11.15
Ubicacion,1241,CONECTA_CON,Ubicacion,192,3.18,5.08
Ubicacion,1241,CONECTA_CON,Ubicacion,2187,9.37,13.39
Ubicacion,1242,CONECTA_CON,Ubicacion,2905,8.09,10.77
Ubicacion,1242,CONECTA_CON,Ubicacion,3883,1.72,2.29
Ubicacion,1242,CONECTA_CON,Ubicacion,2187,2.49,5.03
Ubicacion,1243,CONECTA_CON,Ubicacion,356,6.47,19.11
Ubicacion,1243,CONECTA_CON,Ubicacion,3986,5.75,7.59
Ubicacion,1243,CONECTA_CON,Ubicacion,3235,7.16,9.09
Ubicacion,1244,CONECTA_CON,Ubicacion,3590,7.88,9.58
Ubicacion,1244,CONECTA_CON,Ubicacion,1838,7.02,9.98
Ubicacion,1244,CONECTA_CON,Ubicacion,2993,4.06,7.45
Ubicacion,1245,CONECTA_CON,Ubicacion,1971,8.37,22.32
Ubicacion,1245,CONECTA_CON,Ubicacion,3738,8.89,12.53
Ubicacion,1245,CONECTA_CON,Ubicacion,3863,9.18,15.69
Ubicacion,1246,CONECTA_CON,Ubicacion,4389,7.18,11.88
Ubicacion,1246,CONECTA_CON,Ubicacion,1227,8.11,13.52
Ubicacion,1246,CONECTA_CON,Ubicacion,3787,3.11,3.26
Ubicacion,1247,CONECTA_CON,Ubicacion,630,6.76,17.83
Ubicacion,1247,CONECTA_CON,Ubicacion,2465,5.11,13.19
Ubicacion,1247,CONECTA_CON,Ubicacion,4367,6.77,7.5
Ubicacion,1248,CONECTA_CON,Ubicacion,4779,8.05,8.1
Ubicacion,1248,CONECTA_CON,Ubicacion,3917,7.18,8.8
Ubicacion,1248,CONECTA_CON,Ubicacion,4384,5.03,8.79
Ubicacion,1249,CONECTA_CON,Ubicacion,3853,7.5,8.43
Ubicacion,1249,CONECTA_CON,Ubicacion,3161,2.9,7.41
Ubicacion,1249,CONECTA_CON,Ubicacion,2641,4.05,4.94
Ubicacion,1250,CONECTA_CON,Ubicacion,366,5.49,8.3
Ubicacion,1250,CONECTA_CON,Ubicacion,3655,1.61,2.31
Ubicacion,1250,CONECTA_CON,Ubicacion,47,3.59,10.25
Ubicacion,1251,CONECTA_CON,Ubicacion,560,5.25,6.32
Ubicacion,1251,CONECTA_CON,Ubicacion,802,1.7,1.83
Ubicacion,1251,CONECTA_CON,Ubicacion,4721,8.48,11.65
Ubicacion,1252,CONECTA_CON,Ubicacion,4462,2.41,3.0
Ubicacion,1252,CONECTA_CON,Ubicacion,3524,4.34,6.02
Ubicacion,1252,CONECTA_CON,Ubicacion,1636,1.61,2.72
Ubicacion,1253,CONECTA_CON,Ubicacion,3702,5.07,13.11
Ubicacion,1253,CONECTA_CON,Ubicacion,1781,8.64,10.36
Ubicacion,1253,CONECTA_CON,Ubicacion,4814,6.26,14.94
Ubicacion,1254,CONECTA_CON,Ubicacion,207,7.22,10.58
Ubicacion,1254,CONECTA_CON,Ubicacion,4557,4.64,4.79
Ubicacion,1254,CONECTA_CON,Ubicacion,4146,8.21,12.02
Ubicacion,1255,CONECTA_CON,Ubicacion,1502,9.98,10.16
Ubicacion,1255,CONECTA_CON,Ubicacion,1591,3.28,5.16
Ubicacion,1255,CONECTA_CON,Ubicacion,4475,2.81,3.06
Ubicacion,1256,CONECTA_CON,Ubicacion,2871,0.68,1.37
Ubicacion,1256,CONECTA_CON,Ubicacion,1848,0.52,0.98
Ubicacion,1256,CONECTA_CON,Ubicacion,1578,1.87,2.37
Ubicacion,1257,CONECTA_CON,Ubicacion,1907,4.34,6.22
Ubicacion,1257,CONECTA_CON,Ubicacion,4660,2.01,5.58
Ubicacion,1257,CONECTA_CON,Ubicacion,4711,5.32,7.01
Ubicacion,1258,CONECTA_CON,Ubicacion,2486,6.48,7.88
Ubicacion,1258,CONECTA_CON,Ubicacion,3748,9.33,23.83
Ubicacion,1258,CONECTA_CON,Ubicacion,2947,4.71,11.79
Ubicacion,1259,CONECTA_CON,Ubicacion,4819,1.97,2.59
Ubicacion,1259,CONECTA_CON,Ubicacion,2497,3.04,4.61
Ubicacion,1259,CONECTA_CON,Ubicacion,2027,0.66,0.99
Ubicacion,1260,CONECTA_CON,Ubicacion,1337,4.31,5.7
Ubicacion,1260,CONECTA_CON,Ubicacion,2372,4.0,4.76
Ubicacion,1260,CONECTA_CON,Ubicacion,4769,1.51,1.65
Ubicacion,1261,CONECTA_CON,Ubicacion,2718,6.24,12.6
Ubicacion,1261,CONECTA_CON,Ubicacion,4070,1.69,3.34
Ubicacion,1261,CONECTA_CON,Ubicacion,138,4.4,4.6
Ubicacion,1262,CONECTA_CON,Ubicacion,2361,6.62,6.77
Ubicacion,1262,CONECTA_CON,Ubicacion,3156,2.65,5.01
Ubicacion,1262,CONECTA_CON,Ubicacion,4436,8.52,14.41
Ubicacion,1263,CONECTA_CON,Ubicacion,1133,1.01,1.41
Ubicacion,1263,CONECTA_CON,Ubicacion,1342,8.4,9.82
Ubicacion,1263,CONECTA_CON,Ubicacion,2240,6.98,7.24
Ubicacion,1264,CONECTA_CON,Ubicacion,4181,4.28,4.79
Ubicacion,1264,CONECTA_CON,Ubicacion,3638,8.04,19.6
Ubicacion,1264,CONECTA_CON,Ubicacion,1712,5.86,14.33
Ubicacion,1265,CONECTA_CON,Ubicacion,3222,7.02,8.11
Ubicacion,1265,CONECTA_CON,Ubicacion,559,4.74,7.44
Ubicacion,1265,CONECTA_CON,Ubicacion,4852,8.53,9.03
Ubicacion,1266,CONECTA_CON,Ubicacion,586,7.39,7.9
Ubicacion,1266,CONECTA_CON,Ubicacion,3605,6.67,7.69
Ubicacion,1266,CONECTA_CON,Ubicacion,1619,4.21,9.47
Ubicacion,1267,CONECTA_CON,Ubicacion,1128,4.93,7.31
Ubicacion,1267,CONECTA_CON,Ubicacion,188,6.36,10.96
Ubicacion,1267,CONECTA_CON,Ubicacion,3823,0.64,1.05
Ubicacion,1268,CONECTA_CON,Ubicacion,2807,6.69,19.92
Ubicacion,1268,CONECTA_CON,Ubicacion,3216,4.04,7.69
Ubicacion,1268,CONECTA_CON,Ubicacion,1022,9.22,14.03
Ubicacion,1269,CONECTA_CON,Ubicacion,4158,4.49,7.49
Ubicacion,1269,CONECTA_CON,Ubicacion,1691,1.72,3.27
Ubicacion,1269,CONECTA_CON,Ubicacion,2927,6.58,8.71
Ubicacion,1270,CONECTA_CON,Ubicacion,2271,3.15,3.23
Ubicacion,1270,CONECTA_CON,Ubicacion,1296,4.61,4.81
Ubicacion,1270,CONECTA_CON,Ubicacion,4427,6.0,16.69
Ubicacion,1271,CONECTA_CON,Ubicacion,4396,1.14,1.19
Ubicacion,1271,CONECTA_CON,Ubicacion,2582,3.66,5.88
Ubicacion,1271,CONECTA_CON,Ubicacion,4195,2.29,3.03
Ubicacion,1272,CONECTA_CON,Ubicacion,4835,7.77,16.09
Ubicacion,1272,CONECTA_CON,Ubicacion,3743,1.16,1.76
Ubicacion,1272,CONECTA_CON,Ubicacion,1965,4.51,5.41
Ubicacion,1273,CONECTA_CON,Ubicacion,4195,6.3,8.98
Ubicacion,1273,CONECTA_CON,Ubicacion,1459,6.11,6.36
Ubicacion,1273,CONECTA_CON,Ubicacion,906,4.4,6.3
Ubicacion,1274,CONECTA_CON,Ubicacion,2863,5.46,12.37
Ubicacion,1274,CONECTA_CON,Ubicacion,39,7.06,15.23
Ubicacion,1274,CONECTA_CON,Ubicacion,2581,0.96,1.64
Ubicacion,1275,CONECTA_CON,Ubicacion,4092,9.88,16.65
Ubicacion,1275,CONECTA_CON,Ubicacion,472,5.3,11.74
Ubicacion,1275,CONECTA_CON,Ubicacion,1347,8.49,13.43
Ubicacion,1276,CONECTA_CON,Ubicacion,4820,9.59,22.94
Ubicacion,1276,CONECTA_CON,Ubicacion,2305,4.58,7.54
Ubicacion,1276,CONECTA_CON,Ubicacion,112,4.72,6.61
Ubicacion,1277,CONECTA_CON,Ubicacion,4080,8.62,13.59
Ubicacion,1277,CONECTA_CON,Ubicacion,1892,4.09,10.14
Ubicacion,1277,CONECTA_CON,Ubicacion,2243,7.18,7.35
Ubicacion,1278,CONECTA_CON,Ubicacion,1794,7.89,10.22
Ubicacion,1278,CONECTA_CON,Ubicacion,1682,5.05,7.89
Ubicacion,1278,CONECTA_CON,Ubicacion,2063,3.4,4.3
Ubicacion,1279,CONECTA_CON,Ubicacion,2858,6.02,14.13
Ubicacion,1279,CONECTA_CON,Ubicacion,2012,5.91,12.75
Ubicacion,1279,CONECTA_CON,Ubicacion,1400,8.96,13.98
Ubicacion,1280,CONECTA_CON,Ubicacion,3954,1.67,1.96
Ubicacion,1280,CONECTA_CON,Ubicacion,4221,4.32,7.32
Ubicacion,1280,CONECTA_CON,Ubicacion,4780,4.91,5.84
Ubicacion,1281,CONECTA_CON,Ubicacion,858,8.51,21.33
Ubicacion,1281,CONECTA_CON,Ubicacion,4468,3.36,7.3
Ubicacion,1281,CONECTA_CON,Ubicacion,2343,7.93,18.93
Ubicacion,1282,CONECTA_CON,Ubicacion,3030,6.79,18.56
Ubicacion,1282,CONECTA_CON,Ubicacion,4156,9.74,17.35
Ubicacion,1282,CONECTA_CON,Ubicacion,3731,3.37,3.38
Ubicacion,1283,CONECTA_CON,Ubicacion,2625,9.52,18.56
Ubicacion,1283,CONECTA_CON,Ubicacion,2346,7.81,8.39
Ubicacion,1283,CONECTA_CON,Ubicacion,291,5.26,11.28
Ubicacion,1284,CONECTA_CON,Ubicacion,3297,6.61,7.06
Ubicacion,1284,CONECTA_CON,Ubicacion,1010,3.11,4.7
Ubicacion,1284,CONECTA_CON,Ubicacion,717,1.93,2.4
Ubicacion,1285,CONECTA_CON,Ubicacion,1486,3.2,6.79
Ubicacion,1285,CONECTA_CON,Ubicacion,3177,9.32,27.36
Ubicacion,1285,CONECTA_CON,Ubicacion,517,3.5,7.71
Ubicacion,1286,CONECTA_CON,Ubicacion,2193,1.02,1.12
Ubicacion,1286,CONECTA_CON,Ubicacion,4879,2.16,2.98
Ubicacion,1286,CONECTA_CON,Ubicacion,2840,8.25,16.47
Ubicacion,1287,CONECTA_CON,Ubicacion,4308,5.98,6.39
Ubicacion,1287,CONECTA_CON,Ubicacion,4471,0.73,1.52
Ubicacion,1287,CONECTA_CON,Ubicacion,871,3.95,5.39
Ubicacion,1288,CONECTA_CON,Ubicacion,4967,1.18,2.42
Ubicacion,1288,CONECTA_CON,Ubicacion,4838,8.85,9.22
Ubicacion,1288,CONECTA_CON,Ubicacion,4120,2.78,6.71
Ubicacion,1289,CONECTA_CON,Ubicacion,3126,7.86,23.32
Ubicacion,1289,CONECTA_CON,Ubicacion,3845,5.51,11.05
Ubicacion,1289,CONECTA_CON,Ubicacion,1173,6.49,9.07
Ubicacion,1290,CONECTA_CON,Ubicacion,1130,6.89,16.31
Ubicacion,1290,CONECTA_CON,Ubicacion,1824,3.89,11.54
Ubicacion,1290,CONECTA_CON,Ubicacion,2401,4.3,12.48
Ubicacion,1291,CONECTA_CON,Ubicacion,1750,7.44,9.31
Ubicacion,1291,CONECTA_CON,Ubicacion,1836,1.98,4.49
Ubicacion,1291,CONECTA_CON,Ubicacion,2590,2.27,2.3
Ubicacion,1292,CONECTA_CON,Ubicacion,371,4.76,9.13
Ubicacion,1292,CONECTA_CON,Ubicacion,522,8.54,9.53
Ubicacion,1292,CONECTA_CON,Ubicacion,3908,4.21,5.05
Ubicacion,1293,CONECTA_CON,Ubicacion,2886,5.79,10.54
Ubicacion,1293,CONECTA_CON,Ubicacion,4768,1.12,1.7
Ubicacion,1293,CONECTA_CON,Ubicacion,503,5.94,6.75
Ubicacion,1294,CONECTA_CON,Ubicacion,3806,1.95,2.45
Ubicacion,1294,CONECTA_CON,Ubicacion,4054,8.94,22.26
Ubicacion,1294,CONECTA_CON,Ubicacion,1475,1.99,2.98
Ubicacion,1295,CONECTA_CON,Ubicacion,2169,8.56,9.51
Ubicacion,1295,CONECTA_CON,Ubicacion,3763,0.61,0.82
Ubicacion,1295,CONECTA_CON,Ubicacion,3330,7.06,10.16
Ubicacion,1296,CONECTA_CON,Ubicacion,326,4.88,7.69
Ubicacion,1296,CONECTA_CON,Ubicacion,4220,3.72,8.65
Ubicacion,1296,CONECTA_CON,Ubicacion,1854,8.33,8.98
Ubicacion,1297,CONECTA_CON,Ubicacion,4423,6.85,7.03
Ubicacion,1297,CONECTA_CON,Ubicacion,1950,1.3,3.51
Ubicacion,1297,CONECTA_CON,Ubicacion,1021,1.95,2.1
Ubicacion,1298,CONECTA_CON,Ubicacion,2121,3.05,6.55
Ubicacion,1298,CONECTA_CON,Ubicacion,2018,4.48,6.88
Ubicacion,1298,CONECTA_CON,Ubicacion,3544,1.89,2.19
Ubicacion,1299,CONECTA_CON,Ubicacion,1622,5.51,7.77
Ubicacion,1299,CONECTA_CON,Ubicacion,4225,6.78,19.21
Ubicacion,1299,CONECTA_CON,Ubicacion,4550,5.52,5.99
Ubicacion,1300,CONECTA_CON,Ubicacion,1110,6.42,11.47
Ubicacion,1300,CONECTA_CON,Ubicacion,1179,8.39,11.57
Ubicacion,1300,CONECTA_CON,Ubicacion,1700,2.99,5.67
Ubicacion,1301,CONECTA_CON,Ubicacion,4345,1.22,2.43
Ubicacion,1301,CONECTA_CON,Ubicacion,4265,7.81,21.91
Ubicacion,1301,CONECTA_CON,Ubicacion,4664,8.05,8.32
Ubicacion,1302,CONECTA_CON,Ubicacion,2355,4.64,5.16
Ubicacion,1302,CONECTA_CON,Ubicacion,2287,2.14,3.03
Ubicacion,1302,CONECTA_CON,Ubicacion,3694,6.05,8.9
Ubicacion,1303,CONECTA_CON,Ubicacion,3239,9.14,14.59
Ubicacion,1303,CONECTA_CON,Ubicacion,4879,6.46,10.26
Ubicacion,1303,CONECTA_CON,Ubicacion,3007,7.92,19.81
Ubicacion,1304,CONECTA_CON,Ubicacion,2644,2.07,3.63
Ubicacion,1304,CONECTA_CON,Ubicacion,2377,7.63,17.87
Ubicacion,1304,CONECTA_CON,Ubicacion,1358,7.2,12.5
Ubicacion,1305,CONECTA_CON,Ubicacion,3392,5.56,10.19
Ubicacion,1305,CONECTA_CON,Ubicacion,2425,7.95,12.92
Ubicacion,1305,CONECTA_CON,Ubicacion,3114,7.94,20.35
Ubicacion,1306,CONECTA_CON,Ubicacion,4807,5.21,9.66
Ubicacion,1306,CONECTA_CON,Ubicacion,777,4.32,9.39
Ubicacion,1306,CONECTA_CON,Ubicacion,2774,9.31,20.79
Ubicacion,1307,CONECTA_CON,Ubicacion,4860,0.87,1.49
Ubicacion,1307,CONECTA_CON,Ubicacion,1905,4.06,4.39
Ubicacion,1307,CONECTA_CON,Ubicacion,1823,7.41,9.82
Ubicacion,1308,CONECTA_CON,Ubicacion,3576,3.73,5.44
Ubicacion,1308,CONECTA_CON,Ubicacion,220,4.19,6.77
Ubicacion,1308,CONECTA_CON,Ubicacion,1459,0.83,1.56
Ubicacion,1309,CONECTA_CON,Ubicacion,4140,2.83,3.25
Ubicacion,1309,CONECTA_CON,Ubicacion,4548,8.76,14.66
Ubicacion,1309,CONECTA_CON,Ubicacion,734,4.74,6.72
Ubicacion,1310,CONECTA_CON,Ubicacion,1971,7.46,7.66
Ubicacion,1310,CONECTA_CON,Ubicacion,1435,6.11,10.72
Ubicacion,1310,CONECTA_CON,Ubicacion,4533,8.27,8.52
Ubicacion,1311,CONECTA_CON,Ubicacion,608,3.92,7.39
Ubicacion,1311,CONECTA_CON,Ubicacion,1000,8.83,10.18
Ubicacion,1311,CONECTA_CON,Ubicacion,1247,2.55,5.64
Ubicacion,1312,CONECTA_CON,Ubicacion,3524,3.27,4.72
Ubicacion,1312,CONECTA_CON,Ubicacion,4231,0.74,0.83
Ubicacion,1312,CONECTA_CON,Ubicacion,2462,3.78,3.85
Ubicacion,1313,CONECTA_CON,Ubicacion,4931,6.41,6.55
Ubicacion,1313,CONECTA_CON,Ubicacion,1311,5.3,14.94
Ubicacion,1313,CONECTA_CON,Ubicacion,696,1.5,4.0
Ubicacion,1314,CONECTA_CON,Ubicacion,4023,9.86,13.59
Ubicacion,1314,CONECTA_CON,Ubicacion,1551,5.71,9.08
Ubicacion,1314,CONECTA_CON,Ubicacion,1122,1.98,2.07
Ubicacion,1315,CONECTA_CON,Ubicacion,3007,4.48,7.06
Ubicacion,1315,CONECTA_CON,Ubicacion,2848,2.24,2.33
Ubicacion,1315,CONECTA_CON,Ubicacion,508,7.74,11.52
Ubicacion,1316,CONECTA_CON,Ubicacion,782,6.34,18.66
Ubicacion,1316,CONECTA_CON,Ubicacion,1699,4.64,8.38
Ubicacion,1316,CONECTA_CON,Ubicacion,2859,7.44,7.91
Ubicacion,1317,CONECTA_CON,Ubicacion,4480,9.23,19.7
Ubicacion,1317,CONECTA_CON,Ubicacion,920,0.82,2.04
Ubicacion,1317,CONECTA_CON,Ubicacion,909,8.33,24.36
Ubicacion,1318,CONECTA_CON,Ubicacion,4786,4.32,7.91
Ubicacion,1318,CONECTA_CON,Ubicacion,325,6.97,15.72
Ubicacion,1318,CONECTA_CON,Ubicacion,1642,2.93,3.61
Ubicacion,1319,CONECTA_CON,Ubicacion,1683,3.91,4.54
Ubicacion,1319,CONECTA_CON,Ubicacion,325,6.31,14.35
Ubicacion,1319,CONECTA_CON,Ubicacion,243,7.75,18.34
Ubicacion,1320,CONECTA_CON,Ubicacion,3918,6.31,7.35
Ubicacion,1320,CONECTA_CON,Ubicacion,4571,8.08,11.35
Ubicacion,1320,CONECTA_CON,Ubicacion,829,8.11,8.18
Ubicacion,1321,CONECTA_CON,Ubicacion,1751,0.85,1.74
Ubicacion,1321,CONECTA_CON,Ubicacion,1101,4.7,8.86
Ubicacion,1321,CONECTA_CON,Ubicacion,349,6.7,12.89
Ubicacion,1322,CONECTA_CON,Ubicacion,3945,6.74,12.46
Ubicacion,1322,CONECTA_CON,Ubicacion,995,7.12,19.51
Ubicacion,1322,CONECTA_CON,Ubicacion,4295,9.4,19.16
Ubicacion,1323,CONECTA_CON,Ubicacion,3023,4.31,6.36
Ubicacion,1323,CONECTA_CON,Ubicacion,2102,7.4,16.24
Ubicacion,1323,CONECTA_CON,Ubicacion,4479,3.07,6.78
Ubicacion,1324,CONECTA_CON,Ubicacion,4655,1.41,1.41
Ubicacion,1324,CONECTA_CON,Ubicacion,3622,3.69,4.22
Ubicacion,1324,CONECTA_CON,Ubicacion,1545,6.67,6.82
Ubicacion,1325,CONECTA_CON,Ubicacion,2928,3.9,10.83
Ubicacion,1325,CONECTA_CON,Ubicacion,3049,3.19,3.62
Ubicacion,1325,CONECTA_CON,Ubicacion,1824,9.71,13.15
Ubicacion,1326,CONECTA_CON,Ubicacion,2180,4.73,5.0
Ubicacion,1326,CONECTA_CON,Ubicacion,1887,8.5,18.32
Ubicacion,1326,CONECTA_CON,Ubicacion,4088,6.67,7.93
Ubicacion,1327,CONECTA_CON,Ubicacion,2888,8.68,19.15
Ubicacion,1327,CONECTA_CON,Ubicacion,1315,8.86,8.92
Ubicacion,1327,CONECTA_CON,Ubicacion,2762,5.52,6.31
Ubicacion,1328,CONECTA_CON,Ubicacion,3125,6.71,18.87
Ubicacion,1328,CONECTA_CON,Ubicacion,1963,2.97,3.29
Ubicacion,1328,CONECTA_CON,Ubicacion,3659,2.96,3.77
Ubicacion,1329,CONECTA_CON,Ubicacion,2249,8.48,8.85
Ubicacion,1329,CONECTA_CON,Ubicacion,3868,9.41,19.27
Ubicacion,1329,CONECTA_CON,Ubicacion,3069,3.51,7.99
Ubicacion,1330,CONECTA_CON,Ubicacion,3836,6.22,11.6
Ubicacion,1330,CONECTA_CON,Ubicacion,2483,8.14,9.84
Ubicacion,1330,CONECTA_CON,Ubicacion,390,5.79,9.1
Ubicacion,1331,CONECTA_CON,Ubicacion,4032,4.79,8.55
Ubicacion,1331,CONECTA_CON,Ubicacion,3740,2.19,2.32
Ubicacion,1331,CONECTA_CON,Ubicacion,3660,9.59,14.86
Ubicacion,1332,CONECTA_CON,Ubicacion,1937,5.1,5.13
Ubicacion,1332,CONECTA_CON,Ubicacion,3188,4.78,6.83
Ubicacion,1332,CONECTA_CON,Ubicacion,84,5.78,12.93
Ubicacion,1333,CONECTA_CON,Ubicacion,2572,6.18,6.58
Ubicacion,1333,CONECTA_CON,Ubicacion,183,7.56,8.47
Ubicacion,1333,CONECTA_CON,Ubicacion,162,3.15,4.39
Ubicacion,1334,CONECTA_CON,Ubicacion,812,2.32,3.36
Ubicacion,1334,CONECTA_CON,Ubicacion,2148,9.21,10.22
Ubicacion,1334,CONECTA_CON,Ubicacion,545,7.17,9.15
Ubicacion,1335,CONECTA_CON,Ubicacion,1987,2.24,4.52
Ubicacion,1335,CONECTA_CON,Ubicacion,4978,7.89,8.33
Ubicacion,1335,CONECTA_CON,Ubicacion,4756,1.05,1.56
Ubicacion,1336,CONECTA_CON,Ubicacion,4200,8.65,10.59
Ubicacion,1336,CONECTA_CON,Ubicacion,4335,8.52,11.21
Ubicacion,1336,CONECTA_CON,Ubicacion,86,4.88,8.53
Ubicacion,1337,CONECTA_CON,Ubicacion,2999,5.28,15.07
Ubicacion,1337,CONECTA_CON,Ubicacion,1400,9.81,21.21
Ubicacion,1337,CONECTA_CON,Ubicacion,2746,7.22,19.81
Ubicacion,1338,CONECTA_CON,Ubicacion,489,3.29,6.84
Ubicacion,1338,CONECTA_CON,Ubicacion,711,0.86,1.61
Ubicacion,1338,CONECTA_CON,Ubicacion,240,2.03,5.98
Ubicacion,1339,CONECTA_CON,Ubicacion,2678,7.43,16.75
Ubicacion,1339,CONECTA_CON,Ubicacion,3363,7.25,14.04
Ubicacion,1339,CONECTA_CON,Ubicacion,2997,5.77,17.18
Ubicacion,1340,CONECTA_CON,Ubicacion,669,5.53,9.82
Ubicacion,1340,CONECTA_CON,Ubicacion,216,5.63,10.18
Ubicacion,1340,CONECTA_CON,Ubicacion,1201,1.2,1.76
Ubicacion,1341,CONECTA_CON,Ubicacion,2011,3.17,3.89
Ubicacion,1341,CONECTA_CON,Ubicacion,3657,9.14,9.38
Ubicacion,1341,CONECTA_CON,Ubicacion,1145,8.79,24.61
Ubicacion,1342,CONECTA_CON,Ubicacion,2082,5.46,8.2
Ubicacion,1342,CONECTA_CON,Ubicacion,128,6.24,6.74
Ubicacion,1342,CONECTA_CON,Ubicacion,847,3.69,8.09
Ubicacion,1343,CONECTA_CON,Ubicacion,1970,6.45,17.52
Ubicacion,1343,CONECTA_CON,Ubicacion,3320,4.13,5.94
Ubicacion,1343,CONECTA_CON,Ubicacion,3439,4.63,5.28
Ubicacion,1344,CONECTA_CON,Ubicacion,3654,3.82,5.19
Ubicacion,1344,CONECTA_CON,Ubicacion,2408,0.75,1.25
Ubicacion,1344,CONECTA_CON,Ubicacion,793,9.97,11.97
Ubicacion,1345,CONECTA_CON,Ubicacion,4451,2.74,3.0
Ubicacion,1345,CONECTA_CON,Ubicacion,199,2.32,2.75
Ubicacion,1345,CONECTA_CON,Ubicacion,846,6.12,9.66
Ubicacion,1346,CONECTA_CON,Ubicacion,3503,7.84,7.94
Ubicacion,1346,CONECTA_CON,Ubicacion,4117,7.8,12.81
Ubicacion,1346,CONECTA_CON,Ubicacion,890,5.86,7.1
Ubicacion,1347,CONECTA_CON,Ubicacion,4033,2.88,4.68
Ubicacion,1347,CONECTA_CON,Ubicacion,1109,4.56,12.75
Ubicacion,1347,CONECTA_CON,Ubicacion,1260,5.32,10.62
Ubicacion,1348,CONECTA_CON,Ubicacion,2898,0.62,0.99
Ubicacion,1348,CONECTA_CON,Ubicacion,1639,2.53,3.99
Ubicacion,1348,CONECTA_CON,Ubicacion,4035,6.81,7.24
Ubicacion,1349,CONECTA_CON,Ubicacion,4301,9.06,10.44
Ubicacion,1349,CONECTA_CON,Ubicacion,3174,2.67,3.25
Ubicacion,1349,CONECTA_CON,Ubicacion,3674,1.55,2.31
Ubicacion,1350,CONECTA_CON,Ubicacion,2111,1.28,3.8
Ubicacion,1350,CONECTA_CON,Ubicacion,3361,4.15,10.05
Ubicacion,1350,CONECTA_CON,Ubicacion,2240,7.38,18.79
Ubicacion,1351,CONECTA_CON,Ubicacion,1418,1.62,2.0
Ubicacion,1351,CONECTA_CON,Ubicacion,4741,4.45,11.55
Ubicacion,1351,CONECTA_CON,Ubicacion,1725,7.79,9.04
Ubicacion,1352,CONECTA_CON,Ubicacion,1501,4.34,6.45
Ubicacion,1352,CONECTA_CON,Ubicacion,1689,4.67,11.26
Ubicacion,1352,CONECTA_CON,Ubicacion,1895,2.87,4.42
Ubicacion,1353,CONECTA_CON,Ubicacion,2465,1.84,2.91
Ubicacion,1353,CONECTA_CON,Ubicacion,4098,4.95,5.04
Ubicacion,1353,CONECTA_CON,Ubicacion,848,5.6,8.21
Ubicacion,1354,CONECTA_CON,Ubicacion,2216,3.25,4.23
Ubicacion,1354,CONECTA_CON,Ubicacion,4503,7.63,15.68
Ubicacion,1354,CONECTA_CON,Ubicacion,4296,1.9,2.17
Ubicacion,1355,CONECTA_CON,Ubicacion,666,1.57,2.04
Ubicacion,1355,CONECTA_CON,Ubicacion,4097,1.7,1.71
Ubicacion,1355,CONECTA_CON,Ubicacion,3520,8.21,10.83
Ubicacion,1356,CONECTA_CON,Ubicacion,2951,0.76,0.85
Ubicacion,1356,CONECTA_CON,Ubicacion,4773,6.73,13.34
Ubicacion,1356,CONECTA_CON,Ubicacion,1774,1.32,2.0
Ubicacion,1357,CONECTA_CON,Ubicacion,3070,3.21,3.44
Ubicacion,1357,CONECTA_CON,Ubicacion,4123,3.0,3.79
Ubicacion,1357,CONECTA_CON,Ubicacion,1095,7.48,9.17
Ubicacion,1358,CONECTA_CON,Ubicacion,1953,1.1,2.87
Ubicacion,1358,CONECTA_CON,Ubicacion,820,0.55,1.58
Ubicacion,1358,CONECTA_CON,Ubicacion,1975,3.44,3.91
Ubicacion,1359,CONECTA_CON,Ubicacion,4482,9.85,10.3
Ubicacion,1359,CONECTA_CON,Ubicacion,2059,8.62,19.56
Ubicacion,1359,CONECTA_CON,Ubicacion,2907,4.32,4.71
Ubicacion,1360,CONECTA_CON,Ubicacion,4402,6.83,7.41
Ubicacion,1360,CONECTA_CON,Ubicacion,1277,3.71,5.52
Ubicacion,1360,CONECTA_CON,Ubicacion,4737,3.0,5.21
Ubicacion,1361,CONECTA_CON,Ubicacion,2474,4.36,6.07
Ubicacion,1361,CONECTA_CON,Ubicacion,434,7.76,8.14
Ubicacion,1361,CONECTA_CON,Ubicacion,3536,8.14,15.52
Ubicacion,1362,CONECTA_CON,Ubicacion,3210,7.1,13.32
Ubicacion,1362,CONECTA_CON,Ubicacion,4168,4.89,6.41
Ubicacion,1362,CONECTA_CON,Ubicacion,4673,4.39,5.41
Ubicacion,1363,CONECTA_CON,Ubicacion,3716,7.99,20.05
Ubicacion,1363,CONECTA_CON,Ubicacion,3081,9.65,22.0
Ubicacion,1363,CONECTA_CON,Ubicacion,2076,1.64,1.9
Ubicacion,1364,CONECTA_CON,Ubicacion,3773,5.96,8.15
Ubicacion,1364,CONECTA_CON,Ubicacion,2513,4.04,7.96
Ubicacion,1364,CONECTA_CON,Ubicacion,3832,6.21,7.74
Ubicacion,1365,CONECTA_CON,Ubicacion,2741,3.7,3.97
Ubicacion,1365,CONECTA_CON,Ubicacion,4913,0.74,1.28
Ubicacion,1365,CONECTA_CON,Ubicacion,3285,4.12,12.07
Ubicacion,1366,CONECTA_CON,Ubicacion,3237,8.2,19.7
Ubicacion,1366,CONECTA_CON,Ubicacion,1472,2.27,2.28
Ubicacion,1366,CONECTA_CON,Ubicacion,696,0.93,1.29
Ubicacion,1367,CONECTA_CON,Ubicacion,4287,5.24,5.97
Ubicacion,1367,CONECTA_CON,Ubicacion,4794,5.09,10.19
Ubicacion,1367,CONECTA_CON,Ubicacion,4013,3.82,10.56
Ubicacion,1368,CONECTA_CON,Ubicacion,3851,4.33,4.45
Ubicacion,1368,CONECTA_CON,Ubicacion,4404,8.29,18.79
Ubicacion,1368,CONECTA_CON,Ubicacion,2963,8.38,14.66
Ubicacion,1369,CONECTA_CON,Ubicacion,3459,1.38,2.58
Ubicacion,1369,CONECTA_CON,Ubicacion,4467,5.47,6.99
Ubicacion,1369,CONECTA_CON,Ubicacion,4901,9.5,15.36
Ubicacion,1370,CONECTA_CON,Ubicacion,3478,0.76,0.83
Ubicacion,1370,CONECTA_CON,Ubicacion,2175,1.67,2.36
Ubicacion,1370,CONECTA_CON,Ubicacion,4,1.45,2.48
Ubicacion,1371,CONECTA_CON,Ubicacion,1224,8.28,22.75
Ubicacion,1371,CONECTA_CON,Ubicacion,2691,3.72,4.29
Ubicacion,1371,CONECTA_CON,Ubicacion,2191,8.06,9.1
Ubicacion,1372,CONECTA_CON,Ubicacion,4684,8.91,21.41
Ubicacion,1372,CONECTA_CON,Ubicacion,307,3.56,5.58
Ubicacion,1372,CONECTA_CON,Ubicacion,2127,1.7,3.89
Ubicacion,1373,CONECTA_CON,Ubicacion,2880,3.62,3.68
Ubicacion,1373,CONECTA_CON,Ubicacion,169,2.71,4.64
Ubicacion,1373,CONECTA_CON,Ubicacion,4307,8.95,12.06
Ubicacion,1374,CONECTA_CON,Ubicacion,1825,4.42,9.25
Ubicacion,1374,CONECTA_CON,Ubicacion,4855,0.6,0.69
Ubicacion,1374,CONECTA_CON,Ubicacion,935,7.39,10.46
Ubicacion,1375,CONECTA_CON,Ubicacion,3172,9.97,12.36
Ubicacion,1375,CONECTA_CON,Ubicacion,1758,9.79,13.08
Ubicacion,1375,CONECTA_CON,Ubicacion,4238,6.08,7.32
Ubicacion,1376,CONECTA_CON,Ubicacion,1891,1.27,1.54
Ubicacion,1376,CONECTA_CON,Ubicacion,243,9.56,11.73
Ubicacion,1376,CONECTA_CON,Ubicacion,261,6.64,12.66
Ubicacion,1377,CONECTA_CON,Ubicacion,529,5.52,6.12
Ubicacion,1377,CONECTA_CON,Ubicacion,3053,9.38,26.05
Ubicacion,1377,CONECTA_CON,Ubicacion,1162,8.29,9.62
Ubicacion,1378,CONECTA_CON,Ubicacion,2733,6.77,7.0
Ubicacion,1378,CONECTA_CON,Ubicacion,2736,9.81,10.33
Ubicacion,1378,CONECTA_CON,Ubicacion,1290,7.34,10.38
Ubicacion,1379,CONECTA_CON,Ubicacion,4851,2.04,3.44
Ubicacion,1379,CONECTA_CON,Ubicacion,2044,5.88,15.98
Ubicacion,1379,CONECTA_CON,Ubicacion,3386,6.26,13.33
Ubicacion,1380,CONECTA_CON,Ubicacion,4370,1.65,3.42
Ubicacion,1380,CONECTA_CON,Ubicacion,1555,3.99,11.79
Ubicacion,1380,CONECTA_CON,Ubicacion,26,8.53,10.68
Ubicacion,1381,CONECTA_CON,Ubicacion,714,5.5,15.13
Ubicacion,1381,CONECTA_CON,Ubicacion,3806,2.01,2.48
Ubicacion,1381,CONECTA_CON,Ubicacion,3136,9.88,19.75
Ubicacion,1382,CONECTA_CON,Ubicacion,1171,2.75,6.08
Ubicacion,1382,CONECTA_CON,Ubicacion,278,3.05,4.14
Ubicacion,1382,CONECTA_CON,Ubicacion,2114,9.94,27.38
Ubicacion,1383,CONECTA_CON,Ubicacion,2567,2.25,2.7
Ubicacion,1383,CONECTA_CON,Ubicacion,1319,1.66,2.76
Ubicacion,1383,CONECTA_CON,Ubicacion,1024,9.45,10.53
Ubicacion,1384,CONECTA_CON,Ubicacion,3455,8.7,19.75
Ubicacion,1384,CONECTA_CON,Ubicacion,1572,1.37,1.72
Ubicacion,1384,CONECTA_CON,Ubicacion,4120,3.22,7.15
Ubicacion,1385,CONECTA_CON,Ubicacion,3716,6.28,14.02
Ubicacion,1385,CONECTA_CON,Ubicacion,2940,7.18,8.03
Ubicacion,1385,CONECTA_CON,Ubicacion,2868,7.59,9.58
Ubicacion,1386,CONECTA_CON,Ubicacion,3180,8.12,9.75
Ubicacion,1386,CONECTA_CON,Ubicacion,2725,9.79,13.13
Ubicacion,1386,CONECTA_CON,Ubicacion,1269,2.0,2.17
Ubicacion,1387,CONECTA_CON,Ubicacion,325,2.3,6.48
Ubicacion,1387,CONECTA_CON,Ubicacion,3566,5.49,8.41
Ubicacion,1387,CONECTA_CON,Ubicacion,207,1.54,4.03
Ubicacion,1388,CONECTA_CON,Ubicacion,4487,3.14,3.24
Ubicacion,1388,CONECTA_CON,Ubicacion,285,3.39,6.8
Ubicacion,1388,CONECTA_CON,Ubicacion,4589,4.08,6.61
Ubicacion,1389,CONECTA_CON,Ubicacion,4339,3.23,3.94
Ubicacion,1389,CONECTA_CON,Ubicacion,1160,6.32,11.16
Ubicacion,1389,CONECTA_CON,Ubicacion,3393,7.81,10.87
Ubicacion,1390,CONECTA_CON,Ubicacion,3632,7.78,15.99
Ubicacion,1390,CONECTA_CON,Ubicacion,4185,1.08,2.25
Ubicacion,1390,CONECTA_CON,Ubicacion,4301,5.17,7.99
Ubicacion,1391,CONECTA_CON,Ubicacion,2565,9.03,12.41
Ubicacion,1391,CONECTA_CON,Ubicacion,3864,6.27,10.57
Ubicacion,1391,CONECTA_CON,Ubicacion,4727,1.36,2.83
Ubicacion,1392,CONECTA_CON,Ubicacion,4814,5.22,6.21
Ubicacion,1392,CONECTA_CON,Ubicacion,3640,3.89,4.0
Ubicacion,1392,CONECTA_CON,Ubicacion,2969,3.65,10.45
Ubicacion,1393,CONECTA_CON,Ubicacion,4752,3.85,4.86
Ubicacion,1393,CONECTA_CON,Ubicacion,2911,3.93,11.61
Ubicacion,1393,CONECTA_CON,Ubicacion,4940,5.42,8.63
Ubicacion,1394,CONECTA_CON,Ubicacion,3408,6.32,13.93
Ubicacion,1394,CONECTA_CON,Ubicacion,4004,4.2,4.46
Ubicacion,1394,CONECTA_CON,Ubicacion,1408,6.38,7.76
Ubicacion,1395,CONECTA_CON,Ubicacion,4410,3.52,8.31
Ubicacion,1395,CONECTA_CON,Ubicacion,1088,2.11,2.63
Ubicacion,1395,CONECTA_CON,Ubicacion,3786,0.93,1.47
Ubicacion,1396,CONECTA_CON,Ubicacion,4018,6.78,9.94
Ubicacion,1396,CONECTA_CON,Ubicacion,911,8.03,21.53
Ubicacion,1396,CONECTA_CON,Ubicacion,1288,9.63,12.1
Ubicacion,1397,CONECTA_CON,Ubicacion,5000,3.4,4.51
Ubicacion,1397,CONECTA_CON,Ubicacion,4045,4.48,5.41
Ubicacion,1397,CONECTA_CON,Ubicacion,2007,2.18,3.23
Ubicacion,1398,CONECTA_CON,Ubicacion,296,9.88,27.97
Ubicacion,1398,CONECTA_CON,Ubicacion,4664,4.01,5.18
Ubicacion,1398,CONECTA_CON,Ubicacion,3734,1.62,2.81
Ubicacion,1399,CONECTA_CON,Ubicacion,1465,3.63,4.95
Ubicacion,1399,CONECTA_CON,Ubicacion,3725,1.64,1.88
Ubicacion,1399,CONECTA_CON,Ubicacion,4657,3.73,6.92
Ubicacion,1400,CONECTA_CON,Ubicacion,3014,3.95,5.33
Ubicacion,1400,CONECTA_CON,Ubicacion,1808,5.71,6.78
Ubicacion,1400,CONECTA_CON,Ubicacion,1313,4.22,9.87
Ubicacion,1401,CONECTA_CON,Ubicacion,3651,4.19,6.93
Ubicacion,1401,CONECTA_CON,Ubicacion,2195,9.22,13.77
Ubicacion,1401,CONECTA_CON,Ubicacion,750,7.5,12.36
Ubicacion,1402,CONECTA_CON,Ubicacion,4580,7.72,16.07
Ubicacion,1402,CONECTA_CON,Ubicacion,3458,6.02,8.67
Ubicacion,1402,CONECTA_CON,Ubicacion,1257,1.09,1.7
Ubicacion,1403,CONECTA_CON,Ubicacion,1183,6.86,10.77
Ubicacion,1403,CONECTA_CON,Ubicacion,2299,7.2,10.47
Ubicacion,1403,CONECTA_CON,Ubicacion,3879,2.69,3.63
Ubicacion,1404,CONECTA_CON,Ubicacion,1458,8.26,13.63
Ubicacion,1404,CONECTA_CON,Ubicacion,4997,6.63,10.01
Ubicacion,1404,CONECTA_CON,Ubicacion,3446,8.03,9.98
Ubicacion,1405,CONECTA_CON,Ubicacion,4718,1.91,2.1
Ubicacion,1405,CONECTA_CON,Ubicacion,476,8.2,13.87
Ubicacion,1405,CONECTA_CON,Ubicacion,917,1.54,2.31
Ubicacion,1406,CONECTA_CON,Ubicacion,4493,9.1,10.24
Ubicacion,1406,CONECTA_CON,Ubicacion,3186,0.76,1.26
Ubicacion,1406,CONECTA_CON,Ubicacion,833,4.91,6.53
Ubicacion,1407,CONECTA_CON,Ubicacion,4448,6.48,10.92
Ubicacion,1407,CONECTA_CON,Ubicacion,2180,7.78,16.39
Ubicacion,1407,CONECTA_CON,Ubicacion,1842,5.13,7.21
Ubicacion,1408,CONECTA_CON,Ubicacion,3543,6.7,6.86
Ubicacion,1408,CONECTA_CON,Ubicacion,3101,2.48,3.48
Ubicacion,1408,CONECTA_CON,Ubicacion,4508,8.18,12.03
Ubicacion,1409,CONECTA_CON,Ubicacion,4941,7.18,10.01
Ubicacion,1409,CONECTA_CON,Ubicacion,286,3.3,5.78
Ubicacion,1409,CONECTA_CON,Ubicacion,1146,3.23,4.84
Ubicacion,1410,CONECTA_CON,Ubicacion,4383,6.97,14.01
Ubicacion,1410,CONECTA_CON,Ubicacion,1084,2.57,3.15
Ubicacion,1410,CONECTA_CON,Ubicacion,419,1.85,3.32
Ubicacion,1411,CONECTA_CON,Ubicacion,3671,4.77,9.67
Ubicacion,1411,CONECTA_CON,Ubicacion,1268,0.85,2.35
Ubicacion,1411,CONECTA_CON,Ubicacion,126,4.99,5.51
Ubicacion,1412,CONECTA_CON,Ubicacion,4268,4.91,7.54
Ubicacion,1412,CONECTA_CON,Ubicacion,1052,4.95,5.12
Ubicacion,1412,CONECTA_CON,Ubicacion,2981,6.24,14.19
Ubicacion,1413,CONECTA_CON,Ubicacion,4971,9.86,20.04
Ubicacion,1413,CONECTA_CON,Ubicacion,4411,4.89,8.87
Ubicacion,1413,CONECTA_CON,Ubicacion,3174,1.5,1.9
Ubicacion,1414,CONECTA_CON,Ubicacion,1300,2.12,2.79
Ubicacion,1414,CONECTA_CON,Ubicacion,3661,6.09,14.52
Ubicacion,1414,CONECTA_CON,Ubicacion,3383,4.25,7.12
Ubicacion,1415,CONECTA_CON,Ubicacion,79,2.92,3.44
Ubicacion,1415,CONECTA_CON,Ubicacion,1944,1.67,2.17
Ubicacion,1415,CONECTA_CON,Ubicacion,671,3.26,3.28
Ubicacion,1416,CONECTA_CON,Ubicacion,4744,3.87,4.37
Ubicacion,1416,CONECTA_CON,Ubicacion,2098,1.9,3.66
Ubicacion,1416,CONECTA_CON,Ubicacion,1617,2.09,2.95
Ubicacion,1417,CONECTA_CON,Ubicacion,1887,4.13,4.56
Ubicacion,1417,CONECTA_CON,Ubicacion,4043,6.72,11.17
Ubicacion,1417,CONECTA_CON,Ubicacion,3054,3.67,3.75
Ubicacion,1418,CONECTA_CON,Ubicacion,4064,4.19,10.16
Ubicacion,1418,CONECTA_CON,Ubicacion,3065,4.83,13.05
Ubicacion,1418,CONECTA_CON,Ubicacion,545,4.29,4.86
Ubicacion,1419,CONECTA_CON,Ubicacion,662,4.34,6.49
Ubicacion,1419,CONECTA_CON,Ubicacion,4731,0.9,0.92
Ubicacion,1419,CONECTA_CON,Ubicacion,2039,1.8,1.96
Ubicacion,1420,CONECTA_CON,Ubicacion,3544,7.62,10.52
Ubicacion,1420,CONECTA_CON,Ubicacion,3577,5.91,8.83
Ubicacion,1420,CONECTA_CON,Ubicacion,1728,5.34,7.65
Ubicacion,1421,CONECTA_CON,Ubicacion,1526,6.77,10.85
Ubicacion,1421,CONECTA_CON,Ubicacion,3069,2.28,3.14
Ubicacion,1421,CONECTA_CON,Ubicacion,3925,5.6,7.62
Ubicacion,1422,CONECTA_CON,Ubicacion,1882,8.95,16.53
Ubicacion,1422,CONECTA_CON,Ubicacion,4798,5.34,7.69
Ubicacion,1422,CONECTA_CON,Ubicacion,1625,1.78,1.81
Ubicacion,1423,CONECTA_CON,Ubicacion,230,4.91,5.88
Ubicacion,1423,CONECTA_CON,Ubicacion,3803,10.0,13.9
Ubicacion,1423,CONECTA_CON,Ubicacion,147,1.43,2.35
Ubicacion,1424,CONECTA_CON,Ubicacion,4988,5.1,10.67
Ubicacion,1424,CONECTA_CON,Ubicacion,3757,3.05,3.53
Ubicacion,1424,CONECTA_CON,Ubicacion,1052,0.98,1.5
Ubicacion,1425,CONECTA_CON,Ubicacion,1367,5.32,7.75
Ubicacion,1425,CONECTA_CON,Ubicacion,539,3.28,5.35
Ubicacion,1425,CONECTA_CON,Ubicacion,2162,3.86,4.8
Ubicacion,1426,CONECTA_CON,Ubicacion,1425,9.94,15.15
Ubicacion,1426,CONECTA_CON,Ubicacion,2578,5.32,5.37
Ubicacion,1426,CONECTA_CON,Ubicacion,4724,0.8,1.38
Ubicacion,1427,CONECTA_CON,Ubicacion,2457,5.55,5.98
Ubicacion,1427,CONECTA_CON,Ubicacion,2518,2.37,3.07
Ubicacion,1427,CONECTA_CON,Ubicacion,2506,4.65,6.01
Ubicacion,1428,CONECTA_CON,Ubicacion,902,4.45,4.92
Ubicacion,1428,CONECTA_CON,Ubicacion,1513,5.45,7.03
Ubicacion,1428,CONECTA_CON,Ubicacion,1284,0.69,1.83
Ubicacion,1429,CONECTA_CON,Ubicacion,699,1.99,2.0
Ubicacion,1429,CONECTA_CON,Ubicacion,2091,8.39,10.13
Ubicacion,1429,CONECTA_CON,Ubicacion,4660,6.89,7.51
Ubicacion,1430,CONECTA_CON,Ubicacion,666,4.56,11.18
Ubicacion,1430,CONECTA_CON,Ubicacion,1662,2.72,2.76
Ubicacion,1430,CONECTA_CON,Ubicacion,1372,5.62,8.04
Ubicacion,1431,CONECTA_CON,Ubicacion,475,0.52,0.75
Ubicacion,1431,CONECTA_CON,Ubicacion,2976,5.29,5.29
Ubicacion,1431,CONECTA_CON,Ubicacion,2455,5.13,6.31
Ubicacion,1432,CONECTA_CON,Ubicacion,4267,7.35,8.68
Ubicacion,1432,CONECTA_CON,Ubicacion,440,7.43,12.36
Ubicacion,1432,CONECTA_CON,Ubicacion,2229,0.67,0.98
Ubicacion,1433,CONECTA_CON,Ubicacion,3080,8.86,13.03
Ubicacion,1433,CONECTA_CON,Ubicacion,3327,7.84,11.14
Ubicacion,1433,CONECTA_CON,Ubicacion,2363,7.72,10.85
Ubicacion,1434,CONECTA_CON,Ubicacion,1022,2.39,7.09
Ubicacion,1434,CONECTA_CON,Ubicacion,2439,7.94,9.23
Ubicacion,1434,CONECTA_CON,Ubicacion,3890,2.53,2.79
Ubicacion,1435,CONECTA_CON,Ubicacion,148,6.32,7.41
Ubicacion,1435,CONECTA_CON,Ubicacion,4287,3.74,5.94
Ubicacion,1435,CONECTA_CON,Ubicacion,1915,3.44,3.54
Ubicacion,1436,CONECTA_CON,Ubicacion,4324,6.69,8.6
Ubicacion,1436,CONECTA_CON,Ubicacion,1238,6.96,7.3
Ubicacion,1436,CONECTA_CON,Ubicacion,3433,0.7,1.99
Ubicacion,1437,CONECTA_CON,Ubicacion,3388,0.78,2.09
Ubicacion,1437,CONECTA_CON,Ubicacion,3667,9.68,17.93
Ubicacion,1437,CONECTA_CON,Ubicacion,4024,7.51,15.81
Ubicacion,1438,CONECTA_CON,Ubicacion,1548,4.13,4.47
Ubicacion,1438,CONECTA_CON,Ubicacion,3283,7.47,11.02
Ubicacion,1438,CONECTA_CON,Ubicacion,725,9.68,14.82
Ubicacion,1439,CONECTA_CON,Ubicacion,3736,3.75,10.75
Ubicacion,1439,CONECTA_CON,Ubicacion,3815,6.29,7.37
Ubicacion,1439,CONECTA_CON,Ubicacion,618,3.74,8.18
Ubicacion,1440,CONECTA_CON,Ubicacion,2998,6.0,7.09
Ubicacion,1440,CONECTA_CON,Ubicacion,3098,0.77,0.77
Ubicacion,1440,CONECTA_CON,Ubicacion,1365,4.33,4.39
Ubicacion,1441,CONECTA_CON,Ubicacion,1969,7.92,9.58
Ubicacion,1441,CONECTA_CON,Ubicacion,2851,2.77,3.21
Ubicacion,1441,CONECTA_CON,Ubicacion,4548,1.53,2.18
Ubicacion,1442,CONECTA_CON,Ubicacion,4526,4.01,4.07
Ubicacion,1442,CONECTA_CON,Ubicacion,1570,2.35,6.79
Ubicacion,1442,CONECTA_CON,Ubicacion,455,5.7,16.92
Ubicacion,1443,CONECTA_CON,Ubicacion,3174,7.92,14.66
Ubicacion,1443,CONECTA_CON,Ubicacion,4555,3.58,4.62
Ubicacion,1443,CONECTA_CON,Ubicacion,1707,9.02,11.03
Ubicacion,1444,CONECTA_CON,Ubicacion,1023,4.48,8.92
Ubicacion,1444,CONECTA_CON,Ubicacion,4889,2.68,2.93
Ubicacion,1444,CONECTA_CON,Ubicacion,2444,1.09,1.31
Ubicacion,1445,CONECTA_CON,Ubicacion,1862,9.4,18.47
Ubicacion,1445,CONECTA_CON,Ubicacion,4330,5.17,5.42
Ubicacion,1445,CONECTA_CON,Ubicacion,3266,9.38,23.5
Ubicacion,1446,CONECTA_CON,Ubicacion,4927,4.03,10.68
Ubicacion,1446,CONECTA_CON,Ubicacion,3020,1.38,2.56
Ubicacion,1446,CONECTA_CON,Ubicacion,1578,1.8,2.14
Ubicacion,1447,CONECTA_CON,Ubicacion,4071,0.98,1.16
Ubicacion,1447,CONECTA_CON,Ubicacion,1169,7.28,15.1
Ubicacion,1447,CONECTA_CON,Ubicacion,2775,3.16,3.89
Ubicacion,1448,CONECTA_CON,Ubicacion,3444,1.35,1.4
Ubicacion,1448,CONECTA_CON,Ubicacion,4439,3.91,4.25
Ubicacion,1448,CONECTA_CON,Ubicacion,3414,2.67,5.1
Ubicacion,1449,CONECTA_CON,Ubicacion,2330,7.47,15.1
Ubicacion,1449,CONECTA_CON,Ubicacion,3125,4.58,10.93
Ubicacion,1449,CONECTA_CON,Ubicacion,3395,2.25,2.26
Ubicacion,1450,CONECTA_CON,Ubicacion,3414,6.72,11.35
Ubicacion,1450,CONECTA_CON,Ubicacion,4257,7.54,13.15
Ubicacion,1450,CONECTA_CON,Ubicacion,2876,7.09,10.97
Ubicacion,1451,CONECTA_CON,Ubicacion,4285,4.11,6.18
Ubicacion,1451,CONECTA_CON,Ubicacion,3565,0.58,0.64
Ubicacion,1451,CONECTA_CON,Ubicacion,1022,4.56,7.54
Ubicacion,1452,CONECTA_CON,Ubicacion,4322,7.0,8.17
Ubicacion,1452,CONECTA_CON,Ubicacion,3398,4.62,5.77
Ubicacion,1452,CONECTA_CON,Ubicacion,205,8.18,15.28
Ubicacion,1453,CONECTA_CON,Ubicacion,4394,6.96,18.17
Ubicacion,1453,CONECTA_CON,Ubicacion,2306,9.55,17.26
Ubicacion,1453,CONECTA_CON,Ubicacion,4590,9.87,13.11
Ubicacion,1454,CONECTA_CON,Ubicacion,2290,9.84,11.89
Ubicacion,1454,CONECTA_CON,Ubicacion,269,3.07,5.41
Ubicacion,1454,CONECTA_CON,Ubicacion,4387,9.89,21.44
Ubicacion,1455,CONECTA_CON,Ubicacion,3306,5.94,9.37
Ubicacion,1455,CONECTA_CON,Ubicacion,4702,4.22,7.72
Ubicacion,1455,CONECTA_CON,Ubicacion,4448,9.44,26.24
Ubicacion,1456,CONECTA_CON,Ubicacion,4653,7.69,10.16
Ubicacion,1456,CONECTA_CON,Ubicacion,2082,6.32,6.39
Ubicacion,1456,CONECTA_CON,Ubicacion,618,2.91,4.48
Ubicacion,1457,CONECTA_CON,Ubicacion,3176,9.99,11.69
Ubicacion,1457,CONECTA_CON,Ubicacion,4564,7.2,7.92
Ubicacion,1457,CONECTA_CON,Ubicacion,410,3.36,3.46
Ubicacion,1458,CONECTA_CON,Ubicacion,670,4.11,8.03
Ubicacion,1458,CONECTA_CON,Ubicacion,4511,8.29,24.3
Ubicacion,1458,CONECTA_CON,Ubicacion,1260,5.53,14.69
Ubicacion,1459,CONECTA_CON,Ubicacion,2211,1.27,1.62
Ubicacion,1459,CONECTA_CON,Ubicacion,2583,2.48,3.83
Ubicacion,1459,CONECTA_CON,Ubicacion,2020,7.54,12.97
Ubicacion,1460,CONECTA_CON,Ubicacion,1575,0.52,0.58
Ubicacion,1460,CONECTA_CON,Ubicacion,4921,6.56,7.22
Ubicacion,1460,CONECTA_CON,Ubicacion,38,7.56,9.53
Ubicacion,1461,CONECTA_CON,Ubicacion,2847,6.98,18.27
Ubicacion,1461,CONECTA_CON,Ubicacion,2582,5.99,12.71
Ubicacion,1461,CONECTA_CON,Ubicacion,2034,9.21,23.63
Ubicacion,1462,CONECTA_CON,Ubicacion,4139,0.99,1.54
Ubicacion,1462,CONECTA_CON,Ubicacion,3737,5.84,8.69
Ubicacion,1462,CONECTA_CON,Ubicacion,1530,6.71,12.84
Ubicacion,1463,CONECTA_CON,Ubicacion,3792,7.28,21.57
Ubicacion,1463,CONECTA_CON,Ubicacion,1078,1.66,3.04
Ubicacion,1463,CONECTA_CON,Ubicacion,3031,6.68,7.21
Ubicacion,1464,CONECTA_CON,Ubicacion,2855,1.4,3.35
Ubicacion,1464,CONECTA_CON,Ubicacion,161,5.51,6.14
Ubicacion,1464,CONECTA_CON,Ubicacion,945,6.76,7.25
Ubicacion,1465,CONECTA_CON,Ubicacion,42,7.99,14.22
Ubicacion,1465,CONECTA_CON,Ubicacion,660,7.46,15.92
Ubicacion,1465,CONECTA_CON,Ubicacion,249,4.84,12.91
Ubicacion,1466,CONECTA_CON,Ubicacion,4611,4.75,14.09
Ubicacion,1466,CONECTA_CON,Ubicacion,4984,2.03,2.16
Ubicacion,1466,CONECTA_CON,Ubicacion,2114,0.88,2.06
Ubicacion,1467,CONECTA_CON,Ubicacion,95,1.58,3.51
Ubicacion,1467,CONECTA_CON,Ubicacion,1491,3.76,9.57
Ubicacion,1467,CONECTA_CON,Ubicacion,1231,9.0,9.16
Ubicacion,1468,CONECTA_CON,Ubicacion,4206,8.0,14.92
Ubicacion,1468,CONECTA_CON,Ubicacion,3269,9.48,24.69
Ubicacion,1468,CONECTA_CON,Ubicacion,2018,1.33,3.38
Ubicacion,1469,CONECTA_CON,Ubicacion,4611,8.65,9.3
Ubicacion,1469,CONECTA_CON,Ubicacion,3317,6.79,7.2
Ubicacion,1469,CONECTA_CON,Ubicacion,182,8.41,11.75
Ubicacion,1470,CONECTA_CON,Ubicacion,4145,1.86,2.65
Ubicacion,1470,CONECTA_CON,Ubicacion,839,4.68,11.32
Ubicacion,1470,CONECTA_CON,Ubicacion,3835,1.77,2.39
Ubicacion,1471,CONECTA_CON,Ubicacion,4826,8.55,15.11
Ubicacion,1471,CONECTA_CON,Ubicacion,3386,4.18,8.11
Ubicacion,1471,CONECTA_CON,Ubicacion,2367,2.12,2.33
Ubicacion,1472,CONECTA_CON,Ubicacion,1639,9.67,11.45
Ubicacion,1472,CONECTA_CON,Ubicacion,2864,2.21,4.8
Ubicacion,1472,CONECTA_CON,Ubicacion,2880,3.02,3.18
Ubicacion,1473,CONECTA_CON,Ubicacion,1032,4.02,8.13
Ubicacion,1473,CONECTA_CON,Ubicacion,4945,4.1,5.08
Ubicacion,1473,CONECTA_CON,Ubicacion,1149,6.5,11.04
Ubicacion,1474,CONECTA_CON,Ubicacion,3289,8.12,9.65
Ubicacion,1474,CONECTA_CON,Ubicacion,3155,8.86,11.61
Ubicacion,1474,CONECTA_CON,Ubicacion,2874,2.17,2.86
Ubicacion,1475,CONECTA_CON,Ubicacion,2246,6.73,17.89
Ubicacion,1475,CONECTA_CON,Ubicacion,43,8.55,10.14
Ubicacion,1475,CONECTA_CON,Ubicacion,1918,8.62,10.81
Ubicacion,1476,CONECTA_CON,Ubicacion,3807,0.86,1.13
Ubicacion,1476,CONECTA_CON,Ubicacion,3026,0.8,1.15
Ubicacion,1476,CONECTA_CON,Ubicacion,2439,3.23,4.85
Ubicacion,1477,CONECTA_CON,Ubicacion,4434,7.89,13.79
Ubicacion,1477,CONECTA_CON,Ubicacion,313,5.2,14.82
Ubicacion,1477,CONECTA_CON,Ubicacion,4938,0.59,0.64
Ubicacion,1478,CONECTA_CON,Ubicacion,1961,8.8,15.9
Ubicacion,1478,CONECTA_CON,Ubicacion,3993,4.32,4.9
Ubicacion,1478,CONECTA_CON,Ubicacion,3895,6.88,9.99
Ubicacion,1479,CONECTA_CON,Ubicacion,2263,5.0,5.94
Ubicacion,1479,CONECTA_CON,Ubicacion,2400,6.86,10.76
Ubicacion,1479,CONECTA_CON,Ubicacion,805,7.58,13.81
Ubicacion,1480,CONECTA_CON,Ubicacion,3649,1.73,2.38
Ubicacion,1480,CONECTA_CON,Ubicacion,1302,2.97,4.8
Ubicacion,1480,CONECTA_CON,Ubicacion,3142,6.33,18.58
Ubicacion,1481,CONECTA_CON,Ubicacion,2867,5.54,12.11
Ubicacion,1481,CONECTA_CON,Ubicacion,2043,7.3,18.77
Ubicacion,1481,CONECTA_CON,Ubicacion,1432,5.1,14.78
Ubicacion,1482,CONECTA_CON,Ubicacion,2763,8.2,16.3
Ubicacion,1482,CONECTA_CON,Ubicacion,939,3.76,4.64
Ubicacion,1482,CONECTA_CON,Ubicacion,4146,1.16,1.61
Ubicacion,1483,CONECTA_CON,Ubicacion,4475,6.29,7.6
Ubicacion,1483,CONECTA_CON,Ubicacion,3086,1.26,2.53
Ubicacion,1483,CONECTA_CON,Ubicacion,3748,7.86,10.57
Ubicacion,1484,CONECTA_CON,Ubicacion,3612,3.32,9.11
Ubicacion,1484,CONECTA_CON,Ubicacion,779,9.67,10.64
Ubicacion,1484,CONECTA_CON,Ubicacion,2555,3.13,3.17
Ubicacion,1485,CONECTA_CON,Ubicacion,4499,3.68,8.67
Ubicacion,1485,CONECTA_CON,Ubicacion,4278,7.71,11.72
Ubicacion,1485,CONECTA_CON,Ubicacion,4936,5.28,13.1
Ubicacion,1486,CONECTA_CON,Ubicacion,500,5.87,8.31
Ubicacion,1486,CONECTA_CON,Ubicacion,1570,2.79,3.73
Ubicacion,1486,CONECTA_CON,Ubicacion,2920,7.68,11.39
Ubicacion,1487,CONECTA_CON,Ubicacion,4268,6.76,13.34
Ubicacion,1487,CONECTA_CON,Ubicacion,1450,7.89,21.0
Ubicacion,1487,CONECTA_CON,Ubicacion,3544,6.09,16.93
Ubicacion,1488,CONECTA_CON,Ubicacion,1568,9.94,10.21
Ubicacion,1488,CONECTA_CON,Ubicacion,3708,4.1,6.97
Ubicacion,1488,CONECTA_CON,Ubicacion,3954,5.74,5.93
Ubicacion,1489,CONECTA_CON,Ubicacion,442,6.05,9.43
Ubicacion,1489,CONECTA_CON,Ubicacion,1063,0.89,1.48
Ubicacion,1489,CONECTA_CON,Ubicacion,1715,5.11,6.83
Ubicacion,1490,CONECTA_CON,Ubicacion,715,0.94,1.1
Ubicacion,1490,CONECTA_CON,Ubicacion,3305,8.32,11.33
Ubicacion,1490,CONECTA_CON,Ubicacion,3840,3.32,9.52
Ubicacion,1491,CONECTA_CON,Ubicacion,3972,7.41,8.86
Ubicacion,1491,CONECTA_CON,Ubicacion,1183,8.4,9.08
Ubicacion,1491,CONECTA_CON,Ubicacion,3520,5.35,8.2
Ubicacion,1492,CONECTA_CON,Ubicacion,1159,3.07,3.68
Ubicacion,1492,CONECTA_CON,Ubicacion,2988,5.79,14.25
Ubicacion,1492,CONECTA_CON,Ubicacion,4378,7.9,14.73
Ubicacion,1493,CONECTA_CON,Ubicacion,3282,5.06,5.5
Ubicacion,1493,CONECTA_CON,Ubicacion,4529,4.32,4.49
Ubicacion,1493,CONECTA_CON,Ubicacion,1029,3.31,3.47
Ubicacion,1494,CONECTA_CON,Ubicacion,233,7.35,10.81
Ubicacion,1494,CONECTA_CON,Ubicacion,2783,4.12,5.24
Ubicacion,1494,CONECTA_CON,Ubicacion,1149,9.83,19.73
Ubicacion,1495,CONECTA_CON,Ubicacion,322,5.4,5.8
Ubicacion,1495,CONECTA_CON,Ubicacion,889,3.81,4.56
Ubicacion,1495,CONECTA_CON,Ubicacion,164,7.3,14.65
Ubicacion,1496,CONECTA_CON,Ubicacion,2838,1.22,1.66
Ubicacion,1496,CONECTA_CON,Ubicacion,2598,6.72,10.57
Ubicacion,1496,CONECTA_CON,Ubicacion,3368,9.53,9.73
Ubicacion,1497,CONECTA_CON,Ubicacion,3089,4.09,5.22
Ubicacion,1497,CONECTA_CON,Ubicacion,935,7.45,7.79
Ubicacion,1497,CONECTA_CON,Ubicacion,4996,5.3,14.7
Ubicacion,1498,CONECTA_CON,Ubicacion,4827,2.53,3.26
Ubicacion,1498,CONECTA_CON,Ubicacion,274,3.55,4.42
Ubicacion,1498,CONECTA_CON,Ubicacion,386,0.75,0.96
Ubicacion,1499,CONECTA_CON,Ubicacion,2683,4.3,6.56
Ubicacion,1499,CONECTA_CON,Ubicacion,1448,3.99,6.68
Ubicacion,1499,CONECTA_CON,Ubicacion,3370,7.81,17.41
Ubicacion,1500,CONECTA_CON,Ubicacion,2906,4.79,5.75
Ubicacion,1500,CONECTA_CON,Ubicacion,4450,2.59,3.15
Ubicacion,1500,CONECTA_CON,Ubicacion,4189,6.58,12.51
Ubicacion,1501,CONECTA_CON,Ubicacion,320,6.84,9.58
Ubicacion,1501,CONECTA_CON,Ubicacion,1060,7.53,21.49
Ubicacion,1501,CONECTA_CON,Ubicacion,1815,0.63,0.89
Ubicacion,1502,CONECTA_CON,Ubicacion,2776,6.0,8.98
Ubicacion,1502,CONECTA_CON,Ubicacion,1028,3.31,5.98
Ubicacion,1502,CONECTA_CON,Ubicacion,591,1.23,1.49
Ubicacion,1503,CONECTA_CON,Ubicacion,3868,8.03,19.45
Ubicacion,1503,CONECTA_CON,Ubicacion,1277,9.45,21.63
Ubicacion,1503,CONECTA_CON,Ubicacion,4766,6.78,16.39
Ubicacion,1504,CONECTA_CON,Ubicacion,4079,1.35,1.77
Ubicacion,1504,CONECTA_CON,Ubicacion,1002,3.01,3.22
Ubicacion,1504,CONECTA_CON,Ubicacion,2109,1.63,2.77
Ubicacion,1505,CONECTA_CON,Ubicacion,1038,2.61,3.99
Ubicacion,1505,CONECTA_CON,Ubicacion,3585,1.07,1.89
Ubicacion,1505,CONECTA_CON,Ubicacion,1931,6.67,11.62
Ubicacion,1506,CONECTA_CON,Ubicacion,1002,3.61,5.07
Ubicacion,1506,CONECTA_CON,Ubicacion,4865,6.41,13.47
Ubicacion,1506,CONECTA_CON,Ubicacion,54,7.02,7.16
Ubicacion,1507,CONECTA_CON,Ubicacion,1169,6.13,11.1
Ubicacion,1507,CONECTA_CON,Ubicacion,451,8.73,20.72
Ubicacion,1507,CONECTA_CON,Ubicacion,860,8.51,9.28
Ubicacion,1508,CONECTA_CON,Ubicacion,3650,8.64,12.04
Ubicacion,1508,CONECTA_CON,Ubicacion,4722,4.94,6.06
Ubicacion,1508,CONECTA_CON,Ubicacion,2854,4.16,6.31
Ubicacion,1509,CONECTA_CON,Ubicacion,3077,7.0,10.27
Ubicacion,1509,CONECTA_CON,Ubicacion,4244,9.48,10.03
Ubicacion,1509,CONECTA_CON,Ubicacion,231,7.16,12.78
Ubicacion,1510,CONECTA_CON,Ubicacion,4065,5.74,6.32
Ubicacion,1510,CONECTA_CON,Ubicacion,16,8.34,18.64
Ubicacion,1510,CONECTA_CON,Ubicacion,4231,2.9,8.62
Ubicacion,1511,CONECTA_CON,Ubicacion,1775,5.18,6.2
Ubicacion,1511,CONECTA_CON,Ubicacion,2215,3.35,3.4
Ubicacion,1511,CONECTA_CON,Ubicacion,587,2.84,3.05
Ubicacion,1512,CONECTA_CON,Ubicacion,198,1.93,3.32
Ubicacion,1512,CONECTA_CON,Ubicacion,1430,2.72,5.21
Ubicacion,1512,CONECTA_CON,Ubicacion,2149,7.36,14.0
Ubicacion,1513,CONECTA_CON,Ubicacion,2436,2.69,4.21
Ubicacion,1513,CONECTA_CON,Ubicacion,816,6.13,15.18
Ubicacion,1513,CONECTA_CON,Ubicacion,880,7.82,10.62
Ubicacion,1514,CONECTA_CON,Ubicacion,2396,7.05,7.38
Ubicacion,1514,CONECTA_CON,Ubicacion,743,3.39,6.37
Ubicacion,1514,CONECTA_CON,Ubicacion,4044,5.09,7.26
Ubicacion,1515,CONECTA_CON,Ubicacion,2641,6.03,11.56
Ubicacion,1515,CONECTA_CON,Ubicacion,4359,1.56,2.09
Ubicacion,1515,CONECTA_CON,Ubicacion,1306,9.29,14.5
Ubicacion,1516,CONECTA_CON,Ubicacion,3870,1.43,2.58
Ubicacion,1516,CONECTA_CON,Ubicacion,3452,6.66,8.26
Ubicacion,1516,CONECTA_CON,Ubicacion,524,9.61,20.19
Ubicacion,1517,CONECTA_CON,Ubicacion,3699,9.84,12.74
Ubicacion,1517,CONECTA_CON,Ubicacion,3522,2.07,4.28
Ubicacion,1517,CONECTA_CON,Ubicacion,1835,8.94,24.97
Ubicacion,1518,CONECTA_CON,Ubicacion,2510,5.87,8.2
Ubicacion,1518,CONECTA_CON,Ubicacion,3004,5.42,11.66
Ubicacion,1518,CONECTA_CON,Ubicacion,204,5.61,6.32
Ubicacion,1519,CONECTA_CON,Ubicacion,2918,7.17,8.55
Ubicacion,1519,CONECTA_CON,Ubicacion,2895,5.85,5.95
Ubicacion,1519,CONECTA_CON,Ubicacion,2681,4.91,10.37
Ubicacion,1520,CONECTA_CON,Ubicacion,2708,8.7,10.59
Ubicacion,1520,CONECTA_CON,Ubicacion,4207,2.43,3.21
Ubicacion,1520,CONECTA_CON,Ubicacion,2411,7.61,17.85
Ubicacion,1521,CONECTA_CON,Ubicacion,1709,2.25,3.04
Ubicacion,1521,CONECTA_CON,Ubicacion,4376,2.87,3.53
Ubicacion,1521,CONECTA_CON,Ubicacion,1733,1.02,1.6
Ubicacion,1522,CONECTA_CON,Ubicacion,187,9.66,20.48
Ubicacion,1522,CONECTA_CON,Ubicacion,979,9.99,13.78
Ubicacion,1522,CONECTA_CON,Ubicacion,891,2.1,2.41
Ubicacion,1523,CONECTA_CON,Ubicacion,3663,4.12,9.77
Ubicacion,1523,CONECTA_CON,Ubicacion,4753,7.89,10.75
Ubicacion,1523,CONECTA_CON,Ubicacion,3515,1.37,2.02
Ubicacion,1524,CONECTA_CON,Ubicacion,232,2.82,2.85
Ubicacion,1524,CONECTA_CON,Ubicacion,4625,6.1,15.77
Ubicacion,1524,CONECTA_CON,Ubicacion,1187,4.24,5.63
Ubicacion,1525,CONECTA_CON,Ubicacion,1587,9.84,11.64
Ubicacion,1525,CONECTA_CON,Ubicacion,4239,1.65,4.55
Ubicacion,1525,CONECTA_CON,Ubicacion,4342,4.01,5.07
Ubicacion,1526,CONECTA_CON,Ubicacion,3929,1.44,1.53
Ubicacion,1526,CONECTA_CON,Ubicacion,1596,6.48,18.81
Ubicacion,1526,CONECTA_CON,Ubicacion,157,9.83,10.1
Ubicacion,1527,CONECTA_CON,Ubicacion,1708,8.53,13.73
Ubicacion,1527,CONECTA_CON,Ubicacion,833,2.16,2.53
Ubicacion,1527,CONECTA_CON,Ubicacion,1720,7.61,13.05
Ubicacion,1528,CONECTA_CON,Ubicacion,3758,1.15,1.88
Ubicacion,1528,CONECTA_CON,Ubicacion,4797,1.6,2.51
Ubicacion,1528,CONECTA_CON,Ubicacion,2652,6.35,7.13
Ubicacion,1529,CONECTA_CON,Ubicacion,2082,3.0,3.39
Ubicacion,1529,CONECTA_CON,Ubicacion,4017,3.33,4.31
Ubicacion,1529,CONECTA_CON,Ubicacion,2434,5.7,13.78
Ubicacion,1530,CONECTA_CON,Ubicacion,4949,1.96,3.76
Ubicacion,1530,CONECTA_CON,Ubicacion,2733,3.41,4.3
Ubicacion,1530,CONECTA_CON,Ubicacion,1270,3.47,8.28
Ubicacion,1531,CONECTA_CON,Ubicacion,1565,4.83,13.55
Ubicacion,1531,CONECTA_CON,Ubicacion,859,3.63,7.88
Ubicacion,1531,CONECTA_CON,Ubicacion,4108,7.03,14.09
Ubicacion,1532,CONECTA_CON,Ubicacion,3892,5.27,14.38
Ubicacion,1532,CONECTA_CON,Ubicacion,1527,3.47,6.17
Ubicacion,1532,CONECTA_CON,Ubicacion,1006,8.17,24.07
Ubicacion,1533,CONECTA_CON,Ubicacion,962,4.56,8.6
Ubicacion,1533,CONECTA_CON,Ubicacion,4164,4.42,11.73
Ubicacion,1533,CONECTA_CON,Ubicacion,3241,2.81,2.89
Ubicacion,1534,CONECTA_CON,Ubicacion,4219,3.21,4.91
Ubicacion,1534,CONECTA_CON,Ubicacion,2722,8.01,12.82
Ubicacion,1534,CONECTA_CON,Ubicacion,1648,8.99,12.72
Ubicacion,1535,CONECTA_CON,Ubicacion,521,7.47,13.85
Ubicacion,1535,CONECTA_CON,Ubicacion,2654,9.75,15.22
Ubicacion,1535,CONECTA_CON,Ubicacion,2627,4.61,8.27
Ubicacion,1536,CONECTA_CON,Ubicacion,2071,8.1,11.36
Ubicacion,1536,CONECTA_CON,Ubicacion,16,3.31,3.32
Ubicacion,1536,CONECTA_CON,Ubicacion,189,5.91,8.83
Ubicacion,1537,CONECTA_CON,Ubicacion,3526,9.93,20.29
Ubicacion,1537,CONECTA_CON,Ubicacion,2210,4.5,6.52
Ubicacion,1537,CONECTA_CON,Ubicacion,2370,9.18,22.26
Ubicacion,1538,CONECTA_CON,Ubicacion,1480,5.93,8.09
Ubicacion,1538,CONECTA_CON,Ubicacion,1638,7.91,14.4
Ubicacion,1538,CONECTA_CON,Ubicacion,4248,8.43,18.82
Ubicacion,1539,CONECTA_CON,Ubicacion,3688,4.36,10.2
Ubicacion,1539,CONECTA_CON,Ubicacion,1288,1.39,3.58
Ubicacion,1539,CONECTA_CON,Ubicacion,4,6.43,9.22
Ubicacion,1540,CONECTA_CON,Ubicacion,1923,5.55,13.24
Ubicacion,1540,CONECTA_CON,Ubicacion,2655,2.43,6.2
Ubicacion,1540,CONECTA_CON,Ubicacion,4836,2.32,2.59
Ubicacion,1541,CONECTA_CON,Ubicacion,4817,7.25,13.02
Ubicacion,1541,CONECTA_CON,Ubicacion,2895,6.14,13.17
Ubicacion,1541,CONECTA_CON,Ubicacion,3771,6.53,6.56
Ubicacion,1542,CONECTA_CON,Ubicacion,651,9.18,12.3
Ubicacion,1542,CONECTA_CON,Ubicacion,605,7.32,18.41
Ubicacion,1542,CONECTA_CON,Ubicacion,4692,6.83,8.14
Ubicacion,1543,CONECTA_CON,Ubicacion,1827,6.05,15.51
Ubicacion,1543,CONECTA_CON,Ubicacion,1983,5.01,7.79
Ubicacion,1543,CONECTA_CON,Ubicacion,2912,7.69,17.34
Ubicacion,1544,CONECTA_CON,Ubicacion,4105,3.39,4.91
Ubicacion,1544,CONECTA_CON,Ubicacion,1277,4.8,4.98
Ubicacion,1544,CONECTA_CON,Ubicacion,3224,7.81,10.34
Ubicacion,1545,CONECTA_CON,Ubicacion,1592,4.13,6.86
Ubicacion,1545,CONECTA_CON,Ubicacion,4049,7.89,8.07
Ubicacion,1545,CONECTA_CON,Ubicacion,1193,5.57,10.17
Ubicacion,1546,CONECTA_CON,Ubicacion,2100,3.47,3.89
Ubicacion,1546,CONECTA_CON,Ubicacion,4930,5.68,7.52
Ubicacion,1546,CONECTA_CON,Ubicacion,972,4.41,10.67
Ubicacion,1547,CONECTA_CON,Ubicacion,2817,4.71,7.01
Ubicacion,1547,CONECTA_CON,Ubicacion,3146,7.85,12.48
Ubicacion,1547,CONECTA_CON,Ubicacion,234,7.45,8.99
Ubicacion,1548,CONECTA_CON,Ubicacion,4384,1.36,1.39
Ubicacion,1548,CONECTA_CON,Ubicacion,3275,1.12,1.23
Ubicacion,1548,CONECTA_CON,Ubicacion,3513,2.19,5.88
Ubicacion,1549,CONECTA_CON,Ubicacion,2121,2.5,3.25
Ubicacion,1549,CONECTA_CON,Ubicacion,3293,5.03,9.33
Ubicacion,1549,CONECTA_CON,Ubicacion,360,6.7,10.81
Ubicacion,1550,CONECTA_CON,Ubicacion,2217,2.15,3.49
Ubicacion,1550,CONECTA_CON,Ubicacion,4491,8.03,12.68
Ubicacion,1550,CONECTA_CON,Ubicacion,4595,8.88,13.21
Ubicacion,1551,CONECTA_CON,Ubicacion,1509,1.17,1.94
Ubicacion,1551,CONECTA_CON,Ubicacion,4349,6.35,6.94
Ubicacion,1551,CONECTA_CON,Ubicacion,1855,4.22,12.24
Ubicacion,1552,CONECTA_CON,Ubicacion,1129,2.93,3.75
Ubicacion,1552,CONECTA_CON,Ubicacion,368,7.31,7.95
Ubicacion,1552,CONECTA_CON,Ubicacion,3481,8.85,10.08
Ubicacion,1553,CONECTA_CON,Ubicacion,1304,4.86,14.07
Ubicacion,1553,CONECTA_CON,Ubicacion,2788,0.92,1.37
Ubicacion,1553,CONECTA_CON,Ubicacion,3579,8.63,9.6
Ubicacion,1554,CONECTA_CON,Ubicacion,3874,1.79,2.47
Ubicacion,1554,CONECTA_CON,Ubicacion,1063,3.34,6.46
Ubicacion,1554,CONECTA_CON,Ubicacion,3371,9.2,11.01
Ubicacion,1555,CONECTA_CON,Ubicacion,2230,2.17,2.46
Ubicacion,1555,CONECTA_CON,Ubicacion,3580,7.11,11.48
Ubicacion,1555,CONECTA_CON,Ubicacion,4947,6.33,11.64
Ubicacion,1556,CONECTA_CON,Ubicacion,3711,8.34,16.36
Ubicacion,1556,CONECTA_CON,Ubicacion,2723,9.21,18.81
Ubicacion,1556,CONECTA_CON,Ubicacion,182,2.61,3.91
Ubicacion,1557,CONECTA_CON,Ubicacion,2806,2.28,3.1
Ubicacion,1557,CONECTA_CON,Ubicacion,1285,4.05,8.36
Ubicacion,1557,CONECTA_CON,Ubicacion,1541,1.06,1.15
Ubicacion,1558,CONECTA_CON,Ubicacion,4442,8.53,18.06
Ubicacion,1558,CONECTA_CON,Ubicacion,141,6.87,17.91
Ubicacion,1558,CONECTA_CON,Ubicacion,1263,2.37,3.01
Ubicacion,1559,CONECTA_CON,Ubicacion,1517,9.69,10.65
Ubicacion,1559,CONECTA_CON,Ubicacion,3591,1.4,2.5
Ubicacion,1559,CONECTA_CON,Ubicacion,2724,4.97,7.18
Ubicacion,1560,CONECTA_CON,Ubicacion,39,9.46,25.53
Ubicacion,1560,CONECTA_CON,Ubicacion,2702,4.12,5.01
Ubicacion,1560,CONECTA_CON,Ubicacion,3093,8.31,9.64
Ubicacion,1561,CONECTA_CON,Ubicacion,1531,0.54,0.73
Ubicacion,1561,CONECTA_CON,Ubicacion,1604,2.24,4.52
Ubicacion,1561,CONECTA_CON,Ubicacion,2614,8.61,16.32
Ubicacion,1562,CONECTA_CON,Ubicacion,1318,4.89,7.3
Ubicacion,1562,CONECTA_CON,Ubicacion,280,7.88,20.11
Ubicacion,1562,CONECTA_CON,Ubicacion,4184,0.5,0.5
Ubicacion,1563,CONECTA_CON,Ubicacion,4306,8.55,20.11
Ubicacion,1563,CONECTA_CON,Ubicacion,202,7.08,12.03
Ubicacion,1563,CONECTA_CON,Ubicacion,3452,9.26,10.49
Ubicacion,1564,CONECTA_CON,Ubicacion,3663,9.35,22.94
Ubicacion,1564,CONECTA_CON,Ubicacion,3899,5.92,9.68
Ubicacion,1564,CONECTA_CON,Ubicacion,3823,0.99,2.21
Ubicacion,1565,CONECTA_CON,Ubicacion,3877,1.55,2.16
Ubicacion,1565,CONECTA_CON,Ubicacion,2705,1.87,3.14
Ubicacion,1565,CONECTA_CON,Ubicacion,2781,7.19,14.83
Ubicacion,1566,CONECTA_CON,Ubicacion,2526,6.62,10.53
Ubicacion,1566,CONECTA_CON,Ubicacion,714,6.15,11.36
Ubicacion,1566,CONECTA_CON,Ubicacion,2751,1.5,3.4
Ubicacion,1567,CONECTA_CON,Ubicacion,254,6.97,11.73
Ubicacion,1567,CONECTA_CON,Ubicacion,653,0.86,1.37
Ubicacion,1567,CONECTA_CON,Ubicacion,664,3.66,4.15
Ubicacion,1568,CONECTA_CON,Ubicacion,3457,9.78,19.36
Ubicacion,1568,CONECTA_CON,Ubicacion,1554,9.96,16.67
Ubicacion,1568,CONECTA_CON,Ubicacion,4731,9.28,12.05
Ubicacion,1569,CONECTA_CON,Ubicacion,3431,4.51,4.98
Ubicacion,1569,CONECTA_CON,Ubicacion,1401,2.28,3.36
Ubicacion,1569,CONECTA_CON,Ubicacion,3351,5.96,6.24
Ubicacion,1570,CONECTA_CON,Ubicacion,3177,5.48,12.5
Ubicacion,1570,CONECTA_CON,Ubicacion,4395,0.57,1.23
Ubicacion,1570,CONECTA_CON,Ubicacion,2994,8.16,8.71
Ubicacion,1571,CONECTA_CON,Ubicacion,4555,0.85,1.21
Ubicacion,1571,CONECTA_CON,Ubicacion,4005,8.53,9.88
Ubicacion,1571,CONECTA_CON,Ubicacion,2518,2.78,3.38
Ubicacion,1572,CONECTA_CON,Ubicacion,222,8.82,14.32
Ubicacion,1572,CONECTA_CON,Ubicacion,3907,6.48,10.45
Ubicacion,1572,CONECTA_CON,Ubicacion,448,5.14,6.26
Ubicacion,1573,CONECTA_CON,Ubicacion,1316,2.96,4.1
Ubicacion,1573,CONECTA_CON,Ubicacion,1587,3.25,3.75
Ubicacion,1573,CONECTA_CON,Ubicacion,937,1.1,1.69
Ubicacion,1574,CONECTA_CON,Ubicacion,3439,2.56,2.92
Ubicacion,1574,CONECTA_CON,Ubicacion,2025,6.48,7.67
Ubicacion,1574,CONECTA_CON,Ubicacion,4943,2.98,4.77
Ubicacion,1575,CONECTA_CON,Ubicacion,724,2.55,2.94
Ubicacion,1575,CONECTA_CON,Ubicacion,4683,6.87,14.79
Ubicacion,1575,CONECTA_CON,Ubicacion,2648,6.53,8.29
Ubicacion,1576,CONECTA_CON,Ubicacion,2278,5.96,6.47
Ubicacion,1576,CONECTA_CON,Ubicacion,4380,3.02,7.98
Ubicacion,1576,CONECTA_CON,Ubicacion,1096,9.25,15.27
Ubicacion,1577,CONECTA_CON,Ubicacion,3585,9.12,9.49
Ubicacion,1577,CONECTA_CON,Ubicacion,1886,7.88,9.06
Ubicacion,1577,CONECTA_CON,Ubicacion,4680,2.12,3.05
Ubicacion,1578,CONECTA_CON,Ubicacion,1023,5.93,10.58
Ubicacion,1578,CONECTA_CON,Ubicacion,4790,6.04,10.19
Ubicacion,1578,CONECTA_CON,Ubicacion,383,6.22,8.7
Ubicacion,1579,CONECTA_CON,Ubicacion,2065,3.06,4.71
Ubicacion,1579,CONECTA_CON,Ubicacion,3027,7.05,15.56
Ubicacion,1579,CONECTA_CON,Ubicacion,3267,6.08,8.15
Ubicacion,1580,CONECTA_CON,Ubicacion,2843,2.18,3.34
Ubicacion,1580,CONECTA_CON,Ubicacion,3187,5.54,7.51
Ubicacion,1580,CONECTA_CON,Ubicacion,952,1.29,2.27
Ubicacion,1581,CONECTA_CON,Ubicacion,4800,2.92,4.66
Ubicacion,1581,CONECTA_CON,Ubicacion,3027,3.02,8.96
Ubicacion,1581,CONECTA_CON,Ubicacion,2512,4.62,7.15
Ubicacion,1582,CONECTA_CON,Ubicacion,2342,7.72,9.19
Ubicacion,1582,CONECTA_CON,Ubicacion,4363,2.69,2.7
Ubicacion,1582,CONECTA_CON,Ubicacion,4382,2.48,3.69
Ubicacion,1583,CONECTA_CON,Ubicacion,1127,6.28,18.21
Ubicacion,1583,CONECTA_CON,Ubicacion,1914,4.0,11.63
Ubicacion,1583,CONECTA_CON,Ubicacion,2219,6.46,9.64
Ubicacion,1584,CONECTA_CON,Ubicacion,385,2.1,5.32
Ubicacion,1584,CONECTA_CON,Ubicacion,3824,7.76,20.76
Ubicacion,1584,CONECTA_CON,Ubicacion,3276,5.42,9.85
Ubicacion,1585,CONECTA_CON,Ubicacion,3739,3.5,7.07
Ubicacion,1585,CONECTA_CON,Ubicacion,2195,6.5,6.92
Ubicacion,1585,CONECTA_CON,Ubicacion,2140,4.07,4.14
Ubicacion,1586,CONECTA_CON,Ubicacion,1781,1.53,1.58
Ubicacion,1586,CONECTA_CON,Ubicacion,2361,3.32,4.09
Ubicacion,1586,CONECTA_CON,Ubicacion,2678,4.37,8.22
Ubicacion,1587,CONECTA_CON,Ubicacion,175,0.82,1.12
Ubicacion,1587,CONECTA_CON,Ubicacion,3897,4.83,10.95
Ubicacion,1587,CONECTA_CON,Ubicacion,2259,6.42,10.42
Ubicacion,1588,CONECTA_CON,Ubicacion,3058,1.83,2.41
Ubicacion,1588,CONECTA_CON,Ubicacion,4579,7.65,18.86
Ubicacion,1588,CONECTA_CON,Ubicacion,2042,6.13,13.71
Ubicacion,1589,CONECTA_CON,Ubicacion,2329,7.38,14.59
Ubicacion,1589,CONECTA_CON,Ubicacion,4495,1.07,1.57
Ubicacion,1589,CONECTA_CON,Ubicacion,351,7.48,17.42
Ubicacion,1590,CONECTA_CON,Ubicacion,4492,1.14,1.91
Ubicacion,1590,CONECTA_CON,Ubicacion,3660,1.02,2.79
Ubicacion,1590,CONECTA_CON,Ubicacion,4801,0.51,0.56
Ubicacion,1591,CONECTA_CON,Ubicacion,250,8.12,13.54
Ubicacion,1591,CONECTA_CON,Ubicacion,1512,9.26,9.39
Ubicacion,1591,CONECTA_CON,Ubicacion,4291,4.92,14.28
Ubicacion,1592,CONECTA_CON,Ubicacion,1366,5.36,15.61
Ubicacion,1592,CONECTA_CON,Ubicacion,1625,7.04,11.4
Ubicacion,1592,CONECTA_CON,Ubicacion,4414,8.35,17.9
Ubicacion,1593,CONECTA_CON,Ubicacion,3393,9.48,10.05
Ubicacion,1593,CONECTA_CON,Ubicacion,881,0.93,1.07
Ubicacion,1593,CONECTA_CON,Ubicacion,3707,8.63,10.37
Ubicacion,1594,CONECTA_CON,Ubicacion,757,4.0,6.14
Ubicacion,1594,CONECTA_CON,Ubicacion,55,7.64,10.33
Ubicacion,1594,CONECTA_CON,Ubicacion,2344,7.68,7.78
Ubicacion,1595,CONECTA_CON,Ubicacion,54,5.21,5.59
Ubicacion,1595,CONECTA_CON,Ubicacion,2939,6.68,12.86
Ubicacion,1595,CONECTA_CON,Ubicacion,2442,0.6,1.26
Ubicacion,1596,CONECTA_CON,Ubicacion,622,6.1,17.1
Ubicacion,1596,CONECTA_CON,Ubicacion,3258,8.31,12.92
Ubicacion,1596,CONECTA_CON,Ubicacion,548,5.14,5.32
Ubicacion,1597,CONECTA_CON,Ubicacion,2001,0.97,1.06
Ubicacion,1597,CONECTA_CON,Ubicacion,1075,0.52,0.6
Ubicacion,1597,CONECTA_CON,Ubicacion,2862,3.33,4.49
Ubicacion,1598,CONECTA_CON,Ubicacion,743,2.94,5.47
Ubicacion,1598,CONECTA_CON,Ubicacion,3067,1.52,2.26
Ubicacion,1598,CONECTA_CON,Ubicacion,2429,2.21,2.61
Ubicacion,1599,CONECTA_CON,Ubicacion,3825,2.98,3.15
Ubicacion,1599,CONECTA_CON,Ubicacion,1459,9.98,15.27
Ubicacion,1599,CONECTA_CON,Ubicacion,3563,8.74,12.17
Ubicacion,1600,CONECTA_CON,Ubicacion,2244,2.52,6.15
Ubicacion,1600,CONECTA_CON,Ubicacion,2109,5.07,6.61
Ubicacion,1600,CONECTA_CON,Ubicacion,1659,9.8,12.88
Ubicacion,1601,CONECTA_CON,Ubicacion,4467,9.64,28.84
Ubicacion,1601,CONECTA_CON,Ubicacion,1087,6.32,10.69
Ubicacion,1601,CONECTA_CON,Ubicacion,2028,8.67,16.71
Ubicacion,1602,CONECTA_CON,Ubicacion,2812,9.88,24.2
Ubicacion,1602,CONECTA_CON,Ubicacion,2777,7.41,10.53
Ubicacion,1602,CONECTA_CON,Ubicacion,2327,8.49,20.22
Ubicacion,1603,CONECTA_CON,Ubicacion,4922,7.01,12.3
Ubicacion,1603,CONECTA_CON,Ubicacion,3105,1.87,2.16
Ubicacion,1603,CONECTA_CON,Ubicacion,4284,2.49,6.27
Ubicacion,1604,CONECTA_CON,Ubicacion,2832,8.8,10.52
Ubicacion,1604,CONECTA_CON,Ubicacion,1641,5.1,8.47
Ubicacion,1604,CONECTA_CON,Ubicacion,2484,7.68,18.9
Ubicacion,1605,CONECTA_CON,Ubicacion,1729,1.67,1.71
Ubicacion,1605,CONECTA_CON,Ubicacion,1770,7.9,15.69
Ubicacion,1605,CONECTA_CON,Ubicacion,949,2.95,3.59
Ubicacion,1606,CONECTA_CON,Ubicacion,3571,7.02,8.97
Ubicacion,1606,CONECTA_CON,Ubicacion,1404,1.83,2.1
Ubicacion,1606,CONECTA_CON,Ubicacion,4725,2.81,6.64
Ubicacion,1607,CONECTA_CON,Ubicacion,2739,9.21,14.77
Ubicacion,1607,CONECTA_CON,Ubicacion,4088,5.0,9.27
Ubicacion,1607,CONECTA_CON,Ubicacion,3981,1.04,1.26
Ubicacion,1608,CONECTA_CON,Ubicacion,3156,8.94,12.28
Ubicacion,1608,CONECTA_CON,Ubicacion,3403,8.67,9.08
Ubicacion,1608,CONECTA_CON,Ubicacion,3265,7.56,10.11
Ubicacion,1609,CONECTA_CON,Ubicacion,2989,2.37,4.5
Ubicacion,1609,CONECTA_CON,Ubicacion,1408,0.52,1.14
Ubicacion,1609,CONECTA_CON,Ubicacion,4042,6.93,7.33
Ubicacion,1610,CONECTA_CON,Ubicacion,118,8.22,9.54
Ubicacion,1610,CONECTA_CON,Ubicacion,1549,9.4,11.6
Ubicacion,1610,CONECTA_CON,Ubicacion,2634,2.6,5.05
Ubicacion,1611,CONECTA_CON,Ubicacion,4145,7.09,8.21
Ubicacion,1611,CONECTA_CON,Ubicacion,1514,3.81,8.52
Ubicacion,1611,CONECTA_CON,Ubicacion,662,2.2,2.84
Ubicacion,1612,CONECTA_CON,Ubicacion,629,6.76,19.68
Ubicacion,1612,CONECTA_CON,Ubicacion,3686,9.12,15.92
Ubicacion,1612,CONECTA_CON,Ubicacion,4476,4.82,4.86
Ubicacion,1613,CONECTA_CON,Ubicacion,3369,8.74,10.11
Ubicacion,1613,CONECTA_CON,Ubicacion,853,3.68,3.96
Ubicacion,1613,CONECTA_CON,Ubicacion,1879,8.94,14.12
Ubicacion,1614,CONECTA_CON,Ubicacion,1525,1.6,1.68
Ubicacion,1614,CONECTA_CON,Ubicacion,68,7.56,13.56
Ubicacion,1614,CONECTA_CON,Ubicacion,1114,8.0,8.97
Ubicacion,1615,CONECTA_CON,Ubicacion,1237,7.56,13.34
Ubicacion,1615,CONECTA_CON,Ubicacion,4073,1.67,1.98
Ubicacion,1615,CONECTA_CON,Ubicacion,4289,9.24,13.75
Ubicacion,1616,CONECTA_CON,Ubicacion,341,4.57,8.38
Ubicacion,1616,CONECTA_CON,Ubicacion,521,0.94,1.62
Ubicacion,1616,CONECTA_CON,Ubicacion,3490,7.47,11.59
Ubicacion,1617,CONECTA_CON,Ubicacion,2256,4.69,8.17
Ubicacion,1617,CONECTA_CON,Ubicacion,4406,8.93,23.54
Ubicacion,1617,CONECTA_CON,Ubicacion,3792,5.48,8.21
Ubicacion,1618,CONECTA_CON,Ubicacion,2792,1.19,1.98
Ubicacion,1618,CONECTA_CON,Ubicacion,2445,3.27,4.06
Ubicacion,1618,CONECTA_CON,Ubicacion,4002,5.33,9.07
Ubicacion,1619,CONECTA_CON,Ubicacion,4214,7.2,16.11
Ubicacion,1619,CONECTA_CON,Ubicacion,1633,0.69,1.14
Ubicacion,1619,CONECTA_CON,Ubicacion,4646,4.38,4.58
Ubicacion,1620,CONECTA_CON,Ubicacion,1278,6.94,8.34
Ubicacion,1620,CONECTA_CON,Ubicacion,118,3.69,4.9
Ubicacion,1620,CONECTA_CON,Ubicacion,1886,1.62,2.85
Ubicacion,1621,CONECTA_CON,Ubicacion,2425,5.72,7.54
Ubicacion,1621,CONECTA_CON,Ubicacion,3630,6.97,9.03
Ubicacion,1621,CONECTA_CON,Ubicacion,1949,2.18,4.47
Ubicacion,1622,CONECTA_CON,Ubicacion,1556,9.31,9.66
Ubicacion,1622,CONECTA_CON,Ubicacion,1015,5.93,14.16
Ubicacion,1622,CONECTA_CON,Ubicacion,4470,0.52,0.56
Ubicacion,1623,CONECTA_CON,Ubicacion,1835,3.76,8.05
Ubicacion,1623,CONECTA_CON,Ubicacion,3372,8.43,8.56
Ubicacion,1623,CONECTA_CON,Ubicacion,4596,3.91,6.08
Ubicacion,1624,CONECTA_CON,Ubicacion,1997,8.24,16.02
Ubicacion,1624,CONECTA_CON,Ubicacion,3402,4.1,5.85
Ubicacion,1624,CONECTA_CON,Ubicacion,319,4.46,5.7
Ubicacion,1625,CONECTA_CON,Ubicacion,3629,1.62,4.55
Ubicacion,1625,CONECTA_CON,Ubicacion,3045,0.83,1.74
Ubicacion,1625,CONECTA_CON,Ubicacion,3856,4.71,5.13
Ubicacion,1626,CONECTA_CON,Ubicacion,2447,1.23,3.29
Ubicacion,1626,CONECTA_CON,Ubicacion,1675,9.08,10.56
Ubicacion,1626,CONECTA_CON,Ubicacion,102,8.51,15.45
Ubicacion,1627,CONECTA_CON,Ubicacion,3478,3.61,4.11
Ubicacion,1627,CONECTA_CON,Ubicacion,1102,8.39,19.72
Ubicacion,1627,CONECTA_CON,Ubicacion,3329,5.61,9.07
Ubicacion,1628,CONECTA_CON,Ubicacion,2000,1.65,1.78
Ubicacion,1628,CONECTA_CON,Ubicacion,3274,6.22,9.05
Ubicacion,1628,CONECTA_CON,Ubicacion,1895,3.75,3.98
Ubicacion,1629,CONECTA_CON,Ubicacion,1155,8.34,12.7
Ubicacion,1629,CONECTA_CON,Ubicacion,2520,1.52,4.55
Ubicacion,1629,CONECTA_CON,Ubicacion,3507,9.37,10.28
Ubicacion,1630,CONECTA_CON,Ubicacion,1506,7.55,12.46
Ubicacion,1630,CONECTA_CON,Ubicacion,2163,3.11,4.36
Ubicacion,1630,CONECTA_CON,Ubicacion,3380,5.54,6.12
Ubicacion,1631,CONECTA_CON,Ubicacion,1765,5.06,7.36
Ubicacion,1631,CONECTA_CON,Ubicacion,1776,6.81,17.56
Ubicacion,1631,CONECTA_CON,Ubicacion,4029,9.87,18.06
Ubicacion,1632,CONECTA_CON,Ubicacion,4020,6.1,12.14
Ubicacion,1632,CONECTA_CON,Ubicacion,4436,0.65,1.92
Ubicacion,1632,CONECTA_CON,Ubicacion,3977,0.65,1.22
Ubicacion,1633,CONECTA_CON,Ubicacion,3447,1.52,3.29
Ubicacion,1633,CONECTA_CON,Ubicacion,649,9.42,20.33
Ubicacion,1633,CONECTA_CON,Ubicacion,2442,2.01,2.28
Ubicacion,1634,CONECTA_CON,Ubicacion,976,9.92,12.73
Ubicacion,1634,CONECTA_CON,Ubicacion,4956,1.2,1.26
Ubicacion,1634,CONECTA_CON,Ubicacion,4228,8.2,11.64
Ubicacion,1635,CONECTA_CON,Ubicacion,3586,3.59,5.02
Ubicacion,1635,CONECTA_CON,Ubicacion,2114,4.99,8.35
Ubicacion,1635,CONECTA_CON,Ubicacion,2090,2.58,2.79
Ubicacion,1636,CONECTA_CON,Ubicacion,2304,0.57,0.72
Ubicacion,1636,CONECTA_CON,Ubicacion,4740,8.35,16.73
Ubicacion,1636,CONECTA_CON,Ubicacion,2338,1.44,2.79
Ubicacion,1637,CONECTA_CON,Ubicacion,2637,3.47,6.03
Ubicacion,1637,CONECTA_CON,Ubicacion,4086,4.05,5.0
Ubicacion,1637,CONECTA_CON,Ubicacion,3978,5.3,9.4
Ubicacion,1638,CONECTA_CON,Ubicacion,2972,6.53,6.6
Ubicacion,1638,CONECTA_CON,Ubicacion,524,6.19,7.32
Ubicacion,1638,CONECTA_CON,Ubicacion,3660,7.36,10.75
Ubicacion,1639,CONECTA_CON,Ubicacion,2179,3.17,3.53
Ubicacion,1639,CONECTA_CON,Ubicacion,1040,1.36,1.49
Ubicacion,1639,CONECTA_CON,Ubicacion,1742,1.23,3.27
Ubicacion,1640,CONECTA_CON,Ubicacion,1634,2.92,6.05
Ubicacion,1640,CONECTA_CON,Ubicacion,3567,9.08,12.04
Ubicacion,1640,CONECTA_CON,Ubicacion,1814,7.24,9.43
Ubicacion,1641,CONECTA_CON,Ubicacion,3392,8.43,19.96
Ubicacion,1641,CONECTA_CON,Ubicacion,3598,7.92,8.49
Ubicacion,1641,CONECTA_CON,Ubicacion,3866,4.67,5.13
Ubicacion,1642,CONECTA_CON,Ubicacion,1864,4.54,12.92
Ubicacion,1642,CONECTA_CON,Ubicacion,2448,7.46,12.89
Ubicacion,1642,CONECTA_CON,Ubicacion,1014,6.06,6.09
Ubicacion,1643,CONECTA_CON,Ubicacion,3228,7.0,13.17
Ubicacion,1643,CONECTA_CON,Ubicacion,4305,6.22,7.0
Ubicacion,1643,CONECTA_CON,Ubicacion,2283,1.27,2.84
Ubicacion,1644,CONECTA_CON,Ubicacion,2003,6.54,7.87
Ubicacion,1644,CONECTA_CON,Ubicacion,2382,3.77,4.64
Ubicacion,1644,CONECTA_CON,Ubicacion,2478,1.25,1.85
Ubicacion,1645,CONECTA_CON,Ubicacion,4178,6.97,11.72
Ubicacion,1645,CONECTA_CON,Ubicacion,4162,5.18,5.45
Ubicacion,1645,CONECTA_CON,Ubicacion,1781,3.41,5.75
Ubicacion,1646,CONECTA_CON,Ubicacion,601,9.92,17.42
Ubicacion,1646,CONECTA_CON,Ubicacion,1299,8.71,24.42
Ubicacion,1646,CONECTA_CON,Ubicacion,2723,0.51,0.52
Ubicacion,1647,CONECTA_CON,Ubicacion,31,5.5,7.69
Ubicacion,1647,CONECTA_CON,Ubicacion,169,1.46,3.15
Ubicacion,1647,CONECTA_CON,Ubicacion,2991,7.99,8.06
Ubicacion,1648,CONECTA_CON,Ubicacion,583,8.46,15.26
Ubicacion,1648,CONECTA_CON,Ubicacion,4020,2.16,2.98
Ubicacion,1648,CONECTA_CON,Ubicacion,2153,9.97,12.7
Ubicacion,1649,CONECTA_CON,Ubicacion,3597,2.37,2.62
Ubicacion,1649,CONECTA_CON,Ubicacion,2348,4.56,4.83
Ubicacion,1649,CONECTA_CON,Ubicacion,3186,1.37,2.81
Ubicacion,1650,CONECTA_CON,Ubicacion,4431,2.57,6.86
Ubicacion,1650,CONECTA_CON,Ubicacion,1559,5.41,7.42
Ubicacion,1650,CONECTA_CON,Ubicacion,2653,9.99,17.94
Ubicacion,1651,CONECTA_CON,Ubicacion,2144,4.93,5.47
Ubicacion,1651,CONECTA_CON,Ubicacion,2301,4.43,7.34
Ubicacion,1651,CONECTA_CON,Ubicacion,2345,3.71,4.85
Ubicacion,1652,CONECTA_CON,Ubicacion,3555,3.55,4.2
Ubicacion,1652,CONECTA_CON,Ubicacion,483,2.64,5.98
Ubicacion,1652,CONECTA_CON,Ubicacion,2530,1.05,2.38
Ubicacion,1653,CONECTA_CON,Ubicacion,442,7.2,8.07
Ubicacion,1653,CONECTA_CON,Ubicacion,2869,4.11,5.67
Ubicacion,1653,CONECTA_CON,Ubicacion,4673,1.48,1.89
Ubicacion,1654,CONECTA_CON,Ubicacion,3027,6.99,10.69
Ubicacion,1654,CONECTA_CON,Ubicacion,4332,2.22,2.59
Ubicacion,1654,CONECTA_CON,Ubicacion,714,3.19,3.57
Ubicacion,1655,CONECTA_CON,Ubicacion,1842,7.81,11.08
Ubicacion,1655,CONECTA_CON,Ubicacion,3655,3.32,3.35
Ubicacion,1655,CONECTA_CON,Ubicacion,4445,1.22,1.4
Ubicacion,1656,CONECTA_CON,Ubicacion,3591,9.64,23.8
Ubicacion,1656,CONECTA_CON,Ubicacion,2242,4.85,13.67
Ubicacion,1656,CONECTA_CON,Ubicacion,4335,1.42,1.86
Ubicacion,1657,CONECTA_CON,Ubicacion,4582,9.05,23.3
Ubicacion,1657,CONECTA_CON,Ubicacion,4180,7.42,16.46
Ubicacion,1657,CONECTA_CON,Ubicacion,3450,7.12,15.57
Ubicacion,1658,CONECTA_CON,Ubicacion,3145,8.47,8.86
Ubicacion,1658,CONECTA_CON,Ubicacion,3771,4.21,9.72
Ubicacion,1658,CONECTA_CON,Ubicacion,1653,5.51,6.7
Ubicacion,1659,CONECTA_CON,Ubicacion,4660,6.25,11.27
Ubicacion,1659,CONECTA_CON,Ubicacion,4774,6.39,8.45
Ubicacion,1659,CONECTA_CON,Ubicacion,2280,2.54,5.41
Ubicacion,1660,CONECTA_CON,Ubicacion,2528,2.25,6.35
Ubicacion,1660,CONECTA_CON,Ubicacion,1661,4.15,6.8
Ubicacion,1660,CONECTA_CON,Ubicacion,3368,1.77,1.8
Ubicacion,1661,CONECTA_CON,Ubicacion,3167,2.98,4.52
Ubicacion,1661,CONECTA_CON,Ubicacion,3086,6.6,17.84
Ubicacion,1661,CONECTA_CON,Ubicacion,4143,8.07,11.79
Ubicacion,1662,CONECTA_CON,Ubicacion,828,4.08,7.34
Ubicacion,1662,CONECTA_CON,Ubicacion,1063,0.66,0.68
Ubicacion,1662,CONECTA_CON,Ubicacion,2824,5.1,5.28
Ubicacion,1663,CONECTA_CON,Ubicacion,29,3.17,4.14
Ubicacion,1663,CONECTA_CON,Ubicacion,973,1.63,1.78
Ubicacion,1663,CONECTA_CON,Ubicacion,4380,6.75,7.7
Ubicacion,1664,CONECTA_CON,Ubicacion,792,7.19,8.13
Ubicacion,1664,CONECTA_CON,Ubicacion,563,7.38,7.83
Ubicacion,1664,CONECTA_CON,Ubicacion,2358,8.99,11.25
Ubicacion,1665,CONECTA_CON,Ubicacion,4692,1.06,1.38
Ubicacion,1665,CONECTA_CON,Ubicacion,3749,8.32,10.45
Ubicacion,1665,CONECTA_CON,Ubicacion,130,3.07,8.27
Ubicacion,1666,CONECTA_CON,Ubicacion,3787,8.5,13.48
Ubicacion,1666,CONECTA_CON,Ubicacion,4697,0.52,1.15
Ubicacion,1666,CONECTA_CON,Ubicacion,2666,2.18,2.31
Ubicacion,1667,CONECTA_CON,Ubicacion,2024,6.63,9.51
Ubicacion,1667,CONECTA_CON,Ubicacion,280,8.95,19.81
Ubicacion,1667,CONECTA_CON,Ubicacion,2150,3.02,3.87
Ubicacion,1668,CONECTA_CON,Ubicacion,4618,0.65,1.18
Ubicacion,1668,CONECTA_CON,Ubicacion,566,9.76,15.59
Ubicacion,1668,CONECTA_CON,Ubicacion,3481,6.59,8.26
Ubicacion,1669,CONECTA_CON,Ubicacion,955,4.0,8.1
Ubicacion,1669,CONECTA_CON,Ubicacion,815,8.7,12.06
Ubicacion,1669,CONECTA_CON,Ubicacion,2784,7.79,11.38
Ubicacion,1670,CONECTA_CON,Ubicacion,2842,9.0,10.59
Ubicacion,1670,CONECTA_CON,Ubicacion,1142,7.07,8.26
Ubicacion,1670,CONECTA_CON,Ubicacion,2350,6.19,10.38
Ubicacion,1671,CONECTA_CON,Ubicacion,3892,5.15,5.25
Ubicacion,1671,CONECTA_CON,Ubicacion,33,8.12,8.77
Ubicacion,1671,CONECTA_CON,Ubicacion,1998,3.51,6.14
Ubicacion,1672,CONECTA_CON,Ubicacion,1526,2.93,6.09
Ubicacion,1672,CONECTA_CON,Ubicacion,4903,3.38,5.22
Ubicacion,1672,CONECTA_CON,Ubicacion,2361,6.44,12.97
Ubicacion,1673,CONECTA_CON,Ubicacion,783,8.94,12.87
Ubicacion,1673,CONECTA_CON,Ubicacion,2136,6.95,20.62
Ubicacion,1673,CONECTA_CON,Ubicacion,978,5.4,8.48
Ubicacion,1674,CONECTA_CON,Ubicacion,811,4.28,9.94
Ubicacion,1674,CONECTA_CON,Ubicacion,7,8.85,19.28
Ubicacion,1674,CONECTA_CON,Ubicacion,4994,9.9,15.11
Ubicacion,1675,CONECTA_CON,Ubicacion,2497,6.3,7.49
Ubicacion,1675,CONECTA_CON,Ubicacion,799,3.48,6.5
Ubicacion,1675,CONECTA_CON,Ubicacion,1863,4.52,6.75
Ubicacion,1676,CONECTA_CON,Ubicacion,1034,2.61,6.04
Ubicacion,1676,CONECTA_CON,Ubicacion,1117,5.72,9.23
Ubicacion,1676,CONECTA_CON,Ubicacion,4309,7.11,7.64
Ubicacion,1677,CONECTA_CON,Ubicacion,3421,5.79,7.77
Ubicacion,1677,CONECTA_CON,Ubicacion,171,1.74,3.61
Ubicacion,1677,CONECTA_CON,Ubicacion,4746,1.48,3.58
Ubicacion,1678,CONECTA_CON,Ubicacion,812,7.45,8.03
Ubicacion,1678,CONECTA_CON,Ubicacion,4355,5.11,6.33
Ubicacion,1678,CONECTA_CON,Ubicacion,1713,1.12,1.77
Ubicacion,1679,CONECTA_CON,Ubicacion,841,9.53,16.75
Ubicacion,1679,CONECTA_CON,Ubicacion,1975,6.28,6.5
Ubicacion,1679,CONECTA_CON,Ubicacion,3462,3.68,4.4
Ubicacion,1680,CONECTA_CON,Ubicacion,4331,0.55,1.63
Ubicacion,1680,CONECTA_CON,Ubicacion,4057,5.67,11.27
Ubicacion,1680,CONECTA_CON,Ubicacion,3399,5.16,12.34
Ubicacion,1681,CONECTA_CON,Ubicacion,2693,1.36,2.3
Ubicacion,1681,CONECTA_CON,Ubicacion,3477,5.99,7.74
Ubicacion,1681,CONECTA_CON,Ubicacion,4896,2.94,6.23
Ubicacion,1682,CONECTA_CON,Ubicacion,942,6.76,13.17
Ubicacion,1682,CONECTA_CON,Ubicacion,1515,4.94,7.8
Ubicacion,1682,CONECTA_CON,Ubicacion,1964,5.68,6.47
Ubicacion,1683,CONECTA_CON,Ubicacion,2413,9.78,11.11
Ubicacion,1683,CONECTA_CON,Ubicacion,3542,5.48,5.74
Ubicacion,1683,CONECTA_CON,Ubicacion,2238,9.52,9.69
Ubicacion,1684,CONECTA_CON,Ubicacion,4771,7.08,8.13
Ubicacion,1684,CONECTA_CON,Ubicacion,2481,0.75,1.12
Ubicacion,1684,CONECTA_CON,Ubicacion,86,8.04,13.49
Ubicacion,1685,CONECTA_CON,Ubicacion,4045,7.27,7.49
Ubicacion,1685,CONECTA_CON,Ubicacion,4369,7.3,8.47
Ubicacion,1685,CONECTA_CON,Ubicacion,4507,4.21,5.53
Ubicacion,1686,CONECTA_CON,Ubicacion,392,7.37,9.31
Ubicacion,1686,CONECTA_CON,Ubicacion,207,0.98,1.08
Ubicacion,1686,CONECTA_CON,Ubicacion,1769,8.86,20.85
Ubicacion,1687,CONECTA_CON,Ubicacion,1548,8.53,24.98
Ubicacion,1687,CONECTA_CON,Ubicacion,3563,9.25,9.34
Ubicacion,1687,CONECTA_CON,Ubicacion,2034,3.89,5.43
Ubicacion,1688,CONECTA_CON,Ubicacion,1813,4.27,4.94
Ubicacion,1688,CONECTA_CON,Ubicacion,3283,2.5,6.61
Ubicacion,1688,CONECTA_CON,Ubicacion,3517,9.41,28.19
Ubicacion,1689,CONECTA_CON,Ubicacion,2804,1.36,2.24
Ubicacion,1689,CONECTA_CON,Ubicacion,1810,5.13,12.61
Ubicacion,1689,CONECTA_CON,Ubicacion,3684,8.32,8.79
Ubicacion,1690,CONECTA_CON,Ubicacion,1730,8.1,10.02
Ubicacion,1690,CONECTA_CON,Ubicacion,3524,7.67,14.88
Ubicacion,1690,CONECTA_CON,Ubicacion,2794,9.41,9.73
Ubicacion,1691,CONECTA_CON,Ubicacion,3831,7.99,15.74
Ubicacion,1691,CONECTA_CON,Ubicacion,2585,7.33,12.54
Ubicacion,1691,CONECTA_CON,Ubicacion,123,6.23,6.39
Ubicacion,1692,CONECTA_CON,Ubicacion,699,8.03,11.94
Ubicacion,1692,CONECTA_CON,Ubicacion,3111,8.97,12.87
Ubicacion,1692,CONECTA_CON,Ubicacion,2735,2.54,4.46
Ubicacion,1693,CONECTA_CON,Ubicacion,2706,5.88,9.33
Ubicacion,1693,CONECTA_CON,Ubicacion,1528,7.3,9.3
Ubicacion,1693,CONECTA_CON,Ubicacion,471,8.83,10.21
Ubicacion,1694,CONECTA_CON,Ubicacion,2064,3.62,3.67
Ubicacion,1694,CONECTA_CON,Ubicacion,2806,0.76,1.44
Ubicacion,1694,CONECTA_CON,Ubicacion,4795,3.93,7.08
Ubicacion,1695,CONECTA_CON,Ubicacion,2108,4.02,6.65
Ubicacion,1695,CONECTA_CON,Ubicacion,3845,5.62,6.82
Ubicacion,1695,CONECTA_CON,Ubicacion,3232,2.05,4.79
Ubicacion,1696,CONECTA_CON,Ubicacion,4228,8.68,10.66
Ubicacion,1696,CONECTA_CON,Ubicacion,3629,7.76,11.9
Ubicacion,1696,CONECTA_CON,Ubicacion,4284,6.88,8.51
Ubicacion,1697,CONECTA_CON,Ubicacion,3664,9.16,21.83
Ubicacion,1697,CONECTA_CON,Ubicacion,3683,9.91,10.13
Ubicacion,1697,CONECTA_CON,Ubicacion,4041,2.02,2.64
Ubicacion,1698,CONECTA_CON,Ubicacion,1626,6.3,13.04
Ubicacion,1698,CONECTA_CON,Ubicacion,2408,4.73,7.69
Ubicacion,1698,CONECTA_CON,Ubicacion,2213,7.26,10.21
Ubicacion,1699,CONECTA_CON,Ubicacion,804,1.77,4.4
Ubicacion,1699,CONECTA_CON,Ubicacion,918,5.98,6.06
Ubicacion,1699,CONECTA_CON,Ubicacion,1255,8.79,22.29
Ubicacion,1700,CONECTA_CON,Ubicacion,2383,5.27,13.58
Ubicacion,1700,CONECTA_CON,Ubicacion,47,6.5,13.44
Ubicacion,1700,CONECTA_CON,Ubicacion,967,2.0,2.11
Ubicacion,1701,CONECTA_CON,Ubicacion,1735,2.05,3.94
Ubicacion,1701,CONECTA_CON,Ubicacion,4085,3.26,4.3
Ubicacion,1701,CONECTA_CON,Ubicacion,1941,3.81,6.68
Ubicacion,1702,CONECTA_CON,Ubicacion,4461,2.39,3.36
Ubicacion,1702,CONECTA_CON,Ubicacion,1162,1.45,1.81
Ubicacion,1702,CONECTA_CON,Ubicacion,1086,8.02,10.38
Ubicacion,1703,CONECTA_CON,Ubicacion,1322,1.18,1.6
Ubicacion,1703,CONECTA_CON,Ubicacion,2447,3.75,5.58
Ubicacion,1703,CONECTA_CON,Ubicacion,344,3.93,5.8
Ubicacion,1704,CONECTA_CON,Ubicacion,667,3.41,3.49
Ubicacion,1704,CONECTA_CON,Ubicacion,1254,2.36,2.65
Ubicacion,1704,CONECTA_CON,Ubicacion,1827,9.11,14.53
Ubicacion,1705,CONECTA_CON,Ubicacion,2317,3.72,6.91
Ubicacion,1705,CONECTA_CON,Ubicacion,1182,6.41,18.3
Ubicacion,1705,CONECTA_CON,Ubicacion,1843,9.29,16.65
Ubicacion,1706,CONECTA_CON,Ubicacion,101,2.12,2.41
Ubicacion,1706,CONECTA_CON,Ubicacion,1400,4.62,5.61
Ubicacion,1706,CONECTA_CON,Ubicacion,4916,9.85,13.48
Ubicacion,1707,CONECTA_CON,Ubicacion,3433,5.6,5.83
Ubicacion,1707,CONECTA_CON,Ubicacion,4515,4.52,13.3
Ubicacion,1707,CONECTA_CON,Ubicacion,4581,4.44,7.77
Ubicacion,1708,CONECTA_CON,Ubicacion,3977,6.1,9.59
Ubicacion,1708,CONECTA_CON,Ubicacion,1417,6.21,14.1
Ubicacion,1708,CONECTA_CON,Ubicacion,1317,7.61,9.18
Ubicacion,1709,CONECTA_CON,Ubicacion,2576,5.31,6.63
Ubicacion,1709,CONECTA_CON,Ubicacion,254,3.54,6.77
Ubicacion,1709,CONECTA_CON,Ubicacion,1620,9.76,10.96
Ubicacion,1710,CONECTA_CON,Ubicacion,361,7.23,15.64
Ubicacion,1710,CONECTA_CON,Ubicacion,2424,3.4,8.57
Ubicacion,1710,CONECTA_CON,Ubicacion,2892,4.92,7.21
Ubicacion,1711,CONECTA_CON,Ubicacion,1680,9.37,11.55
Ubicacion,1711,CONECTA_CON,Ubicacion,3136,2.38,4.2
Ubicacion,1711,CONECTA_CON,Ubicacion,2686,9.51,18.18
Ubicacion,1712,CONECTA_CON,Ubicacion,642,9.58,11.57
Ubicacion,1712,CONECTA_CON,Ubicacion,612,2.54,5.5
Ubicacion,1712,CONECTA_CON,Ubicacion,2024,7.1,7.62
Ubicacion,1713,CONECTA_CON,Ubicacion,1370,3.59,10.07
Ubicacion,1713,CONECTA_CON,Ubicacion,3452,2.1,2.15
Ubicacion,1713,CONECTA_CON,Ubicacion,1038,6.8,10.75
Ubicacion,1714,CONECTA_CON,Ubicacion,1650,0.54,1.08
Ubicacion,1714,CONECTA_CON,Ubicacion,3574,6.21,12.95
Ubicacion,1714,CONECTA_CON,Ubicacion,408,9.31,9.5
Ubicacion,1715,CONECTA_CON,Ubicacion,1582,4.64,4.68
Ubicacion,1715,CONECTA_CON,Ubicacion,4052,1.64,4.89
Ubicacion,1715,CONECTA_CON,Ubicacion,4419,8.34,13.3
Ubicacion,1716,CONECTA_CON,Ubicacion,2976,9.35,9.88
Ubicacion,1716,CONECTA_CON,Ubicacion,3824,4.14,4.15
Ubicacion,1716,CONECTA_CON,Ubicacion,2318,7.06,7.99
Ubicacion,1717,CONECTA_CON,Ubicacion,3714,8.54,16.33
Ubicacion,1717,CONECTA_CON,Ubicacion,4257,5.89,7.62
Ubicacion,1717,CONECTA_CON,Ubicacion,1761,5.87,17.6
Ubicacion,1718,CONECTA_CON,Ubicacion,3650,9.56,26.83
Ubicacion,1718,CONECTA_CON,Ubicacion,2034,7.17,7.89
Ubicacion,1718,CONECTA_CON,Ubicacion,710,1.8,2.9
Ubicacion,1719,CONECTA_CON,Ubicacion,1567,7.44,17.63
Ubicacion,1719,CONECTA_CON,Ubicacion,3326,8.67,12.1
Ubicacion,1719,CONECTA_CON,Ubicacion,4269,1.23,1.51
Ubicacion,1720,CONECTA_CON,Ubicacion,3752,1.81,1.86
Ubicacion,1720,CONECTA_CON,Ubicacion,3577,0.55,0.72
Ubicacion,1720,CONECTA_CON,Ubicacion,1041,9.01,16.42
Ubicacion,1721,CONECTA_CON,Ubicacion,3234,5.0,11.56
Ubicacion,1721,CONECTA_CON,Ubicacion,402,9.06,9.07
Ubicacion,1721,CONECTA_CON,Ubicacion,3875,6.88,12.62
Ubicacion,1722,CONECTA_CON,Ubicacion,3815,7.7,18.21
Ubicacion,1722,CONECTA_CON,Ubicacion,3020,6.4,9.27
Ubicacion,1722,CONECTA_CON,Ubicacion,779,9.43,16.98
Ubicacion,1723,CONECTA_CON,Ubicacion,3105,8.82,22.26
Ubicacion,1723,CONECTA_CON,Ubicacion,1768,0.97,2.33
Ubicacion,1723,CONECTA_CON,Ubicacion,634,7.21,8.65
Ubicacion,1724,CONECTA_CON,Ubicacion,1262,1.96,2.11
Ubicacion,1724,CONECTA_CON,Ubicacion,299,2.69,2.96
Ubicacion,1724,CONECTA_CON,Ubicacion,557,5.14,6.18
Ubicacion,1725,CONECTA_CON,Ubicacion,1963,2.55,3.36
Ubicacion,1725,CONECTA_CON,Ubicacion,3463,3.49,5.85
Ubicacion,1725,CONECTA_CON,Ubicacion,4836,8.95,9.63
Ubicacion,1726,CONECTA_CON,Ubicacion,1063,6.7,8.05
Ubicacion,1726,CONECTA_CON,Ubicacion,2179,9.67,12.92
Ubicacion,1726,CONECTA_CON,Ubicacion,788,7.48,15.64
Ubicacion,1727,CONECTA_CON,Ubicacion,1783,4.63,7.75
Ubicacion,1727,CONECTA_CON,Ubicacion,3078,9.28,9.88
Ubicacion,1727,CONECTA_CON,Ubicacion,3075,2.69,3.53
Ubicacion,1728,CONECTA_CON,Ubicacion,2939,4.09,7.24
Ubicacion,1728,CONECTA_CON,Ubicacion,1771,6.38,11.64
Ubicacion,1728,CONECTA_CON,Ubicacion,4514,2.25,3.82
Ubicacion,1729,CONECTA_CON,Ubicacion,622,1.2,2.44
Ubicacion,1729,CONECTA_CON,Ubicacion,3933,5.38,16.11
Ubicacion,1729,CONECTA_CON,Ubicacion,3626,3.25,4.12
Ubicacion,1730,CONECTA_CON,Ubicacion,938,9.08,11.3
Ubicacion,1730,CONECTA_CON,Ubicacion,2751,3.43,3.68
Ubicacion,1730,CONECTA_CON,Ubicacion,1611,2.85,3.68
Ubicacion,1731,CONECTA_CON,Ubicacion,470,6.47,6.71
Ubicacion,1731,CONECTA_CON,Ubicacion,4962,5.07,9.6
Ubicacion,1731,CONECTA_CON,Ubicacion,3381,1.18,1.43
Ubicacion,1732,CONECTA_CON,Ubicacion,3404,6.26,8.84
Ubicacion,1732,CONECTA_CON,Ubicacion,4795,7.97,11.58
Ubicacion,1732,CONECTA_CON,Ubicacion,2302,2.2,4.84
Ubicacion,1733,CONECTA_CON,Ubicacion,2240,7.99,9.33
Ubicacion,1733,CONECTA_CON,Ubicacion,725,1.98,2.31
Ubicacion,1733,CONECTA_CON,Ubicacion,680,7.83,13.98
Ubicacion,1734,CONECTA_CON,Ubicacion,1959,2.68,4.11
Ubicacion,1734,CONECTA_CON,Ubicacion,4609,6.9,19.82
Ubicacion,1734,CONECTA_CON,Ubicacion,2892,3.36,3.87
Ubicacion,1735,CONECTA_CON,Ubicacion,369,5.51,9.22
Ubicacion,1735,CONECTA_CON,Ubicacion,563,4.9,6.87
Ubicacion,1735,CONECTA_CON,Ubicacion,1728,2.23,2.45
Ubicacion,1736,CONECTA_CON,Ubicacion,1804,8.91,12.39
Ubicacion,1736,CONECTA_CON,Ubicacion,1114,6.98,11.95
Ubicacion,1736,CONECTA_CON,Ubicacion,4957,7.3,9.78
Ubicacion,1737,CONECTA_CON,Ubicacion,4388,8.21,8.95
Ubicacion,1737,CONECTA_CON,Ubicacion,3567,5.11,10.37
Ubicacion,1737,CONECTA_CON,Ubicacion,231,8.55,9.05
Ubicacion,1738,CONECTA_CON,Ubicacion,1845,6.11,6.92
Ubicacion,1738,CONECTA_CON,Ubicacion,3441,3.36,7.88
Ubicacion,1738,CONECTA_CON,Ubicacion,4078,1.47,1.94
Ubicacion,1739,CONECTA_CON,Ubicacion,551,4.46,4.84
Ubicacion,1739,CONECTA_CON,Ubicacion,4394,7.27,10.44
Ubicacion,1739,CONECTA_CON,Ubicacion,3907,1.65,2.73
Ubicacion,1740,CONECTA_CON,Ubicacion,810,2.11,3.55
Ubicacion,1740,CONECTA_CON,Ubicacion,3942,7.77,11.32
Ubicacion,1740,CONECTA_CON,Ubicacion,2078,1.14,1.56
Ubicacion,1741,CONECTA_CON,Ubicacion,812,2.34,5.38
Ubicacion,1741,CONECTA_CON,Ubicacion,4742,6.71,9.32
Ubicacion,1741,CONECTA_CON,Ubicacion,3595,2.26,3.74
Ubicacion,1742,CONECTA_CON,Ubicacion,3445,6.54,11.41
Ubicacion,1742,CONECTA_CON,Ubicacion,3626,6.82,7.88
Ubicacion,1742,CONECTA_CON,Ubicacion,3250,5.48,5.49
Ubicacion,1743,CONECTA_CON,Ubicacion,3486,8.83,20.6
Ubicacion,1743,CONECTA_CON,Ubicacion,1686,7.55,7.74
Ubicacion,1743,CONECTA_CON,Ubicacion,3136,9.57,15.28
Ubicacion,1744,CONECTA_CON,Ubicacion,2333,2.5,3.1
Ubicacion,1744,CONECTA_CON,Ubicacion,4958,8.4,8.56
Ubicacion,1744,CONECTA_CON,Ubicacion,4476,2.91,4.97
Ubicacion,1745,CONECTA_CON,Ubicacion,575,6.45,10.03
Ubicacion,1745,CONECTA_CON,Ubicacion,4628,6.5,13.09
Ubicacion,1745,CONECTA_CON,Ubicacion,3706,0.76,1.03
Ubicacion,1746,CONECTA_CON,Ubicacion,155,5.24,12.55
Ubicacion,1746,CONECTA_CON,Ubicacion,4498,9.47,10.96
Ubicacion,1746,CONECTA_CON,Ubicacion,2934,2.14,5.29
Ubicacion,1747,CONECTA_CON,Ubicacion,924,7.8,11.98
Ubicacion,1747,CONECTA_CON,Ubicacion,926,5.23,7.26
Ubicacion,1747,CONECTA_CON,Ubicacion,4413,3.46,5.1
Ubicacion,1748,CONECTA_CON,Ubicacion,316,4.22,9.1
Ubicacion,1748,CONECTA_CON,Ubicacion,1653,4.97,5.9
Ubicacion,1748,CONECTA_CON,Ubicacion,780,2.63,7.75
Ubicacion,1749,CONECTA_CON,Ubicacion,1979,6.86,7.27
Ubicacion,1749,CONECTA_CON,Ubicacion,3110,1.55,1.73
Ubicacion,1749,CONECTA_CON,Ubicacion,982,4.82,13.3
Ubicacion,1750,CONECTA_CON,Ubicacion,4641,5.65,15.19
Ubicacion,1750,CONECTA_CON,Ubicacion,3467,3.9,6.01
Ubicacion,1750,CONECTA_CON,Ubicacion,1972,3.04,7.5
Ubicacion,1751,CONECTA_CON,Ubicacion,1330,3.12,8.32
Ubicacion,1751,CONECTA_CON,Ubicacion,3000,1.92,4.45
Ubicacion,1751,CONECTA_CON,Ubicacion,3164,7.34,13.74
Ubicacion,1752,CONECTA_CON,Ubicacion,175,0.96,1.81
Ubicacion,1752,CONECTA_CON,Ubicacion,2265,9.45,17.96
Ubicacion,1752,CONECTA_CON,Ubicacion,4153,6.55,7.07
Ubicacion,1753,CONECTA_CON,Ubicacion,2193,8.26,14.58
Ubicacion,1753,CONECTA_CON,Ubicacion,1435,2.75,3.18
Ubicacion,1753,CONECTA_CON,Ubicacion,2987,5.29,8.28
Ubicacion,1754,CONECTA_CON,Ubicacion,225,4.4,10.12
Ubicacion,1754,CONECTA_CON,Ubicacion,4908,9.87,11.31
Ubicacion,1754,CONECTA_CON,Ubicacion,3376,2.96,5.61
Ubicacion,1755,CONECTA_CON,Ubicacion,191,1.88,2.9
Ubicacion,1755,CONECTA_CON,Ubicacion,4097,6.81,9.33
Ubicacion,1755,CONECTA_CON,Ubicacion,2176,5.18,13.39
Ubicacion,1756,CONECTA_CON,Ubicacion,74,8.71,10.96
Ubicacion,1756,CONECTA_CON,Ubicacion,1949,6.79,12.24
Ubicacion,1756,CONECTA_CON,Ubicacion,4482,7.57,10.42
Ubicacion,1757,CONECTA_CON,Ubicacion,922,3.36,4.23
Ubicacion,1757,CONECTA_CON,Ubicacion,2160,9.3,17.4
Ubicacion,1757,CONECTA_CON,Ubicacion,3776,7.57,8.51
Ubicacion,1758,CONECTA_CON,Ubicacion,1473,2.27,2.49
Ubicacion,1758,CONECTA_CON,Ubicacion,563,6.66,6.7
Ubicacion,1758,CONECTA_CON,Ubicacion,1452,3.3,5.23
Ubicacion,1759,CONECTA_CON,Ubicacion,377,4.59,6.67
Ubicacion,1759,CONECTA_CON,Ubicacion,2739,9.75,11.28
Ubicacion,1759,CONECTA_CON,Ubicacion,1626,6.45,11.53
Ubicacion,1760,CONECTA_CON,Ubicacion,1974,7.74,11.12
Ubicacion,1760,CONECTA_CON,Ubicacion,1474,3.2,5.49
Ubicacion,1760,CONECTA_CON,Ubicacion,4169,8.27,12.92
Ubicacion,1761,CONECTA_CON,Ubicacion,3133,2.65,3.18
Ubicacion,1761,CONECTA_CON,Ubicacion,1305,7.94,11.35
Ubicacion,1761,CONECTA_CON,Ubicacion,4998,1.0,1.83
Ubicacion,1762,CONECTA_CON,Ubicacion,2210,9.96,20.77
Ubicacion,1762,CONECTA_CON,Ubicacion,2315,3.7,5.37
Ubicacion,1762,CONECTA_CON,Ubicacion,3238,6.28,8.65
Ubicacion,1763,CONECTA_CON,Ubicacion,2822,6.3,8.6
Ubicacion,1763,CONECTA_CON,Ubicacion,1173,4.92,5.96
Ubicacion,1763,CONECTA_CON,Ubicacion,1324,2.09,4.99
Ubicacion,1764,CONECTA_CON,Ubicacion,3477,5.79,5.82
Ubicacion,1764,CONECTA_CON,Ubicacion,918,9.77,16.41
Ubicacion,1764,CONECTA_CON,Ubicacion,408,6.57,6.78
Ubicacion,1765,CONECTA_CON,Ubicacion,117,4.82,6.05
Ubicacion,1765,CONECTA_CON,Ubicacion,1652,7.85,10.67
Ubicacion,1765,CONECTA_CON,Ubicacion,2973,9.05,12.12
Ubicacion,1766,CONECTA_CON,Ubicacion,3269,8.64,14.37
Ubicacion,1766,CONECTA_CON,Ubicacion,1391,2.44,2.7
Ubicacion,1766,CONECTA_CON,Ubicacion,4490,6.39,6.95
Ubicacion,1767,CONECTA_CON,Ubicacion,4590,4.1,5.63
Ubicacion,1767,CONECTA_CON,Ubicacion,2291,2.4,3.61
Ubicacion,1767,CONECTA_CON,Ubicacion,3723,7.91,9.27
Ubicacion,1768,CONECTA_CON,Ubicacion,991,8.22,21.67
Ubicacion,1768,CONECTA_CON,Ubicacion,510,9.67,16.56
Ubicacion,1768,CONECTA_CON,Ubicacion,1359,9.54,16.34
Ubicacion,1769,CONECTA_CON,Ubicacion,2828,3.45,6.08
Ubicacion,1769,CONECTA_CON,Ubicacion,3429,8.13,14.5
Ubicacion,1769,CONECTA_CON,Ubicacion,2719,4.6,9.67
Ubicacion,1770,CONECTA_CON,Ubicacion,4694,8.37,8.63
Ubicacion,1770,CONECTA_CON,Ubicacion,3233,4.14,6.55
Ubicacion,1770,CONECTA_CON,Ubicacion,2120,3.78,4.24
Ubicacion,1771,CONECTA_CON,Ubicacion,2866,3.81,4.55
Ubicacion,1771,CONECTA_CON,Ubicacion,2454,2.52,2.78
Ubicacion,1771,CONECTA_CON,Ubicacion,4445,7.63,8.41
Ubicacion,1772,CONECTA_CON,Ubicacion,273,3.21,7.12
Ubicacion,1772,CONECTA_CON,Ubicacion,2710,9.07,26.33
Ubicacion,1772,CONECTA_CON,Ubicacion,804,6.81,10.49
Ubicacion,1773,CONECTA_CON,Ubicacion,3380,3.65,4.61
Ubicacion,1773,CONECTA_CON,Ubicacion,3430,5.1,9.71
Ubicacion,1773,CONECTA_CON,Ubicacion,2436,4.01,4.12
Ubicacion,1774,CONECTA_CON,Ubicacion,697,1.5,1.61
Ubicacion,1774,CONECTA_CON,Ubicacion,2198,2.84,3.8
Ubicacion,1774,CONECTA_CON,Ubicacion,3708,9.87,11.18
Ubicacion,1775,CONECTA_CON,Ubicacion,4796,9.34,24.63
Ubicacion,1775,CONECTA_CON,Ubicacion,4542,3.51,10.2
Ubicacion,1775,CONECTA_CON,Ubicacion,4963,5.89,8.16
Ubicacion,1776,CONECTA_CON,Ubicacion,4886,1.84,5.48
Ubicacion,1776,CONECTA_CON,Ubicacion,1022,0.9,1.1
Ubicacion,1776,CONECTA_CON,Ubicacion,490,3.33,6.17
Ubicacion,1777,CONECTA_CON,Ubicacion,496,3.51,8.78
Ubicacion,1777,CONECTA_CON,Ubicacion,1171,2.52,3.87
Ubicacion,1777,CONECTA_CON,Ubicacion,2146,8.38,10.99
Ubicacion,1778,CONECTA_CON,Ubicacion,2025,2.39,4.43
Ubicacion,1778,CONECTA_CON,Ubicacion,781,8.12,11.25
Ubicacion,1778,CONECTA_CON,Ubicacion,4606,3.12,3.89
Ubicacion,1779,CONECTA_CON,Ubicacion,4010,7.68,10.52
Ubicacion,1779,CONECTA_CON,Ubicacion,953,2.13,3.97
Ubicacion,1779,CONECTA_CON,Ubicacion,1333,8.05,23.88
Ubicacion,1780,CONECTA_CON,Ubicacion,120,7.78,15.85
Ubicacion,1780,CONECTA_CON,Ubicacion,1932,7.05,14.33
Ubicacion,1780,CONECTA_CON,Ubicacion,1949,9.02,9.88
Ubicacion,1781,CONECTA_CON,Ubicacion,4648,7.26,14.9
Ubicacion,1781,CONECTA_CON,Ubicacion,426,7.33,17.32
Ubicacion,1781,CONECTA_CON,Ubicacion,402,5.84,5.93
Ubicacion,1782,CONECTA_CON,Ubicacion,716,8.0,21.67
Ubicacion,1782,CONECTA_CON,Ubicacion,1693,7.98,11.74
Ubicacion,1782,CONECTA_CON,Ubicacion,2025,2.95,2.97
Ubicacion,1783,CONECTA_CON,Ubicacion,3702,7.55,15.34
Ubicacion,1783,CONECTA_CON,Ubicacion,1051,2.52,3.36
Ubicacion,1783,CONECTA_CON,Ubicacion,1606,9.43,14.72
Ubicacion,1784,CONECTA_CON,Ubicacion,4831,1.48,3.5
Ubicacion,1784,CONECTA_CON,Ubicacion,4654,7.07,11.14
Ubicacion,1784,CONECTA_CON,Ubicacion,2103,4.79,5.36
Ubicacion,1785,CONECTA_CON,Ubicacion,1611,2.81,5.17
Ubicacion,1785,CONECTA_CON,Ubicacion,1256,0.93,1.33
Ubicacion,1785,CONECTA_CON,Ubicacion,2817,5.7,17.01
Ubicacion,1786,CONECTA_CON,Ubicacion,3755,8.06,11.89
Ubicacion,1786,CONECTA_CON,Ubicacion,1655,9.19,9.23
Ubicacion,1786,CONECTA_CON,Ubicacion,2856,4.82,5.3
Ubicacion,1787,CONECTA_CON,Ubicacion,179,3.4,10.19
Ubicacion,1787,CONECTA_CON,Ubicacion,2649,4.41,8.46
Ubicacion,1787,CONECTA_CON,Ubicacion,1500,1.26,3.03
Ubicacion,1788,CONECTA_CON,Ubicacion,1447,1.16,1.4
Ubicacion,1788,CONECTA_CON,Ubicacion,3502,2.85,3.48
Ubicacion,1788,CONECTA_CON,Ubicacion,597,2.09,4.04
Ubicacion,1789,CONECTA_CON,Ubicacion,3073,6.05,13.88
Ubicacion,1789,CONECTA_CON,Ubicacion,4105,9.13,10.59
Ubicacion,1789,CONECTA_CON,Ubicacion,2836,5.87,6.89
Ubicacion,1790,CONECTA_CON,Ubicacion,3214,6.51,17.06
Ubicacion,1790,CONECTA_CON,Ubicacion,2201,5.92,6.89
Ubicacion,1790,CONECTA_CON,Ubicacion,4918,7.42,8.04
Ubicacion,1791,CONECTA_CON,Ubicacion,542,6.96,15.45
Ubicacion,1791,CONECTA_CON,Ubicacion,2182,6.49,7.05
Ubicacion,1791,CONECTA_CON,Ubicacion,2919,9.84,24.75
Ubicacion,1792,CONECTA_CON,Ubicacion,3160,3.3,8.3
Ubicacion,1792,CONECTA_CON,Ubicacion,3474,7.8,12.9
Ubicacion,1792,CONECTA_CON,Ubicacion,3752,1.85,2.07
Ubicacion,1793,CONECTA_CON,Ubicacion,3098,3.32,4.26
Ubicacion,1793,CONECTA_CON,Ubicacion,4860,9.28,19.41
Ubicacion,1793,CONECTA_CON,Ubicacion,130,4.9,6.9
Ubicacion,1794,CONECTA_CON,Ubicacion,361,4.68,9.57
Ubicacion,1794,CONECTA_CON,Ubicacion,4793,0.71,0.79
Ubicacion,1794,CONECTA_CON,Ubicacion,767,4.23,4.65
Ubicacion,1795,CONECTA_CON,Ubicacion,4285,1.95,3.38
Ubicacion,1795,CONECTA_CON,Ubicacion,4901,7.53,12.2
Ubicacion,1795,CONECTA_CON,Ubicacion,869,1.82,4.43
Ubicacion,1796,CONECTA_CON,Ubicacion,3962,7.51,9.79
Ubicacion,1796,CONECTA_CON,Ubicacion,335,1.77,2.49
Ubicacion,1796,CONECTA_CON,Ubicacion,987,5.15,10.26
Ubicacion,1797,CONECTA_CON,Ubicacion,2609,5.66,6.47
Ubicacion,1797,CONECTA_CON,Ubicacion,1764,3.75,3.79
Ubicacion,1797,CONECTA_CON,Ubicacion,2117,3.8,5.25
Ubicacion,1798,CONECTA_CON,Ubicacion,2657,7.06,7.71
Ubicacion,1798,CONECTA_CON,Ubicacion,1160,7.12,8.19
Ubicacion,1798,CONECTA_CON,Ubicacion,2103,1.99,3.87
Ubicacion,1799,CONECTA_CON,Ubicacion,2693,5.66,13.17
Ubicacion,1799,CONECTA_CON,Ubicacion,4056,1.74,2.66
Ubicacion,1799,CONECTA_CON,Ubicacion,1549,5.41,9.5
Ubicacion,1800,CONECTA_CON,Ubicacion,651,2.52,6.77
Ubicacion,1800,CONECTA_CON,Ubicacion,514,9.51,10.54
Ubicacion,1800,CONECTA_CON,Ubicacion,3963,1.01,1.34
Ubicacion,1801,CONECTA_CON,Ubicacion,1390,9.01,9.91
Ubicacion,1801,CONECTA_CON,Ubicacion,4624,7.81,8.61
Ubicacion,1801,CONECTA_CON,Ubicacion,2071,8.15,8.36
Ubicacion,1802,CONECTA_CON,Ubicacion,4890,2.76,3.57
Ubicacion,1802,CONECTA_CON,Ubicacion,991,1.91,3.62
Ubicacion,1802,CONECTA_CON,Ubicacion,2503,9.29,11.5
Ubicacion,1803,CONECTA_CON,Ubicacion,4529,7.59,12.13
Ubicacion,1803,CONECTA_CON,Ubicacion,42,5.05,5.82
Ubicacion,1803,CONECTA_CON,Ubicacion,4589,6.3,15.18
Ubicacion,1804,CONECTA_CON,Ubicacion,4521,0.54,1.06
Ubicacion,1804,CONECTA_CON,Ubicacion,3896,9.31,11.3
Ubicacion,1804,CONECTA_CON,Ubicacion,2969,4.51,5.27
Ubicacion,1805,CONECTA_CON,Ubicacion,4504,5.27,13.93
Ubicacion,1805,CONECTA_CON,Ubicacion,2521,7.72,15.76
Ubicacion,1805,CONECTA_CON,Ubicacion,569,7.3,19.23
Ubicacion,1806,CONECTA_CON,Ubicacion,1835,7.01,10.55
Ubicacion,1806,CONECTA_CON,Ubicacion,1537,0.63,0.92
Ubicacion,1806,CONECTA_CON,Ubicacion,2335,8.38,9.71
Ubicacion,1807,CONECTA_CON,Ubicacion,668,9.6,10.28
Ubicacion,1807,CONECTA_CON,Ubicacion,3327,8.55,23.89
Ubicacion,1807,CONECTA_CON,Ubicacion,661,7.35,9.98
Ubicacion,1808,CONECTA_CON,Ubicacion,2379,3.07,3.59
Ubicacion,1808,CONECTA_CON,Ubicacion,354,6.35,16.14
Ubicacion,1808,CONECTA_CON,Ubicacion,1120,2.64,4.05
Ubicacion,1809,CONECTA_CON,Ubicacion,2365,7.81,9.46
Ubicacion,1809,CONECTA_CON,Ubicacion,3902,9.32,25.45
Ubicacion,1809,CONECTA_CON,Ubicacion,1544,9.13,13.71
Ubicacion,1810,CONECTA_CON,Ubicacion,4462,0.93,1.03
Ubicacion,1810,CONECTA_CON,Ubicacion,2761,5.66,7.59
Ubicacion,1810,CONECTA_CON,Ubicacion,183,5.32,6.41
Ubicacion,1811,CONECTA_CON,Ubicacion,1090,7.65,14.62
Ubicacion,1811,CONECTA_CON,Ubicacion,760,6.85,15.8
Ubicacion,1811,CONECTA_CON,Ubicacion,959,1.58,1.68
Ubicacion,1812,CONECTA_CON,Ubicacion,4029,3.99,4.23
Ubicacion,1812,CONECTA_CON,Ubicacion,1990,0.79,1.12
Ubicacion,1812,CONECTA_CON,Ubicacion,4918,9.36,11.11
Ubicacion,1813,CONECTA_CON,Ubicacion,4977,1.94,2.37
Ubicacion,1813,CONECTA_CON,Ubicacion,49,1.92,4.94
Ubicacion,1813,CONECTA_CON,Ubicacion,128,2.54,4.52
Ubicacion,1814,CONECTA_CON,Ubicacion,2132,2.94,3.98
Ubicacion,1814,CONECTA_CON,Ubicacion,175,9.73,15.06
Ubicacion,1814,CONECTA_CON,Ubicacion,3963,2.72,2.82
Ubicacion,1815,CONECTA_CON,Ubicacion,4030,4.07,6.59
Ubicacion,1815,CONECTA_CON,Ubicacion,2177,3.45,7.89
Ubicacion,1815,CONECTA_CON,Ubicacion,1118,6.73,17.75
Ubicacion,1816,CONECTA_CON,Ubicacion,1479,4.89,7.14
Ubicacion,1816,CONECTA_CON,Ubicacion,314,9.04,11.06
Ubicacion,1816,CONECTA_CON,Ubicacion,2644,2.77,3.02
Ubicacion,1817,CONECTA_CON,Ubicacion,1483,5.84,6.31
Ubicacion,1817,CONECTA_CON,Ubicacion,3586,7.05,13.71
Ubicacion,1817,CONECTA_CON,Ubicacion,4357,4.45,4.78
Ubicacion,1818,CONECTA_CON,Ubicacion,4333,3.16,3.29
Ubicacion,1818,CONECTA_CON,Ubicacion,3840,9.57,13.96
Ubicacion,1818,CONECTA_CON,Ubicacion,764,2.02,2.12
Ubicacion,1819,CONECTA_CON,Ubicacion,4248,7.08,10.3
Ubicacion,1819,CONECTA_CON,Ubicacion,4508,1.28,1.35
Ubicacion,1819,CONECTA_CON,Ubicacion,4850,5.65,10.19
Ubicacion,1820,CONECTA_CON,Ubicacion,1890,5.15,10.65
Ubicacion,1820,CONECTA_CON,Ubicacion,3284,5.92,10.06
Ubicacion,1820,CONECTA_CON,Ubicacion,3327,1.38,3.59
Ubicacion,1821,CONECTA_CON,Ubicacion,808,8.15,11.61
Ubicacion,1821,CONECTA_CON,Ubicacion,1116,0.78,1.29
Ubicacion,1821,CONECTA_CON,Ubicacion,4810,7.95,13.17
Ubicacion,1822,CONECTA_CON,Ubicacion,827,6.24,7.03
Ubicacion,1822,CONECTA_CON,Ubicacion,885,3.42,7.34
Ubicacion,1822,CONECTA_CON,Ubicacion,3106,4.9,7.83
Ubicacion,1823,CONECTA_CON,Ubicacion,3318,9.7,20.98
Ubicacion,1823,CONECTA_CON,Ubicacion,3231,7.96,11.04
Ubicacion,1823,CONECTA_CON,Ubicacion,4601,2.78,4.56
Ubicacion,1824,CONECTA_CON,Ubicacion,3866,7.15,13.78
Ubicacion,1824,CONECTA_CON,Ubicacion,4000,7.18,18.25
Ubicacion,1824,CONECTA_CON,Ubicacion,3819,9.81,10.57
Ubicacion,1825,CONECTA_CON,Ubicacion,362,5.0,13.66
Ubicacion,1825,CONECTA_CON,Ubicacion,156,0.95,1.21
Ubicacion,1825,CONECTA_CON,Ubicacion,3502,4.46,5.88
Ubicacion,1826,CONECTA_CON,Ubicacion,2663,5.84,11.12
Ubicacion,1826,CONECTA_CON,Ubicacion,4568,7.91,8.98
Ubicacion,1826,CONECTA_CON,Ubicacion,4557,2.76,3.59
Ubicacion,1827,CONECTA_CON,Ubicacion,4712,6.71,11.57
Ubicacion,1827,CONECTA_CON,Ubicacion,4100,9.68,12.4
Ubicacion,1827,CONECTA_CON,Ubicacion,2828,7.84,9.81
Ubicacion,1828,CONECTA_CON,Ubicacion,4126,0.58,1.26
Ubicacion,1828,CONECTA_CON,Ubicacion,1980,6.31,9.98
Ubicacion,1828,CONECTA_CON,Ubicacion,986,9.29,10.1
Ubicacion,1829,CONECTA_CON,Ubicacion,4705,3.61,4.37
Ubicacion,1829,CONECTA_CON,Ubicacion,916,1.55,2.7
Ubicacion,1829,CONECTA_CON,Ubicacion,348,6.3,7.65
Ubicacion,1830,CONECTA_CON,Ubicacion,4412,9.29,24.02
Ubicacion,1830,CONECTA_CON,Ubicacion,4445,4.3,4.7
Ubicacion,1830,CONECTA_CON,Ubicacion,4869,6.54,12.83
Ubicacion,1831,CONECTA_CON,Ubicacion,1984,8.64,17.91
Ubicacion,1831,CONECTA_CON,Ubicacion,4217,6.93,7.8
Ubicacion,1831,CONECTA_CON,Ubicacion,3285,7.41,12.63
Ubicacion,1832,CONECTA_CON,Ubicacion,2991,4.31,4.63
Ubicacion,1832,CONECTA_CON,Ubicacion,2077,3.62,6.69
Ubicacion,1832,CONECTA_CON,Ubicacion,162,6.9,8.19
Ubicacion,1833,CONECTA_CON,Ubicacion,1,5.5,7.42
Ubicacion,1833,CONECTA_CON,Ubicacion,4303,4.15,4.77
Ubicacion,1833,CONECTA_CON,Ubicacion,762,9.22,15.11
Ubicacion,1834,CONECTA_CON,Ubicacion,4505,3.05,4.82
Ubicacion,1834,CONECTA_CON,Ubicacion,1625,2.78,3.59
Ubicacion,1834,CONECTA_CON,Ubicacion,3518,5.45,6.64
Ubicacion,1835,CONECTA_CON,Ubicacion,352,7.72,9.4
Ubicacion,1835,CONECTA_CON,Ubicacion,602,3.8,8.18
Ubicacion,1835,CONECTA_CON,Ubicacion,1717,0.85,0.86
Ubicacion,1836,CONECTA_CON,Ubicacion,970,6.8,9.59
Ubicacion,1836,CONECTA_CON,Ubicacion,4179,4.83,7.67
Ubicacion,1836,CONECTA_CON,Ubicacion,2618,9.48,23.58
Ubicacion,1837,CONECTA_CON,Ubicacion,1772,3.31,5.73
Ubicacion,1837,CONECTA_CON,Ubicacion,2308,7.12,20.99
Ubicacion,1837,CONECTA_CON,Ubicacion,2724,5.57,7.39
Ubicacion,1838,CONECTA_CON,Ubicacion,4445,3.37,4.09
Ubicacion,1838,CONECTA_CON,Ubicacion,3118,9.92,10.48
Ubicacion,1838,CONECTA_CON,Ubicacion,4762,1.65,2.44
Ubicacion,1839,CONECTA_CON,Ubicacion,3699,7.3,18.43
Ubicacion,1839,CONECTA_CON,Ubicacion,678,2.84,4.52
Ubicacion,1839,CONECTA_CON,Ubicacion,4708,3.53,4.68
Ubicacion,1840,CONECTA_CON,Ubicacion,1775,2.22,5.96
Ubicacion,1840,CONECTA_CON,Ubicacion,1396,9.33,11.74
Ubicacion,1840,CONECTA_CON,Ubicacion,907,2.31,4.39
Ubicacion,1841,CONECTA_CON,Ubicacion,2519,1.67,4.69
Ubicacion,1841,CONECTA_CON,Ubicacion,2600,7.51,8.57
Ubicacion,1841,CONECTA_CON,Ubicacion,3409,5.35,6.65
Ubicacion,1842,CONECTA_CON,Ubicacion,1321,4.01,7.13
Ubicacion,1842,CONECTA_CON,Ubicacion,4505,3.55,4.53
Ubicacion,1842,CONECTA_CON,Ubicacion,3077,1.65,2.13
Ubicacion,1843,CONECTA_CON,Ubicacion,3046,7.67,9.54
Ubicacion,1843,CONECTA_CON,Ubicacion,4680,6.65,11.29
Ubicacion,1843,CONECTA_CON,Ubicacion,3282,7.29,19.94
Ubicacion,1844,CONECTA_CON,Ubicacion,3651,4.99,9.53
Ubicacion,1844,CONECTA_CON,Ubicacion,1225,6.51,10.88
Ubicacion,1844,CONECTA_CON,Ubicacion,2683,6.48,17.19
Ubicacion,1845,CONECTA_CON,Ubicacion,2171,3.87,4.53
Ubicacion,1845,CONECTA_CON,Ubicacion,3469,7.4,13.04
Ubicacion,1845,CONECTA_CON,Ubicacion,3319,7.92,8.57
Ubicacion,1846,CONECTA_CON,Ubicacion,1320,6.17,8.3
Ubicacion,1846,CONECTA_CON,Ubicacion,3822,1.85,2.8
Ubicacion,1846,CONECTA_CON,Ubicacion,4220,2.83,3.01
Ubicacion,1847,CONECTA_CON,Ubicacion,3393,3.64,5.04
Ubicacion,1847,CONECTA_CON,Ubicacion,1867,3.51,6.38
Ubicacion,1847,CONECTA_CON,Ubicacion,956,5.55,8.61
Ubicacion,1848,CONECTA_CON,Ubicacion,721,2.34,4.58
Ubicacion,1848,CONECTA_CON,Ubicacion,4075,8.15,8.97
Ubicacion,1848,CONECTA_CON,Ubicacion,4986,4.43,12.93
Ubicacion,1849,CONECTA_CON,Ubicacion,2903,8.11,15.78
Ubicacion,1849,CONECTA_CON,Ubicacion,871,9.1,9.22
Ubicacion,1849,CONECTA_CON,Ubicacion,582,9.13,24.74
Ubicacion,1850,CONECTA_CON,Ubicacion,1864,8.51,13.49
Ubicacion,1850,CONECTA_CON,Ubicacion,556,8.07,11.63
Ubicacion,1850,CONECTA_CON,Ubicacion,1954,3.34,5.43
Ubicacion,1851,CONECTA_CON,Ubicacion,3556,0.89,0.95
Ubicacion,1851,CONECTA_CON,Ubicacion,909,4.83,6.06
Ubicacion,1851,CONECTA_CON,Ubicacion,1844,5.93,14.3
Ubicacion,1852,CONECTA_CON,Ubicacion,3134,2.15,6.02
Ubicacion,1852,CONECTA_CON,Ubicacion,4446,5.97,11.77
Ubicacion,1852,CONECTA_CON,Ubicacion,953,7.31,13.8
Ubicacion,1853,CONECTA_CON,Ubicacion,427,7.28,11.15
Ubicacion,1853,CONECTA_CON,Ubicacion,2932,2.09,3.54
Ubicacion,1853,CONECTA_CON,Ubicacion,3406,3.13,4.35
Ubicacion,1854,CONECTA_CON,Ubicacion,1962,2.34,3.14
Ubicacion,1854,CONECTA_CON,Ubicacion,4848,4.9,5.67
Ubicacion,1854,CONECTA_CON,Ubicacion,4056,1.19,3.53
Ubicacion,1855,CONECTA_CON,Ubicacion,1865,0.87,1.05
Ubicacion,1855,CONECTA_CON,Ubicacion,3808,3.28,8.33
Ubicacion,1855,CONECTA_CON,Ubicacion,4247,7.45,16.65
Ubicacion,1856,CONECTA_CON,Ubicacion,2035,7.95,13.21
Ubicacion,1856,CONECTA_CON,Ubicacion,2380,9.08,12.16
Ubicacion,1856,CONECTA_CON,Ubicacion,4973,0.81,0.91
Ubicacion,1857,CONECTA_CON,Ubicacion,649,6.54,8.87
Ubicacion,1857,CONECTA_CON,Ubicacion,827,7.98,19.22
Ubicacion,1857,CONECTA_CON,Ubicacion,4056,5.91,8.96
Ubicacion,1858,CONECTA_CON,Ubicacion,2987,7.39,19.6
Ubicacion,1858,CONECTA_CON,Ubicacion,2520,9.67,12.84
Ubicacion,1858,CONECTA_CON,Ubicacion,3031,4.23,4.54
Ubicacion,1859,CONECTA_CON,Ubicacion,3875,3.28,8.14
Ubicacion,1859,CONECTA_CON,Ubicacion,2678,2.62,2.66
Ubicacion,1859,CONECTA_CON,Ubicacion,4966,4.94,10.07
Ubicacion,1860,CONECTA_CON,Ubicacion,3614,4.95,9.99
Ubicacion,1860,CONECTA_CON,Ubicacion,1348,8.6,16.87
Ubicacion,1860,CONECTA_CON,Ubicacion,4309,4.8,13.68
Ubicacion,1861,CONECTA_CON,Ubicacion,2345,6.51,6.81
Ubicacion,1861,CONECTA_CON,Ubicacion,1808,1.21,1.25
Ubicacion,1861,CONECTA_CON,Ubicacion,466,3.32,3.64
Ubicacion,1862,CONECTA_CON,Ubicacion,3994,8.98,11.16
Ubicacion,1862,CONECTA_CON,Ubicacion,3966,2.48,3.86
Ubicacion,1862,CONECTA_CON,Ubicacion,3995,3.55,7.16
Ubicacion,1863,CONECTA_CON,Ubicacion,404,5.66,6.47
Ubicacion,1863,CONECTA_CON,Ubicacion,4580,1.26,1.48
Ubicacion,1863,CONECTA_CON,Ubicacion,303,4.49,4.87
Ubicacion,1864,CONECTA_CON,Ubicacion,2412,5.14,8.53
Ubicacion,1864,CONECTA_CON,Ubicacion,4209,5.54,8.24
Ubicacion,1864,CONECTA_CON,Ubicacion,1459,7.5,7.62
Ubicacion,1865,CONECTA_CON,Ubicacion,1060,4.93,5.27
Ubicacion,1865,CONECTA_CON,Ubicacion,4608,2.82,2.83
Ubicacion,1865,CONECTA_CON,Ubicacion,2895,2.26,2.28
Ubicacion,1866,CONECTA_CON,Ubicacion,1725,6.13,8.29
Ubicacion,1866,CONECTA_CON,Ubicacion,657,2.52,3.98
Ubicacion,1866,CONECTA_CON,Ubicacion,3847,8.68,8.91
Ubicacion,1867,CONECTA_CON,Ubicacion,1383,4.52,4.56
Ubicacion,1867,CONECTA_CON,Ubicacion,2628,9.4,9.62
Ubicacion,1867,CONECTA_CON,Ubicacion,1956,9.4,18.75
Ubicacion,1868,CONECTA_CON,Ubicacion,3507,4.23,4.92
Ubicacion,1868,CONECTA_CON,Ubicacion,4318,1.73,4.85
Ubicacion,1868,CONECTA_CON,Ubicacion,3031,9.39,11.14
Ubicacion,1869,CONECTA_CON,Ubicacion,2169,1.37,1.62
Ubicacion,1869,CONECTA_CON,Ubicacion,2360,6.65,15.62
Ubicacion,1869,CONECTA_CON,Ubicacion,3414,8.18,10.93
Ubicacion,1870,CONECTA_CON,Ubicacion,2743,4.07,10.24
Ubicacion,1870,CONECTA_CON,Ubicacion,4420,1.36,3.55
Ubicacion,1870,CONECTA_CON,Ubicacion,4421,8.15,8.82
Ubicacion,1871,CONECTA_CON,Ubicacion,4291,6.61,16.69
Ubicacion,1871,CONECTA_CON,Ubicacion,4434,8.48,9.89
Ubicacion,1871,CONECTA_CON,Ubicacion,4905,2.17,4.34
Ubicacion,1872,CONECTA_CON,Ubicacion,3141,5.54,5.86
Ubicacion,1872,CONECTA_CON,Ubicacion,4744,3.84,6.9
Ubicacion,1872,CONECTA_CON,Ubicacion,330,2.88,4.13
Ubicacion,1873,CONECTA_CON,Ubicacion,330,3.5,3.9
Ubicacion,1873,CONECTA_CON,Ubicacion,2882,7.13,11.52
Ubicacion,1873,CONECTA_CON,Ubicacion,2262,1.65,2.89
Ubicacion,1874,CONECTA_CON,Ubicacion,3877,1.09,1.24
Ubicacion,1874,CONECTA_CON,Ubicacion,2022,3.84,3.92
Ubicacion,1874,CONECTA_CON,Ubicacion,3053,9.8,12.69
Ubicacion,1875,CONECTA_CON,Ubicacion,3948,5.37,6.51
Ubicacion,1875,CONECTA_CON,Ubicacion,1516,9.38,11.86
Ubicacion,1875,CONECTA_CON,Ubicacion,3250,5.58,9.47
Ubicacion,1876,CONECTA_CON,Ubicacion,629,1.2,3.17
Ubicacion,1876,CONECTA_CON,Ubicacion,688,3.42,3.78
Ubicacion,1876,CONECTA_CON,Ubicacion,2028,4.99,5.73
Ubicacion,1877,CONECTA_CON,Ubicacion,3480,2.81,3.49
Ubicacion,1877,CONECTA_CON,Ubicacion,3791,0.58,1.64
Ubicacion,1877,CONECTA_CON,Ubicacion,3148,1.72,3.63
Ubicacion,1878,CONECTA_CON,Ubicacion,2442,5.73,5.94
Ubicacion,1878,CONECTA_CON,Ubicacion,709,3.96,11.47
Ubicacion,1878,CONECTA_CON,Ubicacion,3739,1.66,4.9
Ubicacion,1879,CONECTA_CON,Ubicacion,3825,2.9,4.0
Ubicacion,1879,CONECTA_CON,Ubicacion,4017,6.64,8.83
Ubicacion,1879,CONECTA_CON,Ubicacion,1639,7.71,11.12
Ubicacion,1880,CONECTA_CON,Ubicacion,122,9.56,11.75
Ubicacion,1880,CONECTA_CON,Ubicacion,4498,2.25,2.39
Ubicacion,1880,CONECTA_CON,Ubicacion,1853,9.38,21.88
Ubicacion,1881,CONECTA_CON,Ubicacion,733,5.39,8.36
Ubicacion,1881,CONECTA_CON,Ubicacion,1971,6.83,9.17
Ubicacion,1881,CONECTA_CON,Ubicacion,1938,1.14,1.97
Ubicacion,1882,CONECTA_CON,Ubicacion,1592,0.81,2.16
Ubicacion,1882,CONECTA_CON,Ubicacion,2025,0.69,0.83
Ubicacion,1882,CONECTA_CON,Ubicacion,359,4.2,7.96
Ubicacion,1883,CONECTA_CON,Ubicacion,3150,3.61,4.2
Ubicacion,1883,CONECTA_CON,Ubicacion,4819,9.9,19.67
Ubicacion,1883,CONECTA_CON,Ubicacion,4195,9.71,16.52
Ubicacion,1884,CONECTA_CON,Ubicacion,2023,9.39,20.22
Ubicacion,1884,CONECTA_CON,Ubicacion,1198,5.53,11.52
Ubicacion,1884,CONECTA_CON,Ubicacion,2269,8.43,14.74
Ubicacion,1885,CONECTA_CON,Ubicacion,3323,4.09,5.28
Ubicacion,1885,CONECTA_CON,Ubicacion,334,2.5,4.17
Ubicacion,1885,CONECTA_CON,Ubicacion,4553,1.49,3.49
Ubicacion,1886,CONECTA_CON,Ubicacion,3522,4.42,5.16
Ubicacion,1886,CONECTA_CON,Ubicacion,4562,3.94,4.99
Ubicacion,1886,CONECTA_CON,Ubicacion,1063,9.48,23.69
Ubicacion,1887,CONECTA_CON,Ubicacion,4849,2.68,5.32
Ubicacion,1887,CONECTA_CON,Ubicacion,3331,6.92,8.03
Ubicacion,1887,CONECTA_CON,Ubicacion,990,3.72,10.58
Ubicacion,1888,CONECTA_CON,Ubicacion,1019,3.8,6.83
Ubicacion,1888,CONECTA_CON,Ubicacion,3200,9.14,14.74
Ubicacion,1888,CONECTA_CON,Ubicacion,1762,4.19,4.99
Ubicacion,1889,CONECTA_CON,Ubicacion,4024,5.19,6.64
Ubicacion,1889,CONECTA_CON,Ubicacion,3155,3.03,6.83
Ubicacion,1889,CONECTA_CON,Ubicacion,1097,7.0,7.73
Ubicacion,1890,CONECTA_CON,Ubicacion,2837,2.23,5.64
Ubicacion,1890,CONECTA_CON,Ubicacion,1026,9.46,20.03
Ubicacion,1890,CONECTA_CON,Ubicacion,3908,5.36,5.39
Ubicacion,1891,CONECTA_CON,Ubicacion,1153,4.66,6.72
Ubicacion,1891,CONECTA_CON,Ubicacion,4928,1.5,4.25
Ubicacion,1891,CONECTA_CON,Ubicacion,4615,4.49,5.2
Ubicacion,1892,CONECTA_CON,Ubicacion,3873,6.88,9.12
Ubicacion,1892,CONECTA_CON,Ubicacion,4399,2.21,4.33
Ubicacion,1892,CONECTA_CON,Ubicacion,3719,3.82,5.32
Ubicacion,1893,CONECTA_CON,Ubicacion,1681,1.4,1.61
Ubicacion,1893,CONECTA_CON,Ubicacion,1704,8.6,20.63
Ubicacion,1893,CONECTA_CON,Ubicacion,2503,3.66,6.53
Ubicacion,1894,CONECTA_CON,Ubicacion,4180,5.44,5.49
Ubicacion,1894,CONECTA_CON,Ubicacion,1930,6.02,6.43
Ubicacion,1894,CONECTA_CON,Ubicacion,70,4.4,5.69
Ubicacion,1895,CONECTA_CON,Ubicacion,2224,5.12,7.63
Ubicacion,1895,CONECTA_CON,Ubicacion,2436,5.64,9.26
Ubicacion,1895,CONECTA_CON,Ubicacion,3964,7.36,7.36
Ubicacion,1896,CONECTA_CON,Ubicacion,229,9.13,14.92
Ubicacion,1896,CONECTA_CON,Ubicacion,4111,4.1,4.34
Ubicacion,1896,CONECTA_CON,Ubicacion,685,6.75,9.11
Ubicacion,1897,CONECTA_CON,Ubicacion,3701,5.34,11.72
Ubicacion,1897,CONECTA_CON,Ubicacion,20,9.73,22.82
Ubicacion,1897,CONECTA_CON,Ubicacion,817,9.93,13.75
Ubicacion,1898,CONECTA_CON,Ubicacion,3218,7.39,7.99
Ubicacion,1898,CONECTA_CON,Ubicacion,4708,7.87,10.37
Ubicacion,1898,CONECTA_CON,Ubicacion,2765,3.76,4.0
Ubicacion,1899,CONECTA_CON,Ubicacion,1529,2.13,3.19
Ubicacion,1899,CONECTA_CON,Ubicacion,934,1.21,1.58
Ubicacion,1899,CONECTA_CON,Ubicacion,2861,2.13,3.59
Ubicacion,1900,CONECTA_CON,Ubicacion,3195,9.44,20.63
Ubicacion,1900,CONECTA_CON,Ubicacion,3072,7.82,14.43
Ubicacion,1900,CONECTA_CON,Ubicacion,500,5.77,13.35
Ubicacion,1901,CONECTA_CON,Ubicacion,734,3.04,4.14
Ubicacion,1901,CONECTA_CON,Ubicacion,2804,4.97,11.17
Ubicacion,1901,CONECTA_CON,Ubicacion,2457,5.42,5.57
Ubicacion,1902,CONECTA_CON,Ubicacion,3689,8.38,14.92
Ubicacion,1902,CONECTA_CON,Ubicacion,685,3.66,4.93
Ubicacion,1902,CONECTA_CON,Ubicacion,3220,4.64,6.72
Ubicacion,1903,CONECTA_CON,Ubicacion,2882,5.24,6.6
Ubicacion,1903,CONECTA_CON,Ubicacion,540,9.71,18.42
Ubicacion,1903,CONECTA_CON,Ubicacion,110,6.25,15.35
Ubicacion,1904,CONECTA_CON,Ubicacion,3405,4.01,7.94
Ubicacion,1904,CONECTA_CON,Ubicacion,1246,4.86,8.51
Ubicacion,1904,CONECTA_CON,Ubicacion,4508,3.31,3.99
Ubicacion,1905,CONECTA_CON,Ubicacion,470,1.65,2.7
Ubicacion,1905,CONECTA_CON,Ubicacion,2204,2.77,3.85
Ubicacion,1905,CONECTA_CON,Ubicacion,1661,8.53,8.55
Ubicacion,1906,CONECTA_CON,Ubicacion,2203,8.23,12.0
Ubicacion,1906,CONECTA_CON,Ubicacion,4802,8.23,15.79
Ubicacion,1906,CONECTA_CON,Ubicacion,1582,4.69,5.5
Ubicacion,1907,CONECTA_CON,Ubicacion,1293,7.59,14.17
Ubicacion,1907,CONECTA_CON,Ubicacion,1870,8.78,20.63
Ubicacion,1907,CONECTA_CON,Ubicacion,219,1.57,2.13
Ubicacion,1908,CONECTA_CON,Ubicacion,3400,1.93,2.05
Ubicacion,1908,CONECTA_CON,Ubicacion,839,0.59,0.87
Ubicacion,1908,CONECTA_CON,Ubicacion,4784,5.87,9.99
Ubicacion,1909,CONECTA_CON,Ubicacion,1255,2.32,3.44
Ubicacion,1909,CONECTA_CON,Ubicacion,4892,2.64,7.03
Ubicacion,1909,CONECTA_CON,Ubicacion,1701,8.49,15.59
Ubicacion,1910,CONECTA_CON,Ubicacion,3851,2.77,3.76
Ubicacion,1910,CONECTA_CON,Ubicacion,1547,1.75,2.3
Ubicacion,1910,CONECTA_CON,Ubicacion,1293,3.75,9.18
Ubicacion,1911,CONECTA_CON,Ubicacion,2010,7.06,20.45
Ubicacion,1911,CONECTA_CON,Ubicacion,341,5.77,9.22
Ubicacion,1911,CONECTA_CON,Ubicacion,4837,9.6,22.93
Ubicacion,1912,CONECTA_CON,Ubicacion,336,4.75,6.22
Ubicacion,1912,CONECTA_CON,Ubicacion,1845,4.69,7.36
Ubicacion,1912,CONECTA_CON,Ubicacion,2816,6.83,14.43
Ubicacion,1913,CONECTA_CON,Ubicacion,2170,1.26,2.14
Ubicacion,1913,CONECTA_CON,Ubicacion,4607,1.72,1.85
Ubicacion,1913,CONECTA_CON,Ubicacion,4044,6.48,11.0
Ubicacion,1914,CONECTA_CON,Ubicacion,1596,5.26,14.24
Ubicacion,1914,CONECTA_CON,Ubicacion,2061,7.72,21.6
Ubicacion,1914,CONECTA_CON,Ubicacion,1009,2.0,3.65
Ubicacion,1915,CONECTA_CON,Ubicacion,1926,5.22,11.66
Ubicacion,1915,CONECTA_CON,Ubicacion,2217,1.82,3.25
Ubicacion,1915,CONECTA_CON,Ubicacion,3209,2.66,7.32
Ubicacion,1916,CONECTA_CON,Ubicacion,2290,6.6,8.51
Ubicacion,1916,CONECTA_CON,Ubicacion,3178,5.08,5.98
Ubicacion,1916,CONECTA_CON,Ubicacion,1307,6.78,7.12
Ubicacion,1917,CONECTA_CON,Ubicacion,3033,0.98,1.63
Ubicacion,1917,CONECTA_CON,Ubicacion,4001,9.6,11.84
Ubicacion,1917,CONECTA_CON,Ubicacion,386,1.34,1.57
Ubicacion,1918,CONECTA_CON,Ubicacion,4153,4.23,11.35
Ubicacion,1918,CONECTA_CON,Ubicacion,3233,4.19,5.09
Ubicacion,1918,CONECTA_CON,Ubicacion,3020,2.24,4.76
Ubicacion,1919,CONECTA_CON,Ubicacion,591,0.62,1.18
Ubicacion,1919,CONECTA_CON,Ubicacion,2219,7.18,10.73
Ubicacion,1919,CONECTA_CON,Ubicacion,2712,7.74,18.43
Ubicacion,1920,CONECTA_CON,Ubicacion,291,1.3,2.14
Ubicacion,1920,CONECTA_CON,Ubicacion,707,3.42,6.48
Ubicacion,1920,CONECTA_CON,Ubicacion,4612,5.9,14.33
Ubicacion,1921,CONECTA_CON,Ubicacion,1610,6.38,9.53
Ubicacion,1921,CONECTA_CON,Ubicacion,4944,2.62,3.29
Ubicacion,1921,CONECTA_CON,Ubicacion,4504,0.58,0.75
Ubicacion,1922,CONECTA_CON,Ubicacion,3428,9.08,16.82
Ubicacion,1922,CONECTA_CON,Ubicacion,3430,2.0,3.22
Ubicacion,1922,CONECTA_CON,Ubicacion,3905,0.82,1.06
Ubicacion,1923,CONECTA_CON,Ubicacion,1498,9.25,18.09
Ubicacion,1923,CONECTA_CON,Ubicacion,2439,4.23,10.72
Ubicacion,1923,CONECTA_CON,Ubicacion,3404,8.53,17.94
Ubicacion,1924,CONECTA_CON,Ubicacion,4991,7.32,11.13
Ubicacion,1924,CONECTA_CON,Ubicacion,800,5.55,15.68
Ubicacion,1924,CONECTA_CON,Ubicacion,3961,2.72,4.44
Ubicacion,1925,CONECTA_CON,Ubicacion,4021,6.06,8.04
Ubicacion,1925,CONECTA_CON,Ubicacion,4879,6.56,14.61
Ubicacion,1925,CONECTA_CON,Ubicacion,3794,1.79,3.12
Ubicacion,1926,CONECTA_CON,Ubicacion,2594,4.3,5.29
Ubicacion,1926,CONECTA_CON,Ubicacion,4569,9.42,11.4
Ubicacion,1926,CONECTA_CON,Ubicacion,614,3.75,6.41
Ubicacion,1927,CONECTA_CON,Ubicacion,3168,3.85,7.83
Ubicacion,1927,CONECTA_CON,Ubicacion,184,2.1,5.3
Ubicacion,1927,CONECTA_CON,Ubicacion,1309,1.88,1.99
Ubicacion,1928,CONECTA_CON,Ubicacion,4556,6.52,10.07
Ubicacion,1928,CONECTA_CON,Ubicacion,735,9.99,20.26
Ubicacion,1928,CONECTA_CON,Ubicacion,974,5.62,9.82
Ubicacion,1929,CONECTA_CON,Ubicacion,1497,3.31,3.34
Ubicacion,1929,CONECTA_CON,Ubicacion,2260,6.81,7.34
Ubicacion,1929,CONECTA_CON,Ubicacion,1218,8.17,13.41
Ubicacion,1930,CONECTA_CON,Ubicacion,1462,6.9,9.36
Ubicacion,1930,CONECTA_CON,Ubicacion,1373,6.32,6.75
Ubicacion,1930,CONECTA_CON,Ubicacion,4332,5.85,12.91
Ubicacion,1931,CONECTA_CON,Ubicacion,1496,5.97,7.57
Ubicacion,1931,CONECTA_CON,Ubicacion,2528,5.6,7.35
Ubicacion,1931,CONECTA_CON,Ubicacion,1544,0.83,1.75
Ubicacion,1932,CONECTA_CON,Ubicacion,3879,3.99,4.01
Ubicacion,1932,CONECTA_CON,Ubicacion,386,6.63,11.1
Ubicacion,1932,CONECTA_CON,Ubicacion,1712,1.42,1.9
Ubicacion,1933,CONECTA_CON,Ubicacion,3097,7.37,8.28
Ubicacion,1933,CONECTA_CON,Ubicacion,3622,6.63,7.62
Ubicacion,1933,CONECTA_CON,Ubicacion,1309,1.53,1.89
Ubicacion,1934,CONECTA_CON,Ubicacion,2888,3.4,3.61
Ubicacion,1934,CONECTA_CON,Ubicacion,1984,9.71,17.63
Ubicacion,1934,CONECTA_CON,Ubicacion,3842,5.43,12.84
Ubicacion,1935,CONECTA_CON,Ubicacion,3959,5.14,6.89
Ubicacion,1935,CONECTA_CON,Ubicacion,1672,9.72,15.09
Ubicacion,1935,CONECTA_CON,Ubicacion,657,7.71,8.25
Ubicacion,1936,CONECTA_CON,Ubicacion,4970,7.19,9.6
Ubicacion,1936,CONECTA_CON,Ubicacion,2951,6.51,7.23
Ubicacion,1936,CONECTA_CON,Ubicacion,2622,8.66,18.08
Ubicacion,1937,CONECTA_CON,Ubicacion,2171,8.44,15.31
Ubicacion,1937,CONECTA_CON,Ubicacion,1932,9.87,14.59
Ubicacion,1937,CONECTA_CON,Ubicacion,2681,8.82,22.16
Ubicacion,1938,CONECTA_CON,Ubicacion,4537,7.09,16.71
Ubicacion,1938,CONECTA_CON,Ubicacion,2827,5.63,14.45
Ubicacion,1938,CONECTA_CON,Ubicacion,1732,1.57,1.85
Ubicacion,1939,CONECTA_CON,Ubicacion,647,8.67,11.37
Ubicacion,1939,CONECTA_CON,Ubicacion,2129,8.9,14.6
Ubicacion,1939,CONECTA_CON,Ubicacion,3048,1.08,1.48
Ubicacion,1940,CONECTA_CON,Ubicacion,1659,8.61,12.24
Ubicacion,1940,CONECTA_CON,Ubicacion,2180,0.97,1.15
Ubicacion,1940,CONECTA_CON,Ubicacion,53,5.75,6.08
Ubicacion,1941,CONECTA_CON,Ubicacion,4090,6.34,17.62
Ubicacion,1941,CONECTA_CON,Ubicacion,1763,9.18,15.11
Ubicacion,1941,CONECTA_CON,Ubicacion,4096,8.74,9.2
Ubicacion,1942,CONECTA_CON,Ubicacion,4909,9.51,20.73
Ubicacion,1942,CONECTA_CON,Ubicacion,2789,1.67,3.18
Ubicacion,1942,CONECTA_CON,Ubicacion,2754,5.41,7.14
Ubicacion,1943,CONECTA_CON,Ubicacion,2667,1.37,2.52
Ubicacion,1943,CONECTA_CON,Ubicacion,3936,5.21,14.9
Ubicacion,1943,CONECTA_CON,Ubicacion,3674,5.71,10.39
Ubicacion,1944,CONECTA_CON,Ubicacion,3904,1.76,3.89
Ubicacion,1944,CONECTA_CON,Ubicacion,988,3.95,6.4
Ubicacion,1944,CONECTA_CON,Ubicacion,1156,8.57,17.38
Ubicacion,1945,CONECTA_CON,Ubicacion,3648,1.24,2.83
Ubicacion,1945,CONECTA_CON,Ubicacion,4396,3.08,4.33
Ubicacion,1945,CONECTA_CON,Ubicacion,2771,1.29,2.07
Ubicacion,1946,CONECTA_CON,Ubicacion,4498,9.33,15.88
Ubicacion,1946,CONECTA_CON,Ubicacion,1135,9.0,19.9
Ubicacion,1946,CONECTA_CON,Ubicacion,733,5.64,6.98
Ubicacion,1947,CONECTA_CON,Ubicacion,949,5.38,6.16
Ubicacion,1947,CONECTA_CON,Ubicacion,4753,8.43,17.43
Ubicacion,1947,CONECTA_CON,Ubicacion,2567,6.53,8.13
Ubicacion,1948,CONECTA_CON,Ubicacion,3426,1.98,2.01
Ubicacion,1948,CONECTA_CON,Ubicacion,2986,2.14,2.67
Ubicacion,1948,CONECTA_CON,Ubicacion,2897,5.91,6.68
Ubicacion,1949,CONECTA_CON,Ubicacion,1224,1.9,3.52
Ubicacion,1949,CONECTA_CON,Ubicacion,30,3.72,4.15
Ubicacion,1949,CONECTA_CON,Ubicacion,2425,4.87,9.29
Ubicacion,1950,CONECTA_CON,Ubicacion,2259,8.93,9.77
Ubicacion,1950,CONECTA_CON,Ubicacion,1335,1.04,2.8
Ubicacion,1950,CONECTA_CON,Ubicacion,189,8.96,13.28
Ubicacion,1951,CONECTA_CON,Ubicacion,3819,4.33,8.37
Ubicacion,1951,CONECTA_CON,Ubicacion,1190,2.91,6.85
Ubicacion,1951,CONECTA_CON,Ubicacion,3184,0.7,0.76
Ubicacion,1952,CONECTA_CON,Ubicacion,4984,6.65,8.04
Ubicacion,1952,CONECTA_CON,Ubicacion,1989,4.54,4.98
Ubicacion,1952,CONECTA_CON,Ubicacion,1124,5.9,7.04
Ubicacion,1953,CONECTA_CON,Ubicacion,2397,4.66,8.03
Ubicacion,1953,CONECTA_CON,Ubicacion,2499,9.46,12.85
Ubicacion,1953,CONECTA_CON,Ubicacion,3545,8.99,12.57
Ubicacion,1954,CONECTA_CON,Ubicacion,1542,0.94,1.03
Ubicacion,1954,CONECTA_CON,Ubicacion,3952,4.25,7.79
Ubicacion,1954,CONECTA_CON,Ubicacion,3834,7.16,8.86
Ubicacion,1955,CONECTA_CON,Ubicacion,2650,2.38,2.83
Ubicacion,1955,CONECTA_CON,Ubicacion,4822,8.3,17.99
Ubicacion,1955,CONECTA_CON,Ubicacion,3656,3.6,5.82
Ubicacion,1956,CONECTA_CON,Ubicacion,4697,5.32,13.84
Ubicacion,1956,CONECTA_CON,Ubicacion,3424,7.74,21.52
Ubicacion,1956,CONECTA_CON,Ubicacion,2038,2.46,3.6
Ubicacion,1957,CONECTA_CON,Ubicacion,4682,2.96,3.73
Ubicacion,1957,CONECTA_CON,Ubicacion,4145,2.19,5.09
Ubicacion,1957,CONECTA_CON,Ubicacion,2735,6.47,9.49
Ubicacion,1958,CONECTA_CON,Ubicacion,4672,9.91,19.45
Ubicacion,1958,CONECTA_CON,Ubicacion,2899,7.25,18.19
Ubicacion,1958,CONECTA_CON,Ubicacion,3735,0.85,1.58
Ubicacion,1959,CONECTA_CON,Ubicacion,4624,7.39,19.61
Ubicacion,1959,CONECTA_CON,Ubicacion,1365,3.03,7.61
Ubicacion,1959,CONECTA_CON,Ubicacion,3843,3.62,6.13
Ubicacion,1960,CONECTA_CON,Ubicacion,1912,3.03,4.65
Ubicacion,1960,CONECTA_CON,Ubicacion,4249,8.11,11.43
Ubicacion,1960,CONECTA_CON,Ubicacion,22,7.21,7.99
Ubicacion,1961,CONECTA_CON,Ubicacion,3932,8.73,16.53
Ubicacion,1961,CONECTA_CON,Ubicacion,3390,8.27,8.52
Ubicacion,1961,CONECTA_CON,Ubicacion,1521,4.57,9.67
Ubicacion,1962,CONECTA_CON,Ubicacion,529,1.61,3.04
Ubicacion,1962,CONECTA_CON,Ubicacion,2595,6.36,8.57
Ubicacion,1962,CONECTA_CON,Ubicacion,1440,9.6,10.0
Ubicacion,1963,CONECTA_CON,Ubicacion,2352,3.79,5.46
Ubicacion,1963,CONECTA_CON,Ubicacion,938,1.42,2.05
Ubicacion,1963,CONECTA_CON,Ubicacion,2313,5.67,7.44
Ubicacion,1964,CONECTA_CON,Ubicacion,4509,8.67,10.84
Ubicacion,1964,CONECTA_CON,Ubicacion,2726,1.89,2.11
Ubicacion,1964,CONECTA_CON,Ubicacion,2506,9.26,22.22
Ubicacion,1965,CONECTA_CON,Ubicacion,1791,1.0,1.19
Ubicacion,1965,CONECTA_CON,Ubicacion,3271,1.46,4.24
Ubicacion,1965,CONECTA_CON,Ubicacion,227,2.97,3.58
Ubicacion,1966,CONECTA_CON,Ubicacion,2774,7.88,10.44
Ubicacion,1966,CONECTA_CON,Ubicacion,4740,7.36,13.66
Ubicacion,1966,CONECTA_CON,Ubicacion,2070,2.01,2.9
Ubicacion,1967,CONECTA_CON,Ubicacion,293,3.5,4.95
Ubicacion,1967,CONECTA_CON,Ubicacion,4762,1.2,1.72
Ubicacion,1967,CONECTA_CON,Ubicacion,315,7.53,8.54
Ubicacion,1968,CONECTA_CON,Ubicacion,669,9.42,15.44
Ubicacion,1968,CONECTA_CON,Ubicacion,2871,8.51,12.28
Ubicacion,1968,CONECTA_CON,Ubicacion,3409,8.85,15.0
Ubicacion,1969,CONECTA_CON,Ubicacion,4502,4.99,5.83
Ubicacion,1969,CONECTA_CON,Ubicacion,4044,7.18,9.27
Ubicacion,1969,CONECTA_CON,Ubicacion,3827,1.96,4.67
Ubicacion,1970,CONECTA_CON,Ubicacion,1538,7.87,7.99
Ubicacion,1970,CONECTA_CON,Ubicacion,754,8.79,14.0
Ubicacion,1970,CONECTA_CON,Ubicacion,4933,5.09,11.29
Ubicacion,1971,CONECTA_CON,Ubicacion,2435,6.01,9.39
Ubicacion,1971,CONECTA_CON,Ubicacion,1531,7.09,13.7
Ubicacion,1971,CONECTA_CON,Ubicacion,3690,1.35,1.45
Ubicacion,1972,CONECTA_CON,Ubicacion,2004,5.5,10.45
Ubicacion,1972,CONECTA_CON,Ubicacion,3455,1.11,1.24
Ubicacion,1972,CONECTA_CON,Ubicacion,4351,4.87,9.45
Ubicacion,1973,CONECTA_CON,Ubicacion,1931,9.62,23.16
Ubicacion,1973,CONECTA_CON,Ubicacion,4251,8.1,20.72
Ubicacion,1973,CONECTA_CON,Ubicacion,264,5.92,10.94
Ubicacion,1974,CONECTA_CON,Ubicacion,4818,4.98,5.78
Ubicacion,1974,CONECTA_CON,Ubicacion,3476,3.93,7.66
Ubicacion,1974,CONECTA_CON,Ubicacion,3323,9.25,15.52
Ubicacion,1975,CONECTA_CON,Ubicacion,4222,5.27,9.67
Ubicacion,1975,CONECTA_CON,Ubicacion,532,3.71,4.71
Ubicacion,1975,CONECTA_CON,Ubicacion,3782,6.28,8.17
Ubicacion,1976,CONECTA_CON,Ubicacion,423,5.39,8.27
Ubicacion,1976,CONECTA_CON,Ubicacion,4846,9.82,15.14
Ubicacion,1976,CONECTA_CON,Ubicacion,2190,7.42,7.82
Ubicacion,1977,CONECTA_CON,Ubicacion,683,4.47,9.45
Ubicacion,1977,CONECTA_CON,Ubicacion,4561,3.9,4.69
Ubicacion,1977,CONECTA_CON,Ubicacion,1081,2.64,5.14
Ubicacion,1978,CONECTA_CON,Ubicacion,1464,7.86,13.81
Ubicacion,1978,CONECTA_CON,Ubicacion,3237,2.78,3.34
Ubicacion,1978,CONECTA_CON,Ubicacion,1150,1.94,3.98
Ubicacion,1979,CONECTA_CON,Ubicacion,2769,8.37,15.58
Ubicacion,1979,CONECTA_CON,Ubicacion,291,6.36,9.0
Ubicacion,1979,CONECTA_CON,Ubicacion,293,2.59,5.8
Ubicacion,1980,CONECTA_CON,Ubicacion,1982,3.49,4.85
Ubicacion,1980,CONECTA_CON,Ubicacion,2879,4.94,7.13
Ubicacion,1980,CONECTA_CON,Ubicacion,4425,9.32,12.04
Ubicacion,1981,CONECTA_CON,Ubicacion,1413,6.57,19.28
Ubicacion,1981,CONECTA_CON,Ubicacion,844,1.21,1.39
Ubicacion,1981,CONECTA_CON,Ubicacion,4192,1.32,1.79
Ubicacion,1982,CONECTA_CON,Ubicacion,2986,7.58,22.34
Ubicacion,1982,CONECTA_CON,Ubicacion,137,4.74,9.33
Ubicacion,1982,CONECTA_CON,Ubicacion,4908,5.09,6.47
Ubicacion,1983,CONECTA_CON,Ubicacion,519,3.51,3.57
Ubicacion,1983,CONECTA_CON,Ubicacion,3950,8.14,15.9
Ubicacion,1983,CONECTA_CON,Ubicacion,1152,6.8,9.33
Ubicacion,1984,CONECTA_CON,Ubicacion,734,8.9,9.61
Ubicacion,1984,CONECTA_CON,Ubicacion,574,3.82,5.17
Ubicacion,1984,CONECTA_CON,Ubicacion,433,6.77,8.11
Ubicacion,1985,CONECTA_CON,Ubicacion,3285,1.84,3.32
Ubicacion,1985,CONECTA_CON,Ubicacion,3702,3.19,3.77
Ubicacion,1985,CONECTA_CON,Ubicacion,4167,2.51,3.35
Ubicacion,1986,CONECTA_CON,Ubicacion,1170,1.1,1.84
Ubicacion,1986,CONECTA_CON,Ubicacion,3395,4.85,5.27
Ubicacion,1986,CONECTA_CON,Ubicacion,1222,4.85,10.87
Ubicacion,1987,CONECTA_CON,Ubicacion,3223,7.45,13.7
Ubicacion,1987,CONECTA_CON,Ubicacion,3787,8.93,18.91
Ubicacion,1987,CONECTA_CON,Ubicacion,4938,8.66,19.72
Ubicacion,1988,CONECTA_CON,Ubicacion,250,6.13,14.17
Ubicacion,1988,CONECTA_CON,Ubicacion,4748,6.71,8.23
Ubicacion,1988,CONECTA_CON,Ubicacion,9,2.32,2.89
Ubicacion,1989,CONECTA_CON,Ubicacion,3996,8.01,10.24
Ubicacion,1989,CONECTA_CON,Ubicacion,1650,4.89,7.33
Ubicacion,1989,CONECTA_CON,Ubicacion,2741,2.22,3.67
Ubicacion,1990,CONECTA_CON,Ubicacion,4892,2.12,5.59
Ubicacion,1990,CONECTA_CON,Ubicacion,529,7.97,8.27
Ubicacion,1990,CONECTA_CON,Ubicacion,4013,5.53,8.7
Ubicacion,1991,CONECTA_CON,Ubicacion,4007,9.68,14.53
Ubicacion,1991,CONECTA_CON,Ubicacion,4147,4.01,4.53
Ubicacion,1991,CONECTA_CON,Ubicacion,2385,4.49,8.87
Ubicacion,1992,CONECTA_CON,Ubicacion,3231,4.43,9.0
Ubicacion,1992,CONECTA_CON,Ubicacion,409,3.05,3.23
Ubicacion,1992,CONECTA_CON,Ubicacion,4881,2.03,2.2
Ubicacion,1993,CONECTA_CON,Ubicacion,3037,4.85,9.58
Ubicacion,1993,CONECTA_CON,Ubicacion,846,6.43,6.47
Ubicacion,1993,CONECTA_CON,Ubicacion,143,7.61,8.35
Ubicacion,1994,CONECTA_CON,Ubicacion,2719,8.36,9.02
Ubicacion,1994,CONECTA_CON,Ubicacion,2334,9.93,12.84
Ubicacion,1994,CONECTA_CON,Ubicacion,3082,8.8,9.82
Ubicacion,1995,CONECTA_CON,Ubicacion,4404,2.92,3.29
Ubicacion,1995,CONECTA_CON,Ubicacion,4523,7.81,16.24
Ubicacion,1995,CONECTA_CON,Ubicacion,3339,1.31,1.41
Ubicacion,1996,CONECTA_CON,Ubicacion,1639,1.22,3.12
Ubicacion,1996,CONECTA_CON,Ubicacion,2407,6.23,11.16
Ubicacion,1996,CONECTA_CON,Ubicacion,3561,8.68,21.0
Ubicacion,1997,CONECTA_CON,Ubicacion,4424,9.36,12.38
Ubicacion,1997,CONECTA_CON,Ubicacion,877,1.77,1.91
Ubicacion,1997,CONECTA_CON,Ubicacion,3594,1.91,4.01
Ubicacion,1998,CONECTA_CON,Ubicacion,1287,5.35,7.16
Ubicacion,1998,CONECTA_CON,Ubicacion,3287,7.67,16.63
Ubicacion,1998,CONECTA_CON,Ubicacion,683,7.69,13.74
Ubicacion,1999,CONECTA_CON,Ubicacion,2026,0.64,1.37
Ubicacion,1999,CONECTA_CON,Ubicacion,13,9.59,11.91
Ubicacion,1999,CONECTA_CON,Ubicacion,1409,1.91,3.0
Ubicacion,2000,CONECTA_CON,Ubicacion,1034,7.76,8.78
Ubicacion,2000,CONECTA_CON,Ubicacion,2826,5.87,7.47
Ubicacion,2000,CONECTA_CON,Ubicacion,2688,0.98,2.28
Ubicacion,2001,CONECTA_CON,Ubicacion,2962,7.63,12.63
Ubicacion,2001,CONECTA_CON,Ubicacion,1284,0.58,0.68
Ubicacion,2001,CONECTA_CON,Ubicacion,505,2.61,3.46
Ubicacion,2002,CONECTA_CON,Ubicacion,2471,4.98,8.57
Ubicacion,2002,CONECTA_CON,Ubicacion,3675,1.99,4.32
Ubicacion,2002,CONECTA_CON,Ubicacion,4977,2.5,7.46
Ubicacion,2003,CONECTA_CON,Ubicacion,4600,4.79,6.16
Ubicacion,2003,CONECTA_CON,Ubicacion,998,3.4,4.59
Ubicacion,2003,CONECTA_CON,Ubicacion,1491,4.14,11.39
Ubicacion,2004,CONECTA_CON,Ubicacion,2809,2.59,3.19
Ubicacion,2004,CONECTA_CON,Ubicacion,3343,2.85,4.24
Ubicacion,2004,CONECTA_CON,Ubicacion,4510,2.53,3.58
Ubicacion,2005,CONECTA_CON,Ubicacion,944,8.01,8.54
Ubicacion,2005,CONECTA_CON,Ubicacion,3013,2.35,5.88
Ubicacion,2005,CONECTA_CON,Ubicacion,4563,2.34,2.37
Ubicacion,2006,CONECTA_CON,Ubicacion,640,1.0,2.62
Ubicacion,2006,CONECTA_CON,Ubicacion,161,7.59,8.52
Ubicacion,2006,CONECTA_CON,Ubicacion,2428,3.41,4.31
Ubicacion,2007,CONECTA_CON,Ubicacion,1377,3.09,4.44
Ubicacion,2007,CONECTA_CON,Ubicacion,4910,8.37,23.77
Ubicacion,2007,CONECTA_CON,Ubicacion,1593,3.38,8.06
Ubicacion,2008,CONECTA_CON,Ubicacion,3320,5.27,11.02
Ubicacion,2008,CONECTA_CON,Ubicacion,3946,1.37,1.4
Ubicacion,2008,CONECTA_CON,Ubicacion,3514,6.39,8.22
Ubicacion,2009,CONECTA_CON,Ubicacion,2523,9.47,11.97
Ubicacion,2009,CONECTA_CON,Ubicacion,4936,1.74,3.66
Ubicacion,2009,CONECTA_CON,Ubicacion,3720,9.44,10.82
Ubicacion,2010,CONECTA_CON,Ubicacion,1094,7.89,22.62
Ubicacion,2010,CONECTA_CON,Ubicacion,353,8.6,17.42
Ubicacion,2010,CONECTA_CON,Ubicacion,1285,3.63,4.12
Ubicacion,2011,CONECTA_CON,Ubicacion,3671,3.91,8.62
Ubicacion,2011,CONECTA_CON,Ubicacion,540,4.48,11.92
Ubicacion,2011,CONECTA_CON,Ubicacion,2339,4.45,10.14
Ubicacion,2012,CONECTA_CON,Ubicacion,2775,3.74,7.95
Ubicacion,2012,CONECTA_CON,Ubicacion,2235,4.53,5.55
Ubicacion,2012,CONECTA_CON,Ubicacion,3587,5.1,6.18
Ubicacion,2013,CONECTA_CON,Ubicacion,2703,1.79,1.81
Ubicacion,2013,CONECTA_CON,Ubicacion,55,0.78,0.78
Ubicacion,2013,CONECTA_CON,Ubicacion,3724,1.11,2.42
Ubicacion,2014,CONECTA_CON,Ubicacion,1369,9.99,11.92
Ubicacion,2014,CONECTA_CON,Ubicacion,1802,2.1,4.58
Ubicacion,2014,CONECTA_CON,Ubicacion,4245,3.36,3.59
Ubicacion,2015,CONECTA_CON,Ubicacion,4326,8.69,9.38
Ubicacion,2015,CONECTA_CON,Ubicacion,2893,0.97,1.26
Ubicacion,2015,CONECTA_CON,Ubicacion,1080,9.87,16.58
Ubicacion,2016,CONECTA_CON,Ubicacion,3034,9.29,13.85
Ubicacion,2016,CONECTA_CON,Ubicacion,42,4.37,11.65
Ubicacion,2016,CONECTA_CON,Ubicacion,3205,2.43,5.37
Ubicacion,2017,CONECTA_CON,Ubicacion,1219,7.1,7.11
Ubicacion,2017,CONECTA_CON,Ubicacion,1191,6.08,14.03
Ubicacion,2017,CONECTA_CON,Ubicacion,87,5.12,9.0
Ubicacion,2018,CONECTA_CON,Ubicacion,4733,1.74,2.19
Ubicacion,2018,CONECTA_CON,Ubicacion,1066,2.84,6.91
Ubicacion,2018,CONECTA_CON,Ubicacion,3119,9.23,11.81
Ubicacion,2019,CONECTA_CON,Ubicacion,4865,4.57,5.99
Ubicacion,2019,CONECTA_CON,Ubicacion,3612,3.98,7.23
Ubicacion,2019,CONECTA_CON,Ubicacion,2587,6.67,15.24
Ubicacion,2020,CONECTA_CON,Ubicacion,3631,9.47,25.64
Ubicacion,2020,CONECTA_CON,Ubicacion,1300,7.39,15.69
Ubicacion,2020,CONECTA_CON,Ubicacion,269,0.61,1.41
Ubicacion,2021,CONECTA_CON,Ubicacion,372,9.36,9.69
Ubicacion,2021,CONECTA_CON,Ubicacion,1243,1.77,2.19
Ubicacion,2021,CONECTA_CON,Ubicacion,4984,5.39,5.69
Ubicacion,2022,CONECTA_CON,Ubicacion,4456,3.68,4.64
Ubicacion,2022,CONECTA_CON,Ubicacion,760,5.19,10.19
Ubicacion,2022,CONECTA_CON,Ubicacion,1370,7.8,12.25
Ubicacion,2023,CONECTA_CON,Ubicacion,1880,9.25,19.38
Ubicacion,2023,CONECTA_CON,Ubicacion,225,2.32,2.82
Ubicacion,2023,CONECTA_CON,Ubicacion,505,7.86,11.34
Ubicacion,2024,CONECTA_CON,Ubicacion,2946,2.86,5.56
Ubicacion,2024,CONECTA_CON,Ubicacion,1934,7.35,10.84
Ubicacion,2024,CONECTA_CON,Ubicacion,1986,1.14,1.25
Ubicacion,2025,CONECTA_CON,Ubicacion,738,2.65,3.74
Ubicacion,2025,CONECTA_CON,Ubicacion,1471,1.59,2.37
Ubicacion,2025,CONECTA_CON,Ubicacion,2997,2.72,3.82
Ubicacion,2026,CONECTA_CON,Ubicacion,4701,7.3,15.21
Ubicacion,2026,CONECTA_CON,Ubicacion,4505,6.62,10.84
Ubicacion,2026,CONECTA_CON,Ubicacion,2524,2.57,3.69
Ubicacion,2027,CONECTA_CON,Ubicacion,4931,2.09,3.49
Ubicacion,2027,CONECTA_CON,Ubicacion,1763,5.17,5.74
Ubicacion,2027,CONECTA_CON,Ubicacion,4821,1.66,1.74
Ubicacion,2028,CONECTA_CON,Ubicacion,2156,4.09,6.29
Ubicacion,2028,CONECTA_CON,Ubicacion,2200,0.54,0.96
Ubicacion,2028,CONECTA_CON,Ubicacion,2059,0.58,0.92
Ubicacion,2029,CONECTA_CON,Ubicacion,4773,0.57,1.34
Ubicacion,2029,CONECTA_CON,Ubicacion,809,5.49,8.01
Ubicacion,2029,CONECTA_CON,Ubicacion,2005,9.34,20.73
Ubicacion,2030,CONECTA_CON,Ubicacion,4401,2.06,3.61
Ubicacion,2030,CONECTA_CON,Ubicacion,4692,4.19,5.26
Ubicacion,2030,CONECTA_CON,Ubicacion,3560,9.23,10.81
Ubicacion,2031,CONECTA_CON,Ubicacion,4112,3.53,5.45
Ubicacion,2031,CONECTA_CON,Ubicacion,1117,6.23,18.44
Ubicacion,2031,CONECTA_CON,Ubicacion,625,9.64,21.14
Ubicacion,2032,CONECTA_CON,Ubicacion,3458,8.17,9.36
Ubicacion,2032,CONECTA_CON,Ubicacion,3281,4.82,5.51
Ubicacion,2032,CONECTA_CON,Ubicacion,4865,0.61,1.56
Ubicacion,2033,CONECTA_CON,Ubicacion,705,9.31,19.49
Ubicacion,2033,CONECTA_CON,Ubicacion,1188,7.88,9.75
Ubicacion,2033,CONECTA_CON,Ubicacion,1340,6.9,19.92
Ubicacion,2034,CONECTA_CON,Ubicacion,3,3.21,9.13
Ubicacion,2034,CONECTA_CON,Ubicacion,2410,4.35,5.57
Ubicacion,2034,CONECTA_CON,Ubicacion,239,6.74,6.84
Ubicacion,2035,CONECTA_CON,Ubicacion,1739,4.49,8.24
Ubicacion,2035,CONECTA_CON,Ubicacion,1060,8.01,9.86
Ubicacion,2035,CONECTA_CON,Ubicacion,4043,0.72,1.55
Ubicacion,2036,CONECTA_CON,Ubicacion,3414,8.62,11.12
Ubicacion,2036,CONECTA_CON,Ubicacion,3495,1.62,2.17
Ubicacion,2036,CONECTA_CON,Ubicacion,1057,2.39,2.62
Ubicacion,2037,CONECTA_CON,Ubicacion,1639,5.95,6.48
Ubicacion,2037,CONECTA_CON,Ubicacion,2691,0.6,1.03
Ubicacion,2037,CONECTA_CON,Ubicacion,2215,8.28,9.9
Ubicacion,2038,CONECTA_CON,Ubicacion,316,9.24,10.05
Ubicacion,2038,CONECTA_CON,Ubicacion,188,6.71,7.6
Ubicacion,2038,CONECTA_CON,Ubicacion,2420,9.21,22.39
Ubicacion,2039,CONECTA_CON,Ubicacion,3821,9.25,13.57
Ubicacion,2039,CONECTA_CON,Ubicacion,291,5.2,5.96
Ubicacion,2039,CONECTA_CON,Ubicacion,837,4.07,4.14
Ubicacion,2040,CONECTA_CON,Ubicacion,1585,9.37,19.64
Ubicacion,2040,CONECTA_CON,Ubicacion,3959,6.25,6.81
Ubicacion,2040,CONECTA_CON,Ubicacion,2791,8.43,15.43
Ubicacion,2041,CONECTA_CON,Ubicacion,94,9.56,11.89
Ubicacion,2041,CONECTA_CON,Ubicacion,426,1.74,1.95
Ubicacion,2041,CONECTA_CON,Ubicacion,3083,4.64,4.83
Ubicacion,2042,CONECTA_CON,Ubicacion,4109,6.43,10.68
Ubicacion,2042,CONECTA_CON,Ubicacion,138,2.52,4.62
Ubicacion,2042,CONECTA_CON,Ubicacion,1274,2.03,3.71
Ubicacion,2043,CONECTA_CON,Ubicacion,857,4.29,11.47
Ubicacion,2043,CONECTA_CON,Ubicacion,154,6.95,19.74
Ubicacion,2043,CONECTA_CON,Ubicacion,4747,1.01,2.67
Ubicacion,2044,CONECTA_CON,Ubicacion,1246,8.27,18.67
Ubicacion,2044,CONECTA_CON,Ubicacion,3393,3.09,3.31
Ubicacion,2044,CONECTA_CON,Ubicacion,518,3.64,4.12
Ubicacion,2045,CONECTA_CON,Ubicacion,4389,6.44,6.71
Ubicacion,2045,CONECTA_CON,Ubicacion,1625,9.33,11.35
Ubicacion,2045,CONECTA_CON,Ubicacion,4246,8.89,23.4
Ubicacion,2046,CONECTA_CON,Ubicacion,4871,2.47,4.92
Ubicacion,2046,CONECTA_CON,Ubicacion,224,1.79,4.37
Ubicacion,2046,CONECTA_CON,Ubicacion,4250,6.47,7.12
Ubicacion,2047,CONECTA_CON,Ubicacion,2720,0.65,0.72
Ubicacion,2047,CONECTA_CON,Ubicacion,4970,0.92,1.26
Ubicacion,2047,CONECTA_CON,Ubicacion,147,4.51,5.05
Ubicacion,2048,CONECTA_CON,Ubicacion,975,1.41,1.43
Ubicacion,2048,CONECTA_CON,Ubicacion,1830,7.66,8.88
Ubicacion,2048,CONECTA_CON,Ubicacion,4390,5.32,7.33
Ubicacion,2049,CONECTA_CON,Ubicacion,1061,8.77,11.75
Ubicacion,2049,CONECTA_CON,Ubicacion,1447,9.72,10.8
Ubicacion,2049,CONECTA_CON,Ubicacion,1250,6.53,6.56
Ubicacion,2050,CONECTA_CON,Ubicacion,917,2.22,2.83
Ubicacion,2050,CONECTA_CON,Ubicacion,4474,9.81,12.66
Ubicacion,2050,CONECTA_CON,Ubicacion,698,8.63,14.97
Ubicacion,2051,CONECTA_CON,Ubicacion,1586,7.84,10.38
Ubicacion,2051,CONECTA_CON,Ubicacion,3786,2.26,5.57
Ubicacion,2051,CONECTA_CON,Ubicacion,739,7.78,8.56
Ubicacion,2052,CONECTA_CON,Ubicacion,3967,8.77,9.35
Ubicacion,2052,CONECTA_CON,Ubicacion,1902,5.48,9.73
Ubicacion,2052,CONECTA_CON,Ubicacion,3310,6.99,11.84
Ubicacion,2053,CONECTA_CON,Ubicacion,57,5.69,7.94
Ubicacion,2053,CONECTA_CON,Ubicacion,2212,9.27,21.07
Ubicacion,2053,CONECTA_CON,Ubicacion,1267,8.66,12.32
Ubicacion,2054,CONECTA_CON,Ubicacion,485,3.45,5.2
Ubicacion,2054,CONECTA_CON,Ubicacion,147,6.64,9.33
Ubicacion,2054,CONECTA_CON,Ubicacion,3037,1.04,1.78
Ubicacion,2055,CONECTA_CON,Ubicacion,1587,4.0,9.51
Ubicacion,2055,CONECTA_CON,Ubicacion,970,2.31,2.62
Ubicacion,2055,CONECTA_CON,Ubicacion,1373,1.31,2.96
Ubicacion,2056,CONECTA_CON,Ubicacion,819,7.66,10.0
Ubicacion,2056,CONECTA_CON,Ubicacion,2659,8.12,12.47
Ubicacion,2056,CONECTA_CON,Ubicacion,2283,9.65,9.69
Ubicacion,2057,CONECTA_CON,Ubicacion,3459,2.63,2.83
Ubicacion,2057,CONECTA_CON,Ubicacion,3340,5.6,6.29
Ubicacion,2057,CONECTA_CON,Ubicacion,1342,9.48,13.59
Ubicacion,2058,CONECTA_CON,Ubicacion,3809,8.97,26.12
Ubicacion,2058,CONECTA_CON,Ubicacion,3052,8.03,15.12
Ubicacion,2058,CONECTA_CON,Ubicacion,2244,7.69,18.51
Ubicacion,2059,CONECTA_CON,Ubicacion,2229,5.11,6.45
Ubicacion,2059,CONECTA_CON,Ubicacion,1655,1.27,2.62
Ubicacion,2059,CONECTA_CON,Ubicacion,1996,2.41,4.08
Ubicacion,2060,CONECTA_CON,Ubicacion,1374,7.4,9.93
Ubicacion,2060,CONECTA_CON,Ubicacion,4067,9.5,18.42
Ubicacion,2060,CONECTA_CON,Ubicacion,469,1.18,1.82
Ubicacion,2061,CONECTA_CON,Ubicacion,2230,9.79,13.32
Ubicacion,2061,CONECTA_CON,Ubicacion,4346,8.53,16.82
Ubicacion,2061,CONECTA_CON,Ubicacion,1597,7.27,10.67
Ubicacion,2062,CONECTA_CON,Ubicacion,4588,8.49,19.22
Ubicacion,2062,CONECTA_CON,Ubicacion,1956,7.46,9.18
Ubicacion,2062,CONECTA_CON,Ubicacion,1,1.2,1.86
Ubicacion,2063,CONECTA_CON,Ubicacion,4358,5.38,7.99
Ubicacion,2063,CONECTA_CON,Ubicacion,4086,4.19,8.95
Ubicacion,2063,CONECTA_CON,Ubicacion,3179,9.61,10.55
Ubicacion,2064,CONECTA_CON,Ubicacion,4688,6.76,13.9
Ubicacion,2064,CONECTA_CON,Ubicacion,673,8.19,8.41
Ubicacion,2064,CONECTA_CON,Ubicacion,2044,6.84,7.19
Ubicacion,2065,CONECTA_CON,Ubicacion,1259,0.97,1.13
Ubicacion,2065,CONECTA_CON,Ubicacion,3977,7.52,12.86
Ubicacion,2065,CONECTA_CON,Ubicacion,2448,8.62,8.68
Ubicacion,2066,CONECTA_CON,Ubicacion,4981,5.11,6.44
Ubicacion,2066,CONECTA_CON,Ubicacion,4595,3.23,8.68
Ubicacion,2066,CONECTA_CON,Ubicacion,931,8.04,10.8
Ubicacion,2067,CONECTA_CON,Ubicacion,3128,7.77,11.84
Ubicacion,2067,CONECTA_CON,Ubicacion,510,2.93,8.45
Ubicacion,2067,CONECTA_CON,Ubicacion,4670,6.98,7.0
Ubicacion,2068,CONECTA_CON,Ubicacion,4526,8.05,16.44
Ubicacion,2068,CONECTA_CON,Ubicacion,2896,8.84,19.9
Ubicacion,2068,CONECTA_CON,Ubicacion,1387,1.35,1.41
Ubicacion,2069,CONECTA_CON,Ubicacion,2213,6.71,7.51
Ubicacion,2069,CONECTA_CON,Ubicacion,3643,6.22,8.26
Ubicacion,2069,CONECTA_CON,Ubicacion,1600,8.37,20.86
Ubicacion,2070,CONECTA_CON,Ubicacion,3646,3.28,3.49
Ubicacion,2070,CONECTA_CON,Ubicacion,3314,5.2,5.9
Ubicacion,2070,CONECTA_CON,Ubicacion,4485,3.87,6.23
Ubicacion,2071,CONECTA_CON,Ubicacion,2379,4.52,5.46
Ubicacion,2071,CONECTA_CON,Ubicacion,4161,9.62,10.2
Ubicacion,2071,CONECTA_CON,Ubicacion,1198,2.35,3.96
Ubicacion,2072,CONECTA_CON,Ubicacion,3366,5.33,7.64
Ubicacion,2072,CONECTA_CON,Ubicacion,1179,5.63,5.9
Ubicacion,2072,CONECTA_CON,Ubicacion,1110,5.9,7.1
Ubicacion,2073,CONECTA_CON,Ubicacion,1138,8.44,11.62
Ubicacion,2073,CONECTA_CON,Ubicacion,3795,4.38,11.37
Ubicacion,2073,CONECTA_CON,Ubicacion,1836,1.72,2.3
Ubicacion,2074,CONECTA_CON,Ubicacion,896,2.8,3.56
Ubicacion,2074,CONECTA_CON,Ubicacion,543,8.19,16.39
Ubicacion,2074,CONECTA_CON,Ubicacion,3709,0.8,0.91
Ubicacion,2075,CONECTA_CON,Ubicacion,1420,9.01,11.36
Ubicacion,2075,CONECTA_CON,Ubicacion,1474,6.97,7.13
Ubicacion,2075,CONECTA_CON,Ubicacion,1054,6.7,16.95
Ubicacion,2076,CONECTA_CON,Ubicacion,4068,1.62,1.69
Ubicacion,2076,CONECTA_CON,Ubicacion,1601,7.51,10.36
Ubicacion,2076,CONECTA_CON,Ubicacion,1364,5.95,12.69
Ubicacion,2077,CONECTA_CON,Ubicacion,883,2.9,6.98
Ubicacion,2077,CONECTA_CON,Ubicacion,1090,1.48,2.4
Ubicacion,2077,CONECTA_CON,Ubicacion,3990,5.48,11.1
Ubicacion,2078,CONECTA_CON,Ubicacion,2335,4.4,6.19
Ubicacion,2078,CONECTA_CON,Ubicacion,4571,1.74,2.33
Ubicacion,2078,CONECTA_CON,Ubicacion,4097,9.34,10.75
Ubicacion,2079,CONECTA_CON,Ubicacion,2866,5.52,14.33
Ubicacion,2079,CONECTA_CON,Ubicacion,4410,5.19,10.46
Ubicacion,2079,CONECTA_CON,Ubicacion,1692,6.27,12.7
Ubicacion,2080,CONECTA_CON,Ubicacion,1267,9.45,10.17
Ubicacion,2080,CONECTA_CON,Ubicacion,2100,8.12,17.0
Ubicacion,2080,CONECTA_CON,Ubicacion,2881,4.04,6.18
Ubicacion,2081,CONECTA_CON,Ubicacion,4185,5.57,7.96
Ubicacion,2081,CONECTA_CON,Ubicacion,4463,5.41,12.79
Ubicacion,2081,CONECTA_CON,Ubicacion,4375,5.69,7.15
Ubicacion,2082,CONECTA_CON,Ubicacion,790,4.38,5.02
Ubicacion,2082,CONECTA_CON,Ubicacion,2521,5.37,10.32
Ubicacion,2082,CONECTA_CON,Ubicacion,4296,6.08,7.08
Ubicacion,2083,CONECTA_CON,Ubicacion,4585,7.11,7.75
Ubicacion,2083,CONECTA_CON,Ubicacion,2349,6.02,10.93
Ubicacion,2083,CONECTA_CON,Ubicacion,2793,3.09,5.3
Ubicacion,2084,CONECTA_CON,Ubicacion,1566,4.62,8.14
Ubicacion,2084,CONECTA_CON,Ubicacion,4730,1.3,3.32
Ubicacion,2084,CONECTA_CON,Ubicacion,225,1.74,3.28
Ubicacion,2085,CONECTA_CON,Ubicacion,4199,2.78,8.21
Ubicacion,2085,CONECTA_CON,Ubicacion,3460,2.28,3.15
Ubicacion,2085,CONECTA_CON,Ubicacion,476,9.93,19.83
Ubicacion,2086,CONECTA_CON,Ubicacion,2073,4.55,5.13
Ubicacion,2086,CONECTA_CON,Ubicacion,619,6.41,9.48
Ubicacion,2086,CONECTA_CON,Ubicacion,1881,9.28,18.72
Ubicacion,2087,CONECTA_CON,Ubicacion,841,8.55,25.5
Ubicacion,2087,CONECTA_CON,Ubicacion,3999,0.92,2.64
Ubicacion,2087,CONECTA_CON,Ubicacion,1045,8.63,23.97
Ubicacion,2088,CONECTA_CON,Ubicacion,1927,1.37,4.04
Ubicacion,2088,CONECTA_CON,Ubicacion,3498,4.68,5.53
Ubicacion,2088,CONECTA_CON,Ubicacion,3357,3.73,8.82
Ubicacion,2089,CONECTA_CON,Ubicacion,2878,0.75,0.9
Ubicacion,2089,CONECTA_CON,Ubicacion,2271,1.11,1.19
Ubicacion,2089,CONECTA_CON,Ubicacion,1955,1.01,1.2
Ubicacion,2090,CONECTA_CON,Ubicacion,4898,7.73,13.73
Ubicacion,2090,CONECTA_CON,Ubicacion,1920,7.87,8.05
Ubicacion,2090,CONECTA_CON,Ubicacion,2833,8.93,10.77
Ubicacion,2091,CONECTA_CON,Ubicacion,1872,0.53,1.16
Ubicacion,2091,CONECTA_CON,Ubicacion,4701,1.25,1.49
Ubicacion,2091,CONECTA_CON,Ubicacion,1851,5.13,7.79
Ubicacion,2092,CONECTA_CON,Ubicacion,2901,2.09,2.39
Ubicacion,2092,CONECTA_CON,Ubicacion,3449,8.38,10.78
Ubicacion,2092,CONECTA_CON,Ubicacion,4028,7.6,10.75
Ubicacion,2093,CONECTA_CON,Ubicacion,2679,1.43,3.14
Ubicacion,2093,CONECTA_CON,Ubicacion,4192,4.89,10.4
Ubicacion,2093,CONECTA_CON,Ubicacion,3148,6.25,13.39
Ubicacion,2094,CONECTA_CON,Ubicacion,1657,6.37,12.84
Ubicacion,2094,CONECTA_CON,Ubicacion,376,5.23,5.5
Ubicacion,2094,CONECTA_CON,Ubicacion,2832,9.97,11.25
Ubicacion,2095,CONECTA_CON,Ubicacion,3604,5.29,5.36
Ubicacion,2095,CONECTA_CON,Ubicacion,2103,2.27,3.32
Ubicacion,2095,CONECTA_CON,Ubicacion,1629,8.33,8.57
Ubicacion,2096,CONECTA_CON,Ubicacion,754,5.81,6.19
Ubicacion,2096,CONECTA_CON,Ubicacion,391,5.85,5.94
Ubicacion,2096,CONECTA_CON,Ubicacion,441,6.86,13.62
Ubicacion,2097,CONECTA_CON,Ubicacion,945,0.98,1.13
Ubicacion,2097,CONECTA_CON,Ubicacion,623,3.68,8.25
Ubicacion,2097,CONECTA_CON,Ubicacion,4750,9.35,12.57
Ubicacion,2098,CONECTA_CON,Ubicacion,1472,3.56,3.6
Ubicacion,2098,CONECTA_CON,Ubicacion,736,2.77,4.89
Ubicacion,2098,CONECTA_CON,Ubicacion,4158,1.58,2.65
Ubicacion,2099,CONECTA_CON,Ubicacion,4382,5.06,6.94
Ubicacion,2099,CONECTA_CON,Ubicacion,1797,7.99,8.12
Ubicacion,2099,CONECTA_CON,Ubicacion,4727,2.89,5.62
Ubicacion,2100,CONECTA_CON,Ubicacion,82,3.97,7.68
Ubicacion,2100,CONECTA_CON,Ubicacion,4806,2.2,2.74
Ubicacion,2100,CONECTA_CON,Ubicacion,2071,3.57,9.03
Ubicacion,2101,CONECTA_CON,Ubicacion,388,7.98,11.5
Ubicacion,2101,CONECTA_CON,Ubicacion,3391,0.65,0.78
Ubicacion,2101,CONECTA_CON,Ubicacion,3903,3.32,9.67
Ubicacion,2102,CONECTA_CON,Ubicacion,914,8.91,15.62
Ubicacion,2102,CONECTA_CON,Ubicacion,1662,5.05,8.54
Ubicacion,2102,CONECTA_CON,Ubicacion,1389,4.86,9.27
Ubicacion,2103,CONECTA_CON,Ubicacion,4598,9.57,10.48
Ubicacion,2103,CONECTA_CON,Ubicacion,3750,5.39,6.62
Ubicacion,2103,CONECTA_CON,Ubicacion,3249,4.06,11.06
Ubicacion,2104,CONECTA_CON,Ubicacion,2470,3.07,3.09
Ubicacion,2104,CONECTA_CON,Ubicacion,4504,3.23,9.32
Ubicacion,2104,CONECTA_CON,Ubicacion,220,3.1,4.91
Ubicacion,2105,CONECTA_CON,Ubicacion,3194,5.85,10.59
Ubicacion,2105,CONECTA_CON,Ubicacion,808,8.38,11.72
Ubicacion,2105,CONECTA_CON,Ubicacion,1505,9.4,10.27
Ubicacion,2106,CONECTA_CON,Ubicacion,4012,8.45,10.99
Ubicacion,2106,CONECTA_CON,Ubicacion,2007,4.26,9.46
Ubicacion,2106,CONECTA_CON,Ubicacion,660,6.85,7.25
Ubicacion,2107,CONECTA_CON,Ubicacion,401,7.9,17.42
Ubicacion,2107,CONECTA_CON,Ubicacion,1059,8.82,12.89
Ubicacion,2107,CONECTA_CON,Ubicacion,4126,6.85,18.16
Ubicacion,2108,CONECTA_CON,Ubicacion,1619,5.41,6.3
Ubicacion,2108,CONECTA_CON,Ubicacion,796,2.13,2.73
Ubicacion,2108,CONECTA_CON,Ubicacion,2468,6.35,7.75
Ubicacion,2109,CONECTA_CON,Ubicacion,1515,2.83,4.98
Ubicacion,2109,CONECTA_CON,Ubicacion,3832,9.17,22.34
Ubicacion,2109,CONECTA_CON,Ubicacion,700,8.0,15.63
Ubicacion,2110,CONECTA_CON,Ubicacion,4014,9.07,11.0
Ubicacion,2110,CONECTA_CON,Ubicacion,4048,8.97,9.84
Ubicacion,2110,CONECTA_CON,Ubicacion,4371,3.47,4.96
Ubicacion,2111,CONECTA_CON,Ubicacion,3373,3.49,6.85
Ubicacion,2111,CONECTA_CON,Ubicacion,415,4.31,4.53
Ubicacion,2111,CONECTA_CON,Ubicacion,3745,6.39,7.47
Ubicacion,2112,CONECTA_CON,Ubicacion,4848,7.97,14.1
Ubicacion,2112,CONECTA_CON,Ubicacion,3999,4.14,5.12
Ubicacion,2112,CONECTA_CON,Ubicacion,748,3.24,6.41
Ubicacion,2113,CONECTA_CON,Ubicacion,3861,2.24,5.05
Ubicacion,2113,CONECTA_CON,Ubicacion,1585,6.68,8.59
Ubicacion,2113,CONECTA_CON,Ubicacion,174,0.93,1.67
Ubicacion,2114,CONECTA_CON,Ubicacion,4214,9.06,13.65
Ubicacion,2114,CONECTA_CON,Ubicacion,2956,0.8,1.72
Ubicacion,2114,CONECTA_CON,Ubicacion,2518,7.81,15.17
Ubicacion,2115,CONECTA_CON,Ubicacion,155,0.98,2.3
Ubicacion,2115,CONECTA_CON,Ubicacion,3048,3.78,4.04
Ubicacion,2115,CONECTA_CON,Ubicacion,3408,8.74,15.17
Ubicacion,2116,CONECTA_CON,Ubicacion,309,2.06,5.1
Ubicacion,2116,CONECTA_CON,Ubicacion,540,5.55,6.91
Ubicacion,2116,CONECTA_CON,Ubicacion,3026,2.1,2.48
Ubicacion,2117,CONECTA_CON,Ubicacion,3040,4.56,4.96
Ubicacion,2117,CONECTA_CON,Ubicacion,3037,4.58,12.84
Ubicacion,2117,CONECTA_CON,Ubicacion,2044,7.23,21.16
Ubicacion,2118,CONECTA_CON,Ubicacion,1451,9.26,15.49
Ubicacion,2118,CONECTA_CON,Ubicacion,3684,1.3,1.71
Ubicacion,2118,CONECTA_CON,Ubicacion,2506,4.61,5.54
Ubicacion,2119,CONECTA_CON,Ubicacion,450,7.56,14.16
Ubicacion,2119,CONECTA_CON,Ubicacion,3332,4.88,6.68
Ubicacion,2119,CONECTA_CON,Ubicacion,3700,0.94,1.04
Ubicacion,2120,CONECTA_CON,Ubicacion,661,8.41,11.23
Ubicacion,2120,CONECTA_CON,Ubicacion,281,5.75,8.79
Ubicacion,2120,CONECTA_CON,Ubicacion,3525,1.48,1.57
Ubicacion,2121,CONECTA_CON,Ubicacion,4739,0.56,1.3
Ubicacion,2121,CONECTA_CON,Ubicacion,1184,3.35,3.43
Ubicacion,2121,CONECTA_CON,Ubicacion,995,2.33,2.55
Ubicacion,2122,CONECTA_CON,Ubicacion,336,8.29,13.15
Ubicacion,2122,CONECTA_CON,Ubicacion,3229,7.64,11.29
Ubicacion,2122,CONECTA_CON,Ubicacion,2812,1.6,1.82
Ubicacion,2123,CONECTA_CON,Ubicacion,1388,6.05,6.75
Ubicacion,2123,CONECTA_CON,Ubicacion,1160,9.87,13.36
Ubicacion,2123,CONECTA_CON,Ubicacion,1034,2.9,3.98
Ubicacion,2124,CONECTA_CON,Ubicacion,339,2.08,2.26
Ubicacion,2124,CONECTA_CON,Ubicacion,4556,2.99,6.15
Ubicacion,2124,CONECTA_CON,Ubicacion,4178,0.51,0.75
Ubicacion,2125,CONECTA_CON,Ubicacion,4205,3.7,8.28
Ubicacion,2125,CONECTA_CON,Ubicacion,2452,5.55,5.71
Ubicacion,2125,CONECTA_CON,Ubicacion,2674,3.39,6.79
Ubicacion,2126,CONECTA_CON,Ubicacion,322,9.38,19.5
Ubicacion,2126,CONECTA_CON,Ubicacion,1917,7.57,7.81
Ubicacion,2126,CONECTA_CON,Ubicacion,2955,2.9,6.68
Ubicacion,2127,CONECTA_CON,Ubicacion,2116,5.78,7.33
Ubicacion,2127,CONECTA_CON,Ubicacion,3356,9.24,15.85
Ubicacion,2127,CONECTA_CON,Ubicacion,2505,2.99,3.0
Ubicacion,2128,CONECTA_CON,Ubicacion,1386,4.29,12.27
Ubicacion,2128,CONECTA_CON,Ubicacion,3918,5.54,10.82
Ubicacion,2128,CONECTA_CON,Ubicacion,2408,9.43,22.7
Ubicacion,2129,CONECTA_CON,Ubicacion,2848,5.35,13.1
Ubicacion,2129,CONECTA_CON,Ubicacion,366,8.47,20.65
Ubicacion,2129,CONECTA_CON,Ubicacion,2547,6.28,8.98
Ubicacion,2130,CONECTA_CON,Ubicacion,3665,2.18,6.49
Ubicacion,2130,CONECTA_CON,Ubicacion,3663,4.67,7.39
Ubicacion,2130,CONECTA_CON,Ubicacion,4382,6.62,7.95
Ubicacion,2131,CONECTA_CON,Ubicacion,4709,9.63,11.29
Ubicacion,2131,CONECTA_CON,Ubicacion,1475,3.58,4.25
Ubicacion,2131,CONECTA_CON,Ubicacion,2160,5.55,5.88
Ubicacion,2132,CONECTA_CON,Ubicacion,488,7.46,16.1
Ubicacion,2132,CONECTA_CON,Ubicacion,3300,1.06,1.45
Ubicacion,2132,CONECTA_CON,Ubicacion,4369,3.24,4.27
Ubicacion,2133,CONECTA_CON,Ubicacion,4461,8.98,10.28
Ubicacion,2133,CONECTA_CON,Ubicacion,3893,5.9,7.55
Ubicacion,2133,CONECTA_CON,Ubicacion,2469,8.74,11.7
Ubicacion,2134,CONECTA_CON,Ubicacion,635,2.04,2.08
Ubicacion,2134,CONECTA_CON,Ubicacion,761,3.51,4.45
Ubicacion,2134,CONECTA_CON,Ubicacion,2380,1.19,1.37
Ubicacion,2135,CONECTA_CON,Ubicacion,4733,6.59,7.65
Ubicacion,2135,CONECTA_CON,Ubicacion,1353,4.32,5.08
Ubicacion,2135,CONECTA_CON,Ubicacion,2628,9.75,12.52
Ubicacion,2136,CONECTA_CON,Ubicacion,561,4.43,10.82
Ubicacion,2136,CONECTA_CON,Ubicacion,4028,4.74,10.59
Ubicacion,2136,CONECTA_CON,Ubicacion,75,2.8,5.53
Ubicacion,2137,CONECTA_CON,Ubicacion,1599,4.48,5.51
Ubicacion,2137,CONECTA_CON,Ubicacion,3531,5.01,14.62
Ubicacion,2137,CONECTA_CON,Ubicacion,946,2.43,2.65
Ubicacion,2138,CONECTA_CON,Ubicacion,837,5.23,11.93
Ubicacion,2138,CONECTA_CON,Ubicacion,1911,9.04,17.26
Ubicacion,2138,CONECTA_CON,Ubicacion,531,1.22,1.39
Ubicacion,2139,CONECTA_CON,Ubicacion,4147,3.44,3.54
Ubicacion,2139,CONECTA_CON,Ubicacion,203,3.92,4.94
Ubicacion,2139,CONECTA_CON,Ubicacion,1373,3.74,9.08
Ubicacion,2140,CONECTA_CON,Ubicacion,4381,7.83,15.48
Ubicacion,2140,CONECTA_CON,Ubicacion,579,7.15,13.4
Ubicacion,2140,CONECTA_CON,Ubicacion,2460,1.8,2.25
Ubicacion,2141,CONECTA_CON,Ubicacion,1378,5.58,11.08
Ubicacion,2141,CONECTA_CON,Ubicacion,3635,3.6,5.56
Ubicacion,2141,CONECTA_CON,Ubicacion,3754,2.46,6.05
Ubicacion,2142,CONECTA_CON,Ubicacion,4328,1.26,2.36
Ubicacion,2142,CONECTA_CON,Ubicacion,2362,2.0,3.73
Ubicacion,2142,CONECTA_CON,Ubicacion,1226,2.86,7.07
Ubicacion,2143,CONECTA_CON,Ubicacion,4825,8.33,24.2
Ubicacion,2143,CONECTA_CON,Ubicacion,3650,3.09,4.76
Ubicacion,2143,CONECTA_CON,Ubicacion,1406,5.37,6.16
Ubicacion,2144,CONECTA_CON,Ubicacion,853,9.73,17.07
Ubicacion,2144,CONECTA_CON,Ubicacion,2883,1.3,1.45
Ubicacion,2144,CONECTA_CON,Ubicacion,4129,1.11,1.35
Ubicacion,2145,CONECTA_CON,Ubicacion,3597,8.6,14.21
Ubicacion,2145,CONECTA_CON,Ubicacion,782,0.84,1.63
Ubicacion,2145,CONECTA_CON,Ubicacion,2002,9.74,15.57
Ubicacion,2146,CONECTA_CON,Ubicacion,901,1.34,2.54
Ubicacion,2146,CONECTA_CON,Ubicacion,2102,1.44,1.83
Ubicacion,2146,CONECTA_CON,Ubicacion,511,8.66,8.69
Ubicacion,2147,CONECTA_CON,Ubicacion,4264,1.5,4.35
Ubicacion,2147,CONECTA_CON,Ubicacion,4919,8.5,20.7
Ubicacion,2147,CONECTA_CON,Ubicacion,1753,8.97,9.21
Ubicacion,2148,CONECTA_CON,Ubicacion,1526,3.32,4.86
Ubicacion,2148,CONECTA_CON,Ubicacion,892,7.28,11.35
Ubicacion,2148,CONECTA_CON,Ubicacion,1817,9.29,12.51
Ubicacion,2149,CONECTA_CON,Ubicacion,69,9.13,23.82
Ubicacion,2149,CONECTA_CON,Ubicacion,2818,1.94,4.14
Ubicacion,2149,CONECTA_CON,Ubicacion,3156,6.45,8.62
Ubicacion,2150,CONECTA_CON,Ubicacion,1203,1.62,1.64
Ubicacion,2150,CONECTA_CON,Ubicacion,3884,5.73,8.04
Ubicacion,2150,CONECTA_CON,Ubicacion,2605,4.96,8.32
Ubicacion,2151,CONECTA_CON,Ubicacion,4971,0.98,1.12
Ubicacion,2151,CONECTA_CON,Ubicacion,4296,2.46,4.21
Ubicacion,2151,CONECTA_CON,Ubicacion,1843,5.76,11.21
Ubicacion,2152,CONECTA_CON,Ubicacion,3243,4.63,5.1
Ubicacion,2152,CONECTA_CON,Ubicacion,2612,5.57,14.02
Ubicacion,2152,CONECTA_CON,Ubicacion,4132,6.85,12.21
Ubicacion,2153,CONECTA_CON,Ubicacion,3737,3.52,4.81
Ubicacion,2153,CONECTA_CON,Ubicacion,3170,4.06,10.31
Ubicacion,2153,CONECTA_CON,Ubicacion,2552,5.17,8.45
Ubicacion,2154,CONECTA_CON,Ubicacion,3109,7.98,11.86
Ubicacion,2154,CONECTA_CON,Ubicacion,1552,5.22,11.09
Ubicacion,2154,CONECTA_CON,Ubicacion,4581,3.27,4.62
Ubicacion,2155,CONECTA_CON,Ubicacion,4444,5.26,8.14
Ubicacion,2155,CONECTA_CON,Ubicacion,1840,6.05,7.41
Ubicacion,2155,CONECTA_CON,Ubicacion,4645,2.07,2.62
Ubicacion,2156,CONECTA_CON,Ubicacion,2045,6.88,12.85
Ubicacion,2156,CONECTA_CON,Ubicacion,1666,1.14,1.47
Ubicacion,2156,CONECTA_CON,Ubicacion,3638,2.35,6.2
Ubicacion,2157,CONECTA_CON,Ubicacion,4339,4.34,6.01
Ubicacion,2157,CONECTA_CON,Ubicacion,396,3.29,4.96
Ubicacion,2157,CONECTA_CON,Ubicacion,3067,0.66,1.07
Ubicacion,2158,CONECTA_CON,Ubicacion,1306,3.42,7.82
Ubicacion,2158,CONECTA_CON,Ubicacion,1040,7.7,13.17
Ubicacion,2158,CONECTA_CON,Ubicacion,1419,5.13,14.49
Ubicacion,2159,CONECTA_CON,Ubicacion,1875,9.7,13.96
Ubicacion,2159,CONECTA_CON,Ubicacion,4146,7.98,22.01
Ubicacion,2159,CONECTA_CON,Ubicacion,797,5.79,11.49
Ubicacion,2160,CONECTA_CON,Ubicacion,4392,7.0,8.6
Ubicacion,2160,CONECTA_CON,Ubicacion,4726,7.55,12.61
Ubicacion,2160,CONECTA_CON,Ubicacion,1766,4.46,4.98
Ubicacion,2161,CONECTA_CON,Ubicacion,3342,2.59,6.72
Ubicacion,2161,CONECTA_CON,Ubicacion,786,2.13,4.01
Ubicacion,2161,CONECTA_CON,Ubicacion,2729,6.95,10.21
Ubicacion,2162,CONECTA_CON,Ubicacion,3464,3.77,9.72
Ubicacion,2162,CONECTA_CON,Ubicacion,1730,8.56,11.55
Ubicacion,2162,CONECTA_CON,Ubicacion,2272,7.32,17.31
Ubicacion,2163,CONECTA_CON,Ubicacion,639,4.53,7.13
Ubicacion,2163,CONECTA_CON,Ubicacion,2370,3.09,3.51
Ubicacion,2163,CONECTA_CON,Ubicacion,1202,1.54,1.61
Ubicacion,2164,CONECTA_CON,Ubicacion,54,1.0,1.05
Ubicacion,2164,CONECTA_CON,Ubicacion,3580,1.01,1.24
Ubicacion,2164,CONECTA_CON,Ubicacion,2074,0.79,1.27
Ubicacion,2165,CONECTA_CON,Ubicacion,1749,3.21,6.45
Ubicacion,2165,CONECTA_CON,Ubicacion,2249,3.76,5.74
Ubicacion,2165,CONECTA_CON,Ubicacion,3010,9.42,10.32
Ubicacion,2166,CONECTA_CON,Ubicacion,1245,8.31,11.82
Ubicacion,2166,CONECTA_CON,Ubicacion,885,9.88,23.76
Ubicacion,2166,CONECTA_CON,Ubicacion,4835,2.01,2.14
Ubicacion,2167,CONECTA_CON,Ubicacion,2455,4.1,5.85
Ubicacion,2167,CONECTA_CON,Ubicacion,4317,7.25,12.74
Ubicacion,2167,CONECTA_CON,Ubicacion,1531,1.8,1.89
Ubicacion,2168,CONECTA_CON,Ubicacion,4095,3.15,5.53
Ubicacion,2168,CONECTA_CON,Ubicacion,950,9.06,9.25
Ubicacion,2168,CONECTA_CON,Ubicacion,1390,9.49,9.66
Ubicacion,2169,CONECTA_CON,Ubicacion,3171,7.92,21.11
Ubicacion,2169,CONECTA_CON,Ubicacion,1748,9.31,24.48
Ubicacion,2169,CONECTA_CON,Ubicacion,50,9.91,21.71
Ubicacion,2170,CONECTA_CON,Ubicacion,4261,3.41,3.72
Ubicacion,2170,CONECTA_CON,Ubicacion,1466,6.67,14.24
Ubicacion,2170,CONECTA_CON,Ubicacion,2085,4.99,6.37
Ubicacion,2171,CONECTA_CON,Ubicacion,417,1.6,2.39
Ubicacion,2171,CONECTA_CON,Ubicacion,3436,3.11,3.98
Ubicacion,2171,CONECTA_CON,Ubicacion,1711,0.59,0.63
Ubicacion,2172,CONECTA_CON,Ubicacion,455,2.78,4.97
Ubicacion,2172,CONECTA_CON,Ubicacion,4133,4.84,7.57
Ubicacion,2172,CONECTA_CON,Ubicacion,4226,8.42,8.66
Ubicacion,2173,CONECTA_CON,Ubicacion,4845,2.38,3.87
Ubicacion,2173,CONECTA_CON,Ubicacion,2640,4.39,5.34
Ubicacion,2173,CONECTA_CON,Ubicacion,3876,8.21,9.62
Ubicacion,2174,CONECTA_CON,Ubicacion,311,4.62,6.05
Ubicacion,2174,CONECTA_CON,Ubicacion,1503,3.12,4.45
Ubicacion,2174,CONECTA_CON,Ubicacion,2422,9.76,16.35
Ubicacion,2175,CONECTA_CON,Ubicacion,2234,8.61,13.23
Ubicacion,2175,CONECTA_CON,Ubicacion,4693,9.25,10.26
Ubicacion,2175,CONECTA_CON,Ubicacion,4171,5.03,6.43
Ubicacion,2176,CONECTA_CON,Ubicacion,46,3.95,6.74
Ubicacion,2176,CONECTA_CON,Ubicacion,552,5.47,9.39
Ubicacion,2176,CONECTA_CON,Ubicacion,3558,8.64,10.71
Ubicacion,2177,CONECTA_CON,Ubicacion,4077,1.78,2.86
Ubicacion,2177,CONECTA_CON,Ubicacion,3382,3.39,5.17
Ubicacion,2177,CONECTA_CON,Ubicacion,4058,2.34,4.26
Ubicacion,2178,CONECTA_CON,Ubicacion,1228,7.43,13.45
Ubicacion,2178,CONECTA_CON,Ubicacion,1332,7.4,10.19
Ubicacion,2178,CONECTA_CON,Ubicacion,3321,6.03,8.27
Ubicacion,2179,CONECTA_CON,Ubicacion,1642,4.74,6.53
Ubicacion,2179,CONECTA_CON,Ubicacion,548,9.64,12.07
Ubicacion,2179,CONECTA_CON,Ubicacion,1841,8.95,14.37
Ubicacion,2180,CONECTA_CON,Ubicacion,2743,5.81,6.84
Ubicacion,2180,CONECTA_CON,Ubicacion,2968,2.59,4.42
Ubicacion,2180,CONECTA_CON,Ubicacion,3005,7.54,10.08
Ubicacion,2181,CONECTA_CON,Ubicacion,2838,5.28,8.23
Ubicacion,2181,CONECTA_CON,Ubicacion,1051,8.08,9.24
Ubicacion,2181,CONECTA_CON,Ubicacion,2635,8.54,9.49
Ubicacion,2182,CONECTA_CON,Ubicacion,16,8.64,15.02
Ubicacion,2182,CONECTA_CON,Ubicacion,2986,6.06,12.15
Ubicacion,2182,CONECTA_CON,Ubicacion,339,2.52,3.05
Ubicacion,2183,CONECTA_CON,Ubicacion,4398,4.84,6.36
Ubicacion,2183,CONECTA_CON,Ubicacion,1665,6.97,12.37
Ubicacion,2183,CONECTA_CON,Ubicacion,2823,5.83,6.22
Ubicacion,2184,CONECTA_CON,Ubicacion,2837,0.81,1.06
Ubicacion,2184,CONECTA_CON,Ubicacion,3706,8.52,25.1
Ubicacion,2184,CONECTA_CON,Ubicacion,2646,0.54,0.58
Ubicacion,2185,CONECTA_CON,Ubicacion,3857,4.6,6.27
Ubicacion,2185,CONECTA_CON,Ubicacion,700,6.36,10.06
Ubicacion,2185,CONECTA_CON,Ubicacion,1080,1.34,1.52
Ubicacion,2186,CONECTA_CON,Ubicacion,1086,4.95,7.65
Ubicacion,2186,CONECTA_CON,Ubicacion,1988,2.88,3.01
Ubicacion,2186,CONECTA_CON,Ubicacion,2266,8.45,10.79
Ubicacion,2187,CONECTA_CON,Ubicacion,4917,6.58,7.95
Ubicacion,2187,CONECTA_CON,Ubicacion,4073,5.17,10.29
Ubicacion,2187,CONECTA_CON,Ubicacion,2521,4.62,6.95
Ubicacion,2188,CONECTA_CON,Ubicacion,4679,0.59,1.59
Ubicacion,2188,CONECTA_CON,Ubicacion,3609,4.09,11.84
Ubicacion,2188,CONECTA_CON,Ubicacion,2808,2.22,3.53
Ubicacion,2189,CONECTA_CON,Ubicacion,257,9.0,14.54
Ubicacion,2189,CONECTA_CON,Ubicacion,1654,6.36,18.59
Ubicacion,2189,CONECTA_CON,Ubicacion,3049,7.92,10.92
Ubicacion,2190,CONECTA_CON,Ubicacion,245,2.26,2.94
Ubicacion,2190,CONECTA_CON,Ubicacion,4821,5.75,8.78
Ubicacion,2190,CONECTA_CON,Ubicacion,3932,0.54,0.7
Ubicacion,2191,CONECTA_CON,Ubicacion,3235,3.64,9.82
Ubicacion,2191,CONECTA_CON,Ubicacion,2242,9.12,15.6
Ubicacion,2191,CONECTA_CON,Ubicacion,3749,8.3,16.54
Ubicacion,2192,CONECTA_CON,Ubicacion,3666,3.78,9.06
Ubicacion,2192,CONECTA_CON,Ubicacion,3615,3.81,4.28
Ubicacion,2192,CONECTA_CON,Ubicacion,4120,9.84,23.58
Ubicacion,2193,CONECTA_CON,Ubicacion,4290,9.01,9.95
Ubicacion,2193,CONECTA_CON,Ubicacion,604,7.35,20.49
Ubicacion,2193,CONECTA_CON,Ubicacion,862,5.47,7.03
Ubicacion,2194,CONECTA_CON,Ubicacion,714,5.6,7.33
Ubicacion,2194,CONECTA_CON,Ubicacion,2900,7.02,7.21
Ubicacion,2194,CONECTA_CON,Ubicacion,4648,9.53,15.5
Ubicacion,2195,CONECTA_CON,Ubicacion,2084,3.81,9.48
Ubicacion,2195,CONECTA_CON,Ubicacion,4813,3.86,3.91
Ubicacion,2195,CONECTA_CON,Ubicacion,1681,3.28,3.4
Ubicacion,2196,CONECTA_CON,Ubicacion,1271,7.2,8.27
Ubicacion,2196,CONECTA_CON,Ubicacion,2633,2.77,7.27
Ubicacion,2196,CONECTA_CON,Ubicacion,512,2.42,6.37
Ubicacion,2197,CONECTA_CON,Ubicacion,4256,7.71,14.68
Ubicacion,2197,CONECTA_CON,Ubicacion,2518,7.08,13.73
Ubicacion,2197,CONECTA_CON,Ubicacion,2408,7.7,18.28
Ubicacion,2198,CONECTA_CON,Ubicacion,381,5.53,6.08
Ubicacion,2198,CONECTA_CON,Ubicacion,4914,4.39,7.88
Ubicacion,2198,CONECTA_CON,Ubicacion,3093,2.22,5.67
Ubicacion,2199,CONECTA_CON,Ubicacion,4215,4.05,7.54
Ubicacion,2199,CONECTA_CON,Ubicacion,2159,8.78,22.3
Ubicacion,2199,CONECTA_CON,Ubicacion,3408,8.63,12.41
Ubicacion,2200,CONECTA_CON,Ubicacion,4777,8.78,14.7
Ubicacion,2200,CONECTA_CON,Ubicacion,4822,6.05,10.88
Ubicacion,2200,CONECTA_CON,Ubicacion,1214,6.86,15.68
Ubicacion,2201,CONECTA_CON,Ubicacion,1093,7.5,7.7
Ubicacion,2201,CONECTA_CON,Ubicacion,2148,0.97,2.28
Ubicacion,2201,CONECTA_CON,Ubicacion,3460,5.48,12.31
Ubicacion,2202,CONECTA_CON,Ubicacion,3619,1.03,2.48
Ubicacion,2202,CONECTA_CON,Ubicacion,4936,6.98,7.62
Ubicacion,2202,CONECTA_CON,Ubicacion,3109,6.3,14.47
Ubicacion,2203,CONECTA_CON,Ubicacion,1723,7.63,9.76
Ubicacion,2203,CONECTA_CON,Ubicacion,2498,6.38,10.05
Ubicacion,2203,CONECTA_CON,Ubicacion,1136,5.37,6.87
Ubicacion,2204,CONECTA_CON,Ubicacion,4634,8.09,9.83
Ubicacion,2204,CONECTA_CON,Ubicacion,4585,9.69,11.13
Ubicacion,2204,CONECTA_CON,Ubicacion,1904,7.07,8.15
Ubicacion,2205,CONECTA_CON,Ubicacion,316,0.65,0.95
Ubicacion,2205,CONECTA_CON,Ubicacion,149,4.25,4.64
Ubicacion,2205,CONECTA_CON,Ubicacion,4466,7.97,19.6
Ubicacion,2206,CONECTA_CON,Ubicacion,807,9.89,16.4
Ubicacion,2206,CONECTA_CON,Ubicacion,2623,2.15,3.49
Ubicacion,2206,CONECTA_CON,Ubicacion,2596,2.69,4.91
Ubicacion,2207,CONECTA_CON,Ubicacion,4765,5.04,9.35
Ubicacion,2207,CONECTA_CON,Ubicacion,2652,9.16,21.06
Ubicacion,2207,CONECTA_CON,Ubicacion,4026,5.47,13.53
Ubicacion,2208,CONECTA_CON,Ubicacion,4716,2.73,5.03
Ubicacion,2208,CONECTA_CON,Ubicacion,933,9.65,22.63
Ubicacion,2208,CONECTA_CON,Ubicacion,2536,9.04,22.44
Ubicacion,2209,CONECTA_CON,Ubicacion,3429,4.84,4.98
Ubicacion,2209,CONECTA_CON,Ubicacion,4941,5.99,10.01
Ubicacion,2209,CONECTA_CON,Ubicacion,4147,2.1,2.26
Ubicacion,2210,CONECTA_CON,Ubicacion,374,1.05,1.06
Ubicacion,2210,CONECTA_CON,Ubicacion,3973,1.62,2.41
Ubicacion,2210,CONECTA_CON,Ubicacion,1685,4.57,10.08
Ubicacion,2211,CONECTA_CON,Ubicacion,4419,8.5,16.45
Ubicacion,2211,CONECTA_CON,Ubicacion,3775,6.08,9.87
Ubicacion,2211,CONECTA_CON,Ubicacion,3196,9.28,15.02
Ubicacion,2212,CONECTA_CON,Ubicacion,31,8.13,11.2
Ubicacion,2212,CONECTA_CON,Ubicacion,2170,3.22,8.74
Ubicacion,2212,CONECTA_CON,Ubicacion,125,6.67,7.31
Ubicacion,2213,CONECTA_CON,Ubicacion,2152,1.44,2.0
Ubicacion,2213,CONECTA_CON,Ubicacion,2202,1.38,1.77
Ubicacion,2213,CONECTA_CON,Ubicacion,4175,6.29,7.07
Ubicacion,2214,CONECTA_CON,Ubicacion,3729,4.79,6.29
Ubicacion,2214,CONECTA_CON,Ubicacion,2844,2.39,6.16
Ubicacion,2214,CONECTA_CON,Ubicacion,3626,6.12,10.78
Ubicacion,2215,CONECTA_CON,Ubicacion,4263,9.59,10.71
Ubicacion,2215,CONECTA_CON,Ubicacion,4971,4.02,5.22
Ubicacion,2215,CONECTA_CON,Ubicacion,4276,4.22,5.64
Ubicacion,2216,CONECTA_CON,Ubicacion,4008,8.58,9.68
Ubicacion,2216,CONECTA_CON,Ubicacion,2013,1.47,3.31
Ubicacion,2216,CONECTA_CON,Ubicacion,4658,2.99,3.47
Ubicacion,2217,CONECTA_CON,Ubicacion,4600,2.72,3.89
Ubicacion,2217,CONECTA_CON,Ubicacion,2539,8.87,16.17
Ubicacion,2217,CONECTA_CON,Ubicacion,2206,3.84,4.87
Ubicacion,2218,CONECTA_CON,Ubicacion,1368,8.22,11.44
Ubicacion,2218,CONECTA_CON,Ubicacion,4516,0.6,0.62
Ubicacion,2218,CONECTA_CON,Ubicacion,1137,1.79,3.52
Ubicacion,2219,CONECTA_CON,Ubicacion,3798,2.36,2.94
Ubicacion,2219,CONECTA_CON,Ubicacion,1891,9.06,18.82
Ubicacion,2219,CONECTA_CON,Ubicacion,4928,3.84,4.09
Ubicacion,2220,CONECTA_CON,Ubicacion,963,4.69,7.17
Ubicacion,2220,CONECTA_CON,Ubicacion,721,6.59,16.45
Ubicacion,2220,CONECTA_CON,Ubicacion,3324,4.75,5.26
Ubicacion,2221,CONECTA_CON,Ubicacion,2611,1.7,4.59
Ubicacion,2221,CONECTA_CON,Ubicacion,4885,4.29,6.01
Ubicacion,2221,CONECTA_CON,Ubicacion,1373,8.1,8.12
Ubicacion,2222,CONECTA_CON,Ubicacion,2419,5.01,13.88
Ubicacion,2222,CONECTA_CON,Ubicacion,3140,0.7,1.52
Ubicacion,2222,CONECTA_CON,Ubicacion,3043,1.5,2.13
Ubicacion,2223,CONECTA_CON,Ubicacion,1683,1.01,1.35
Ubicacion,2223,CONECTA_CON,Ubicacion,161,7.91,15.08
Ubicacion,2223,CONECTA_CON,Ubicacion,4411,9.15,17.03
Ubicacion,2224,CONECTA_CON,Ubicacion,4785,6.99,13.47
Ubicacion,2224,CONECTA_CON,Ubicacion,3047,1.72,3.3
Ubicacion,2224,CONECTA_CON,Ubicacion,1314,8.4,13.16
Ubicacion,2225,CONECTA_CON,Ubicacion,4839,9.89,22.55
Ubicacion,2225,CONECTA_CON,Ubicacion,556,2.13,2.57
Ubicacion,2225,CONECTA_CON,Ubicacion,3317,7.51,9.6
Ubicacion,2226,CONECTA_CON,Ubicacion,4440,1.07,1.74
Ubicacion,2226,CONECTA_CON,Ubicacion,1718,6.58,7.11
Ubicacion,2226,CONECTA_CON,Ubicacion,2787,5.78,7.02
Ubicacion,2227,CONECTA_CON,Ubicacion,2416,1.43,3.08
Ubicacion,2227,CONECTA_CON,Ubicacion,676,5.18,15.3
Ubicacion,2227,CONECTA_CON,Ubicacion,2986,9.75,14.3
Ubicacion,2228,CONECTA_CON,Ubicacion,4268,2.44,2.68
Ubicacion,2228,CONECTA_CON,Ubicacion,1180,6.33,10.74
Ubicacion,2228,CONECTA_CON,Ubicacion,4522,7.37,19.93
Ubicacion,2229,CONECTA_CON,Ubicacion,4157,9.45,25.86
Ubicacion,2229,CONECTA_CON,Ubicacion,3779,3.28,3.85
Ubicacion,2229,CONECTA_CON,Ubicacion,3889,8.95,13.36
Ubicacion,2230,CONECTA_CON,Ubicacion,70,3.31,5.09
Ubicacion,2230,CONECTA_CON,Ubicacion,2476,6.16,7.95
Ubicacion,2230,CONECTA_CON,Ubicacion,2572,3.74,6.18
Ubicacion,2231,CONECTA_CON,Ubicacion,4036,6.64,9.35
Ubicacion,2231,CONECTA_CON,Ubicacion,3390,1.86,2.77
Ubicacion,2231,CONECTA_CON,Ubicacion,2221,2.95,7.75
Ubicacion,2232,CONECTA_CON,Ubicacion,2979,1.41,1.83
Ubicacion,2232,CONECTA_CON,Ubicacion,3416,5.4,12.85
Ubicacion,2232,CONECTA_CON,Ubicacion,2259,8.55,12.63
Ubicacion,2233,CONECTA_CON,Ubicacion,1380,6.69,7.05
Ubicacion,2233,CONECTA_CON,Ubicacion,1470,8.13,14.5
Ubicacion,2233,CONECTA_CON,Ubicacion,2260,7.97,17.75
Ubicacion,2234,CONECTA_CON,Ubicacion,2718,2.35,2.99
Ubicacion,2234,CONECTA_CON,Ubicacion,2044,8.21,18.75
Ubicacion,2234,CONECTA_CON,Ubicacion,1557,8.82,14.98
Ubicacion,2235,CONECTA_CON,Ubicacion,2636,6.47,11.83
Ubicacion,2235,CONECTA_CON,Ubicacion,774,2.7,5.75
Ubicacion,2235,CONECTA_CON,Ubicacion,2219,1.26,1.89
Ubicacion,2236,CONECTA_CON,Ubicacion,96,9.13,12.96
Ubicacion,2236,CONECTA_CON,Ubicacion,223,1.09,1.82
Ubicacion,2236,CONECTA_CON,Ubicacion,3634,1.34,1.84
Ubicacion,2237,CONECTA_CON,Ubicacion,1523,6.64,16.42
Ubicacion,2237,CONECTA_CON,Ubicacion,862,5.37,7.29
Ubicacion,2237,CONECTA_CON,Ubicacion,2456,6.07,16.43
Ubicacion,2238,CONECTA_CON,Ubicacion,4622,2.88,5.84
Ubicacion,2238,CONECTA_CON,Ubicacion,512,3.43,7.47
Ubicacion,2238,CONECTA_CON,Ubicacion,1798,3.03,4.53
Ubicacion,2239,CONECTA_CON,Ubicacion,906,4.52,4.85
Ubicacion,2239,CONECTA_CON,Ubicacion,4437,7.02,7.16
Ubicacion,2239,CONECTA_CON,Ubicacion,1082,5.84,6.6
Ubicacion,2240,CONECTA_CON,Ubicacion,4281,0.95,1.69
Ubicacion,2240,CONECTA_CON,Ubicacion,4750,0.64,0.8
Ubicacion,2240,CONECTA_CON,Ubicacion,4384,4.48,5.62
Ubicacion,2241,CONECTA_CON,Ubicacion,3592,9.61,10.27
Ubicacion,2241,CONECTA_CON,Ubicacion,1486,1.17,3.48
Ubicacion,2241,CONECTA_CON,Ubicacion,457,4.68,9.89
Ubicacion,2242,CONECTA_CON,Ubicacion,2223,4.05,4.7
Ubicacion,2242,CONECTA_CON,Ubicacion,1608,1.26,2.15
Ubicacion,2242,CONECTA_CON,Ubicacion,4608,1.32,3.24
Ubicacion,2243,CONECTA_CON,Ubicacion,2266,0.9,0.94
Ubicacion,2243,CONECTA_CON,Ubicacion,3179,6.98,11.83
Ubicacion,2243,CONECTA_CON,Ubicacion,384,8.92,15.6
Ubicacion,2244,CONECTA_CON,Ubicacion,3834,4.74,4.79
Ubicacion,2244,CONECTA_CON,Ubicacion,1385,9.62,15.49
Ubicacion,2244,CONECTA_CON,Ubicacion,3284,9.76,15.81
Ubicacion,2245,CONECTA_CON,Ubicacion,319,4.11,7.92
Ubicacion,2245,CONECTA_CON,Ubicacion,4847,1.57,1.76
Ubicacion,2245,CONECTA_CON,Ubicacion,2753,6.8,14.38
Ubicacion,2246,CONECTA_CON,Ubicacion,3053,3.13,3.49
Ubicacion,2246,CONECTA_CON,Ubicacion,2350,8.86,10.81
Ubicacion,2246,CONECTA_CON,Ubicacion,4394,3.96,4.13
Ubicacion,2247,CONECTA_CON,Ubicacion,1753,9.54,11.84
Ubicacion,2247,CONECTA_CON,Ubicacion,4405,2.09,4.49
Ubicacion,2247,CONECTA_CON,Ubicacion,4985,3.9,10.55
Ubicacion,2248,CONECTA_CON,Ubicacion,4993,10.0,16.22
Ubicacion,2248,CONECTA_CON,Ubicacion,281,2.88,3.43
Ubicacion,2248,CONECTA_CON,Ubicacion,698,2.32,3.68
Ubicacion,2249,CONECTA_CON,Ubicacion,651,9.99,16.59
Ubicacion,2249,CONECTA_CON,Ubicacion,4670,9.16,9.26
Ubicacion,2249,CONECTA_CON,Ubicacion,4773,2.71,3.39
Ubicacion,2250,CONECTA_CON,Ubicacion,3226,8.36,9.25
Ubicacion,2250,CONECTA_CON,Ubicacion,1005,4.35,5.4
Ubicacion,2250,CONECTA_CON,Ubicacion,3304,3.45,4.4
Ubicacion,2251,CONECTA_CON,Ubicacion,3368,5.17,11.9
Ubicacion,2251,CONECTA_CON,Ubicacion,1877,2.72,4.81
Ubicacion,2251,CONECTA_CON,Ubicacion,2379,9.05,14.05
Ubicacion,2252,CONECTA_CON,Ubicacion,3546,5.01,12.39
Ubicacion,2252,CONECTA_CON,Ubicacion,4126,3.47,3.69
Ubicacion,2252,CONECTA_CON,Ubicacion,3398,1.36,1.76
Ubicacion,2253,CONECTA_CON,Ubicacion,980,8.95,12.12
Ubicacion,2253,CONECTA_CON,Ubicacion,3652,1.01,1.29
Ubicacion,2253,CONECTA_CON,Ubicacion,2005,6.16,7.77
Ubicacion,2254,CONECTA_CON,Ubicacion,1079,3.16,4.77
Ubicacion,2254,CONECTA_CON,Ubicacion,1953,3.03,4.03
Ubicacion,2254,CONECTA_CON,Ubicacion,2424,6.63,9.03
Ubicacion,2255,CONECTA_CON,Ubicacion,1479,4.07,4.35
Ubicacion,2255,CONECTA_CON,Ubicacion,2751,4.93,5.27
Ubicacion,2255,CONECTA_CON,Ubicacion,3235,8.99,21.27
Ubicacion,2256,CONECTA_CON,Ubicacion,3236,4.09,8.61
Ubicacion,2256,CONECTA_CON,Ubicacion,1748,5.63,13.21
Ubicacion,2256,CONECTA_CON,Ubicacion,4655,6.3,14.28
Ubicacion,2257,CONECTA_CON,Ubicacion,4649,6.73,7.74
Ubicacion,2257,CONECTA_CON,Ubicacion,2312,4.82,5.28
Ubicacion,2257,CONECTA_CON,Ubicacion,761,0.57,0.78
Ubicacion,2258,CONECTA_CON,Ubicacion,2898,2.66,2.85
Ubicacion,2258,CONECTA_CON,Ubicacion,810,1.37,2.08
Ubicacion,2258,CONECTA_CON,Ubicacion,4292,6.3,13.24
Ubicacion,2259,CONECTA_CON,Ubicacion,2822,6.19,6.56
Ubicacion,2259,CONECTA_CON,Ubicacion,695,6.77,10.82
Ubicacion,2259,CONECTA_CON,Ubicacion,500,3.41,4.98
Ubicacion,2260,CONECTA_CON,Ubicacion,4317,7.47,7.54
Ubicacion,2260,CONECTA_CON,Ubicacion,314,8.06,23.18
Ubicacion,2260,CONECTA_CON,Ubicacion,1627,2.9,8.15
Ubicacion,2261,CONECTA_CON,Ubicacion,2206,3.61,6.64
Ubicacion,2261,CONECTA_CON,Ubicacion,2365,9.47,15.48
Ubicacion,2261,CONECTA_CON,Ubicacion,2442,1.32,1.99
Ubicacion,2262,CONECTA_CON,Ubicacion,20,8.38,10.67
Ubicacion,2262,CONECTA_CON,Ubicacion,369,3.0,3.4
Ubicacion,2262,CONECTA_CON,Ubicacion,3380,8.27,8.31
Ubicacion,2263,CONECTA_CON,Ubicacion,4942,6.85,17.62
Ubicacion,2263,CONECTA_CON,Ubicacion,3201,7.11,9.3
Ubicacion,2263,CONECTA_CON,Ubicacion,3551,9.13,25.36
Ubicacion,2264,CONECTA_CON,Ubicacion,3904,6.76,7.77
Ubicacion,2264,CONECTA_CON,Ubicacion,189,3.9,4.14
Ubicacion,2264,CONECTA_CON,Ubicacion,3467,1.88,5.44
Ubicacion,2265,CONECTA_CON,Ubicacion,605,5.28,5.87
Ubicacion,2265,CONECTA_CON,Ubicacion,1324,4.7,5.06
Ubicacion,2265,CONECTA_CON,Ubicacion,341,4.34,6.68
Ubicacion,2266,CONECTA_CON,Ubicacion,1648,9.46,10.25
Ubicacion,2266,CONECTA_CON,Ubicacion,4924,0.94,2.18
Ubicacion,2266,CONECTA_CON,Ubicacion,2037,3.41,6.79
Ubicacion,2267,CONECTA_CON,Ubicacion,446,6.65,7.23
Ubicacion,2267,CONECTA_CON,Ubicacion,4321,9.1,14.2
Ubicacion,2267,CONECTA_CON,Ubicacion,2058,3.15,5.46
Ubicacion,2268,CONECTA_CON,Ubicacion,1925,7.43,9.03
Ubicacion,2268,CONECTA_CON,Ubicacion,3546,8.93,10.26
Ubicacion,2268,CONECTA_CON,Ubicacion,4013,9.69,17.6
Ubicacion,2269,CONECTA_CON,Ubicacion,4676,7.9,8.59
Ubicacion,2269,CONECTA_CON,Ubicacion,4702,4.36,8.03
Ubicacion,2269,CONECTA_CON,Ubicacion,4977,5.01,6.22
Ubicacion,2270,CONECTA_CON,Ubicacion,2770,6.76,9.73
Ubicacion,2270,CONECTA_CON,Ubicacion,3444,2.93,3.19
Ubicacion,2270,CONECTA_CON,Ubicacion,4934,0.97,0.98
Ubicacion,2271,CONECTA_CON,Ubicacion,3637,5.96,8.74
Ubicacion,2271,CONECTA_CON,Ubicacion,4286,3.83,5.51
Ubicacion,2271,CONECTA_CON,Ubicacion,2404,2.55,4.73
Ubicacion,2272,CONECTA_CON,Ubicacion,580,6.3,11.66
Ubicacion,2272,CONECTA_CON,Ubicacion,2293,5.19,7.91
Ubicacion,2272,CONECTA_CON,Ubicacion,3883,1.2,2.74
Ubicacion,2273,CONECTA_CON,Ubicacion,1601,9.77,17.7
Ubicacion,2273,CONECTA_CON,Ubicacion,1232,4.02,5.14
Ubicacion,2273,CONECTA_CON,Ubicacion,1434,3.6,9.88
Ubicacion,2274,CONECTA_CON,Ubicacion,2552,9.76,17.77
Ubicacion,2274,CONECTA_CON,Ubicacion,3708,5.35,9.34
Ubicacion,2274,CONECTA_CON,Ubicacion,3047,0.65,0.84
Ubicacion,2275,CONECTA_CON,Ubicacion,769,6.96,12.16
Ubicacion,2275,CONECTA_CON,Ubicacion,3263,4.91,7.53
Ubicacion,2275,CONECTA_CON,Ubicacion,1420,9.22,9.56
Ubicacion,2276,CONECTA_CON,Ubicacion,432,0.94,1.35
Ubicacion,2276,CONECTA_CON,Ubicacion,2916,5.52,12.99
Ubicacion,2276,CONECTA_CON,Ubicacion,1518,8.11,11.02
Ubicacion,2277,CONECTA_CON,Ubicacion,3808,2.12,2.73
Ubicacion,2277,CONECTA_CON,Ubicacion,4935,8.74,18.55
Ubicacion,2277,CONECTA_CON,Ubicacion,1182,0.86,2.4
Ubicacion,2278,CONECTA_CON,Ubicacion,2600,1.65,4.63
Ubicacion,2278,CONECTA_CON,Ubicacion,4123,1.76,2.08
Ubicacion,2278,CONECTA_CON,Ubicacion,1377,4.8,12.83
Ubicacion,2279,CONECTA_CON,Ubicacion,2713,0.77,0.89
Ubicacion,2279,CONECTA_CON,Ubicacion,3482,8.74,23.36
Ubicacion,2279,CONECTA_CON,Ubicacion,3811,5.33,6.65
Ubicacion,2280,CONECTA_CON,Ubicacion,2721,1.11,1.28
Ubicacion,2280,CONECTA_CON,Ubicacion,3598,1.34,3.5
Ubicacion,2280,CONECTA_CON,Ubicacion,584,5.83,6.43
Ubicacion,2281,CONECTA_CON,Ubicacion,1231,7.11,13.04
Ubicacion,2281,CONECTA_CON,Ubicacion,3748,4.08,7.31
Ubicacion,2281,CONECTA_CON,Ubicacion,4097,5.19,14.07
Ubicacion,2282,CONECTA_CON,Ubicacion,3616,1.09,1.21
Ubicacion,2282,CONECTA_CON,Ubicacion,1004,8.04,22.84
Ubicacion,2282,CONECTA_CON,Ubicacion,3534,6.03,12.8
Ubicacion,2283,CONECTA_CON,Ubicacion,1700,2.18,4.09
Ubicacion,2283,CONECTA_CON,Ubicacion,306,4.98,9.61
Ubicacion,2283,CONECTA_CON,Ubicacion,2547,9.77,11.23
Ubicacion,2284,CONECTA_CON,Ubicacion,4837,9.53,15.15
Ubicacion,2284,CONECTA_CON,Ubicacion,3758,1.08,1.41
Ubicacion,2284,CONECTA_CON,Ubicacion,4912,1.56,1.57
Ubicacion,2285,CONECTA_CON,Ubicacion,4129,2.21,2.83
Ubicacion,2285,CONECTA_CON,Ubicacion,4684,8.22,8.84
Ubicacion,2285,CONECTA_CON,Ubicacion,1337,9.82,18.95
Ubicacion,2286,CONECTA_CON,Ubicacion,3123,9.02,22.15
Ubicacion,2286,CONECTA_CON,Ubicacion,438,4.09,7.87
Ubicacion,2286,CONECTA_CON,Ubicacion,3886,3.58,5.01
Ubicacion,2287,CONECTA_CON,Ubicacion,920,7.38,9.34
Ubicacion,2287,CONECTA_CON,Ubicacion,1278,7.03,7.26
Ubicacion,2287,CONECTA_CON,Ubicacion,3242,0.59,0.9
Ubicacion,2288,CONECTA_CON,Ubicacion,2382,8.96,9.43
Ubicacion,2288,CONECTA_CON,Ubicacion,3048,1.03,2.34
Ubicacion,2288,CONECTA_CON,Ubicacion,3177,7.34,7.44
Ubicacion,2289,CONECTA_CON,Ubicacion,3726,5.79,17.05
Ubicacion,2289,CONECTA_CON,Ubicacion,210,2.79,4.82
Ubicacion,2289,CONECTA_CON,Ubicacion,2043,1.08,2.55
Ubicacion,2290,CONECTA_CON,Ubicacion,1250,1.07,1.4
Ubicacion,2290,CONECTA_CON,Ubicacion,3160,5.9,10.73
Ubicacion,2290,CONECTA_CON,Ubicacion,4018,3.92,6.93
Ubicacion,2291,CONECTA_CON,Ubicacion,1915,4.66,5.44
Ubicacion,2291,CONECTA_CON,Ubicacion,1752,5.73,6.53
Ubicacion,2291,CONECTA_CON,Ubicacion,20,3.27,3.76
Ubicacion,2292,CONECTA_CON,Ubicacion,4058,9.82,13.48
Ubicacion,2292,CONECTA_CON,Ubicacion,733,5.28,6.51
Ubicacion,2292,CONECTA_CON,Ubicacion,1250,3.94,5.85
Ubicacion,2293,CONECTA_CON,Ubicacion,1469,2.42,6.59
Ubicacion,2293,CONECTA_CON,Ubicacion,3398,6.53,8.25
Ubicacion,2293,CONECTA_CON,Ubicacion,19,6.97,10.04
Ubicacion,2294,CONECTA_CON,Ubicacion,1000,2.99,4.42
Ubicacion,2294,CONECTA_CON,Ubicacion,363,2.33,3.38
Ubicacion,2294,CONECTA_CON,Ubicacion,3802,3.91,10.8
Ubicacion,2295,CONECTA_CON,Ubicacion,1377,3.76,6.69
Ubicacion,2295,CONECTA_CON,Ubicacion,1329,9.73,10.91
Ubicacion,2295,CONECTA_CON,Ubicacion,4336,3.19,7.82
Ubicacion,2296,CONECTA_CON,Ubicacion,730,0.99,2.25
Ubicacion,2296,CONECTA_CON,Ubicacion,1392,1.93,2.04
Ubicacion,2296,CONECTA_CON,Ubicacion,3314,1.55,1.72
Ubicacion,2297,CONECTA_CON,Ubicacion,1443,3.71,4.34
Ubicacion,2297,CONECTA_CON,Ubicacion,2535,1.46,1.64
Ubicacion,2297,CONECTA_CON,Ubicacion,3338,8.41,13.19
Ubicacion,2298,CONECTA_CON,Ubicacion,3835,2.1,5.96
Ubicacion,2298,CONECTA_CON,Ubicacion,4879,3.22,4.25
Ubicacion,2298,CONECTA_CON,Ubicacion,2382,8.86,17.78
Ubicacion,2299,CONECTA_CON,Ubicacion,2935,7.2,18.47
Ubicacion,2299,CONECTA_CON,Ubicacion,1663,2.65,2.78
Ubicacion,2299,CONECTA_CON,Ubicacion,3782,0.96,2.6
Ubicacion,2300,CONECTA_CON,Ubicacion,2807,8.3,23.39
Ubicacion,2300,CONECTA_CON,Ubicacion,1707,5.8,5.86
Ubicacion,2300,CONECTA_CON,Ubicacion,296,7.42,14.47
Ubicacion,2301,CONECTA_CON,Ubicacion,3572,7.24,8.94
Ubicacion,2301,CONECTA_CON,Ubicacion,2501,7.71,11.33
Ubicacion,2301,CONECTA_CON,Ubicacion,2699,9.24,10.47
Ubicacion,2302,CONECTA_CON,Ubicacion,620,3.94,4.16
Ubicacion,2302,CONECTA_CON,Ubicacion,95,9.27,13.72
Ubicacion,2302,CONECTA_CON,Ubicacion,1531,6.52,11.51
Ubicacion,2303,CONECTA_CON,Ubicacion,3614,4.33,9.13
Ubicacion,2303,CONECTA_CON,Ubicacion,4060,6.64,15.12
Ubicacion,2303,CONECTA_CON,Ubicacion,1674,4.7,9.71
Ubicacion,2304,CONECTA_CON,Ubicacion,1681,8.27,15.78
Ubicacion,2304,CONECTA_CON,Ubicacion,68,4.91,7.24
Ubicacion,2304,CONECTA_CON,Ubicacion,2128,1.76,1.86
Ubicacion,2305,CONECTA_CON,Ubicacion,4474,4.7,4.95
Ubicacion,2305,CONECTA_CON,Ubicacion,4880,9.18,14.51
Ubicacion,2305,CONECTA_CON,Ubicacion,3570,6.45,7.94
Ubicacion,2306,CONECTA_CON,Ubicacion,666,0.97,1.22
Ubicacion,2306,CONECTA_CON,Ubicacion,86,8.56,18.22
Ubicacion,2306,CONECTA_CON,Ubicacion,1888,2.76,2.8
Ubicacion,2307,CONECTA_CON,Ubicacion,2456,5.21,6.38
Ubicacion,2307,CONECTA_CON,Ubicacion,2458,9.7,10.07
Ubicacion,2307,CONECTA_CON,Ubicacion,3650,3.49,4.01
Ubicacion,2308,CONECTA_CON,Ubicacion,1500,9.99,14.29
Ubicacion,2308,CONECTA_CON,Ubicacion,2446,0.91,1.07
Ubicacion,2308,CONECTA_CON,Ubicacion,3338,7.96,18.09
Ubicacion,2309,CONECTA_CON,Ubicacion,3010,7.86,14.78
Ubicacion,2309,CONECTA_CON,Ubicacion,2405,8.84,14.06
Ubicacion,2309,CONECTA_CON,Ubicacion,3923,7.51,19.12
Ubicacion,2310,CONECTA_CON,Ubicacion,2099,3.08,3.94
Ubicacion,2310,CONECTA_CON,Ubicacion,4325,3.99,4.04
Ubicacion,2310,CONECTA_CON,Ubicacion,1814,9.91,14.04
Ubicacion,2311,CONECTA_CON,Ubicacion,2921,9.46,24.73
Ubicacion,2311,CONECTA_CON,Ubicacion,2099,5.98,12.78
Ubicacion,2311,CONECTA_CON,Ubicacion,3267,7.7,18.7
Ubicacion,2312,CONECTA_CON,Ubicacion,3308,1.42,2.21
Ubicacion,2312,CONECTA_CON,Ubicacion,4852,3.44,8.09
Ubicacion,2312,CONECTA_CON,Ubicacion,278,9.28,13.29
Ubicacion,2313,CONECTA_CON,Ubicacion,1309,6.08,8.2
Ubicacion,2313,CONECTA_CON,Ubicacion,2618,2.09,3.85
Ubicacion,2313,CONECTA_CON,Ubicacion,835,6.29,7.36
Ubicacion,2314,CONECTA_CON,Ubicacion,4445,6.23,14.13
Ubicacion,2314,CONECTA_CON,Ubicacion,3018,6.07,6.36
Ubicacion,2314,CONECTA_CON,Ubicacion,2528,6.02,11.82
Ubicacion,2315,CONECTA_CON,Ubicacion,4686,6.28,7.11
Ubicacion,2315,CONECTA_CON,Ubicacion,385,6.46,10.72
Ubicacion,2315,CONECTA_CON,Ubicacion,2262,1.25,2.3
Ubicacion,2316,CONECTA_CON,Ubicacion,2502,6.27,6.36
Ubicacion,2316,CONECTA_CON,Ubicacion,971,4.13,4.17
Ubicacion,2316,CONECTA_CON,Ubicacion,3118,6.87,11.14
Ubicacion,2317,CONECTA_CON,Ubicacion,2892,5.32,12.91
Ubicacion,2317,CONECTA_CON,Ubicacion,2654,2.05,2.52
Ubicacion,2317,CONECTA_CON,Ubicacion,982,7.14,15.52
Ubicacion,2318,CONECTA_CON,Ubicacion,476,2.74,2.93
Ubicacion,2318,CONECTA_CON,Ubicacion,1065,3.71,4.9
Ubicacion,2318,CONECTA_CON,Ubicacion,2975,5.8,6.51
Ubicacion,2319,CONECTA_CON,Ubicacion,365,5.53,11.25
Ubicacion,2319,CONECTA_CON,Ubicacion,963,7.41,9.16
Ubicacion,2319,CONECTA_CON,Ubicacion,4698,5.91,13.83
Ubicacion,2320,CONECTA_CON,Ubicacion,4883,4.09,8.23
Ubicacion,2320,CONECTA_CON,Ubicacion,1792,3.74,3.74
Ubicacion,2320,CONECTA_CON,Ubicacion,3054,3.58,4.95
Ubicacion,2321,CONECTA_CON,Ubicacion,4352,4.44,4.59
Ubicacion,2321,CONECTA_CON,Ubicacion,2768,4.56,11.64
Ubicacion,2321,CONECTA_CON,Ubicacion,3919,7.35,8.82
Ubicacion,2322,CONECTA_CON,Ubicacion,100,8.87,18.15
Ubicacion,2322,CONECTA_CON,Ubicacion,2978,8.14,14.13
Ubicacion,2322,CONECTA_CON,Ubicacion,3537,9.55,9.98
Ubicacion,2323,CONECTA_CON,Ubicacion,3140,7.1,17.15
Ubicacion,2323,CONECTA_CON,Ubicacion,4443,5.65,6.52
Ubicacion,2323,CONECTA_CON,Ubicacion,2739,10.0,13.14
Ubicacion,2324,CONECTA_CON,Ubicacion,3447,9.55,12.73
Ubicacion,2324,CONECTA_CON,Ubicacion,4528,5.7,6.14
Ubicacion,2324,CONECTA_CON,Ubicacion,385,9.3,21.92
Ubicacion,2325,CONECTA_CON,Ubicacion,3377,9.15,18.66
Ubicacion,2325,CONECTA_CON,Ubicacion,2822,8.56,10.29
Ubicacion,2325,CONECTA_CON,Ubicacion,1384,2.09,2.73
Ubicacion,2326,CONECTA_CON,Ubicacion,3300,2.31,2.53
Ubicacion,2326,CONECTA_CON,Ubicacion,3925,6.77,11.57
Ubicacion,2326,CONECTA_CON,Ubicacion,406,8.3,13.04
Ubicacion,2327,CONECTA_CON,Ubicacion,3169,7.08,18.58
Ubicacion,2327,CONECTA_CON,Ubicacion,2109,2.6,3.91
Ubicacion,2327,CONECTA_CON,Ubicacion,4671,2.49,5.53
Ubicacion,2328,CONECTA_CON,Ubicacion,2978,8.57,8.75
Ubicacion,2328,CONECTA_CON,Ubicacion,4265,2.11,2.23
Ubicacion,2328,CONECTA_CON,Ubicacion,1660,0.68,1.32
Ubicacion,2329,CONECTA_CON,Ubicacion,1725,7.49,10.54
Ubicacion,2329,CONECTA_CON,Ubicacion,267,6.3,8.11
Ubicacion,2329,CONECTA_CON,Ubicacion,1332,0.93,1.36
Ubicacion,2330,CONECTA_CON,Ubicacion,2391,5.74,12.19
Ubicacion,2330,CONECTA_CON,Ubicacion,4262,2.66,3.14
Ubicacion,2330,CONECTA_CON,Ubicacion,3119,7.03,7.35
Ubicacion,2331,CONECTA_CON,Ubicacion,3778,4.35,5.2
Ubicacion,2331,CONECTA_CON,Ubicacion,4290,1.79,2.76
Ubicacion,2331,CONECTA_CON,Ubicacion,2482,7.54,13.47
Ubicacion,2332,CONECTA_CON,Ubicacion,577,7.8,13.59
Ubicacion,2332,CONECTA_CON,Ubicacion,4248,9.21,12.19
Ubicacion,2332,CONECTA_CON,Ubicacion,877,7.18,7.54
Ubicacion,2333,CONECTA_CON,Ubicacion,4337,3.97,4.18
Ubicacion,2333,CONECTA_CON,Ubicacion,2340,7.21,7.68
Ubicacion,2333,CONECTA_CON,Ubicacion,2168,9.11,11.42
Ubicacion,2334,CONECTA_CON,Ubicacion,1808,7.76,16.53
Ubicacion,2334,CONECTA_CON,Ubicacion,4426,5.27,5.75
Ubicacion,2334,CONECTA_CON,Ubicacion,273,7.05,12.96
Ubicacion,2335,CONECTA_CON,Ubicacion,813,9.32,11.09
Ubicacion,2335,CONECTA_CON,Ubicacion,2531,5.41,13.08
Ubicacion,2335,CONECTA_CON,Ubicacion,1632,2.55,4.79
Ubicacion,2336,CONECTA_CON,Ubicacion,3200,6.25,12.35
Ubicacion,2336,CONECTA_CON,Ubicacion,1573,4.62,8.05
Ubicacion,2336,CONECTA_CON,Ubicacion,1761,2.99,6.62
Ubicacion,2337,CONECTA_CON,Ubicacion,3726,1.65,2.17
Ubicacion,2337,CONECTA_CON,Ubicacion,996,0.58,0.79
Ubicacion,2337,CONECTA_CON,Ubicacion,3566,3.8,5.8
Ubicacion,2338,CONECTA_CON,Ubicacion,3268,0.98,2.66
Ubicacion,2338,CONECTA_CON,Ubicacion,1295,6.95,7.22
Ubicacion,2338,CONECTA_CON,Ubicacion,3943,2.45,4.98
Ubicacion,2339,CONECTA_CON,Ubicacion,3439,2.34,4.85
Ubicacion,2339,CONECTA_CON,Ubicacion,4628,6.52,12.41
Ubicacion,2339,CONECTA_CON,Ubicacion,2652,4.33,9.46
Ubicacion,2340,CONECTA_CON,Ubicacion,2195,7.54,21.78
Ubicacion,2340,CONECTA_CON,Ubicacion,3335,6.08,14.96
Ubicacion,2340,CONECTA_CON,Ubicacion,4741,6.7,7.77
Ubicacion,2341,CONECTA_CON,Ubicacion,4162,8.95,15.1
Ubicacion,2341,CONECTA_CON,Ubicacion,2456,5.58,8.52
Ubicacion,2341,CONECTA_CON,Ubicacion,4195,5.95,14.12
Ubicacion,2342,CONECTA_CON,Ubicacion,1807,2.96,3.05
Ubicacion,2342,CONECTA_CON,Ubicacion,1497,9.3,18.53
Ubicacion,2342,CONECTA_CON,Ubicacion,1852,8.34,13.4
Ubicacion,2343,CONECTA_CON,Ubicacion,3625,4.79,5.7
Ubicacion,2343,CONECTA_CON,Ubicacion,1650,9.95,12.72
Ubicacion,2343,CONECTA_CON,Ubicacion,3947,1.56,2.5
Ubicacion,2344,CONECTA_CON,Ubicacion,4166,1.61,3.38
Ubicacion,2344,CONECTA_CON,Ubicacion,4768,3.49,5.33
Ubicacion,2344,CONECTA_CON,Ubicacion,1245,0.98,2.82
Ubicacion,2345,CONECTA_CON,Ubicacion,3379,1.18,1.64
Ubicacion,2345,CONECTA_CON,Ubicacion,4075,7.25,7.79
Ubicacion,2345,CONECTA_CON,Ubicacion,1023,4.48,6.85
Ubicacion,2346,CONECTA_CON,Ubicacion,2526,3.61,4.53
Ubicacion,2346,CONECTA_CON,Ubicacion,4151,5.86,6.0
Ubicacion,2346,CONECTA_CON,Ubicacion,4422,7.53,8.41
Ubicacion,2347,CONECTA_CON,Ubicacion,4476,2.74,6.39
Ubicacion,2347,CONECTA_CON,Ubicacion,116,1.8,2.71
Ubicacion,2347,CONECTA_CON,Ubicacion,995,2.53,2.83
Ubicacion,2348,CONECTA_CON,Ubicacion,1419,5.08,12.34
Ubicacion,2348,CONECTA_CON,Ubicacion,4259,0.96,1.33
Ubicacion,2348,CONECTA_CON,Ubicacion,1978,9.22,12.56
Ubicacion,2349,CONECTA_CON,Ubicacion,2207,1.96,5.57
Ubicacion,2349,CONECTA_CON,Ubicacion,2270,2.07,3.66
Ubicacion,2349,CONECTA_CON,Ubicacion,212,6.25,17.32
Ubicacion,2350,CONECTA_CON,Ubicacion,230,8.7,10.65
Ubicacion,2350,CONECTA_CON,Ubicacion,1202,9.07,18.15
Ubicacion,2350,CONECTA_CON,Ubicacion,3606,1.05,2.34
Ubicacion,2351,CONECTA_CON,Ubicacion,2201,8.48,10.87
Ubicacion,2351,CONECTA_CON,Ubicacion,756,5.21,5.44
Ubicacion,2351,CONECTA_CON,Ubicacion,1771,7.49,9.99
Ubicacion,2352,CONECTA_CON,Ubicacion,1796,3.25,3.92
Ubicacion,2352,CONECTA_CON,Ubicacion,2575,3.92,5.24
Ubicacion,2352,CONECTA_CON,Ubicacion,366,3.87,4.76
Ubicacion,2353,CONECTA_CON,Ubicacion,4965,4.21,5.71
Ubicacion,2353,CONECTA_CON,Ubicacion,3535,8.76,10.34
Ubicacion,2353,CONECTA_CON,Ubicacion,4369,5.36,14.79
Ubicacion,2354,CONECTA_CON,Ubicacion,2996,7.11,16.57
Ubicacion,2354,CONECTA_CON,Ubicacion,3229,6.12,12.89
Ubicacion,2354,CONECTA_CON,Ubicacion,4348,8.71,18.41
Ubicacion,2355,CONECTA_CON,Ubicacion,240,3.93,5.43
Ubicacion,2355,CONECTA_CON,Ubicacion,1824,5.65,7.99
Ubicacion,2355,CONECTA_CON,Ubicacion,3969,4.66,10.44
Ubicacion,2356,CONECTA_CON,Ubicacion,1503,7.78,8.33
Ubicacion,2356,CONECTA_CON,Ubicacion,2514,4.02,10.03
Ubicacion,2356,CONECTA_CON,Ubicacion,3408,2.03,2.86
Ubicacion,2357,CONECTA_CON,Ubicacion,1560,7.87,14.5
Ubicacion,2357,CONECTA_CON,Ubicacion,389,5.44,8.21
Ubicacion,2357,CONECTA_CON,Ubicacion,3844,3.25,8.74
Ubicacion,2358,CONECTA_CON,Ubicacion,4421,8.58,10.74
Ubicacion,2358,CONECTA_CON,Ubicacion,1567,8.49,22.99
Ubicacion,2358,CONECTA_CON,Ubicacion,2407,2.66,3.49
Ubicacion,2359,CONECTA_CON,Ubicacion,3849,3.66,4.26
Ubicacion,2359,CONECTA_CON,Ubicacion,22,1.6,2.12
Ubicacion,2359,CONECTA_CON,Ubicacion,1150,4.14,7.5
Ubicacion,2360,CONECTA_CON,Ubicacion,838,5.96,8.98
Ubicacion,2360,CONECTA_CON,Ubicacion,405,4.29,4.85
Ubicacion,2360,CONECTA_CON,Ubicacion,2749,4.56,6.66
Ubicacion,2361,CONECTA_CON,Ubicacion,956,3.42,3.58
Ubicacion,2361,CONECTA_CON,Ubicacion,3541,4.43,9.88
Ubicacion,2361,CONECTA_CON,Ubicacion,4895,5.57,15.38
Ubicacion,2362,CONECTA_CON,Ubicacion,3603,8.69,11.01
Ubicacion,2362,CONECTA_CON,Ubicacion,4446,1.56,2.76
Ubicacion,2362,CONECTA_CON,Ubicacion,4474,4.89,6.66
Ubicacion,2363,CONECTA_CON,Ubicacion,2196,3.27,4.42
Ubicacion,2363,CONECTA_CON,Ubicacion,4275,9.01,12.09
Ubicacion,2363,CONECTA_CON,Ubicacion,3724,6.76,17.78
Ubicacion,2364,CONECTA_CON,Ubicacion,308,1.36,1.57
Ubicacion,2364,CONECTA_CON,Ubicacion,1827,9.29,12.12
Ubicacion,2364,CONECTA_CON,Ubicacion,574,0.52,0.55
Ubicacion,2365,CONECTA_CON,Ubicacion,4961,2.58,2.84
Ubicacion,2365,CONECTA_CON,Ubicacion,4037,5.27,6.28
Ubicacion,2365,CONECTA_CON,Ubicacion,3781,4.94,5.09
Ubicacion,2366,CONECTA_CON,Ubicacion,2071,4.62,6.47
Ubicacion,2366,CONECTA_CON,Ubicacion,2382,9.29,9.68
Ubicacion,2366,CONECTA_CON,Ubicacion,988,5.26,7.61
Ubicacion,2367,CONECTA_CON,Ubicacion,3588,0.66,0.96
Ubicacion,2367,CONECTA_CON,Ubicacion,4415,5.17,9.89
Ubicacion,2367,CONECTA_CON,Ubicacion,1854,8.61,8.72
Ubicacion,2368,CONECTA_CON,Ubicacion,1734,7.25,10.39
Ubicacion,2368,CONECTA_CON,Ubicacion,2334,4.91,5.99
Ubicacion,2368,CONECTA_CON,Ubicacion,1328,2.4,6.77
Ubicacion,2369,CONECTA_CON,Ubicacion,2134,3.67,7.76
Ubicacion,2369,CONECTA_CON,Ubicacion,483,0.54,0.69
Ubicacion,2369,CONECTA_CON,Ubicacion,4698,7.48,8.96
Ubicacion,2370,CONECTA_CON,Ubicacion,4009,1.54,2.66
Ubicacion,2370,CONECTA_CON,Ubicacion,2177,1.77,1.86
Ubicacion,2370,CONECTA_CON,Ubicacion,3761,1.31,2.72
Ubicacion,2371,CONECTA_CON,Ubicacion,56,7.94,14.76
Ubicacion,2371,CONECTA_CON,Ubicacion,4761,7.97,8.26
Ubicacion,2371,CONECTA_CON,Ubicacion,1887,9.87,14.6
Ubicacion,2372,CONECTA_CON,Ubicacion,4655,7.01,7.99
Ubicacion,2372,CONECTA_CON,Ubicacion,2308,6.13,6.72
Ubicacion,2372,CONECTA_CON,Ubicacion,2571,8.17,23.9
Ubicacion,2373,CONECTA_CON,Ubicacion,2519,8.13,20.8
Ubicacion,2373,CONECTA_CON,Ubicacion,3079,5.79,7.68
Ubicacion,2373,CONECTA_CON,Ubicacion,3978,4.17,4.6
Ubicacion,2374,CONECTA_CON,Ubicacion,1728,6.62,18.83
Ubicacion,2374,CONECTA_CON,Ubicacion,516,5.56,6.31
Ubicacion,2374,CONECTA_CON,Ubicacion,4747,2.01,3.93
Ubicacion,2375,CONECTA_CON,Ubicacion,2449,0.68,1.23
Ubicacion,2375,CONECTA_CON,Ubicacion,1584,1.91,1.92
Ubicacion,2375,CONECTA_CON,Ubicacion,3554,6.6,16.86
Ubicacion,2376,CONECTA_CON,Ubicacion,505,3.0,3.41
Ubicacion,2376,CONECTA_CON,Ubicacion,4236,1.03,1.38
Ubicacion,2376,CONECTA_CON,Ubicacion,2300,1.08,2.37
Ubicacion,2377,CONECTA_CON,Ubicacion,3885,8.99,18.29
Ubicacion,2377,CONECTA_CON,Ubicacion,1310,8.02,10.58
Ubicacion,2377,CONECTA_CON,Ubicacion,3034,9.3,10.11
Ubicacion,2378,CONECTA_CON,Ubicacion,5000,2.39,5.54
Ubicacion,2378,CONECTA_CON,Ubicacion,661,6.3,7.31
Ubicacion,2378,CONECTA_CON,Ubicacion,2161,3.78,4.0
Ubicacion,2379,CONECTA_CON,Ubicacion,1704,2.61,2.99
Ubicacion,2379,CONECTA_CON,Ubicacion,4888,2.45,4.46
Ubicacion,2379,CONECTA_CON,Ubicacion,1609,5.69,12.57
Ubicacion,2380,CONECTA_CON,Ubicacion,2249,8.81,16.44
Ubicacion,2380,CONECTA_CON,Ubicacion,2940,4.81,5.42
Ubicacion,2380,CONECTA_CON,Ubicacion,3209,3.45,4.2
Ubicacion,2381,CONECTA_CON,Ubicacion,886,8.05,21.09
Ubicacion,2381,CONECTA_CON,Ubicacion,4520,1.42,2.24
Ubicacion,2381,CONECTA_CON,Ubicacion,2291,4.9,6.8
Ubicacion,2382,CONECTA_CON,Ubicacion,2328,5.04,5.06
Ubicacion,2382,CONECTA_CON,Ubicacion,698,2.73,4.74
Ubicacion,2382,CONECTA_CON,Ubicacion,1744,0.96,1.37
Ubicacion,2383,CONECTA_CON,Ubicacion,48,4.82,10.82
Ubicacion,2383,CONECTA_CON,Ubicacion,3198,9.09,19.52
Ubicacion,2383,CONECTA_CON,Ubicacion,231,1.69,1.84
Ubicacion,2384,CONECTA_CON,Ubicacion,415,7.66,19.59
Ubicacion,2384,CONECTA_CON,Ubicacion,238,4.37,6.64
Ubicacion,2384,CONECTA_CON,Ubicacion,1715,4.27,7.95
Ubicacion,2385,CONECTA_CON,Ubicacion,4653,7.35,10.15
Ubicacion,2385,CONECTA_CON,Ubicacion,1263,3.96,5.46
Ubicacion,2385,CONECTA_CON,Ubicacion,108,1.49,1.68
Ubicacion,2386,CONECTA_CON,Ubicacion,3336,5.72,11.83
Ubicacion,2386,CONECTA_CON,Ubicacion,2083,8.19,9.13
Ubicacion,2386,CONECTA_CON,Ubicacion,3629,7.45,7.74
Ubicacion,2387,CONECTA_CON,Ubicacion,1235,7.24,16.11
Ubicacion,2387,CONECTA_CON,Ubicacion,2625,5.26,8.36
Ubicacion,2387,CONECTA_CON,Ubicacion,2195,3.66,6.29
Ubicacion,2388,CONECTA_CON,Ubicacion,1663,2.5,5.81
Ubicacion,2388,CONECTA_CON,Ubicacion,3446,5.99,10.62
Ubicacion,2388,CONECTA_CON,Ubicacion,1441,6.48,10.46
Ubicacion,2389,CONECTA_CON,Ubicacion,4494,5.79,6.91
Ubicacion,2389,CONECTA_CON,Ubicacion,1950,0.89,1.58
Ubicacion,2389,CONECTA_CON,Ubicacion,2245,4.71,12.36
Ubicacion,2390,CONECTA_CON,Ubicacion,4942,3.76,9.64
Ubicacion,2390,CONECTA_CON,Ubicacion,1483,8.42,24.86
Ubicacion,2390,CONECTA_CON,Ubicacion,4250,2.15,2.2
Ubicacion,2391,CONECTA_CON,Ubicacion,2306,8.58,10.7
Ubicacion,2391,CONECTA_CON,Ubicacion,1939,4.44,5.65
Ubicacion,2391,CONECTA_CON,Ubicacion,135,0.8,1.39
Ubicacion,2392,CONECTA_CON,Ubicacion,3587,1.84,2.29
Ubicacion,2392,CONECTA_CON,Ubicacion,3617,1.69,2.59
Ubicacion,2392,CONECTA_CON,Ubicacion,4489,5.0,10.8
Ubicacion,2393,CONECTA_CON,Ubicacion,383,7.45,21.11
Ubicacion,2393,CONECTA_CON,Ubicacion,821,6.35,6.84
Ubicacion,2393,CONECTA_CON,Ubicacion,4206,6.99,7.9
Ubicacion,2394,CONECTA_CON,Ubicacion,347,7.47,14.49
Ubicacion,2394,CONECTA_CON,Ubicacion,701,2.27,3.07
Ubicacion,2394,CONECTA_CON,Ubicacion,1784,2.79,6.24
Ubicacion,2395,CONECTA_CON,Ubicacion,4139,5.6,8.15
Ubicacion,2395,CONECTA_CON,Ubicacion,1407,1.91,3.19
Ubicacion,2395,CONECTA_CON,Ubicacion,2155,9.01,14.18
Ubicacion,2396,CONECTA_CON,Ubicacion,1389,2.61,3.59
Ubicacion,2396,CONECTA_CON,Ubicacion,3064,5.62,7.77
Ubicacion,2396,CONECTA_CON,Ubicacion,1797,9.02,9.51
Ubicacion,2397,CONECTA_CON,Ubicacion,3421,3.94,4.88
Ubicacion,2397,CONECTA_CON,Ubicacion,1215,2.49,3.31
Ubicacion,2397,CONECTA_CON,Ubicacion,2630,9.21,9.63
Ubicacion,2398,CONECTA_CON,Ubicacion,1774,7.81,23.16
Ubicacion,2398,CONECTA_CON,Ubicacion,2433,2.75,5.32
Ubicacion,2398,CONECTA_CON,Ubicacion,2138,9.87,17.65
Ubicacion,2399,CONECTA_CON,Ubicacion,4452,6.62,9.28
Ubicacion,2399,CONECTA_CON,Ubicacion,3436,8.26,17.86
Ubicacion,2399,CONECTA_CON,Ubicacion,424,4.84,11.44
Ubicacion,2400,CONECTA_CON,Ubicacion,4861,2.03,2.63
Ubicacion,2400,CONECTA_CON,Ubicacion,3148,2.38,2.6
Ubicacion,2400,CONECTA_CON,Ubicacion,1235,7.58,13.67
Ubicacion,2401,CONECTA_CON,Ubicacion,1156,6.39,12.72
Ubicacion,2401,CONECTA_CON,Ubicacion,3593,2.7,3.87
Ubicacion,2401,CONECTA_CON,Ubicacion,897,4.03,8.79
Ubicacion,2402,CONECTA_CON,Ubicacion,852,8.2,13.25
Ubicacion,2402,CONECTA_CON,Ubicacion,2052,8.61,25.68
Ubicacion,2402,CONECTA_CON,Ubicacion,650,8.0,14.75
Ubicacion,2403,CONECTA_CON,Ubicacion,427,2.52,3.08
Ubicacion,2403,CONECTA_CON,Ubicacion,3786,4.8,14.19
Ubicacion,2403,CONECTA_CON,Ubicacion,3779,2.17,2.76
Ubicacion,2404,CONECTA_CON,Ubicacion,3382,7.44,12.53
Ubicacion,2404,CONECTA_CON,Ubicacion,2709,4.48,4.52
Ubicacion,2404,CONECTA_CON,Ubicacion,337,5.96,10.89
Ubicacion,2405,CONECTA_CON,Ubicacion,3067,1.78,2.15
Ubicacion,2405,CONECTA_CON,Ubicacion,1900,8.67,11.59
Ubicacion,2405,CONECTA_CON,Ubicacion,1048,0.54,1.39
Ubicacion,2406,CONECTA_CON,Ubicacion,1605,4.41,9.04
Ubicacion,2406,CONECTA_CON,Ubicacion,332,0.71,1.4
Ubicacion,2406,CONECTA_CON,Ubicacion,3777,4.13,7.87
Ubicacion,2407,CONECTA_CON,Ubicacion,1589,9.87,9.99
Ubicacion,2407,CONECTA_CON,Ubicacion,1361,1.85,2.66
Ubicacion,2407,CONECTA_CON,Ubicacion,3931,7.58,11.12
Ubicacion,2408,CONECTA_CON,Ubicacion,1126,2.33,4.61
Ubicacion,2408,CONECTA_CON,Ubicacion,305,0.75,1.33
Ubicacion,2408,CONECTA_CON,Ubicacion,300,6.15,10.1
Ubicacion,2409,CONECTA_CON,Ubicacion,3077,5.95,17.23
Ubicacion,2409,CONECTA_CON,Ubicacion,4435,5.2,7.14
Ubicacion,2409,CONECTA_CON,Ubicacion,3991,8.72,20.15
Ubicacion,2410,CONECTA_CON,Ubicacion,1960,8.87,12.11
Ubicacion,2410,CONECTA_CON,Ubicacion,577,0.73,1.59
Ubicacion,2410,CONECTA_CON,Ubicacion,771,1.35,1.52
Ubicacion,2411,CONECTA_CON,Ubicacion,4205,8.65,9.94
Ubicacion,2411,CONECTA_CON,Ubicacion,121,1.64,2.63
Ubicacion,2411,CONECTA_CON,Ubicacion,2638,6.7,10.9
Ubicacion,2412,CONECTA_CON,Ubicacion,4853,3.87,8.9
Ubicacion,2412,CONECTA_CON,Ubicacion,175,7.15,11.8
Ubicacion,2412,CONECTA_CON,Ubicacion,2929,1.67,1.96
Ubicacion,2413,CONECTA_CON,Ubicacion,2479,1.17,1.58
Ubicacion,2413,CONECTA_CON,Ubicacion,140,7.86,8.65
Ubicacion,2413,CONECTA_CON,Ubicacion,1358,6.28,6.73
Ubicacion,2414,CONECTA_CON,Ubicacion,3602,9.95,15.99
Ubicacion,2414,CONECTA_CON,Ubicacion,1638,8.6,18.68
Ubicacion,2414,CONECTA_CON,Ubicacion,1374,4.3,6.7
Ubicacion,2415,CONECTA_CON,Ubicacion,2970,8.69,9.69
Ubicacion,2415,CONECTA_CON,Ubicacion,3072,0.85,0.9
Ubicacion,2415,CONECTA_CON,Ubicacion,1819,6.16,15.57
Ubicacion,2416,CONECTA_CON,Ubicacion,4906,9.31,10.57
Ubicacion,2416,CONECTA_CON,Ubicacion,1571,1.41,1.94
Ubicacion,2416,CONECTA_CON,Ubicacion,3980,3.42,3.8
Ubicacion,2417,CONECTA_CON,Ubicacion,4264,5.72,6.3
Ubicacion,2417,CONECTA_CON,Ubicacion,4149,6.61,11.2
Ubicacion,2417,CONECTA_CON,Ubicacion,760,0.53,0.87
Ubicacion,2418,CONECTA_CON,Ubicacion,4566,4.99,5.03
Ubicacion,2418,CONECTA_CON,Ubicacion,3143,2.01,2.03
Ubicacion,2418,CONECTA_CON,Ubicacion,573,2.21,4.6
Ubicacion,2419,CONECTA_CON,Ubicacion,1303,3.74,7.44
Ubicacion,2419,CONECTA_CON,Ubicacion,3980,4.89,11.39
Ubicacion,2419,CONECTA_CON,Ubicacion,1259,7.19,10.03
Ubicacion,2420,CONECTA_CON,Ubicacion,3055,4.74,9.03
Ubicacion,2420,CONECTA_CON,Ubicacion,4363,8.48,10.88
Ubicacion,2420,CONECTA_CON,Ubicacion,2509,1.56,2.19
Ubicacion,2421,CONECTA_CON,Ubicacion,3884,7.67,7.73
Ubicacion,2421,CONECTA_CON,Ubicacion,2486,2.67,6.96
Ubicacion,2421,CONECTA_CON,Ubicacion,3149,3.73,4.03
Ubicacion,2422,CONECTA_CON,Ubicacion,424,1.99,3.84
Ubicacion,2422,CONECTA_CON,Ubicacion,1128,1.73,2.1
Ubicacion,2422,CONECTA_CON,Ubicacion,3779,5.17,11.46
Ubicacion,2423,CONECTA_CON,Ubicacion,4858,4.22,10.43
Ubicacion,2423,CONECTA_CON,Ubicacion,4085,3.52,8.09
Ubicacion,2423,CONECTA_CON,Ubicacion,174,6.31,9.48
Ubicacion,2424,CONECTA_CON,Ubicacion,2959,1.65,4.72
Ubicacion,2424,CONECTA_CON,Ubicacion,1088,5.34,5.73
Ubicacion,2424,CONECTA_CON,Ubicacion,3193,5.59,14.41
Ubicacion,2425,CONECTA_CON,Ubicacion,4716,8.97,22.9
Ubicacion,2425,CONECTA_CON,Ubicacion,2543,9.53,20.47
Ubicacion,2425,CONECTA_CON,Ubicacion,207,7.35,11.38
Ubicacion,2426,CONECTA_CON,Ubicacion,857,8.19,20.2
Ubicacion,2426,CONECTA_CON,Ubicacion,630,5.88,6.96
Ubicacion,2426,CONECTA_CON,Ubicacion,2847,8.42,9.87
Ubicacion,2427,CONECTA_CON,Ubicacion,2548,0.85,1.51
Ubicacion,2427,CONECTA_CON,Ubicacion,2440,0.81,1.04
Ubicacion,2427,CONECTA_CON,Ubicacion,154,5.32,12.31
Ubicacion,2428,CONECTA_CON,Ubicacion,456,5.21,6.92
Ubicacion,2428,CONECTA_CON,Ubicacion,1917,3.35,7.39
Ubicacion,2428,CONECTA_CON,Ubicacion,4682,1.81,2.22
Ubicacion,2429,CONECTA_CON,Ubicacion,3013,3.62,7.22
Ubicacion,2429,CONECTA_CON,Ubicacion,1082,9.96,13.81
Ubicacion,2429,CONECTA_CON,Ubicacion,3299,3.52,6.72
Ubicacion,2430,CONECTA_CON,Ubicacion,4286,0.7,0.74
Ubicacion,2430,CONECTA_CON,Ubicacion,827,2.99,6.64
Ubicacion,2430,CONECTA_CON,Ubicacion,1202,0.77,1.96
Ubicacion,2431,CONECTA_CON,Ubicacion,1005,2.44,4.06
Ubicacion,2431,CONECTA_CON,Ubicacion,3623,0.74,0.98
Ubicacion,2431,CONECTA_CON,Ubicacion,4182,2.93,4.03
Ubicacion,2432,CONECTA_CON,Ubicacion,406,2.51,2.73
Ubicacion,2432,CONECTA_CON,Ubicacion,515,4.87,6.38
Ubicacion,2432,CONECTA_CON,Ubicacion,3800,7.84,9.54
Ubicacion,2433,CONECTA_CON,Ubicacion,1308,2.66,2.8
Ubicacion,2433,CONECTA_CON,Ubicacion,3455,1.69,4.73
Ubicacion,2433,CONECTA_CON,Ubicacion,1655,5.13,5.16
Ubicacion,2434,CONECTA_CON,Ubicacion,2204,9.0,13.74
Ubicacion,2434,CONECTA_CON,Ubicacion,2856,3.12,4.47
Ubicacion,2434,CONECTA_CON,Ubicacion,2897,3.71,5.3
Ubicacion,2435,CONECTA_CON,Ubicacion,4781,6.1,9.66
Ubicacion,2435,CONECTA_CON,Ubicacion,2718,2.31,3.6
Ubicacion,2435,CONECTA_CON,Ubicacion,4640,7.81,10.13
Ubicacion,2436,CONECTA_CON,Ubicacion,2245,7.59,13.86
Ubicacion,2436,CONECTA_CON,Ubicacion,1658,5.01,8.28
Ubicacion,2436,CONECTA_CON,Ubicacion,950,0.86,2.5
Ubicacion,2437,CONECTA_CON,Ubicacion,15,1.05,1.11
Ubicacion,2437,CONECTA_CON,Ubicacion,1473,2.71,4.57
Ubicacion,2437,CONECTA_CON,Ubicacion,367,6.48,14.83
Ubicacion,2438,CONECTA_CON,Ubicacion,2496,4.67,6.45
Ubicacion,2438,CONECTA_CON,Ubicacion,2939,2.42,3.68
Ubicacion,2438,CONECTA_CON,Ubicacion,130,3.41,7.65
Ubicacion,2439,CONECTA_CON,Ubicacion,2551,9.0,17.55
Ubicacion,2439,CONECTA_CON,Ubicacion,284,9.25,9.78
Ubicacion,2439,CONECTA_CON,Ubicacion,2020,7.51,13.54
Ubicacion,2440,CONECTA_CON,Ubicacion,1692,3.75,4.63
Ubicacion,2440,CONECTA_CON,Ubicacion,4742,8.3,11.4
Ubicacion,2440,CONECTA_CON,Ubicacion,372,4.56,4.9
Ubicacion,2441,CONECTA_CON,Ubicacion,1810,8.94,10.81
Ubicacion,2441,CONECTA_CON,Ubicacion,1727,3.08,4.64
Ubicacion,2441,CONECTA_CON,Ubicacion,604,0.75,1.12
Ubicacion,2442,CONECTA_CON,Ubicacion,356,7.94,9.09
Ubicacion,2442,CONECTA_CON,Ubicacion,3452,3.54,7.78
Ubicacion,2442,CONECTA_CON,Ubicacion,829,9.21,22.32
Ubicacion,2443,CONECTA_CON,Ubicacion,718,4.28,9.23
Ubicacion,2443,CONECTA_CON,Ubicacion,4986,8.29,8.42
Ubicacion,2443,CONECTA_CON,Ubicacion,4411,3.03,6.53
Ubicacion,2444,CONECTA_CON,Ubicacion,1545,1.24,1.48
Ubicacion,2444,CONECTA_CON,Ubicacion,2858,2.15,2.15
Ubicacion,2444,CONECTA_CON,Ubicacion,1153,6.37,6.44
Ubicacion,2445,CONECTA_CON,Ubicacion,1574,5.93,9.3
Ubicacion,2445,CONECTA_CON,Ubicacion,1511,0.56,1.06
Ubicacion,2445,CONECTA_CON,Ubicacion,1179,2.41,3.9
Ubicacion,2446,CONECTA_CON,Ubicacion,2206,5.01,10.55
Ubicacion,2446,CONECTA_CON,Ubicacion,2257,1.95,1.96
Ubicacion,2446,CONECTA_CON,Ubicacion,4795,7.13,10.88
Ubicacion,2447,CONECTA_CON,Ubicacion,3148,3.88,11.46
Ubicacion,2447,CONECTA_CON,Ubicacion,4363,0.68,1.08
Ubicacion,2447,CONECTA_CON,Ubicacion,2808,1.29,3.58
Ubicacion,2448,CONECTA_CON,Ubicacion,719,2.81,6.28
Ubicacion,2448,CONECTA_CON,Ubicacion,806,9.42,13.81
Ubicacion,2448,CONECTA_CON,Ubicacion,1379,7.78,9.76
Ubicacion,2449,CONECTA_CON,Ubicacion,4891,6.49,16.97
Ubicacion,2449,CONECTA_CON,Ubicacion,3643,5.62,7.16
Ubicacion,2449,CONECTA_CON,Ubicacion,2011,1.97,3.1
Ubicacion,2450,CONECTA_CON,Ubicacion,274,6.94,7.16
Ubicacion,2450,CONECTA_CON,Ubicacion,1783,9.47,10.45
Ubicacion,2450,CONECTA_CON,Ubicacion,2291,9.24,14.41
Ubicacion,2451,CONECTA_CON,Ubicacion,3704,6.65,9.47
Ubicacion,2451,CONECTA_CON,Ubicacion,2711,6.21,10.46
Ubicacion,2451,CONECTA_CON,Ubicacion,3311,6.01,6.32
Ubicacion,2452,CONECTA_CON,Ubicacion,1582,2.16,5.18
Ubicacion,2452,CONECTA_CON,Ubicacion,602,4.96,7.09
Ubicacion,2452,CONECTA_CON,Ubicacion,1553,5.3,7.76
Ubicacion,2453,CONECTA_CON,Ubicacion,2743,2.53,2.81
Ubicacion,2453,CONECTA_CON,Ubicacion,2824,1.57,1.75
Ubicacion,2453,CONECTA_CON,Ubicacion,1365,9.13,11.99
Ubicacion,2454,CONECTA_CON,Ubicacion,4464,3.78,6.83
Ubicacion,2454,CONECTA_CON,Ubicacion,223,8.88,10.19
Ubicacion,2454,CONECTA_CON,Ubicacion,1085,6.6,6.98
Ubicacion,2455,CONECTA_CON,Ubicacion,3198,4.65,12.99
Ubicacion,2455,CONECTA_CON,Ubicacion,3416,7.89,17.73
Ubicacion,2455,CONECTA_CON,Ubicacion,1217,5.18,5.55
Ubicacion,2456,CONECTA_CON,Ubicacion,2902,7.16,7.52
Ubicacion,2456,CONECTA_CON,Ubicacion,4024,4.05,4.09
Ubicacion,2456,CONECTA_CON,Ubicacion,625,1.79,2.59
Ubicacion,2457,CONECTA_CON,Ubicacion,4914,3.08,4.96
Ubicacion,2457,CONECTA_CON,Ubicacion,1879,1.81,3.38
Ubicacion,2457,CONECTA_CON,Ubicacion,3663,2.53,5.85
Ubicacion,2458,CONECTA_CON,Ubicacion,1470,3.86,6.61
Ubicacion,2458,CONECTA_CON,Ubicacion,4399,6.2,6.73
Ubicacion,2458,CONECTA_CON,Ubicacion,964,6.69,16.22
Ubicacion,2459,CONECTA_CON,Ubicacion,2730,1.94,2.04
Ubicacion,2459,CONECTA_CON,Ubicacion,2449,5.51,7.35
Ubicacion,2459,CONECTA_CON,Ubicacion,1686,5.83,6.58
Ubicacion,2460,CONECTA_CON,Ubicacion,3428,3.87,8.0
Ubicacion,2460,CONECTA_CON,Ubicacion,4171,4.03,4.6
Ubicacion,2460,CONECTA_CON,Ubicacion,1480,4.53,5.78
Ubicacion,2461,CONECTA_CON,Ubicacion,820,3.26,6.5
Ubicacion,2461,CONECTA_CON,Ubicacion,2455,6.45,7.82
Ubicacion,2461,CONECTA_CON,Ubicacion,3922,1.56,1.75
Ubicacion,2462,CONECTA_CON,Ubicacion,3104,4.07,8.36
Ubicacion,2462,CONECTA_CON,Ubicacion,3652,3.78,6.35
Ubicacion,2462,CONECTA_CON,Ubicacion,2600,6.75,7.08
Ubicacion,2463,CONECTA_CON,Ubicacion,3742,7.77,9.42
Ubicacion,2463,CONECTA_CON,Ubicacion,727,0.85,1.43
Ubicacion,2463,CONECTA_CON,Ubicacion,3787,6.79,18.8
Ubicacion,2464,CONECTA_CON,Ubicacion,3448,1.62,2.61
Ubicacion,2464,CONECTA_CON,Ubicacion,237,1.53,3.44
Ubicacion,2464,CONECTA_CON,Ubicacion,327,6.45,7.3
Ubicacion,2465,CONECTA_CON,Ubicacion,3944,3.63,5.02
Ubicacion,2465,CONECTA_CON,Ubicacion,4674,9.48,9.65
Ubicacion,2465,CONECTA_CON,Ubicacion,679,6.39,16.07
Ubicacion,2466,CONECTA_CON,Ubicacion,1015,0.83,0.84
Ubicacion,2466,CONECTA_CON,Ubicacion,742,6.2,7.76
Ubicacion,2466,CONECTA_CON,Ubicacion,328,7.3,7.48
Ubicacion,2467,CONECTA_CON,Ubicacion,2361,0.9,1.73
Ubicacion,2467,CONECTA_CON,Ubicacion,3095,8.88,9.25
Ubicacion,2467,CONECTA_CON,Ubicacion,3949,4.86,9.09
Ubicacion,2468,CONECTA_CON,Ubicacion,3954,6.66,7.76
Ubicacion,2468,CONECTA_CON,Ubicacion,3832,1.81,4.4
Ubicacion,2468,CONECTA_CON,Ubicacion,2493,2.19,4.5
Ubicacion,2469,CONECTA_CON,Ubicacion,878,0.9,2.08
Ubicacion,2469,CONECTA_CON,Ubicacion,34,1.22,2.02
Ubicacion,2469,CONECTA_CON,Ubicacion,1373,1.26,3.02
Ubicacion,2470,CONECTA_CON,Ubicacion,1784,7.87,9.84
Ubicacion,2470,CONECTA_CON,Ubicacion,1767,9.0,13.13
Ubicacion,2470,CONECTA_CON,Ubicacion,1064,8.43,9.27
Ubicacion,2471,CONECTA_CON,Ubicacion,4812,2.72,6.55
Ubicacion,2471,CONECTA_CON,Ubicacion,2823,1.83,3.83
Ubicacion,2471,CONECTA_CON,Ubicacion,4226,4.31,6.09
Ubicacion,2472,CONECTA_CON,Ubicacion,4994,1.54,4.6
Ubicacion,2472,CONECTA_CON,Ubicacion,2174,7.24,10.54
Ubicacion,2472,CONECTA_CON,Ubicacion,3324,2.19,3.12
Ubicacion,2473,CONECTA_CON,Ubicacion,462,1.68,2.81
Ubicacion,2473,CONECTA_CON,Ubicacion,1359,4.97,14.34
Ubicacion,2473,CONECTA_CON,Ubicacion,4894,2.5,3.98
Ubicacion,2474,CONECTA_CON,Ubicacion,2919,9.17,14.25
Ubicacion,2474,CONECTA_CON,Ubicacion,4658,1.34,1.43
Ubicacion,2474,CONECTA_CON,Ubicacion,1977,2.34,2.48
Ubicacion,2475,CONECTA_CON,Ubicacion,543,2.65,3.51
Ubicacion,2475,CONECTA_CON,Ubicacion,4143,6.08,11.18
Ubicacion,2475,CONECTA_CON,Ubicacion,2933,3.21,3.26
Ubicacion,2476,CONECTA_CON,Ubicacion,4800,8.73,17.17
Ubicacion,2476,CONECTA_CON,Ubicacion,260,5.3,9.14
Ubicacion,2476,CONECTA_CON,Ubicacion,3882,6.46,9.86
Ubicacion,2477,CONECTA_CON,Ubicacion,1867,3.98,5.73
Ubicacion,2477,CONECTA_CON,Ubicacion,1718,1.84,2.3
Ubicacion,2477,CONECTA_CON,Ubicacion,972,4.18,4.83
Ubicacion,2478,CONECTA_CON,Ubicacion,3638,3.78,4.03
Ubicacion,2478,CONECTA_CON,Ubicacion,2430,4.67,7.35
Ubicacion,2478,CONECTA_CON,Ubicacion,4933,9.93,14.95
Ubicacion,2479,CONECTA_CON,Ubicacion,3708,3.99,7.51
Ubicacion,2479,CONECTA_CON,Ubicacion,3561,7.06,9.43
Ubicacion,2479,CONECTA_CON,Ubicacion,3994,3.31,4.88
Ubicacion,2480,CONECTA_CON,Ubicacion,2215,4.31,7.95
Ubicacion,2480,CONECTA_CON,Ubicacion,1002,2.93,6.24
Ubicacion,2480,CONECTA_CON,Ubicacion,2177,5.45,15.25
Ubicacion,2481,CONECTA_CON,Ubicacion,1234,2.13,4.76
Ubicacion,2481,CONECTA_CON,Ubicacion,4076,0.88,1.48
Ubicacion,2481,CONECTA_CON,Ubicacion,4479,5.97,11.85
Ubicacion,2482,CONECTA_CON,Ubicacion,4370,5.1,5.73
Ubicacion,2482,CONECTA_CON,Ubicacion,3326,0.83,1.41
Ubicacion,2482,CONECTA_CON,Ubicacion,784,7.35,8.71
Ubicacion,2483,CONECTA_CON,Ubicacion,637,6.28,6.7
Ubicacion,2483,CONECTA_CON,Ubicacion,2347,9.07,10.08
Ubicacion,2483,CONECTA_CON,Ubicacion,3669,6.11,8.47
Ubicacion,2484,CONECTA_CON,Ubicacion,148,3.43,6.0
Ubicacion,2484,CONECTA_CON,Ubicacion,3131,9.71,14.37
Ubicacion,2484,CONECTA_CON,Ubicacion,2943,1.51,2.25
Ubicacion,2485,CONECTA_CON,Ubicacion,17,5.82,8.3
Ubicacion,2485,CONECTA_CON,Ubicacion,4106,5.96,16.69
Ubicacion,2485,CONECTA_CON,Ubicacion,3714,1.36,2.88
Ubicacion,2486,CONECTA_CON,Ubicacion,3235,1.01,1.54
Ubicacion,2486,CONECTA_CON,Ubicacion,2264,8.57,10.54
Ubicacion,2486,CONECTA_CON,Ubicacion,2209,7.79,11.94
Ubicacion,2487,CONECTA_CON,Ubicacion,4676,5.54,11.92
Ubicacion,2487,CONECTA_CON,Ubicacion,2557,1.71,1.95
Ubicacion,2487,CONECTA_CON,Ubicacion,4493,7.95,9.8
Ubicacion,2488,CONECTA_CON,Ubicacion,3408,3.52,4.8
Ubicacion,2488,CONECTA_CON,Ubicacion,2393,1.32,1.43
Ubicacion,2488,CONECTA_CON,Ubicacion,668,6.24,9.28
Ubicacion,2489,CONECTA_CON,Ubicacion,3034,0.52,0.7
Ubicacion,2489,CONECTA_CON,Ubicacion,1710,1.46,3.15
Ubicacion,2489,CONECTA_CON,Ubicacion,1069,8.46,9.4
Ubicacion,2490,CONECTA_CON,Ubicacion,4519,6.09,12.96
Ubicacion,2490,CONECTA_CON,Ubicacion,1756,4.57,6.77
Ubicacion,2490,CONECTA_CON,Ubicacion,3141,5.13,5.47
Ubicacion,2491,CONECTA_CON,Ubicacion,4238,3.52,7.57
Ubicacion,2491,CONECTA_CON,Ubicacion,1941,4.41,6.73
Ubicacion,2491,CONECTA_CON,Ubicacion,1616,1.86,2.16
Ubicacion,2492,CONECTA_CON,Ubicacion,3665,2.3,4.59
Ubicacion,2492,CONECTA_CON,Ubicacion,2382,7.07,13.28
Ubicacion,2492,CONECTA_CON,Ubicacion,3889,4.65,6.28
Ubicacion,2493,CONECTA_CON,Ubicacion,1722,2.98,4.37
Ubicacion,2493,CONECTA_CON,Ubicacion,2450,8.49,17.35
Ubicacion,2493,CONECTA_CON,Ubicacion,574,5.51,6.17
Ubicacion,2494,CONECTA_CON,Ubicacion,4104,6.67,9.25
Ubicacion,2494,CONECTA_CON,Ubicacion,2721,5.87,9.88
Ubicacion,2494,CONECTA_CON,Ubicacion,3846,2.63,3.68
Ubicacion,2495,CONECTA_CON,Ubicacion,826,5.61,7.79
Ubicacion,2495,CONECTA_CON,Ubicacion,1620,8.04,11.12
Ubicacion,2495,CONECTA_CON,Ubicacion,3346,4.03,8.79
Ubicacion,2496,CONECTA_CON,Ubicacion,2209,3.2,8.74
Ubicacion,2496,CONECTA_CON,Ubicacion,2475,1.86,2.54
Ubicacion,2496,CONECTA_CON,Ubicacion,3082,6.73,17.25
Ubicacion,2497,CONECTA_CON,Ubicacion,787,8.4,8.45
Ubicacion,2497,CONECTA_CON,Ubicacion,4300,7.77,13.71
Ubicacion,2497,CONECTA_CON,Ubicacion,4677,5.2,11.43
Ubicacion,2498,CONECTA_CON,Ubicacion,2692,3.5,6.23
Ubicacion,2498,CONECTA_CON,Ubicacion,4614,2.48,5.65
Ubicacion,2498,CONECTA_CON,Ubicacion,488,9.22,22.07
Ubicacion,2499,CONECTA_CON,Ubicacion,3957,2.25,5.41
Ubicacion,2499,CONECTA_CON,Ubicacion,2697,6.54,19.46
Ubicacion,2499,CONECTA_CON,Ubicacion,3306,4.73,6.14
Ubicacion,2500,CONECTA_CON,Ubicacion,2418,7.0,8.93
Ubicacion,2500,CONECTA_CON,Ubicacion,75,6.22,11.81
Ubicacion,2500,CONECTA_CON,Ubicacion,2849,7.25,9.58
Ubicacion,2501,CONECTA_CON,Ubicacion,1137,3.29,6.88
Ubicacion,2501,CONECTA_CON,Ubicacion,880,5.81,16.32
Ubicacion,2501,CONECTA_CON,Ubicacion,4983,8.53,8.69
Ubicacion,2502,CONECTA_CON,Ubicacion,46,3.38,3.63
Ubicacion,2502,CONECTA_CON,Ubicacion,2026,4.87,9.27
Ubicacion,2502,CONECTA_CON,Ubicacion,301,8.29,10.01
Ubicacion,2503,CONECTA_CON,Ubicacion,3264,5.63,6.84
Ubicacion,2503,CONECTA_CON,Ubicacion,2123,9.67,27.02
Ubicacion,2503,CONECTA_CON,Ubicacion,2075,5.11,6.14
Ubicacion,2504,CONECTA_CON,Ubicacion,970,2.95,5.96
Ubicacion,2504,CONECTA_CON,Ubicacion,3364,9.15,16.86
Ubicacion,2504,CONECTA_CON,Ubicacion,1048,3.44,7.75
Ubicacion,2505,CONECTA_CON,Ubicacion,1173,2.15,2.34
Ubicacion,2505,CONECTA_CON,Ubicacion,1102,7.57,9.43
Ubicacion,2505,CONECTA_CON,Ubicacion,311,8.95,10.62
Ubicacion,2506,CONECTA_CON,Ubicacion,3288,1.14,3.13
Ubicacion,2506,CONECTA_CON,Ubicacion,3571,3.9,4.4
Ubicacion,2506,CONECTA_CON,Ubicacion,4383,9.31,25.28
Ubicacion,2507,CONECTA_CON,Ubicacion,1972,2.49,4.49
Ubicacion,2507,CONECTA_CON,Ubicacion,4497,6.1,10.08
Ubicacion,2507,CONECTA_CON,Ubicacion,1971,0.58,1.16
Ubicacion,2508,CONECTA_CON,Ubicacion,48,5.73,7.01
Ubicacion,2508,CONECTA_CON,Ubicacion,72,4.11,5.72
Ubicacion,2508,CONECTA_CON,Ubicacion,3260,6.49,13.86
Ubicacion,2509,CONECTA_CON,Ubicacion,4994,6.19,6.52
Ubicacion,2509,CONECTA_CON,Ubicacion,1889,7.27,11.32
Ubicacion,2509,CONECTA_CON,Ubicacion,4592,7.33,8.28
Ubicacion,2510,CONECTA_CON,Ubicacion,1782,5.31,13.78
Ubicacion,2510,CONECTA_CON,Ubicacion,144,7.2,11.63
Ubicacion,2510,CONECTA_CON,Ubicacion,2531,3.26,6.01
Ubicacion,2511,CONECTA_CON,Ubicacion,2258,4.73,9.95
Ubicacion,2511,CONECTA_CON,Ubicacion,2562,6.24,7.72
Ubicacion,2511,CONECTA_CON,Ubicacion,2741,9.79,10.76
Ubicacion,2512,CONECTA_CON,Ubicacion,2806,8.61,18.5
Ubicacion,2512,CONECTA_CON,Ubicacion,4916,3.23,3.86
Ubicacion,2512,CONECTA_CON,Ubicacion,1965,9.37,17.23
Ubicacion,2513,CONECTA_CON,Ubicacion,4327,7.93,22.76
Ubicacion,2513,CONECTA_CON,Ubicacion,2535,6.15,16.91
Ubicacion,2513,CONECTA_CON,Ubicacion,643,2.38,5.71
Ubicacion,2514,CONECTA_CON,Ubicacion,3113,2.98,8.63
Ubicacion,2514,CONECTA_CON,Ubicacion,3949,0.5,0.69
Ubicacion,2514,CONECTA_CON,Ubicacion,4233,4.71,8.77
Ubicacion,2515,CONECTA_CON,Ubicacion,3405,8.11,11.75
Ubicacion,2515,CONECTA_CON,Ubicacion,1652,8.98,17.24
Ubicacion,2515,CONECTA_CON,Ubicacion,3960,0.59,0.94
Ubicacion,2516,CONECTA_CON,Ubicacion,4800,2.05,2.14
Ubicacion,2516,CONECTA_CON,Ubicacion,4476,6.4,17.59
Ubicacion,2516,CONECTA_CON,Ubicacion,1944,0.71,0.87
Ubicacion,2517,CONECTA_CON,Ubicacion,3898,7.39,8.23
Ubicacion,2517,CONECTA_CON,Ubicacion,3335,2.35,4.21
Ubicacion,2517,CONECTA_CON,Ubicacion,1901,9.07,13.19
Ubicacion,2518,CONECTA_CON,Ubicacion,973,2.64,2.89
Ubicacion,2518,CONECTA_CON,Ubicacion,2251,8.72,9.93
Ubicacion,2518,CONECTA_CON,Ubicacion,4111,6.92,8.86
Ubicacion,2519,CONECTA_CON,Ubicacion,3940,2.22,3.07
Ubicacion,2519,CONECTA_CON,Ubicacion,2090,7.14,19.94
Ubicacion,2519,CONECTA_CON,Ubicacion,1806,6.18,17.14
Ubicacion,2520,CONECTA_CON,Ubicacion,2594,7.02,14.23
Ubicacion,2520,CONECTA_CON,Ubicacion,1534,9.09,10.82
Ubicacion,2520,CONECTA_CON,Ubicacion,4428,1.6,2.45
Ubicacion,2521,CONECTA_CON,Ubicacion,4611,3.91,10.44
Ubicacion,2521,CONECTA_CON,Ubicacion,7,6.24,10.03
Ubicacion,2521,CONECTA_CON,Ubicacion,680,0.89,0.98
Ubicacion,2522,CONECTA_CON,Ubicacion,3684,6.96,7.84
Ubicacion,2522,CONECTA_CON,Ubicacion,1867,8.72,15.79
Ubicacion,2522,CONECTA_CON,Ubicacion,166,8.69,11.34
Ubicacion,2523,CONECTA_CON,Ubicacion,3356,4.02,5.23
Ubicacion,2523,CONECTA_CON,Ubicacion,3172,9.18,9.49
Ubicacion,2523,CONECTA_CON,Ubicacion,2922,8.9,16.22
Ubicacion,2524,CONECTA_CON,Ubicacion,121,4.83,4.98
Ubicacion,2524,CONECTA_CON,Ubicacion,1783,2.7,2.71
Ubicacion,2524,CONECTA_CON,Ubicacion,3472,4.4,4.44
Ubicacion,2525,CONECTA_CON,Ubicacion,4660,6.39,10.32
Ubicacion,2525,CONECTA_CON,Ubicacion,4187,3.59,4.05
Ubicacion,2525,CONECTA_CON,Ubicacion,1211,6.5,6.63
Ubicacion,2526,CONECTA_CON,Ubicacion,3262,8.52,8.63
Ubicacion,2526,CONECTA_CON,Ubicacion,356,7.87,10.14
Ubicacion,2526,CONECTA_CON,Ubicacion,4224,1.59,1.79
Ubicacion,2527,CONECTA_CON,Ubicacion,3142,1.35,2.29
Ubicacion,2527,CONECTA_CON,Ubicacion,3328,3.27,6.04
Ubicacion,2527,CONECTA_CON,Ubicacion,4134,2.05,4.56
Ubicacion,2528,CONECTA_CON,Ubicacion,2888,2.2,3.56
Ubicacion,2528,CONECTA_CON,Ubicacion,702,9.89,24.07
Ubicacion,2528,CONECTA_CON,Ubicacion,3973,2.69,2.89
Ubicacion,2529,CONECTA_CON,Ubicacion,1421,0.74,0.78
Ubicacion,2529,CONECTA_CON,Ubicacion,1114,7.85,12.42
Ubicacion,2529,CONECTA_CON,Ubicacion,3412,4.55,6.93
Ubicacion,2530,CONECTA_CON,Ubicacion,1163,1.71,3.07
Ubicacion,2530,CONECTA_CON,Ubicacion,972,8.19,24.1
Ubicacion,2530,CONECTA_CON,Ubicacion,4731,2.69,5.65
Ubicacion,2531,CONECTA_CON,Ubicacion,3038,9.76,13.78
Ubicacion,2531,CONECTA_CON,Ubicacion,2296,8.15,18.65
Ubicacion,2531,CONECTA_CON,Ubicacion,480,4.79,5.33
Ubicacion,2532,CONECTA_CON,Ubicacion,822,0.54,0.58
Ubicacion,2532,CONECTA_CON,Ubicacion,633,8.65,17.03
Ubicacion,2532,CONECTA_CON,Ubicacion,2936,2.6,3.13
Ubicacion,2533,CONECTA_CON,Ubicacion,1906,6.73,9.7
Ubicacion,2533,CONECTA_CON,Ubicacion,1820,5.59,7.64
Ubicacion,2533,CONECTA_CON,Ubicacion,4796,2.99,4.77
Ubicacion,2534,CONECTA_CON,Ubicacion,863,7.04,17.64
Ubicacion,2534,CONECTA_CON,Ubicacion,2307,3.02,6.21
Ubicacion,2534,CONECTA_CON,Ubicacion,425,7.34,14.53
Ubicacion,2535,CONECTA_CON,Ubicacion,4027,6.49,9.41
Ubicacion,2535,CONECTA_CON,Ubicacion,2991,9.68,9.73
Ubicacion,2535,CONECTA_CON,Ubicacion,2888,5.16,8.23
Ubicacion,2536,CONECTA_CON,Ubicacion,447,2.93,3.34
Ubicacion,2536,CONECTA_CON,Ubicacion,524,2.34,4.31
Ubicacion,2536,CONECTA_CON,Ubicacion,3617,9.83,17.89
Ubicacion,2537,CONECTA_CON,Ubicacion,2852,4.66,6.84
Ubicacion,2537,CONECTA_CON,Ubicacion,1805,3.63,4.68
Ubicacion,2537,CONECTA_CON,Ubicacion,3658,3.46,5.34
Ubicacion,2538,CONECTA_CON,Ubicacion,288,6.09,6.18
Ubicacion,2538,CONECTA_CON,Ubicacion,3868,7.86,8.99
Ubicacion,2538,CONECTA_CON,Ubicacion,701,3.45,7.47
Ubicacion,2539,CONECTA_CON,Ubicacion,1559,4.71,8.14
Ubicacion,2539,CONECTA_CON,Ubicacion,666,7.12,15.55
Ubicacion,2539,CONECTA_CON,Ubicacion,1869,5.43,12.02
Ubicacion,2540,CONECTA_CON,Ubicacion,2224,0.6,0.81
Ubicacion,2540,CONECTA_CON,Ubicacion,3999,5.12,5.21
Ubicacion,2540,CONECTA_CON,Ubicacion,59,8.14,11.83
Ubicacion,2541,CONECTA_CON,Ubicacion,4483,8.54,11.96
Ubicacion,2541,CONECTA_CON,Ubicacion,97,1.68,2.27
Ubicacion,2541,CONECTA_CON,Ubicacion,1910,4.33,8.44
Ubicacion,2542,CONECTA_CON,Ubicacion,1402,4.03,6.01
Ubicacion,2542,CONECTA_CON,Ubicacion,589,6.12,10.51
Ubicacion,2542,CONECTA_CON,Ubicacion,2196,1.13,1.28
Ubicacion,2543,CONECTA_CON,Ubicacion,4229,7.3,8.14
Ubicacion,2543,CONECTA_CON,Ubicacion,835,8.28,12.13
Ubicacion,2543,CONECTA_CON,Ubicacion,993,8.82,14.38
Ubicacion,2544,CONECTA_CON,Ubicacion,4204,2.56,4.28
Ubicacion,2544,CONECTA_CON,Ubicacion,2263,2.93,5.55
Ubicacion,2544,CONECTA_CON,Ubicacion,4148,6.56,18.56
Ubicacion,2545,CONECTA_CON,Ubicacion,1914,4.04,5.53
Ubicacion,2545,CONECTA_CON,Ubicacion,4356,8.7,25.03
Ubicacion,2545,CONECTA_CON,Ubicacion,177,6.17,12.72
Ubicacion,2546,CONECTA_CON,Ubicacion,2739,2.04,2.2
Ubicacion,2546,CONECTA_CON,Ubicacion,2060,1.06,1.15
Ubicacion,2546,CONECTA_CON,Ubicacion,1185,3.06,4.89
Ubicacion,2547,CONECTA_CON,Ubicacion,4444,1.56,2.64
Ubicacion,2547,CONECTA_CON,Ubicacion,1058,9.72,12.48
Ubicacion,2547,CONECTA_CON,Ubicacion,2249,8.7,19.87
Ubicacion,2548,CONECTA_CON,Ubicacion,3876,6.49,7.48
Ubicacion,2548,CONECTA_CON,Ubicacion,982,4.32,4.47
Ubicacion,2548,CONECTA_CON,Ubicacion,4332,6.53,7.91
Ubicacion,2549,CONECTA_CON,Ubicacion,2756,6.69,12.95
Ubicacion,2549,CONECTA_CON,Ubicacion,1926,4.02,11.75
Ubicacion,2549,CONECTA_CON,Ubicacion,1053,9.69,11.97
Ubicacion,2550,CONECTA_CON,Ubicacion,3087,9.18,9.88
Ubicacion,2550,CONECTA_CON,Ubicacion,3355,2.23,3.34
Ubicacion,2550,CONECTA_CON,Ubicacion,4317,6.29,10.17
Ubicacion,2551,CONECTA_CON,Ubicacion,2401,3.74,3.95
Ubicacion,2551,CONECTA_CON,Ubicacion,4413,0.64,1.56
Ubicacion,2551,CONECTA_CON,Ubicacion,2505,5.28,6.15
Ubicacion,2552,CONECTA_CON,Ubicacion,4453,8.55,10.69
Ubicacion,2552,CONECTA_CON,Ubicacion,1089,0.9,1.48
Ubicacion,2552,CONECTA_CON,Ubicacion,3467,7.41,19.43
Ubicacion,2553,CONECTA_CON,Ubicacion,272,7.65,10.95
Ubicacion,2553,CONECTA_CON,Ubicacion,1274,4.42,4.54
Ubicacion,2553,CONECTA_CON,Ubicacion,879,6.69,14.81
Ubicacion,2554,CONECTA_CON,Ubicacion,4073,8.61,21.23
Ubicacion,2554,CONECTA_CON,Ubicacion,2791,7.3,11.68
Ubicacion,2554,CONECTA_CON,Ubicacion,1061,6.47,10.49
Ubicacion,2555,CONECTA_CON,Ubicacion,1905,1.53,2.62
Ubicacion,2555,CONECTA_CON,Ubicacion,80,2.29,6.39
Ubicacion,2555,CONECTA_CON,Ubicacion,2713,3.49,5.78
Ubicacion,2556,CONECTA_CON,Ubicacion,3163,1.97,4.58
Ubicacion,2556,CONECTA_CON,Ubicacion,3996,2.18,2.32
Ubicacion,2556,CONECTA_CON,Ubicacion,1258,3.88,11.48
Ubicacion,2557,CONECTA_CON,Ubicacion,275,7.48,16.11
Ubicacion,2557,CONECTA_CON,Ubicacion,3207,4.22,6.74
Ubicacion,2557,CONECTA_CON,Ubicacion,3996,3.4,6.36
Ubicacion,2558,CONECTA_CON,Ubicacion,1401,9.04,13.02
Ubicacion,2558,CONECTA_CON,Ubicacion,1662,1.72,4.95
Ubicacion,2558,CONECTA_CON,Ubicacion,4354,2.16,3.95
Ubicacion,2559,CONECTA_CON,Ubicacion,2546,1.78,4.41
Ubicacion,2559,CONECTA_CON,Ubicacion,3903,5.98,10.55
Ubicacion,2559,CONECTA_CON,Ubicacion,2952,2.83,4.0
Ubicacion,2560,CONECTA_CON,Ubicacion,1039,9.01,11.15
Ubicacion,2560,CONECTA_CON,Ubicacion,4825,4.88,10.77
Ubicacion,2560,CONECTA_CON,Ubicacion,2539,8.29,11.83
Ubicacion,2561,CONECTA_CON,Ubicacion,2269,7.32,10.93
Ubicacion,2561,CONECTA_CON,Ubicacion,16,0.55,1.55
Ubicacion,2561,CONECTA_CON,Ubicacion,548,2.44,2.57
Ubicacion,2562,CONECTA_CON,Ubicacion,1267,6.91,10.93
Ubicacion,2562,CONECTA_CON,Ubicacion,38,2.14,6.26
Ubicacion,2562,CONECTA_CON,Ubicacion,897,1.43,1.76
Ubicacion,2563,CONECTA_CON,Ubicacion,2439,9.03,10.58
Ubicacion,2563,CONECTA_CON,Ubicacion,3540,6.1,9.04
Ubicacion,2563,CONECTA_CON,Ubicacion,4294,5.09,6.94
Ubicacion,2564,CONECTA_CON,Ubicacion,4306,1.88,5.24
Ubicacion,2564,CONECTA_CON,Ubicacion,4556,2.97,6.22
Ubicacion,2564,CONECTA_CON,Ubicacion,1453,5.98,6.38
Ubicacion,2565,CONECTA_CON,Ubicacion,2462,3.57,4.27
Ubicacion,2565,CONECTA_CON,Ubicacion,3101,8.96,13.4
Ubicacion,2565,CONECTA_CON,Ubicacion,4340,2.03,2.34
Ubicacion,2566,CONECTA_CON,Ubicacion,2414,0.79,1.03
Ubicacion,2566,CONECTA_CON,Ubicacion,4640,3.47,4.0
Ubicacion,2566,CONECTA_CON,Ubicacion,2998,2.01,2.09
Ubicacion,2567,CONECTA_CON,Ubicacion,3718,9.63,11.22
Ubicacion,2567,CONECTA_CON,Ubicacion,2670,4.66,8.95
Ubicacion,2567,CONECTA_CON,Ubicacion,2968,1.23,2.45
Ubicacion,2568,CONECTA_CON,Ubicacion,2994,3.1,3.18
Ubicacion,2568,CONECTA_CON,Ubicacion,4725,4.9,5.08
Ubicacion,2568,CONECTA_CON,Ubicacion,2359,7.78,10.28
Ubicacion,2569,CONECTA_CON,Ubicacion,298,4.6,4.7
Ubicacion,2569,CONECTA_CON,Ubicacion,451,2.57,2.84
Ubicacion,2569,CONECTA_CON,Ubicacion,2028,6.46,11.6
Ubicacion,2570,CONECTA_CON,Ubicacion,2860,4.43,6.47
Ubicacion,2570,CONECTA_CON,Ubicacion,261,1.59,3.6
Ubicacion,2570,CONECTA_CON,Ubicacion,1999,9.78,12.78
Ubicacion,2571,CONECTA_CON,Ubicacion,1944,0.68,1.04
Ubicacion,2571,CONECTA_CON,Ubicacion,2657,9.96,18.95
Ubicacion,2571,CONECTA_CON,Ubicacion,4780,0.99,1.1
Ubicacion,2572,CONECTA_CON,Ubicacion,1108,5.53,9.87
Ubicacion,2572,CONECTA_CON,Ubicacion,787,0.87,1.05
Ubicacion,2572,CONECTA_CON,Ubicacion,4163,2.12,3.03
Ubicacion,2573,CONECTA_CON,Ubicacion,2089,8.82,14.82
Ubicacion,2573,CONECTA_CON,Ubicacion,1610,7.19,12.46
Ubicacion,2573,CONECTA_CON,Ubicacion,3649,3.92,6.74
Ubicacion,2574,CONECTA_CON,Ubicacion,3437,8.33,13.32
Ubicacion,2574,CONECTA_CON,Ubicacion,2148,9.42,24.81
Ubicacion,2574,CONECTA_CON,Ubicacion,4380,2.2,3.56
Ubicacion,2575,CONECTA_CON,Ubicacion,2923,7.45,7.9
Ubicacion,2575,CONECTA_CON,Ubicacion,2435,9.38,10.4
Ubicacion,2575,CONECTA_CON,Ubicacion,3011,9.83,19.75
Ubicacion,2576,CONECTA_CON,Ubicacion,2811,4.9,7.87
Ubicacion,2576,CONECTA_CON,Ubicacion,2040,4.82,11.06
Ubicacion,2576,CONECTA_CON,Ubicacion,4355,3.19,5.56
Ubicacion,2577,CONECTA_CON,Ubicacion,1139,7.74,8.31
Ubicacion,2577,CONECTA_CON,Ubicacion,2539,3.21,4.47
Ubicacion,2577,CONECTA_CON,Ubicacion,658,2.67,3.92
Ubicacion,2578,CONECTA_CON,Ubicacion,551,3.31,6.87
Ubicacion,2578,CONECTA_CON,Ubicacion,3580,4.29,10.65
Ubicacion,2578,CONECTA_CON,Ubicacion,4153,1.58,3.73
Ubicacion,2579,CONECTA_CON,Ubicacion,961,6.85,12.9
Ubicacion,2579,CONECTA_CON,Ubicacion,598,2.05,4.06
Ubicacion,2579,CONECTA_CON,Ubicacion,123,3.22,8.91
Ubicacion,2580,CONECTA_CON,Ubicacion,4608,0.91,1.03
Ubicacion,2580,CONECTA_CON,Ubicacion,4056,2.38,3.67
Ubicacion,2580,CONECTA_CON,Ubicacion,2583,3.24,7.83
Ubicacion,2581,CONECTA_CON,Ubicacion,3064,1.81,5.31
Ubicacion,2581,CONECTA_CON,Ubicacion,4623,5.02,5.52
Ubicacion,2581,CONECTA_CON,Ubicacion,4789,1.82,3.89
Ubicacion,2582,CONECTA_CON,Ubicacion,3305,0.72,0.86
Ubicacion,2582,CONECTA_CON,Ubicacion,1441,0.65,1.01
Ubicacion,2582,CONECTA_CON,Ubicacion,2196,9.8,9.83
Ubicacion,2583,CONECTA_CON,Ubicacion,4939,8.2,15.29
Ubicacion,2583,CONECTA_CON,Ubicacion,1229,9.19,24.49
Ubicacion,2583,CONECTA_CON,Ubicacion,1227,4.46,7.17
Ubicacion,2584,CONECTA_CON,Ubicacion,169,9.76,13.41
Ubicacion,2584,CONECTA_CON,Ubicacion,3742,9.52,21.28
Ubicacion,2584,CONECTA_CON,Ubicacion,3104,1.07,1.08
Ubicacion,2585,CONECTA_CON,Ubicacion,1870,1.1,1.54
Ubicacion,2585,CONECTA_CON,Ubicacion,770,7.95,11.19
Ubicacion,2585,CONECTA_CON,Ubicacion,2256,6.63,7.16
Ubicacion,2586,CONECTA_CON,Ubicacion,1959,7.42,8.8
Ubicacion,2586,CONECTA_CON,Ubicacion,1241,7.94,15.08
Ubicacion,2586,CONECTA_CON,Ubicacion,1747,3.25,3.63
Ubicacion,2587,CONECTA_CON,Ubicacion,3637,7.51,7.82
Ubicacion,2587,CONECTA_CON,Ubicacion,2349,8.31,8.9
Ubicacion,2587,CONECTA_CON,Ubicacion,2195,0.67,1.59
Ubicacion,2588,CONECTA_CON,Ubicacion,3041,2.21,3.7
Ubicacion,2588,CONECTA_CON,Ubicacion,1801,8.82,16.85
Ubicacion,2588,CONECTA_CON,Ubicacion,3709,2.29,2.45
Ubicacion,2589,CONECTA_CON,Ubicacion,1350,4.85,5.6
Ubicacion,2589,CONECTA_CON,Ubicacion,2597,2.99,3.31
Ubicacion,2589,CONECTA_CON,Ubicacion,2789,5.93,9.82
Ubicacion,2590,CONECTA_CON,Ubicacion,2936,8.26,15.59
Ubicacion,2590,CONECTA_CON,Ubicacion,4983,7.64,20.59
Ubicacion,2590,CONECTA_CON,Ubicacion,2473,5.35,6.04
Ubicacion,2591,CONECTA_CON,Ubicacion,1285,8.78,9.47
Ubicacion,2591,CONECTA_CON,Ubicacion,4343,9.43,23.53
Ubicacion,2591,CONECTA_CON,Ubicacion,680,6.96,8.28
Ubicacion,2592,CONECTA_CON,Ubicacion,4508,2.91,6.8
Ubicacion,2592,CONECTA_CON,Ubicacion,1673,7.37,22.02
Ubicacion,2592,CONECTA_CON,Ubicacion,1809,9.33,11.67
Ubicacion,2593,CONECTA_CON,Ubicacion,1710,4.62,11.36
Ubicacion,2593,CONECTA_CON,Ubicacion,1190,3.32,8.0
Ubicacion,2593,CONECTA_CON,Ubicacion,4505,5.99,11.16
Ubicacion,2594,CONECTA_CON,Ubicacion,1210,3.45,4.02
Ubicacion,2594,CONECTA_CON,Ubicacion,1201,7.33,14.17
Ubicacion,2594,CONECTA_CON,Ubicacion,4892,7.68,9.11
Ubicacion,2595,CONECTA_CON,Ubicacion,4886,5.06,14.23
Ubicacion,2595,CONECTA_CON,Ubicacion,2648,5.97,9.56
Ubicacion,2595,CONECTA_CON,Ubicacion,2240,6.83,6.92
Ubicacion,2596,CONECTA_CON,Ubicacion,1769,3.54,5.96
Ubicacion,2596,CONECTA_CON,Ubicacion,4770,5.49,6.7
Ubicacion,2596,CONECTA_CON,Ubicacion,952,8.44,14.29
Ubicacion,2597,CONECTA_CON,Ubicacion,3636,1.58,3.48
Ubicacion,2597,CONECTA_CON,Ubicacion,3054,6.38,13.37
Ubicacion,2597,CONECTA_CON,Ubicacion,2274,2.31,2.89
Ubicacion,2598,CONECTA_CON,Ubicacion,2037,0.92,0.96
Ubicacion,2598,CONECTA_CON,Ubicacion,4135,4.7,7.56
Ubicacion,2598,CONECTA_CON,Ubicacion,4486,6.29,9.54
Ubicacion,2599,CONECTA_CON,Ubicacion,1377,4.67,6.58
Ubicacion,2599,CONECTA_CON,Ubicacion,1069,6.6,15.95
Ubicacion,2599,CONECTA_CON,Ubicacion,503,4.86,8.13
Ubicacion,2600,CONECTA_CON,Ubicacion,741,3.62,3.88
Ubicacion,2600,CONECTA_CON,Ubicacion,4604,6.71,11.82
Ubicacion,2600,CONECTA_CON,Ubicacion,1221,4.49,4.61
Ubicacion,2601,CONECTA_CON,Ubicacion,3034,4.88,5.24
Ubicacion,2601,CONECTA_CON,Ubicacion,1264,5.33,6.13
Ubicacion,2601,CONECTA_CON,Ubicacion,3006,9.0,18.18
Ubicacion,2602,CONECTA_CON,Ubicacion,3144,4.45,12.35
Ubicacion,2602,CONECTA_CON,Ubicacion,1715,5.26,6.18
Ubicacion,2602,CONECTA_CON,Ubicacion,383,7.1,18.34
Ubicacion,2603,CONECTA_CON,Ubicacion,1991,6.46,12.09
Ubicacion,2603,CONECTA_CON,Ubicacion,574,9.76,11.61
Ubicacion,2603,CONECTA_CON,Ubicacion,4068,9.7,9.76
Ubicacion,2604,CONECTA_CON,Ubicacion,3760,3.78,6.49
Ubicacion,2604,CONECTA_CON,Ubicacion,2373,9.56,27.0
Ubicacion,2604,CONECTA_CON,Ubicacion,4373,9.73,23.65
Ubicacion,2605,CONECTA_CON,Ubicacion,4521,9.27,15.47
Ubicacion,2605,CONECTA_CON,Ubicacion,102,5.67,12.15
Ubicacion,2605,CONECTA_CON,Ubicacion,3736,9.1,9.57
Ubicacion,2606,CONECTA_CON,Ubicacion,2052,3.65,7.52
Ubicacion,2606,CONECTA_CON,Ubicacion,2649,5.19,5.37
Ubicacion,2606,CONECTA_CON,Ubicacion,465,5.22,14.01
Ubicacion,2607,CONECTA_CON,Ubicacion,4126,9.09,14.78
Ubicacion,2607,CONECTA_CON,Ubicacion,4428,5.15,9.57
Ubicacion,2607,CONECTA_CON,Ubicacion,1543,8.11,8.48
Ubicacion,2608,CONECTA_CON,Ubicacion,3520,7.02,13.99
Ubicacion,2608,CONECTA_CON,Ubicacion,3736,5.21,5.58
Ubicacion,2608,CONECTA_CON,Ubicacion,1838,8.45,10.4
Ubicacion,2609,CONECTA_CON,Ubicacion,230,9.21,9.55
Ubicacion,2609,CONECTA_CON,Ubicacion,1895,7.46,9.23
Ubicacion,2609,CONECTA_CON,Ubicacion,3447,4.02,7.64
Ubicacion,2610,CONECTA_CON,Ubicacion,3891,6.27,8.41
Ubicacion,2610,CONECTA_CON,Ubicacion,1289,9.28,11.08
Ubicacion,2610,CONECTA_CON,Ubicacion,527,8.3,10.22
Ubicacion,2611,CONECTA_CON,Ubicacion,3068,3.49,7.18
Ubicacion,2611,CONECTA_CON,Ubicacion,2261,5.47,8.04
Ubicacion,2611,CONECTA_CON,Ubicacion,3406,7.39,7.93
Ubicacion,2612,CONECTA_CON,Ubicacion,4780,4.76,6.77
Ubicacion,2612,CONECTA_CON,Ubicacion,4878,4.51,8.64
Ubicacion,2612,CONECTA_CON,Ubicacion,4599,3.15,8.27
Ubicacion,2613,CONECTA_CON,Ubicacion,3688,2.64,7.75
Ubicacion,2613,CONECTA_CON,Ubicacion,284,3.69,5.9
Ubicacion,2613,CONECTA_CON,Ubicacion,3864,9.2,11.44
Ubicacion,2614,CONECTA_CON,Ubicacion,116,8.35,10.07
Ubicacion,2614,CONECTA_CON,Ubicacion,4451,6.52,8.34
Ubicacion,2614,CONECTA_CON,Ubicacion,1634,4.41,11.51
Ubicacion,2615,CONECTA_CON,Ubicacion,1310,3.24,7.87
Ubicacion,2615,CONECTA_CON,Ubicacion,2588,2.07,3.07
Ubicacion,2615,CONECTA_CON,Ubicacion,278,3.48,3.94
Ubicacion,2616,CONECTA_CON,Ubicacion,1237,9.62,11.27
Ubicacion,2616,CONECTA_CON,Ubicacion,1832,7.36,19.95
Ubicacion,2616,CONECTA_CON,Ubicacion,4042,4.25,9.88
Ubicacion,2617,CONECTA_CON,Ubicacion,1449,2.44,4.07
Ubicacion,2617,CONECTA_CON,Ubicacion,1250,3.86,9.93
Ubicacion,2617,CONECTA_CON,Ubicacion,3034,1.77,3.12
Ubicacion,2618,CONECTA_CON,Ubicacion,4274,4.13,9.1
Ubicacion,2618,CONECTA_CON,Ubicacion,1403,7.44,10.78
Ubicacion,2618,CONECTA_CON,Ubicacion,2746,7.7,20.72
Ubicacion,2619,CONECTA_CON,Ubicacion,4103,8.51,15.01
Ubicacion,2619,CONECTA_CON,Ubicacion,1699,3.85,3.92
Ubicacion,2619,CONECTA_CON,Ubicacion,4281,9.41,16.51
Ubicacion,2620,CONECTA_CON,Ubicacion,2212,2.8,4.71
Ubicacion,2620,CONECTA_CON,Ubicacion,1755,1.96,3.64
Ubicacion,2620,CONECTA_CON,Ubicacion,3775,2.8,8.34
Ubicacion,2621,CONECTA_CON,Ubicacion,4039,4.46,6.11
Ubicacion,2621,CONECTA_CON,Ubicacion,3178,2.94,3.49
Ubicacion,2621,CONECTA_CON,Ubicacion,1931,3.99,7.14
Ubicacion,2622,CONECTA_CON,Ubicacion,2804,1.54,1.97
Ubicacion,2622,CONECTA_CON,Ubicacion,3938,7.92,10.56
Ubicacion,2622,CONECTA_CON,Ubicacion,4586,2.96,3.19
Ubicacion,2623,CONECTA_CON,Ubicacion,3707,3.47,7.06
Ubicacion,2623,CONECTA_CON,Ubicacion,976,5.5,6.53
Ubicacion,2623,CONECTA_CON,Ubicacion,1453,3.83,5.05
Ubicacion,2624,CONECTA_CON,Ubicacion,2244,9.19,9.71
Ubicacion,2624,CONECTA_CON,Ubicacion,1838,8.57,9.48
Ubicacion,2624,CONECTA_CON,Ubicacion,3384,7.87,8.1
Ubicacion,2625,CONECTA_CON,Ubicacion,798,2.37,3.43
Ubicacion,2625,CONECTA_CON,Ubicacion,655,5.72,7.98
Ubicacion,2625,CONECTA_CON,Ubicacion,2698,2.2,5.0
Ubicacion,2626,CONECTA_CON,Ubicacion,208,1.25,2.34
Ubicacion,2626,CONECTA_CON,Ubicacion,3942,8.82,10.35
Ubicacion,2626,CONECTA_CON,Ubicacion,150,4.18,8.06
Ubicacion,2627,CONECTA_CON,Ubicacion,4914,5.36,5.85
Ubicacion,2627,CONECTA_CON,Ubicacion,3197,4.11,9.36
Ubicacion,2627,CONECTA_CON,Ubicacion,2265,7.86,13.6
Ubicacion,2628,CONECTA_CON,Ubicacion,2193,5.33,7.57
Ubicacion,2628,CONECTA_CON,Ubicacion,4614,1.16,2.61
Ubicacion,2628,CONECTA_CON,Ubicacion,2514,4.73,8.41
Ubicacion,2629,CONECTA_CON,Ubicacion,44,9.36,22.59
Ubicacion,2629,CONECTA_CON,Ubicacion,3164,0.85,0.86
Ubicacion,2629,CONECTA_CON,Ubicacion,4196,1.67,3.3
Ubicacion,2630,CONECTA_CON,Ubicacion,2627,3.82,9.24
Ubicacion,2630,CONECTA_CON,Ubicacion,1011,3.59,6.64
Ubicacion,2630,CONECTA_CON,Ubicacion,2709,4.45,9.2
Ubicacion,2631,CONECTA_CON,Ubicacion,2573,2.26,4.15
Ubicacion,2631,CONECTA_CON,Ubicacion,3294,1.46,1.72
Ubicacion,2631,CONECTA_CON,Ubicacion,3401,7.33,20.37
Ubicacion,2632,CONECTA_CON,Ubicacion,2869,2.14,4.05
Ubicacion,2632,CONECTA_CON,Ubicacion,558,5.0,12.45
Ubicacion,2632,CONECTA_CON,Ubicacion,880,4.19,10.42
Ubicacion,2633,CONECTA_CON,Ubicacion,4922,9.87,13.64
Ubicacion,2633,CONECTA_CON,Ubicacion,4826,8.01,17.41
Ubicacion,2633,CONECTA_CON,Ubicacion,3170,5.36,10.98
Ubicacion,2634,CONECTA_CON,Ubicacion,4223,3.76,3.99
Ubicacion,2634,CONECTA_CON,Ubicacion,3799,7.57,11.37
Ubicacion,2634,CONECTA_CON,Ubicacion,3783,8.45,9.04
Ubicacion,2635,CONECTA_CON,Ubicacion,3305,0.99,1.46
Ubicacion,2635,CONECTA_CON,Ubicacion,1856,1.78,1.86
Ubicacion,2635,CONECTA_CON,Ubicacion,279,1.67,3.33
Ubicacion,2636,CONECTA_CON,Ubicacion,4301,1.28,1.65
Ubicacion,2636,CONECTA_CON,Ubicacion,16,7.01,8.2
Ubicacion,2636,CONECTA_CON,Ubicacion,4431,6.15,15.17
Ubicacion,2637,CONECTA_CON,Ubicacion,2235,5.8,9.37
Ubicacion,2637,CONECTA_CON,Ubicacion,14,7.17,15.39
Ubicacion,2637,CONECTA_CON,Ubicacion,4126,4.6,5.94
Ubicacion,2638,CONECTA_CON,Ubicacion,4221,8.32,23.5
Ubicacion,2638,CONECTA_CON,Ubicacion,3368,1.36,2.38
Ubicacion,2638,CONECTA_CON,Ubicacion,3938,5.67,15.65
Ubicacion,2639,CONECTA_CON,Ubicacion,1074,7.06,10.57
Ubicacion,2639,CONECTA_CON,Ubicacion,1169,1.5,2.13
Ubicacion,2639,CONECTA_CON,Ubicacion,4130,2.11,3.09
Ubicacion,2640,CONECTA_CON,Ubicacion,3152,7.88,8.02
Ubicacion,2640,CONECTA_CON,Ubicacion,1382,9.13,11.84
Ubicacion,2640,CONECTA_CON,Ubicacion,4925,5.68,6.32
Ubicacion,2641,CONECTA_CON,Ubicacion,1031,6.13,6.38
Ubicacion,2641,CONECTA_CON,Ubicacion,2757,6.77,13.69
Ubicacion,2641,CONECTA_CON,Ubicacion,808,2.0,2.45
Ubicacion,2642,CONECTA_CON,Ubicacion,269,7.65,7.91
Ubicacion,2642,CONECTA_CON,Ubicacion,4752,0.55,0.68
Ubicacion,2642,CONECTA_CON,Ubicacion,4736,1.75,2.15
Ubicacion,2643,CONECTA_CON,Ubicacion,1915,4.43,4.94
Ubicacion,2643,CONECTA_CON,Ubicacion,3760,3.67,4.22
Ubicacion,2643,CONECTA_CON,Ubicacion,1316,7.78,13.36
Ubicacion,2644,CONECTA_CON,Ubicacion,4462,3.78,4.83
Ubicacion,2644,CONECTA_CON,Ubicacion,4817,7.33,7.91
Ubicacion,2644,CONECTA_CON,Ubicacion,822,0.68,0.76
Ubicacion,2645,CONECTA_CON,Ubicacion,2848,1.59,2.29
Ubicacion,2645,CONECTA_CON,Ubicacion,167,2.32,2.37
Ubicacion,2645,CONECTA_CON,Ubicacion,4878,6.91,8.08
Ubicacion,2646,CONECTA_CON,Ubicacion,3003,1.33,1.79
Ubicacion,2646,CONECTA_CON,Ubicacion,200,7.94,21.33
Ubicacion,2646,CONECTA_CON,Ubicacion,2437,9.34,10.59
Ubicacion,2647,CONECTA_CON,Ubicacion,3328,7.0,9.28
Ubicacion,2647,CONECTA_CON,Ubicacion,3480,4.28,4.68
Ubicacion,2647,CONECTA_CON,Ubicacion,1306,7.33,11.71
Ubicacion,2648,CONECTA_CON,Ubicacion,2005,4.95,14.61
Ubicacion,2648,CONECTA_CON,Ubicacion,456,9.39,10.75
Ubicacion,2648,CONECTA_CON,Ubicacion,2893,0.63,0.78
Ubicacion,2649,CONECTA_CON,Ubicacion,4809,2.24,4.63
Ubicacion,2649,CONECTA_CON,Ubicacion,3666,4.12,6.71
Ubicacion,2649,CONECTA_CON,Ubicacion,2298,7.95,12.45
Ubicacion,2650,CONECTA_CON,Ubicacion,846,8.51,18.77
Ubicacion,2650,CONECTA_CON,Ubicacion,4558,8.38,16.0
Ubicacion,2650,CONECTA_CON,Ubicacion,1762,6.62,19.55
Ubicacion,2651,CONECTA_CON,Ubicacion,3593,3.84,4.58
Ubicacion,2651,CONECTA_CON,Ubicacion,4586,4.52,10.52
Ubicacion,2651,CONECTA_CON,Ubicacion,3259,9.13,10.12
Ubicacion,2652,CONECTA_CON,Ubicacion,2019,7.62,10.18
Ubicacion,2652,CONECTA_CON,Ubicacion,2500,7.62,8.66
Ubicacion,2652,CONECTA_CON,Ubicacion,2337,4.55,11.38
Ubicacion,2653,CONECTA_CON,Ubicacion,4400,1.84,3.38
Ubicacion,2653,CONECTA_CON,Ubicacion,2390,1.99,4.52
Ubicacion,2653,CONECTA_CON,Ubicacion,3568,7.13,8.02
Ubicacion,2654,CONECTA_CON,Ubicacion,3677,5.19,10.47
Ubicacion,2654,CONECTA_CON,Ubicacion,628,1.96,4.44
Ubicacion,2654,CONECTA_CON,Ubicacion,4219,9.71,12.35
Ubicacion,2655,CONECTA_CON,Ubicacion,1590,4.36,7.51
Ubicacion,2655,CONECTA_CON,Ubicacion,1940,2.63,2.79
Ubicacion,2655,CONECTA_CON,Ubicacion,1520,4.99,5.04
Ubicacion,2656,CONECTA_CON,Ubicacion,4924,2.21,2.31
Ubicacion,2656,CONECTA_CON,Ubicacion,3710,7.46,10.64
Ubicacion,2656,CONECTA_CON,Ubicacion,2912,8.25,9.95
Ubicacion,2657,CONECTA_CON,Ubicacion,183,1.55,2.47
Ubicacion,2657,CONECTA_CON,Ubicacion,265,9.25,26.28
Ubicacion,2657,CONECTA_CON,Ubicacion,2474,9.15,17.37
Ubicacion,2658,CONECTA_CON,Ubicacion,1019,6.92,8.92
Ubicacion,2658,CONECTA_CON,Ubicacion,1614,5.63,12.51
Ubicacion,2658,CONECTA_CON,Ubicacion,2766,2.23,2.32
Ubicacion,2659,CONECTA_CON,Ubicacion,1824,8.87,9.27
Ubicacion,2659,CONECTA_CON,Ubicacion,2658,1.95,2.63
Ubicacion,2659,CONECTA_CON,Ubicacion,233,1.98,3.16
Ubicacion,2660,CONECTA_CON,Ubicacion,2186,9.41,10.48
Ubicacion,2660,CONECTA_CON,Ubicacion,2641,7.09,12.23
Ubicacion,2660,CONECTA_CON,Ubicacion,3151,5.15,14.04
Ubicacion,2661,CONECTA_CON,Ubicacion,488,7.9,18.14
Ubicacion,2661,CONECTA_CON,Ubicacion,4794,5.2,5.75
Ubicacion,2661,CONECTA_CON,Ubicacion,3036,7.56,12.11
Ubicacion,2662,CONECTA_CON,Ubicacion,775,1.63,3.7
Ubicacion,2662,CONECTA_CON,Ubicacion,1289,9.54,12.16
Ubicacion,2662,CONECTA_CON,Ubicacion,3074,1.54,4.2
Ubicacion,2663,CONECTA_CON,Ubicacion,2744,4.46,11.94
Ubicacion,2663,CONECTA_CON,Ubicacion,4959,7.03,7.94
Ubicacion,2663,CONECTA_CON,Ubicacion,483,7.23,14.42
Ubicacion,2664,CONECTA_CON,Ubicacion,3514,5.89,7.09
Ubicacion,2664,CONECTA_CON,Ubicacion,3791,0.93,1.64
Ubicacion,2664,CONECTA_CON,Ubicacion,987,6.72,11.82
Ubicacion,2665,CONECTA_CON,Ubicacion,538,5.58,16.61
Ubicacion,2665,CONECTA_CON,Ubicacion,816,6.75,16.81
Ubicacion,2665,CONECTA_CON,Ubicacion,4328,7.74,9.51
Ubicacion,2666,CONECTA_CON,Ubicacion,1062,6.96,9.06
Ubicacion,2666,CONECTA_CON,Ubicacion,493,9.83,25.22
Ubicacion,2666,CONECTA_CON,Ubicacion,3135,1.19,2.54
Ubicacion,2667,CONECTA_CON,Ubicacion,877,6.79,7.56
Ubicacion,2667,CONECTA_CON,Ubicacion,3,4.38,8.72
Ubicacion,2667,CONECTA_CON,Ubicacion,2690,6.17,17.34
Ubicacion,2668,CONECTA_CON,Ubicacion,45,8.37,9.55
Ubicacion,2668,CONECTA_CON,Ubicacion,1366,3.37,3.76
Ubicacion,2668,CONECTA_CON,Ubicacion,3532,3.94,4.71
Ubicacion,2669,CONECTA_CON,Ubicacion,1494,3.57,4.65
Ubicacion,2669,CONECTA_CON,Ubicacion,3306,6.52,15.26
Ubicacion,2669,CONECTA_CON,Ubicacion,2928,3.18,5.84
Ubicacion,2670,CONECTA_CON,Ubicacion,808,6.57,6.85
Ubicacion,2670,CONECTA_CON,Ubicacion,4152,1.39,1.91
Ubicacion,2670,CONECTA_CON,Ubicacion,3982,2.35,2.84
Ubicacion,2671,CONECTA_CON,Ubicacion,853,9.23,14.91
Ubicacion,2671,CONECTA_CON,Ubicacion,2573,4.23,8.07
Ubicacion,2671,CONECTA_CON,Ubicacion,2028,6.27,14.06
Ubicacion,2672,CONECTA_CON,Ubicacion,453,6.11,17.22
Ubicacion,2672,CONECTA_CON,Ubicacion,2124,5.34,10.35
Ubicacion,2672,CONECTA_CON,Ubicacion,1396,5.24,8.61
Ubicacion,2673,CONECTA_CON,Ubicacion,3600,1.18,2.13
Ubicacion,2673,CONECTA_CON,Ubicacion,4531,8.34,12.17
Ubicacion,2673,CONECTA_CON,Ubicacion,3834,6.41,18.13
Ubicacion,2674,CONECTA_CON,Ubicacion,2226,7.97,18.89
Ubicacion,2674,CONECTA_CON,Ubicacion,2078,1.16,2.86
Ubicacion,2674,CONECTA_CON,Ubicacion,1360,0.8,0.82
Ubicacion,2675,CONECTA_CON,Ubicacion,3299,3.49,5.44
Ubicacion,2675,CONECTA_CON,Ubicacion,3730,8.49,17.86
Ubicacion,2675,CONECTA_CON,Ubicacion,2421,7.02,12.72
Ubicacion,2676,CONECTA_CON,Ubicacion,548,3.3,4.65
Ubicacion,2676,CONECTA_CON,Ubicacion,3874,2.25,4.98
Ubicacion,2676,CONECTA_CON,Ubicacion,3846,5.29,7.22
Ubicacion,2677,CONECTA_CON,Ubicacion,4015,1.75,2.04
Ubicacion,2677,CONECTA_CON,Ubicacion,622,3.02,5.11
Ubicacion,2677,CONECTA_CON,Ubicacion,292,4.34,5.78
Ubicacion,2678,CONECTA_CON,Ubicacion,4702,2.99,5.08
Ubicacion,2678,CONECTA_CON,Ubicacion,4054,8.65,9.47
Ubicacion,2678,CONECTA_CON,Ubicacion,4645,6.83,8.83
Ubicacion,2679,CONECTA_CON,Ubicacion,3729,3.55,8.36
Ubicacion,2679,CONECTA_CON,Ubicacion,4483,4.42,9.37
Ubicacion,2679,CONECTA_CON,Ubicacion,592,2.5,3.21
Ubicacion,2680,CONECTA_CON,Ubicacion,528,2.64,5.05
Ubicacion,2680,CONECTA_CON,Ubicacion,3019,1.18,1.21
Ubicacion,2680,CONECTA_CON,Ubicacion,4173,7.17,21.19
Ubicacion,2681,CONECTA_CON,Ubicacion,3948,1.87,4.15
Ubicacion,2681,CONECTA_CON,Ubicacion,1078,1.79,2.52
Ubicacion,2681,CONECTA_CON,Ubicacion,2954,9.48,20.4
Ubicacion,2682,CONECTA_CON,Ubicacion,1693,2.41,2.96
Ubicacion,2682,CONECTA_CON,Ubicacion,690,8.21,9.63
Ubicacion,2682,CONECTA_CON,Ubicacion,3391,3.08,4.0
Ubicacion,2683,CONECTA_CON,Ubicacion,789,8.01,14.7
Ubicacion,2683,CONECTA_CON,Ubicacion,3538,1.84,1.87
Ubicacion,2683,CONECTA_CON,Ubicacion,778,1.09,1.54
Ubicacion,2684,CONECTA_CON,Ubicacion,3465,5.08,14.02
Ubicacion,2684,CONECTA_CON,Ubicacion,3703,6.87,7.92
Ubicacion,2684,CONECTA_CON,Ubicacion,4451,5.33,5.8
Ubicacion,2685,CONECTA_CON,Ubicacion,4916,3.9,7.03
Ubicacion,2685,CONECTA_CON,Ubicacion,4072,9.58,17.76
Ubicacion,2685,CONECTA_CON,Ubicacion,1773,4.0,9.12
Ubicacion,2686,CONECTA_CON,Ubicacion,2592,1.7,4.47
Ubicacion,2686,CONECTA_CON,Ubicacion,3794,2.3,6.83
Ubicacion,2686,CONECTA_CON,Ubicacion,114,4.79,6.01
Ubicacion,2687,CONECTA_CON,Ubicacion,4700,6.11,16.67
Ubicacion,2687,CONECTA_CON,Ubicacion,4772,8.82,16.66
Ubicacion,2687,CONECTA_CON,Ubicacion,4203,1.77,2.36
Ubicacion,2688,CONECTA_CON,Ubicacion,1713,8.37,22.59
Ubicacion,2688,CONECTA_CON,Ubicacion,3866,3.94,5.85
Ubicacion,2688,CONECTA_CON,Ubicacion,3359,7.9,7.93
Ubicacion,2689,CONECTA_CON,Ubicacion,3042,6.14,9.69
Ubicacion,2689,CONECTA_CON,Ubicacion,1756,1.42,1.49
Ubicacion,2689,CONECTA_CON,Ubicacion,4393,9.09,12.09
Ubicacion,2690,CONECTA_CON,Ubicacion,1122,1.08,1.31
Ubicacion,2690,CONECTA_CON,Ubicacion,2343,6.46,14.43
Ubicacion,2690,CONECTA_CON,Ubicacion,972,2.49,2.73
Ubicacion,2691,CONECTA_CON,Ubicacion,4351,4.18,8.11
Ubicacion,2691,CONECTA_CON,Ubicacion,1352,1.83,1.83
Ubicacion,2691,CONECTA_CON,Ubicacion,4524,4.69,11.24
Ubicacion,2692,CONECTA_CON,Ubicacion,4832,6.53,6.58
Ubicacion,2692,CONECTA_CON,Ubicacion,2826,6.23,7.7
Ubicacion,2692,CONECTA_CON,Ubicacion,2108,5.28,5.72
Ubicacion,2693,CONECTA_CON,Ubicacion,787,5.0,11.88
Ubicacion,2693,CONECTA_CON,Ubicacion,1145,3.14,5.85
Ubicacion,2693,CONECTA_CON,Ubicacion,3100,5.49,9.0
Ubicacion,2694,CONECTA_CON,Ubicacion,4261,7.03,19.96
Ubicacion,2694,CONECTA_CON,Ubicacion,206,5.31,9.22
Ubicacion,2694,CONECTA_CON,Ubicacion,2567,6.34,8.33
Ubicacion,2695,CONECTA_CON,Ubicacion,2179,7.75,9.72
Ubicacion,2695,CONECTA_CON,Ubicacion,4357,7.8,13.51
Ubicacion,2695,CONECTA_CON,Ubicacion,1329,5.61,6.53
Ubicacion,2696,CONECTA_CON,Ubicacion,4393,5.28,7.23
Ubicacion,2696,CONECTA_CON,Ubicacion,4911,1.96,2.24
Ubicacion,2696,CONECTA_CON,Ubicacion,4853,1.58,2.62
Ubicacion,2697,CONECTA_CON,Ubicacion,143,6.87,7.75
Ubicacion,2697,CONECTA_CON,Ubicacion,1348,4.81,6.39
Ubicacion,2697,CONECTA_CON,Ubicacion,2219,9.74,18.24
Ubicacion,2698,CONECTA_CON,Ubicacion,3546,5.51,7.03
Ubicacion,2698,CONECTA_CON,Ubicacion,4276,5.57,8.27
Ubicacion,2698,CONECTA_CON,Ubicacion,4679,2.97,4.11
Ubicacion,2699,CONECTA_CON,Ubicacion,2793,8.56,9.47
Ubicacion,2699,CONECTA_CON,Ubicacion,4749,2.82,4.33
Ubicacion,2699,CONECTA_CON,Ubicacion,4674,9.61,13.59
Ubicacion,2700,CONECTA_CON,Ubicacion,2918,6.34,13.99
Ubicacion,2700,CONECTA_CON,Ubicacion,4009,1.74,2.35
Ubicacion,2700,CONECTA_CON,Ubicacion,4477,1.3,2.75
Ubicacion,2701,CONECTA_CON,Ubicacion,1271,2.74,2.79
Ubicacion,2701,CONECTA_CON,Ubicacion,3283,0.75,1.29
Ubicacion,2701,CONECTA_CON,Ubicacion,1451,8.73,20.66
Ubicacion,2702,CONECTA_CON,Ubicacion,1553,6.3,10.79
Ubicacion,2702,CONECTA_CON,Ubicacion,2084,3.64,4.24
Ubicacion,2702,CONECTA_CON,Ubicacion,2920,0.77,0.98
Ubicacion,2703,CONECTA_CON,Ubicacion,3449,1.43,2.09
Ubicacion,2703,CONECTA_CON,Ubicacion,2253,5.9,9.45
Ubicacion,2703,CONECTA_CON,Ubicacion,1867,8.73,13.19
Ubicacion,2704,CONECTA_CON,Ubicacion,2479,6.57,12.63
Ubicacion,2704,CONECTA_CON,Ubicacion,2397,1.92,2.07
Ubicacion,2704,CONECTA_CON,Ubicacion,4055,2.02,2.1
Ubicacion,2705,CONECTA_CON,Ubicacion,3681,8.79,14.08
Ubicacion,2705,CONECTA_CON,Ubicacion,780,2.23,4.75
Ubicacion,2705,CONECTA_CON,Ubicacion,4888,4.53,6.1
Ubicacion,2706,CONECTA_CON,Ubicacion,3944,4.96,6.94
Ubicacion,2706,CONECTA_CON,Ubicacion,3913,6.14,6.94
Ubicacion,2707,CONECTA_CON,Ubicacion,197,4.77,6.66
Ubicacion,2707,CONECTA_CON,Ubicacion,4770,1.55,4.5
Ubicacion,2707,CONECTA_CON,Ubicacion,212,2.64,2.78
Ubicacion,2708,CONECTA_CON,Ubicacion,176,6.1,13.04
Ubicacion,2708,CONECTA_CON,Ubicacion,1131,9.33,12.67
Ubicacion,2708,CONECTA_CON,Ubicacion,1527,9.53,22.11
Ubicacion,2709,CONECTA_CON,Ubicacion,1046,5.77,5.79
Ubicacion,2709,CONECTA_CON,Ubicacion,1262,6.65,8.78
Ubicacion,2709,CONECTA_CON,Ubicacion,4119,6.83,8.43
Ubicacion,2710,CONECTA_CON,Ubicacion,4346,8.6,19.3
Ubicacion,2710,CONECTA_CON,Ubicacion,3137,8.33,8.36
Ubicacion,2710,CONECTA_CON,Ubicacion,1664,8.07,8.08
Ubicacion,2711,CONECTA_CON,Ubicacion,3374,2.02,5.22
Ubicacion,2711,CONECTA_CON,Ubicacion,1109,2.3,5.84
Ubicacion,2711,CONECTA_CON,Ubicacion,4081,8.89,9.9
Ubicacion,2712,CONECTA_CON,Ubicacion,4693,5.82,6.76
Ubicacion,2712,CONECTA_CON,Ubicacion,1773,5.81,6.37
Ubicacion,2712,CONECTA_CON,Ubicacion,1548,6.98,8.12
Ubicacion,2713,CONECTA_CON,Ubicacion,3276,5.23,9.58
Ubicacion,2713,CONECTA_CON,Ubicacion,51,5.94,6.36
Ubicacion,2713,CONECTA_CON,Ubicacion,2317,2.11,2.2
Ubicacion,2714,CONECTA_CON,Ubicacion,4812,7.52,8.38
Ubicacion,2714,CONECTA_CON,Ubicacion,4895,1.2,1.3
Ubicacion,2714,CONECTA_CON,Ubicacion,3696,8.92,12.79
Ubicacion,2715,CONECTA_CON,Ubicacion,1541,8.05,15.1
Ubicacion,2715,CONECTA_CON,Ubicacion,923,4.98,7.39
Ubicacion,2715,CONECTA_CON,Ubicacion,3576,3.95,4.08
Ubicacion,2716,CONECTA_CON,Ubicacion,2898,1.88,3.41
Ubicacion,2716,CONECTA_CON,Ubicacion,1457,2.58,6.99
Ubicacion,2716,CONECTA_CON,Ubicacion,2323,0.64,1.69
Ubicacion,2717,CONECTA_CON,Ubicacion,2248,8.48,10.24
Ubicacion,2717,CONECTA_CON,Ubicacion,1093,1.13,1.26
Ubicacion,2717,CONECTA_CON,Ubicacion,1277,3.67,5.5
Ubicacion,2718,CONECTA_CON,Ubicacion,4962,3.67,10.99
Ubicacion,2718,CONECTA_CON,Ubicacion,3971,0.84,1.43
Ubicacion,2718,CONECTA_CON,Ubicacion,4539,1.27,2.2
Ubicacion,2719,CONECTA_CON,Ubicacion,337,5.16,7.35
Ubicacion,2719,CONECTA_CON,Ubicacion,76,4.06,4.66
Ubicacion,2719,CONECTA_CON,Ubicacion,4948,3.37,5.51
Ubicacion,2720,CONECTA_CON,Ubicacion,3045,3.08,8.24
Ubicacion,2720,CONECTA_CON,Ubicacion,39,4.34,5.65
Ubicacion,2720,CONECTA_CON,Ubicacion,4317,9.92,9.93
Ubicacion,2721,CONECTA_CON,Ubicacion,4268,4.79,5.35
Ubicacion,2721,CONECTA_CON,Ubicacion,3660,5.75,10.02
Ubicacion,2721,CONECTA_CON,Ubicacion,2391,1.18,1.92
Ubicacion,2722,CONECTA_CON,Ubicacion,3875,7.07,8.12
Ubicacion,2722,CONECTA_CON,Ubicacion,819,0.7,1.43
Ubicacion,2722,CONECTA_CON,Ubicacion,2019,3.5,5.73
Ubicacion,2723,CONECTA_CON,Ubicacion,2648,6.3,14.11
Ubicacion,2723,CONECTA_CON,Ubicacion,2886,5.98,13.75
Ubicacion,2723,CONECTA_CON,Ubicacion,3339,4.46,4.7
Ubicacion,2724,CONECTA_CON,Ubicacion,2804,4.01,5.77
Ubicacion,2724,CONECTA_CON,Ubicacion,1412,6.16,7.69
Ubicacion,2724,CONECTA_CON,Ubicacion,4334,9.12,9.79
Ubicacion,2725,CONECTA_CON,Ubicacion,4873,2.61,3.04
Ubicacion,2725,CONECTA_CON,Ubicacion,973,8.25,12.7
Ubicacion,2725,CONECTA_CON,Ubicacion,4152,4.26,4.34
Ubicacion,2726,CONECTA_CON,Ubicacion,3991,6.12,16.34
Ubicacion,2726,CONECTA_CON,Ubicacion,1990,7.75,21.05
Ubicacion,2726,CONECTA_CON,Ubicacion,4343,3.52,10.11
Ubicacion,2727,CONECTA_CON,Ubicacion,904,8.34,14.06
Ubicacion,2727,CONECTA_CON,Ubicacion,431,7.29,7.76
Ubicacion,2727,CONECTA_CON,Ubicacion,3406,8.26,11.77
Ubicacion,2728,CONECTA_CON,Ubicacion,476,8.56,8.67
Ubicacion,2728,CONECTA_CON,Ubicacion,4080,4.95,6.85
Ubicacion,2728,CONECTA_CON,Ubicacion,2787,0.76,0.78
Ubicacion,2729,CONECTA_CON,Ubicacion,4407,7.02,17.48
Ubicacion,2729,CONECTA_CON,Ubicacion,2828,4.98,6.25
Ubicacion,2729,CONECTA_CON,Ubicacion,558,5.06,12.37
Ubicacion,2730,CONECTA_CON,Ubicacion,645,9.62,13.34
Ubicacion,2730,CONECTA_CON,Ubicacion,1410,9.65,12.17
Ubicacion,2730,CONECTA_CON,Ubicacion,3147,9.92,28.81
Ubicacion,2731,CONECTA_CON,Ubicacion,2644,9.9,10.94
Ubicacion,2731,CONECTA_CON,Ubicacion,4250,1.51,2.16
Ubicacion,2731,CONECTA_CON,Ubicacion,1644,1.66,3.12
Ubicacion,2732,CONECTA_CON,Ubicacion,1368,4.6,7.87
Ubicacion,2732,CONECTA_CON,Ubicacion,4175,1.98,3.63
Ubicacion,2732,CONECTA_CON,Ubicacion,639,8.28,12.66
Ubicacion,2733,CONECTA_CON,Ubicacion,1063,1.25,2.76
Ubicacion,2733,CONECTA_CON,Ubicacion,1817,8.54,18.62
Ubicacion,2733,CONECTA_CON,Ubicacion,595,1.05,1.17
Ubicacion,2734,CONECTA_CON,Ubicacion,892,5.18,6.93
Ubicacion,2734,CONECTA_CON,Ubicacion,3188,6.85,7.27
Ubicacion,2734,CONECTA_CON,Ubicacion,1169,1.6,1.63
Ubicacion,2735,CONECTA_CON,Ubicacion,162,3.09,3.82
Ubicacion,2735,CONECTA_CON,Ubicacion,1623,2.63,3.01
Ubicacion,2735,CONECTA_CON,Ubicacion,3644,0.77,1.18
Ubicacion,2736,CONECTA_CON,Ubicacion,2584,9.21,13.6
Ubicacion,2736,CONECTA_CON,Ubicacion,1068,9.03,10.6
Ubicacion,2736,CONECTA_CON,Ubicacion,2142,2.97,3.25
Ubicacion,2737,CONECTA_CON,Ubicacion,1956,7.49,10.64
Ubicacion,2737,CONECTA_CON,Ubicacion,4595,8.62,19.86
Ubicacion,2737,CONECTA_CON,Ubicacion,3162,5.85,7.57
Ubicacion,2738,CONECTA_CON,Ubicacion,3200,1.49,1.58
Ubicacion,2738,CONECTA_CON,Ubicacion,759,9.32,15.04
Ubicacion,2738,CONECTA_CON,Ubicacion,1762,1.53,2.19
Ubicacion,2739,CONECTA_CON,Ubicacion,4555,4.79,4.9
Ubicacion,2739,CONECTA_CON,Ubicacion,344,2.7,2.9
Ubicacion,2739,CONECTA_CON,Ubicacion,3126,7.13,7.75
Ubicacion,2740,CONECTA_CON,Ubicacion,2640,8.86,22.52
Ubicacion,2740,CONECTA_CON,Ubicacion,129,3.02,4.49
Ubicacion,2740,CONECTA_CON,Ubicacion,37,7.28,17.22
Ubicacion,2741,CONECTA_CON,Ubicacion,1645,7.11,10.58
Ubicacion,2741,CONECTA_CON,Ubicacion,2344,6.83,7.69
Ubicacion,2741,CONECTA_CON,Ubicacion,4010,7.05,14.58
Ubicacion,2742,CONECTA_CON,Ubicacion,656,8.71,11.66
Ubicacion,2742,CONECTA_CON,Ubicacion,2425,6.23,17.63
Ubicacion,2742,CONECTA_CON,Ubicacion,2909,0.76,0.95
Ubicacion,2743,CONECTA_CON,Ubicacion,2767,3.43,5.92
Ubicacion,2743,CONECTA_CON,Ubicacion,1282,6.2,12.62
Ubicacion,2743,CONECTA_CON,Ubicacion,4803,6.8,7.42
Ubicacion,2744,CONECTA_CON,Ubicacion,1495,6.25,14.23
Ubicacion,2744,CONECTA_CON,Ubicacion,3966,5.92,11.07
Ubicacion,2744,CONECTA_CON,Ubicacion,4337,5.65,14.77
Ubicacion,2745,CONECTA_CON,Ubicacion,874,9.11,15.65
Ubicacion,2745,CONECTA_CON,Ubicacion,625,6.53,8.11
Ubicacion,2745,CONECTA_CON,Ubicacion,1802,9.83,15.22
Ubicacion,2746,CONECTA_CON,Ubicacion,1531,7.23,8.95
Ubicacion,2746,CONECTA_CON,Ubicacion,2308,3.05,3.12
Ubicacion,2746,CONECTA_CON,Ubicacion,3530,8.46,9.84
Ubicacion,2747,CONECTA_CON,Ubicacion,233,9.09,18.89
Ubicacion,2747,CONECTA_CON,Ubicacion,2709,9.04,12.26
Ubicacion,2747,CONECTA_CON,Ubicacion,4883,1.33,1.54
Ubicacion,2748,CONECTA_CON,Ubicacion,3399,8.23,15.57
Ubicacion,2748,CONECTA_CON,Ubicacion,1392,1.43,1.72
Ubicacion,2748,CONECTA_CON,Ubicacion,3115,1.28,1.62
Ubicacion,2749,CONECTA_CON,Ubicacion,4250,8.33,11.22
Ubicacion,2749,CONECTA_CON,Ubicacion,2963,7.08,8.37
Ubicacion,2749,CONECTA_CON,Ubicacion,441,4.09,5.5
Ubicacion,2750,CONECTA_CON,Ubicacion,3558,1.91,2.05
Ubicacion,2750,CONECTA_CON,Ubicacion,2932,5.87,7.1
Ubicacion,2750,CONECTA_CON,Ubicacion,1062,3.15,4.37
Ubicacion,2751,CONECTA_CON,Ubicacion,2674,1.56,2.43
Ubicacion,2751,CONECTA_CON,Ubicacion,4632,9.3,9.65
Ubicacion,2751,CONECTA_CON,Ubicacion,3223,6.64,18.36
Ubicacion,2752,CONECTA_CON,Ubicacion,3911,3.18,5.71
Ubicacion,2752,CONECTA_CON,Ubicacion,4027,3.01,4.16
Ubicacion,2752,CONECTA_CON,Ubicacion,2271,9.05,26.41
Ubicacion,2753,CONECTA_CON,Ubicacion,3091,7.15,9.04
Ubicacion,2753,CONECTA_CON,Ubicacion,1725,8.17,8.64
Ubicacion,2753,CONECTA_CON,Ubicacion,3621,2.22,2.9
Ubicacion,2754,CONECTA_CON,Ubicacion,629,9.62,27.81
Ubicacion,2754,CONECTA_CON,Ubicacion,3765,1.04,2.06
Ubicacion,2754,CONECTA_CON,Ubicacion,3164,9.9,11.19
Ubicacion,2755,CONECTA_CON,Ubicacion,1985,9.86,11.64
Ubicacion,2755,CONECTA_CON,Ubicacion,2815,3.46,7.81
Ubicacion,2755,CONECTA_CON,Ubicacion,4870,3.31,8.84
Ubicacion,2756,CONECTA_CON,Ubicacion,4323,3.45,6.79
Ubicacion,2756,CONECTA_CON,Ubicacion,4121,1.71,4.53
Ubicacion,2756,CONECTA_CON,Ubicacion,721,2.53,2.78
Ubicacion,2757,CONECTA_CON,Ubicacion,2937,1.03,1.3
Ubicacion,2757,CONECTA_CON,Ubicacion,696,2.48,2.75
Ubicacion,2757,CONECTA_CON,Ubicacion,1291,3.15,5.13
Ubicacion,2758,CONECTA_CON,Ubicacion,1140,0.76,1.5
Ubicacion,2758,CONECTA_CON,Ubicacion,412,5.59,9.42
Ubicacion,2758,CONECTA_CON,Ubicacion,573,6.89,18.37
Ubicacion,2759,CONECTA_CON,Ubicacion,2282,3.07,5.78
Ubicacion,2759,CONECTA_CON,Ubicacion,1504,4.92,6.45
Ubicacion,2759,CONECTA_CON,Ubicacion,4374,9.97,14.4
Ubicacion,2760,CONECTA_CON,Ubicacion,3864,6.11,12.5
Ubicacion,2760,CONECTA_CON,Ubicacion,481,8.72,11.94
Ubicacion,2760,CONECTA_CON,Ubicacion,3205,1.81,1.86
Ubicacion,2761,CONECTA_CON,Ubicacion,2621,8.89,9.03
Ubicacion,2761,CONECTA_CON,Ubicacion,4829,4.64,4.85
Ubicacion,2761,CONECTA_CON,Ubicacion,1251,7.24,7.66
Ubicacion,2762,CONECTA_CON,Ubicacion,4198,7.27,10.17
Ubicacion,2762,CONECTA_CON,Ubicacion,4280,7.04,8.79
Ubicacion,2762,CONECTA_CON,Ubicacion,1526,0.74,1.49
Ubicacion,2763,CONECTA_CON,Ubicacion,4994,9.62,10.88
Ubicacion,2763,CONECTA_CON,Ubicacion,257,7.44,7.69
Ubicacion,2763,CONECTA_CON,Ubicacion,1814,4.47,9.21
Ubicacion,2764,CONECTA_CON,Ubicacion,1419,9.74,10.8
Ubicacion,2764,CONECTA_CON,Ubicacion,4268,9.76,24.54
Ubicacion,2764,CONECTA_CON,Ubicacion,2151,7.45,20.37
Ubicacion,2765,CONECTA_CON,Ubicacion,747,8.36,9.59
Ubicacion,2765,CONECTA_CON,Ubicacion,4591,8.98,16.0
Ubicacion,2765,CONECTA_CON,Ubicacion,3253,5.67,8.2
Ubicacion,2766,CONECTA_CON,Ubicacion,382,1.69,2.79
Ubicacion,2766,CONECTA_CON,Ubicacion,2463,2.26,2.48
Ubicacion,2766,CONECTA_CON,Ubicacion,1088,5.18,6.18
Ubicacion,2767,CONECTA_CON,Ubicacion,4699,5.1,13.04
Ubicacion,2767,CONECTA_CON,Ubicacion,3625,5.73,9.31
Ubicacion,2767,CONECTA_CON,Ubicacion,2294,6.66,12.17
Ubicacion,2768,CONECTA_CON,Ubicacion,2815,2.9,5.74
Ubicacion,2768,CONECTA_CON,Ubicacion,147,5.75,6.42
Ubicacion,2768,CONECTA_CON,Ubicacion,1578,4.49,4.68
Ubicacion,2769,CONECTA_CON,Ubicacion,1220,2.01,3.25
Ubicacion,2769,CONECTA_CON,Ubicacion,1150,9.31,26.27
Ubicacion,2769,CONECTA_CON,Ubicacion,2219,4.22,5.14
Ubicacion,2770,CONECTA_CON,Ubicacion,162,5.45,6.94
Ubicacion,2770,CONECTA_CON,Ubicacion,4817,7.87,10.91
Ubicacion,2770,CONECTA_CON,Ubicacion,2104,8.14,9.71
Ubicacion,2771,CONECTA_CON,Ubicacion,3037,2.53,2.62
Ubicacion,2771,CONECTA_CON,Ubicacion,4418,1.9,2.23
Ubicacion,2771,CONECTA_CON,Ubicacion,1978,7.38,9.38
Ubicacion,2772,CONECTA_CON,Ubicacion,2503,1.07,1.15
Ubicacion,2772,CONECTA_CON,Ubicacion,534,6.08,6.96
Ubicacion,2772,CONECTA_CON,Ubicacion,1455,7.53,12.28
Ubicacion,2773,CONECTA_CON,Ubicacion,2689,9.66,9.78
Ubicacion,2773,CONECTA_CON,Ubicacion,4612,5.83,7.62
Ubicacion,2773,CONECTA_CON,Ubicacion,3865,6.89,9.7
Ubicacion,2774,CONECTA_CON,Ubicacion,2986,6.11,7.69
Ubicacion,2774,CONECTA_CON,Ubicacion,3377,1.41,2.91
Ubicacion,2774,CONECTA_CON,Ubicacion,3170,3.58,6.43
Ubicacion,2775,CONECTA_CON,Ubicacion,3832,4.87,7.35
Ubicacion,2775,CONECTA_CON,Ubicacion,2197,8.92,10.37
Ubicacion,2775,CONECTA_CON,Ubicacion,3102,6.96,7.33
Ubicacion,2776,CONECTA_CON,Ubicacion,1851,4.85,5.15
Ubicacion,2776,CONECTA_CON,Ubicacion,3737,0.82,0.87
Ubicacion,2776,CONECTA_CON,Ubicacion,4535,9.59,24.4
Ubicacion,2777,CONECTA_CON,Ubicacion,1220,1.55,1.63
Ubicacion,2777,CONECTA_CON,Ubicacion,1606,1.18,1.25
Ubicacion,2777,CONECTA_CON,Ubicacion,1438,6.0,10.17
Ubicacion,2778,CONECTA_CON,Ubicacion,3215,5.57,11.94
Ubicacion,2778,CONECTA_CON,Ubicacion,3753,7.66,18.88
Ubicacion,2778,CONECTA_CON,Ubicacion,1043,3.6,9.01
Ubicacion,2779,CONECTA_CON,Ubicacion,1571,6.1,7.99
Ubicacion,2779,CONECTA_CON,Ubicacion,4337,5.96,6.11
Ubicacion,2779,CONECTA_CON,Ubicacion,4137,1.84,3.6
Ubicacion,2780,CONECTA_CON,Ubicacion,2332,4.53,6.71
Ubicacion,2780,CONECTA_CON,Ubicacion,638,7.7,14.99
Ubicacion,2780,CONECTA_CON,Ubicacion,3534,6.11,8.42
Ubicacion,2781,CONECTA_CON,Ubicacion,3383,2.26,3.55
Ubicacion,2781,CONECTA_CON,Ubicacion,1301,8.71,9.93
Ubicacion,2781,CONECTA_CON,Ubicacion,2574,7.6,19.28
Ubicacion,2782,CONECTA_CON,Ubicacion,744,7.74,21.07
Ubicacion,2782,CONECTA_CON,Ubicacion,347,7.79,8.66
Ubicacion,2782,CONECTA_CON,Ubicacion,1358,8.69,17.82
Ubicacion,2783,CONECTA_CON,Ubicacion,2572,8.13,19.61
Ubicacion,2783,CONECTA_CON,Ubicacion,2103,9.76,24.84
Ubicacion,2783,CONECTA_CON,Ubicacion,526,8.57,9.36
Ubicacion,2784,CONECTA_CON,Ubicacion,3020,9.79,10.78
Ubicacion,2784,CONECTA_CON,Ubicacion,2029,5.61,6.39
Ubicacion,2784,CONECTA_CON,Ubicacion,4386,7.06,14.42
Ubicacion,2785,CONECTA_CON,Ubicacion,2471,4.81,9.62
Ubicacion,2785,CONECTA_CON,Ubicacion,2639,8.21,10.85
Ubicacion,2785,CONECTA_CON,Ubicacion,2297,2.05,5.36
Ubicacion,2786,CONECTA_CON,Ubicacion,2316,3.3,4.68
Ubicacion,2786,CONECTA_CON,Ubicacion,891,9.59,13.77
Ubicacion,2786,CONECTA_CON,Ubicacion,3911,5.35,6.21
Ubicacion,2787,CONECTA_CON,Ubicacion,1925,3.33,5.53
Ubicacion,2787,CONECTA_CON,Ubicacion,1809,0.69,0.77
Ubicacion,2787,CONECTA_CON,Ubicacion,1952,3.65,5.99
Ubicacion,2788,CONECTA_CON,Ubicacion,936,6.11,13.0
Ubicacion,2788,CONECTA_CON,Ubicacion,4794,3.92,6.09
Ubicacion,2788,CONECTA_CON,Ubicacion,4248,6.33,11.38
Ubicacion,2789,CONECTA_CON,Ubicacion,2893,5.05,8.19
Ubicacion,2789,CONECTA_CON,Ubicacion,1982,9.59,23.77
Ubicacion,2789,CONECTA_CON,Ubicacion,696,6.89,12.45
Ubicacion,2790,CONECTA_CON,Ubicacion,3294,6.76,8.63
Ubicacion,2790,CONECTA_CON,Ubicacion,2489,6.95,13.89
Ubicacion,2790,CONECTA_CON,Ubicacion,3726,7.47,9.25
Ubicacion,2791,CONECTA_CON,Ubicacion,562,8.64,11.93
Ubicacion,2791,CONECTA_CON,Ubicacion,2499,8.15,9.32
Ubicacion,2791,CONECTA_CON,Ubicacion,1100,4.85,7.95
Ubicacion,2792,CONECTA_CON,Ubicacion,638,1.56,2.15
Ubicacion,2792,CONECTA_CON,Ubicacion,776,8.42,17.69
Ubicacion,2792,CONECTA_CON,Ubicacion,2042,6.39,7.76
Ubicacion,2793,CONECTA_CON,Ubicacion,3605,3.81,9.43
Ubicacion,2793,CONECTA_CON,Ubicacion,3118,7.33,19.52
Ubicacion,2793,CONECTA_CON,Ubicacion,2150,4.46,5.38
Ubicacion,2794,CONECTA_CON,Ubicacion,1239,9.34,10.84
Ubicacion,2794,CONECTA_CON,Ubicacion,4238,2.83,4.44
Ubicacion,2794,CONECTA_CON,Ubicacion,4442,0.57,0.98
Ubicacion,2795,CONECTA_CON,Ubicacion,275,1.88,3.24
Ubicacion,2795,CONECTA_CON,Ubicacion,34,0.61,0.94
Ubicacion,2795,CONECTA_CON,Ubicacion,2647,0.8,1.2
Ubicacion,2796,CONECTA_CON,Ubicacion,2730,5.14,10.68
Ubicacion,2796,CONECTA_CON,Ubicacion,4093,7.98,9.47
Ubicacion,2796,CONECTA_CON,Ubicacion,3121,5.3,7.1
Ubicacion,2797,CONECTA_CON,Ubicacion,4707,5.01,7.77
Ubicacion,2797,CONECTA_CON,Ubicacion,1261,2.72,3.72
Ubicacion,2797,CONECTA_CON,Ubicacion,2037,9.02,9.47
Ubicacion,2798,CONECTA_CON,Ubicacion,4939,8.4,12.99
Ubicacion,2798,CONECTA_CON,Ubicacion,3434,2.38,2.65
Ubicacion,2798,CONECTA_CON,Ubicacion,2498,8.98,22.64
Ubicacion,2799,CONECTA_CON,Ubicacion,2380,2.93,8.27
Ubicacion,2799,CONECTA_CON,Ubicacion,4806,5.06,7.46
Ubicacion,2799,CONECTA_CON,Ubicacion,2166,9.06,19.95
Ubicacion,2800,CONECTA_CON,Ubicacion,56,1.23,1.46
Ubicacion,2800,CONECTA_CON,Ubicacion,1210,5.24,5.62
Ubicacion,2800,CONECTA_CON,Ubicacion,4338,8.16,13.23
Ubicacion,2801,CONECTA_CON,Ubicacion,3964,9.94,17.89
Ubicacion,2801,CONECTA_CON,Ubicacion,2608,4.73,5.24
Ubicacion,2801,CONECTA_CON,Ubicacion,3322,4.23,5.3
Ubicacion,2802,CONECTA_CON,Ubicacion,3832,5.74,9.97
Ubicacion,2802,CONECTA_CON,Ubicacion,3008,9.19,18.23
Ubicacion,2802,CONECTA_CON,Ubicacion,3889,4.95,5.3
Ubicacion,2803,CONECTA_CON,Ubicacion,3603,4.33,4.77
Ubicacion,2803,CONECTA_CON,Ubicacion,4185,1.4,3.07
Ubicacion,2803,CONECTA_CON,Ubicacion,3162,1.6,3.26
Ubicacion,2804,CONECTA_CON,Ubicacion,755,7.07,10.59
Ubicacion,2804,CONECTA_CON,Ubicacion,764,7.85,10.91
Ubicacion,2804,CONECTA_CON,Ubicacion,3828,5.53,14.77
Ubicacion,2805,CONECTA_CON,Ubicacion,4099,1.19,1.46
Ubicacion,2805,CONECTA_CON,Ubicacion,1278,3.81,7.73
Ubicacion,2805,CONECTA_CON,Ubicacion,3832,4.37,10.32
Ubicacion,2806,CONECTA_CON,Ubicacion,1311,3.9,5.52
Ubicacion,2806,CONECTA_CON,Ubicacion,2934,4.96,10.92
Ubicacion,2806,CONECTA_CON,Ubicacion,649,0.78,1.14
Ubicacion,2807,CONECTA_CON,Ubicacion,4946,3.66,5.23
Ubicacion,2807,CONECTA_CON,Ubicacion,2759,4.86,6.23
Ubicacion,2807,CONECTA_CON,Ubicacion,699,7.22,13.61
Ubicacion,2808,CONECTA_CON,Ubicacion,3668,4.11,5.85
Ubicacion,2808,CONECTA_CON,Ubicacion,2107,9.19,20.62
Ubicacion,2808,CONECTA_CON,Ubicacion,2509,2.65,6.91
Ubicacion,2809,CONECTA_CON,Ubicacion,4035,5.09,8.41
Ubicacion,2809,CONECTA_CON,Ubicacion,2236,0.93,1.08
Ubicacion,2809,CONECTA_CON,Ubicacion,4029,2.71,3.11
Ubicacion,2810,CONECTA_CON,Ubicacion,1805,6.58,14.52
Ubicacion,2810,CONECTA_CON,Ubicacion,2532,8.95,12.63
Ubicacion,2810,CONECTA_CON,Ubicacion,4987,7.11,7.77
Ubicacion,2811,CONECTA_CON,Ubicacion,724,1.51,1.62
Ubicacion,2811,CONECTA_CON,Ubicacion,3568,5.46,8.3
Ubicacion,2811,CONECTA_CON,Ubicacion,2256,7.38,21.13
Ubicacion,2812,CONECTA_CON,Ubicacion,1823,3.91,4.15
Ubicacion,2812,CONECTA_CON,Ubicacion,2163,2.8,4.37
Ubicacion,2812,CONECTA_CON,Ubicacion,1720,5.51,8.71
Ubicacion,2813,CONECTA_CON,Ubicacion,2346,3.14,4.72
Ubicacion,2813,CONECTA_CON,Ubicacion,4803,8.67,20.8
Ubicacion,2813,CONECTA_CON,Ubicacion,2004,4.24,9.38
Ubicacion,2814,CONECTA_CON,Ubicacion,3865,1.92,2.2
Ubicacion,2814,CONECTA_CON,Ubicacion,2523,1.78,2.11
Ubicacion,2814,CONECTA_CON,Ubicacion,4909,8.7,11.41
Ubicacion,2815,CONECTA_CON,Ubicacion,958,2.5,7.16
Ubicacion,2815,CONECTA_CON,Ubicacion,4988,7.1,8.24
Ubicacion,2815,CONECTA_CON,Ubicacion,438,8.95,15.63
Ubicacion,2816,CONECTA_CON,Ubicacion,1874,3.49,4.3
Ubicacion,2816,CONECTA_CON,Ubicacion,21,7.4,7.7
Ubicacion,2816,CONECTA_CON,Ubicacion,3230,2.23,2.71
Ubicacion,2817,CONECTA_CON,Ubicacion,153,0.7,1.08
Ubicacion,2817,CONECTA_CON,Ubicacion,2240,8.98,18.0
Ubicacion,2817,CONECTA_CON,Ubicacion,3378,6.09,7.67
Ubicacion,2818,CONECTA_CON,Ubicacion,3334,5.09,5.69
Ubicacion,2818,CONECTA_CON,Ubicacion,2791,3.47,5.06
Ubicacion,2818,CONECTA_CON,Ubicacion,3144,4.05,10.28
Ubicacion,2819,CONECTA_CON,Ubicacion,654,0.89,1.39
Ubicacion,2819,CONECTA_CON,Ubicacion,719,9.33,24.22
Ubicacion,2819,CONECTA_CON,Ubicacion,2875,4.84,10.02
Ubicacion,2820,CONECTA_CON,Ubicacion,3436,8.63,9.94
Ubicacion,2820,CONECTA_CON,Ubicacion,1104,5.93,15.72
Ubicacion,2820,CONECTA_CON,Ubicacion,1877,9.35,11.69
Ubicacion,2821,CONECTA_CON,Ubicacion,2402,8.11,11.8
Ubicacion,2821,CONECTA_CON,Ubicacion,2855,5.5,5.61
Ubicacion,2821,CONECTA_CON,Ubicacion,83,2.93,8.27
Ubicacion,2822,CONECTA_CON,Ubicacion,3052,2.1,3.99
Ubicacion,2822,CONECTA_CON,Ubicacion,4161,6.12,6.21
Ubicacion,2822,CONECTA_CON,Ubicacion,980,7.52,9.58
Ubicacion,2823,CONECTA_CON,Ubicacion,1096,2.95,3.45
Ubicacion,2823,CONECTA_CON,Ubicacion,2771,7.35,12.26
Ubicacion,2823,CONECTA_CON,Ubicacion,2176,9.82,20.43
Ubicacion,2824,CONECTA_CON,Ubicacion,2253,4.14,5.69
Ubicacion,2824,CONECTA_CON,Ubicacion,180,9.92,22.34
Ubicacion,2824,CONECTA_CON,Ubicacion,2781,6.05,11.18
Ubicacion,2825,CONECTA_CON,Ubicacion,1108,8.21,23.97
Ubicacion,2825,CONECTA_CON,Ubicacion,4193,3.19,9.32
Ubicacion,2825,CONECTA_CON,Ubicacion,634,1.57,2.46
Ubicacion,2826,CONECTA_CON,Ubicacion,1195,0.83,1.65
Ubicacion,2826,CONECTA_CON,Ubicacion,4,3.17,3.94
Ubicacion,2826,CONECTA_CON,Ubicacion,2716,8.1,12.17
Ubicacion,2827,CONECTA_CON,Ubicacion,2621,9.27,13.4
Ubicacion,2827,CONECTA_CON,Ubicacion,1904,1.71,3.21
Ubicacion,2827,CONECTA_CON,Ubicacion,3568,4.29,5.21
Ubicacion,2828,CONECTA_CON,Ubicacion,3302,9.21,20.16
Ubicacion,2828,CONECTA_CON,Ubicacion,1987,8.69,17.4
Ubicacion,2828,CONECTA_CON,Ubicacion,2328,5.15,6.22
Ubicacion,2829,CONECTA_CON,Ubicacion,114,7.66,9.84
Ubicacion,2829,CONECTA_CON,Ubicacion,4266,4.69,13.59
Ubicacion,2829,CONECTA_CON,Ubicacion,1391,6.74,9.11
Ubicacion,2830,CONECTA_CON,Ubicacion,3711,8.23,20.21
Ubicacion,2830,CONECTA_CON,Ubicacion,2209,9.47,22.66
Ubicacion,2830,CONECTA_CON,Ubicacion,1703,9.64,10.09
Ubicacion,2831,CONECTA_CON,Ubicacion,4223,2.48,3.86
Ubicacion,2831,CONECTA_CON,Ubicacion,1449,8.32,16.42
Ubicacion,2831,CONECTA_CON,Ubicacion,2126,4.67,8.11
Ubicacion,2832,CONECTA_CON,Ubicacion,3127,8.5,20.42
Ubicacion,2832,CONECTA_CON,Ubicacion,1165,5.29,6.96
Ubicacion,2832,CONECTA_CON,Ubicacion,4580,8.27,11.43
Ubicacion,2833,CONECTA_CON,Ubicacion,538,7.58,17.0
Ubicacion,2833,CONECTA_CON,Ubicacion,2603,9.41,19.13
Ubicacion,2833,CONECTA_CON,Ubicacion,1063,0.76,1.83
Ubicacion,2834,CONECTA_CON,Ubicacion,4799,5.55,6.63
Ubicacion,2834,CONECTA_CON,Ubicacion,249,4.52,12.12
Ubicacion,2834,CONECTA_CON,Ubicacion,2795,5.39,7.54
Ubicacion,2835,CONECTA_CON,Ubicacion,1969,7.61,17.55
Ubicacion,2835,CONECTA_CON,Ubicacion,41,5.74,9.19
Ubicacion,2835,CONECTA_CON,Ubicacion,544,2.54,4.67
Ubicacion,2836,CONECTA_CON,Ubicacion,1235,2.35,3.52
Ubicacion,2836,CONECTA_CON,Ubicacion,528,1.69,2.01
Ubicacion,2836,CONECTA_CON,Ubicacion,1314,6.71,10.13
Ubicacion,2837,CONECTA_CON,Ubicacion,390,4.53,9.75
Ubicacion,2837,CONECTA_CON,Ubicacion,192,8.29,10.97
Ubicacion,2837,CONECTA_CON,Ubicacion,1757,2.76,6.99
Ubicacion,2838,CONECTA_CON,Ubicacion,1900,3.16,6.8
Ubicacion,2838,CONECTA_CON,Ubicacion,4531,9.85,18.41
Ubicacion,2838,CONECTA_CON,Ubicacion,2931,3.38,4.72
Ubicacion,2839,CONECTA_CON,Ubicacion,3065,6.79,8.39
Ubicacion,2839,CONECTA_CON,Ubicacion,2398,2.65,3.14
Ubicacion,2839,CONECTA_CON,Ubicacion,2280,7.6,7.88
Ubicacion,2840,CONECTA_CON,Ubicacion,4563,0.52,1.1
Ubicacion,2840,CONECTA_CON,Ubicacion,2901,5.14,7.48
Ubicacion,2840,CONECTA_CON,Ubicacion,2399,6.46,6.71
Ubicacion,2841,CONECTA_CON,Ubicacion,3651,3.07,4.7
Ubicacion,2841,CONECTA_CON,Ubicacion,114,2.0,5.1
Ubicacion,2841,CONECTA_CON,Ubicacion,1662,3.25,4.9
Ubicacion,2842,CONECTA_CON,Ubicacion,3663,2.16,4.67
Ubicacion,2842,CONECTA_CON,Ubicacion,4274,1.35,2.4
Ubicacion,2842,CONECTA_CON,Ubicacion,1440,0.54,0.67
Ubicacion,2843,CONECTA_CON,Ubicacion,4992,4.9,8.03
Ubicacion,2843,CONECTA_CON,Ubicacion,3942,6.16,7.41
Ubicacion,2843,CONECTA_CON,Ubicacion,4399,7.32,14.63
Ubicacion,2844,CONECTA_CON,Ubicacion,3442,1.1,1.46
Ubicacion,2844,CONECTA_CON,Ubicacion,3899,2.74,4.28
Ubicacion,2844,CONECTA_CON,Ubicacion,4058,4.32,7.69
Ubicacion,2845,CONECTA_CON,Ubicacion,2524,7.59,9.88
Ubicacion,2845,CONECTA_CON,Ubicacion,2226,8.38,11.03
Ubicacion,2845,CONECTA_CON,Ubicacion,285,2.02,3.92
Ubicacion,2846,CONECTA_CON,Ubicacion,1471,7.42,18.05
Ubicacion,2846,CONECTA_CON,Ubicacion,773,5.97,15.71
Ubicacion,2846,CONECTA_CON,Ubicacion,2054,6.03,6.74
Ubicacion,2847,CONECTA_CON,Ubicacion,871,1.96,3.6
Ubicacion,2847,CONECTA_CON,Ubicacion,1908,1.21,1.39
Ubicacion,2847,CONECTA_CON,Ubicacion,3309,5.5,11.44
Ubicacion,2848,CONECTA_CON,Ubicacion,3910,6.73,15.35
Ubicacion,2848,CONECTA_CON,Ubicacion,1637,4.16,4.4
Ubicacion,2848,CONECTA_CON,Ubicacion,2570,7.87,8.68
Ubicacion,2849,CONECTA_CON,Ubicacion,2538,4.9,13.08
Ubicacion,2849,CONECTA_CON,Ubicacion,2863,6.32,12.57
Ubicacion,2849,CONECTA_CON,Ubicacion,618,7.45,8.02
Ubicacion,2850,CONECTA_CON,Ubicacion,4604,5.52,15.16
Ubicacion,2850,CONECTA_CON,Ubicacion,125,3.57,5.0
Ubicacion,2850,CONECTA_CON,Ubicacion,1623,4.71,11.87
Ubicacion,2851,CONECTA_CON,Ubicacion,4229,7.32,7.52
Ubicacion,2851,CONECTA_CON,Ubicacion,587,9.27,9.49
Ubicacion,2851,CONECTA_CON,Ubicacion,4652,1.42,1.49
Ubicacion,2852,CONECTA_CON,Ubicacion,2623,1.16,1.2
Ubicacion,2852,CONECTA_CON,Ubicacion,4626,4.4,8.48
Ubicacion,2852,CONECTA_CON,Ubicacion,2864,2.41,7.12
Ubicacion,2853,CONECTA_CON,Ubicacion,4868,3.91,9.16
Ubicacion,2853,CONECTA_CON,Ubicacion,4498,7.73,22.18
Ubicacion,2853,CONECTA_CON,Ubicacion,1809,2.09,2.41
Ubicacion,2854,CONECTA_CON,Ubicacion,1911,4.69,6.49
Ubicacion,2854,CONECTA_CON,Ubicacion,3004,8.22,15.66
Ubicacion,2854,CONECTA_CON,Ubicacion,2414,0.6,0.74
Ubicacion,2855,CONECTA_CON,Ubicacion,3411,1.13,1.14
Ubicacion,2855,CONECTA_CON,Ubicacion,4585,5.93,9.69
Ubicacion,2855,CONECTA_CON,Ubicacion,3120,2.47,2.87
Ubicacion,2856,CONECTA_CON,Ubicacion,3067,7.07,10.18
Ubicacion,2856,CONECTA_CON,Ubicacion,2095,7.92,9.19
Ubicacion,2856,CONECTA_CON,Ubicacion,1137,1.64,2.32
Ubicacion,2857,CONECTA_CON,Ubicacion,2324,4.47,4.48
Ubicacion,2857,CONECTA_CON,Ubicacion,3104,8.26,15.6
Ubicacion,2857,CONECTA_CON,Ubicacion,1779,6.29,14.86
Ubicacion,2858,CONECTA_CON,Ubicacion,4382,4.84,7.57
Ubicacion,2858,CONECTA_CON,Ubicacion,4083,8.25,19.07
Ubicacion,2858,CONECTA_CON,Ubicacion,4130,7.63,8.19
Ubicacion,2859,CONECTA_CON,Ubicacion,1567,0.61,0.93
Ubicacion,2859,CONECTA_CON,Ubicacion,2137,8.67,20.77
Ubicacion,2859,CONECTA_CON,Ubicacion,1227,7.96,9.09
Ubicacion,2860,CONECTA_CON,Ubicacion,2689,2.16,2.34
Ubicacion,2860,CONECTA_CON,Ubicacion,57,4.2,6.86
Ubicacion,2860,CONECTA_CON,Ubicacion,3488,0.87,2.51
Ubicacion,2861,CONECTA_CON,Ubicacion,4955,1.35,1.7
Ubicacion,2861,CONECTA_CON,Ubicacion,2074,4.01,9.21
Ubicacion,2861,CONECTA_CON,Ubicacion,3522,6.52,13.93
Ubicacion,2862,CONECTA_CON,Ubicacion,2886,5.04,5.83
Ubicacion,2862,CONECTA_CON,Ubicacion,4545,2.29,3.07
Ubicacion,2862,CONECTA_CON,Ubicacion,4201,7.67,20.3
Ubicacion,2863,CONECTA_CON,Ubicacion,4671,4.67,9.84
Ubicacion,2863,CONECTA_CON,Ubicacion,4174,8.71,21.52
Ubicacion,2863,CONECTA_CON,Ubicacion,3712,7.8,9.18
Ubicacion,2864,CONECTA_CON,Ubicacion,3721,9.77,13.75
Ubicacion,2864,CONECTA_CON,Ubicacion,1214,6.11,12.66
Ubicacion,2864,CONECTA_CON,Ubicacion,2071,5.07,14.73
Ubicacion,2865,CONECTA_CON,Ubicacion,4084,9.6,12.81
Ubicacion,2865,CONECTA_CON,Ubicacion,204,4.98,6.37
Ubicacion,2865,CONECTA_CON,Ubicacion,1785,6.82,16.4
Ubicacion,2866,CONECTA_CON,Ubicacion,40,3.03,5.42
Ubicacion,2866,CONECTA_CON,Ubicacion,2823,7.77,15.41
Ubicacion,2866,CONECTA_CON,Ubicacion,3268,9.34,12.44
Ubicacion,2867,CONECTA_CON,Ubicacion,383,2.86,4.49
Ubicacion,2867,CONECTA_CON,Ubicacion,1310,1.76,1.8
Ubicacion,2867,CONECTA_CON,Ubicacion,879,1.99,4.5
Ubicacion,2868,CONECTA_CON,Ubicacion,2213,4.09,4.69
Ubicacion,2868,CONECTA_CON,Ubicacion,4756,6.17,11.9
Ubicacion,2868,CONECTA_CON,Ubicacion,4312,4.26,6.34
Ubicacion,2869,CONECTA_CON,Ubicacion,3492,9.97,27.64
Ubicacion,2869,CONECTA_CON,Ubicacion,2341,4.78,9.66
Ubicacion,2869,CONECTA_CON,Ubicacion,1302,4.64,7.85
Ubicacion,2870,CONECTA_CON,Ubicacion,1638,3.27,3.42
Ubicacion,2870,CONECTA_CON,Ubicacion,2547,3.77,5.37
Ubicacion,2870,CONECTA_CON,Ubicacion,1807,4.03,6.29
Ubicacion,2871,CONECTA_CON,Ubicacion,1946,4.42,6.78
Ubicacion,2871,CONECTA_CON,Ubicacion,4397,1.88,1.97
Ubicacion,2871,CONECTA_CON,Ubicacion,1652,5.63,7.72
Ubicacion,2872,CONECTA_CON,Ubicacion,475,9.95,13.81
Ubicacion,2872,CONECTA_CON,Ubicacion,2551,4.52,8.17
Ubicacion,2872,CONECTA_CON,Ubicacion,2267,8.74,16.14
Ubicacion,2873,CONECTA_CON,Ubicacion,131,0.57,0.58
Ubicacion,2873,CONECTA_CON,Ubicacion,4784,8.59,8.79
Ubicacion,2873,CONECTA_CON,Ubicacion,3055,8.57,20.39
Ubicacion,2874,CONECTA_CON,Ubicacion,1390,4.5,12.28
Ubicacion,2874,CONECTA_CON,Ubicacion,1163,3.45,4.19
Ubicacion,2874,CONECTA_CON,Ubicacion,1619,9.97,10.43
Ubicacion,2875,CONECTA_CON,Ubicacion,4713,8.84,13.47
Ubicacion,2875,CONECTA_CON,Ubicacion,2595,1.01,1.15
Ubicacion,2875,CONECTA_CON,Ubicacion,1049,0.85,1.12
Ubicacion,2876,CONECTA_CON,Ubicacion,4269,3.04,8.19
Ubicacion,2876,CONECTA_CON,Ubicacion,1293,4.46,6.26
Ubicacion,2876,CONECTA_CON,Ubicacion,3936,4.17,6.38
Ubicacion,2877,CONECTA_CON,Ubicacion,2346,0.61,0.96
Ubicacion,2877,CONECTA_CON,Ubicacion,3811,3.88,4.05
Ubicacion,2877,CONECTA_CON,Ubicacion,2368,6.53,8.09
Ubicacion,2878,CONECTA_CON,Ubicacion,2034,9.08,24.63
Ubicacion,2878,CONECTA_CON,Ubicacion,4235,1.49,3.61
Ubicacion,2878,CONECTA_CON,Ubicacion,2315,7.64,9.03
Ubicacion,2879,CONECTA_CON,Ubicacion,4891,2.97,6.72
Ubicacion,2879,CONECTA_CON,Ubicacion,1315,7.49,10.72
Ubicacion,2879,CONECTA_CON,Ubicacion,671,1.49,2.03
Ubicacion,2880,CONECTA_CON,Ubicacion,1051,5.58,10.72
Ubicacion,2880,CONECTA_CON,Ubicacion,3625,7.22,9.26
Ubicacion,2880,CONECTA_CON,Ubicacion,2348,3.86,8.75
Ubicacion,2881,CONECTA_CON,Ubicacion,74,5.87,7.3
Ubicacion,2881,CONECTA_CON,Ubicacion,4776,7.97,16.84
Ubicacion,2881,CONECTA_CON,Ubicacion,1384,0.57,0.9
Ubicacion,2882,CONECTA_CON,Ubicacion,1015,8.58,8.85
Ubicacion,2882,CONECTA_CON,Ubicacion,3847,9.22,10.54
Ubicacion,2882,CONECTA_CON,Ubicacion,4742,7.91,10.05
Ubicacion,2883,CONECTA_CON,Ubicacion,1202,6.56,6.66
Ubicacion,2883,CONECTA_CON,Ubicacion,3884,9.39,13.64
Ubicacion,2883,CONECTA_CON,Ubicacion,1059,5.35,7.82
Ubicacion,2884,CONECTA_CON,Ubicacion,2046,3.01,6.18
Ubicacion,2884,CONECTA_CON,Ubicacion,137,8.24,8.76
Ubicacion,2884,CONECTA_CON,Ubicacion,3619,9.18,13.16
Ubicacion,2885,CONECTA_CON,Ubicacion,4024,2.36,2.47
Ubicacion,2885,CONECTA_CON,Ubicacion,1370,6.74,8.71
Ubicacion,2885,CONECTA_CON,Ubicacion,3237,1.55,4.6
Ubicacion,2886,CONECTA_CON,Ubicacion,2352,2.39,3.72
Ubicacion,2886,CONECTA_CON,Ubicacion,1760,4.43,5.63
Ubicacion,2886,CONECTA_CON,Ubicacion,1282,3.44,3.76
Ubicacion,2887,CONECTA_CON,Ubicacion,4647,7.89,12.1
Ubicacion,2887,CONECTA_CON,Ubicacion,2910,9.68,14.28
Ubicacion,2887,CONECTA_CON,Ubicacion,470,7.01,8.42
Ubicacion,2888,CONECTA_CON,Ubicacion,2958,7.54,13.95
Ubicacion,2888,CONECTA_CON,Ubicacion,1720,6.78,13.93
Ubicacion,2888,CONECTA_CON,Ubicacion,2618,8.88,13.71
Ubicacion,2889,CONECTA_CON,Ubicacion,2040,6.54,6.6
Ubicacion,2889,CONECTA_CON,Ubicacion,4805,9.78,10.06
Ubicacion,2889,CONECTA_CON,Ubicacion,4821,4.78,8.75
Ubicacion,2890,CONECTA_CON,Ubicacion,4783,1.1,1.16
Ubicacion,2890,CONECTA_CON,Ubicacion,2164,2.34,2.38
Ubicacion,2890,CONECTA_CON,Ubicacion,3217,9.75,16.67
Ubicacion,2891,CONECTA_CON,Ubicacion,3857,9.58,14.25
Ubicacion,2891,CONECTA_CON,Ubicacion,150,9.69,10.4
Ubicacion,2891,CONECTA_CON,Ubicacion,4588,4.88,7.11
Ubicacion,2892,CONECTA_CON,Ubicacion,1871,7.32,11.72
Ubicacion,2892,CONECTA_CON,Ubicacion,2358,6.31,6.38
Ubicacion,2892,CONECTA_CON,Ubicacion,2502,2.63,4.54
Ubicacion,2893,CONECTA_CON,Ubicacion,4559,9.42,14.09
Ubicacion,2893,CONECTA_CON,Ubicacion,627,5.61,8.11
Ubicacion,2893,CONECTA_CON,Ubicacion,3828,7.39,14.79
Ubicacion,2894,CONECTA_CON,Ubicacion,1511,3.46,5.21
Ubicacion,2894,CONECTA_CON,Ubicacion,1123,5.6,9.85
Ubicacion,2894,CONECTA_CON,Ubicacion,4664,9.3,12.05
Ubicacion,2895,CONECTA_CON,Ubicacion,3794,2.2,6.09
Ubicacion,2895,CONECTA_CON,Ubicacion,4385,3.95,3.95
Ubicacion,2895,CONECTA_CON,Ubicacion,4666,6.57,7.81
Ubicacion,2896,CONECTA_CON,Ubicacion,2735,2.4,2.43
Ubicacion,2896,CONECTA_CON,Ubicacion,419,3.39,7.92
Ubicacion,2896,CONECTA_CON,Ubicacion,3438,5.5,8.35
Ubicacion,2897,CONECTA_CON,Ubicacion,4700,9.96,17.22
Ubicacion,2897,CONECTA_CON,Ubicacion,2028,2.74,4.52
Ubicacion,2897,CONECTA_CON,Ubicacion,3168,9.15,17.23
Ubicacion,2898,CONECTA_CON,Ubicacion,2575,4.45,7.8
Ubicacion,2898,CONECTA_CON,Ubicacion,88,1.17,2.55
Ubicacion,2898,CONECTA_CON,Ubicacion,4572,0.62,1.13
Ubicacion,2899,CONECTA_CON,Ubicacion,3453,7.41,15.1
Ubicacion,2899,CONECTA_CON,Ubicacion,2892,9.1,20.03
Ubicacion,2899,CONECTA_CON,Ubicacion,1231,2.27,6.03
Ubicacion,2900,CONECTA_CON,Ubicacion,4833,8.27,12.6
Ubicacion,2900,CONECTA_CON,Ubicacion,992,4.55,7.67
Ubicacion,2900,CONECTA_CON,Ubicacion,3505,3.18,8.78
Ubicacion,2901,CONECTA_CON,Ubicacion,1689,5.61,5.9
Ubicacion,2901,CONECTA_CON,Ubicacion,4157,8.36,14.83
Ubicacion,2901,CONECTA_CON,Ubicacion,3396,9.1,19.54
Ubicacion,2902,CONECTA_CON,Ubicacion,2267,1.03,1.17
Ubicacion,2902,CONECTA_CON,Ubicacion,1393,5.38,5.41
Ubicacion,2902,CONECTA_CON,Ubicacion,3847,4.61,6.96
Ubicacion,2903,CONECTA_CON,Ubicacion,4044,4.89,8.24
Ubicacion,2903,CONECTA_CON,Ubicacion,2286,1.32,3.05
Ubicacion,2903,CONECTA_CON,Ubicacion,3956,7.24,10.77
Ubicacion,2904,CONECTA_CON,Ubicacion,4583,2.33,5.33
Ubicacion,2904,CONECTA_CON,Ubicacion,4146,3.07,7.1
Ubicacion,2904,CONECTA_CON,Ubicacion,4809,2.35,5.97
Ubicacion,2905,CONECTA_CON,Ubicacion,2703,9.45,14.63
Ubicacion,2905,CONECTA_CON,Ubicacion,3282,3.26,4.83
Ubicacion,2905,CONECTA_CON,Ubicacion,1581,4.23,10.37
Ubicacion,2906,CONECTA_CON,Ubicacion,4831,9.26,14.73
Ubicacion,2906,CONECTA_CON,Ubicacion,2522,7.56,8.34
Ubicacion,2906,CONECTA_CON,Ubicacion,2577,1.25,1.94
Ubicacion,2907,CONECTA_CON,Ubicacion,2424,2.54,2.68
Ubicacion,2907,CONECTA_CON,Ubicacion,4037,5.43,5.55
Ubicacion,2907,CONECTA_CON,Ubicacion,4857,4.66,10.94
Ubicacion,2908,CONECTA_CON,Ubicacion,3080,6.72,13.23
Ubicacion,2908,CONECTA_CON,Ubicacion,1704,6.79,7.94
Ubicacion,2908,CONECTA_CON,Ubicacion,1082,1.41,1.48
Ubicacion,2909,CONECTA_CON,Ubicacion,2780,2.5,5.66
Ubicacion,2909,CONECTA_CON,Ubicacion,2845,1.72,2.53
Ubicacion,2909,CONECTA_CON,Ubicacion,3317,8.39,19.63
Ubicacion,2910,CONECTA_CON,Ubicacion,2125,9.27,23.53
Ubicacion,2910,CONECTA_CON,Ubicacion,1922,3.43,3.97
Ubicacion,2910,CONECTA_CON,Ubicacion,3433,8.18,23.08
Ubicacion,2911,CONECTA_CON,Ubicacion,3644,5.84,7.73
Ubicacion,2911,CONECTA_CON,Ubicacion,467,3.78,4.47
Ubicacion,2911,CONECTA_CON,Ubicacion,2865,2.9,3.38
Ubicacion,2912,CONECTA_CON,Ubicacion,149,8.24,8.97
Ubicacion,2912,CONECTA_CON,Ubicacion,1697,8.94,14.44
Ubicacion,2912,CONECTA_CON,Ubicacion,1964,6.81,8.06
Ubicacion,2913,CONECTA_CON,Ubicacion,555,0.79,1.37
Ubicacion,2913,CONECTA_CON,Ubicacion,2900,5.82,7.97
Ubicacion,2913,CONECTA_CON,Ubicacion,1967,9.45,26.16
Ubicacion,2914,CONECTA_CON,Ubicacion,2809,9.51,11.56
Ubicacion,2914,CONECTA_CON,Ubicacion,1829,3.63,5.37
Ubicacion,2914,CONECTA_CON,Ubicacion,2275,2.31,3.43
Ubicacion,2915,CONECTA_CON,Ubicacion,4167,1.37,1.37
Ubicacion,2915,CONECTA_CON,Ubicacion,3444,9.3,10.6
Ubicacion,2915,CONECTA_CON,Ubicacion,3214,3.73,3.88
Ubicacion,2916,CONECTA_CON,Ubicacion,2452,8.95,9.9
Ubicacion,2916,CONECTA_CON,Ubicacion,4183,1.9,2.44
Ubicacion,2916,CONECTA_CON,Ubicacion,1651,9.85,18.18
Ubicacion,2917,CONECTA_CON,Ubicacion,3977,6.39,8.49
Ubicacion,2917,CONECTA_CON,Ubicacion,2662,5.8,11.09
Ubicacion,2917,CONECTA_CON,Ubicacion,2927,0.51,0.52
Ubicacion,2918,CONECTA_CON,Ubicacion,825,4.92,5.55
Ubicacion,2918,CONECTA_CON,Ubicacion,1945,1.03,1.07
Ubicacion,2918,CONECTA_CON,Ubicacion,4523,6.52,10.97
Ubicacion,2919,CONECTA_CON,Ubicacion,842,5.65,6.74
Ubicacion,2919,CONECTA_CON,Ubicacion,1785,2.3,2.74
Ubicacion,2919,CONECTA_CON,Ubicacion,4012,3.0,3.33
Ubicacion,2920,CONECTA_CON,Ubicacion,1027,0.88,0.9
Ubicacion,2920,CONECTA_CON,Ubicacion,1798,1.56,3.84
Ubicacion,2920,CONECTA_CON,Ubicacion,3555,6.58,7.21
Ubicacion,2921,CONECTA_CON,Ubicacion,4378,1.92,2.42
Ubicacion,2921,CONECTA_CON,Ubicacion,1861,9.23,10.12
Ubicacion,2921,CONECTA_CON,Ubicacion,1674,1.13,3.2
Ubicacion,2922,CONECTA_CON,Ubicacion,1973,5.6,10.37
Ubicacion,2922,CONECTA_CON,Ubicacion,2572,2.37,3.12
Ubicacion,2922,CONECTA_CON,Ubicacion,4167,2.9,6.57
Ubicacion,2923,CONECTA_CON,Ubicacion,3253,8.24,15.3
Ubicacion,2923,CONECTA_CON,Ubicacion,2631,1.55,2.77
Ubicacion,2923,CONECTA_CON,Ubicacion,3730,6.87,19.53
Ubicacion,2924,CONECTA_CON,Ubicacion,4385,8.46,18.01
Ubicacion,2924,CONECTA_CON,Ubicacion,4560,3.56,4.44
Ubicacion,2924,CONECTA_CON,Ubicacion,341,9.29,11.33
Ubicacion,2925,CONECTA_CON,Ubicacion,2309,3.77,4.04
Ubicacion,2925,CONECTA_CON,Ubicacion,537,3.59,7.77
Ubicacion,2925,CONECTA_CON,Ubicacion,4457,9.01,9.22
Ubicacion,2926,CONECTA_CON,Ubicacion,137,4.18,6.17
Ubicacion,2926,CONECTA_CON,Ubicacion,4969,3.39,8.06
Ubicacion,2926,CONECTA_CON,Ubicacion,2012,9.93,23.32
Ubicacion,2927,CONECTA_CON,Ubicacion,3936,9.48,22.2
Ubicacion,2927,CONECTA_CON,Ubicacion,3873,4.6,11.38
Ubicacion,2927,CONECTA_CON,Ubicacion,1904,2.51,4.43
Ubicacion,2928,CONECTA_CON,Ubicacion,1120,2.09,5.27
Ubicacion,2928,CONECTA_CON,Ubicacion,432,8.27,11.87
Ubicacion,2928,CONECTA_CON,Ubicacion,2630,9.18,10.33
Ubicacion,2929,CONECTA_CON,Ubicacion,1952,7.34,11.46
Ubicacion,2929,CONECTA_CON,Ubicacion,3165,7.49,18.06
Ubicacion,2929,CONECTA_CON,Ubicacion,1216,2.68,6.65
Ubicacion,2930,CONECTA_CON,Ubicacion,994,3.33,4.39
Ubicacion,2930,CONECTA_CON,Ubicacion,2878,5.32,13.44
Ubicacion,2930,CONECTA_CON,Ubicacion,1960,7.94,9.71
Ubicacion,2931,CONECTA_CON,Ubicacion,4061,9.16,10.46
Ubicacion,2931,CONECTA_CON,Ubicacion,983,9.1,9.44
Ubicacion,2931,CONECTA_CON,Ubicacion,3076,7.97,9.16
Ubicacion,2932,CONECTA_CON,Ubicacion,1564,7.26,12.52
Ubicacion,2932,CONECTA_CON,Ubicacion,982,4.93,7.99
Ubicacion,2932,CONECTA_CON,Ubicacion,3774,1.13,1.59
Ubicacion,2933,CONECTA_CON,Ubicacion,1373,8.82,13.11
Ubicacion,2933,CONECTA_CON,Ubicacion,4891,7.41,8.53
Ubicacion,2933,CONECTA_CON,Ubicacion,1587,3.95,4.94
Ubicacion,2934,CONECTA_CON,Ubicacion,2196,8.37,22.66
Ubicacion,2934,CONECTA_CON,Ubicacion,653,1.91,2.39
Ubicacion,2934,CONECTA_CON,Ubicacion,615,9.54,22.4
Ubicacion,2935,CONECTA_CON,Ubicacion,2550,1.61,1.69
Ubicacion,2935,CONECTA_CON,Ubicacion,2043,9.83,14.25
Ubicacion,2935,CONECTA_CON,Ubicacion,1376,1.5,3.32
Ubicacion,2936,CONECTA_CON,Ubicacion,931,5.29,5.81
Ubicacion,2936,CONECTA_CON,Ubicacion,2613,4.87,5.15
Ubicacion,2936,CONECTA_CON,Ubicacion,2173,1.28,2.16
Ubicacion,2937,CONECTA_CON,Ubicacion,3461,1.36,1.94
Ubicacion,2937,CONECTA_CON,Ubicacion,206,6.5,6.58
Ubicacion,2937,CONECTA_CON,Ubicacion,2315,2.88,5.65
Ubicacion,2938,CONECTA_CON,Ubicacion,4829,3.45,5.37
Ubicacion,2938,CONECTA_CON,Ubicacion,1464,9.82,18.57
Ubicacion,2938,CONECTA_CON,Ubicacion,2044,5.42,6.45
Ubicacion,2939,CONECTA_CON,Ubicacion,4138,1.71,1.95
Ubicacion,2939,CONECTA_CON,Ubicacion,1859,6.87,11.97
Ubicacion,2939,CONECTA_CON,Ubicacion,2374,8.16,13.22
Ubicacion,2940,CONECTA_CON,Ubicacion,574,5.4,6.47
Ubicacion,2940,CONECTA_CON,Ubicacion,1597,4.4,4.48
Ubicacion,2940,CONECTA_CON,Ubicacion,3528,7.7,14.74
Ubicacion,2941,CONECTA_CON,Ubicacion,3367,2.92,5.79
Ubicacion,2941,CONECTA_CON,Ubicacion,1422,4.28,7.78
Ubicacion,2941,CONECTA_CON,Ubicacion,3904,7.2,11.71
Ubicacion,2942,CONECTA_CON,Ubicacion,3075,3.28,7.02
Ubicacion,2942,CONECTA_CON,Ubicacion,2505,3.2,4.85
Ubicacion,2942,CONECTA_CON,Ubicacion,2941,1.83,4.63
Ubicacion,2943,CONECTA_CON,Ubicacion,593,7.21,10.12
Ubicacion,2943,CONECTA_CON,Ubicacion,919,2.6,4.65
Ubicacion,2943,CONECTA_CON,Ubicacion,2261,6.73,11.79
Ubicacion,2944,CONECTA_CON,Ubicacion,1797,8.94,11.37
Ubicacion,2944,CONECTA_CON,Ubicacion,305,8.15,8.65
Ubicacion,2944,CONECTA_CON,Ubicacion,3582,7.54,10.51
Ubicacion,2945,CONECTA_CON,Ubicacion,318,6.56,8.87
Ubicacion,2945,CONECTA_CON,Ubicacion,3451,6.96,9.83
Ubicacion,2945,CONECTA_CON,Ubicacion,488,3.48,3.68
Ubicacion,2946,CONECTA_CON,Ubicacion,1594,0.82,1.54
Ubicacion,2946,CONECTA_CON,Ubicacion,3097,1.8,1.93
Ubicacion,2946,CONECTA_CON,Ubicacion,2174,7.34,8.4
Ubicacion,2947,CONECTA_CON,Ubicacion,4185,7.06,14.48
Ubicacion,2947,CONECTA_CON,Ubicacion,4032,4.55,12.63
Ubicacion,2947,CONECTA_CON,Ubicacion,1782,6.65,15.07
Ubicacion,2948,CONECTA_CON,Ubicacion,4409,6.14,7.91
Ubicacion,2948,CONECTA_CON,Ubicacion,3876,0.6,1.58
Ubicacion,2948,CONECTA_CON,Ubicacion,2034,8.94,18.74
Ubicacion,2949,CONECTA_CON,Ubicacion,1413,5.91,7.84
Ubicacion,2949,CONECTA_CON,Ubicacion,4766,9.68,17.01
Ubicacion,2949,CONECTA_CON,Ubicacion,2493,5.62,8.63
Ubicacion,2950,CONECTA_CON,Ubicacion,742,8.31,9.12
Ubicacion,2950,CONECTA_CON,Ubicacion,4353,2.07,4.06
Ubicacion,2950,CONECTA_CON,Ubicacion,4860,6.16,7.18
Ubicacion,2951,CONECTA_CON,Ubicacion,4973,6.79,14.59
Ubicacion,2951,CONECTA_CON,Ubicacion,4455,5.33,6.07
Ubicacion,2951,CONECTA_CON,Ubicacion,3982,3.14,3.32
Ubicacion,2952,CONECTA_CON,Ubicacion,560,5.03,7.39
Ubicacion,2952,CONECTA_CON,Ubicacion,2541,3.93,4.89
Ubicacion,2952,CONECTA_CON,Ubicacion,1987,3.98,5.89
Ubicacion,2953,CONECTA_CON,Ubicacion,4622,9.74,12.63
Ubicacion,2953,CONECTA_CON,Ubicacion,2733,2.17,3.0
Ubicacion,2953,CONECTA_CON,Ubicacion,2753,2.86,4.81
Ubicacion,2954,CONECTA_CON,Ubicacion,3959,8.81,10.89
Ubicacion,2954,CONECTA_CON,Ubicacion,4267,1.78,2.78
Ubicacion,2954,CONECTA_CON,Ubicacion,4753,3.26,9.59
Ubicacion,2955,CONECTA_CON,Ubicacion,760,6.58,15.31
Ubicacion,2955,CONECTA_CON,Ubicacion,1122,4.31,4.94
Ubicacion,2955,CONECTA_CON,Ubicacion,4928,1.55,2.61
Ubicacion,2956,CONECTA_CON,Ubicacion,3350,1.83,2.28
Ubicacion,2956,CONECTA_CON,Ubicacion,511,3.49,5.19
Ubicacion,2956,CONECTA_CON,Ubicacion,3322,2.35,3.19
Ubicacion,2957,CONECTA_CON,Ubicacion,2743,1.38,2.93
Ubicacion,2957,CONECTA_CON,Ubicacion,2033,5.68,8.09
Ubicacion,2957,CONECTA_CON,Ubicacion,974,5.82,7.76
Ubicacion,2958,CONECTA_CON,Ubicacion,1331,9.97,12.56
Ubicacion,2958,CONECTA_CON,Ubicacion,4541,4.05,9.15
Ubicacion,2958,CONECTA_CON,Ubicacion,3353,4.71,6.91
Ubicacion,2959,CONECTA_CON,Ubicacion,2508,9.77,28.21
Ubicacion,2959,CONECTA_CON,Ubicacion,2690,8.37,16.14
Ubicacion,2959,CONECTA_CON,Ubicacion,3632,9.88,13.88
Ubicacion,2960,CONECTA_CON,Ubicacion,99,8.01,8.75
Ubicacion,2960,CONECTA_CON,Ubicacion,3160,8.18,9.92
Ubicacion,2960,CONECTA_CON,Ubicacion,3361,2.21,2.49
Ubicacion,2961,CONECTA_CON,Ubicacion,3728,4.42,4.54
Ubicacion,2961,CONECTA_CON,Ubicacion,2188,6.91,15.68
Ubicacion,2961,CONECTA_CON,Ubicacion,3626,5.39,12.65
Ubicacion,2962,CONECTA_CON,Ubicacion,679,0.52,0.63
Ubicacion,2962,CONECTA_CON,Ubicacion,2463,5.58,9.84
Ubicacion,2962,CONECTA_CON,Ubicacion,251,3.75,6.73
Ubicacion,2963,CONECTA_CON,Ubicacion,715,3.06,5.65
Ubicacion,2963,CONECTA_CON,Ubicacion,1869,9.17,18.46
Ubicacion,2963,CONECTA_CON,Ubicacion,2721,8.89,8.93
Ubicacion,2964,CONECTA_CON,Ubicacion,1611,2.49,2.94
Ubicacion,2964,CONECTA_CON,Ubicacion,78,6.37,10.68
Ubicacion,2964,CONECTA_CON,Ubicacion,2561,5.54,9.44
Ubicacion,2965,CONECTA_CON,Ubicacion,3031,9.5,11.04
Ubicacion,2965,CONECTA_CON,Ubicacion,1954,2.59,3.75
Ubicacion,2965,CONECTA_CON,Ubicacion,4274,3.04,4.42
Ubicacion,2966,CONECTA_CON,Ubicacion,4681,2.64,5.85
Ubicacion,2966,CONECTA_CON,Ubicacion,1810,5.16,6.97
Ubicacion,2966,CONECTA_CON,Ubicacion,4323,5.59,10.13
Ubicacion,2967,CONECTA_CON,Ubicacion,1056,5.35,12.86
Ubicacion,2967,CONECTA_CON,Ubicacion,1374,9.72,18.42
Ubicacion,2967,CONECTA_CON,Ubicacion,4067,9.78,14.24
Ubicacion,2968,CONECTA_CON,Ubicacion,2956,5.42,11.02
Ubicacion,2968,CONECTA_CON,Ubicacion,2894,3.0,3.74
Ubicacion,2968,CONECTA_CON,Ubicacion,4742,3.67,3.74
Ubicacion,2969,CONECTA_CON,Ubicacion,1141,9.28,26.69
Ubicacion,2969,CONECTA_CON,Ubicacion,2020,8.11,10.55
Ubicacion,2969,CONECTA_CON,Ubicacion,3077,0.67,1.0
Ubicacion,2970,CONECTA_CON,Ubicacion,4051,8.87,16.7
Ubicacion,2970,CONECTA_CON,Ubicacion,4998,4.3,4.34
Ubicacion,2970,CONECTA_CON,Ubicacion,424,3.44,9.05
Ubicacion,2971,CONECTA_CON,Ubicacion,1730,7.18,7.35
Ubicacion,2971,CONECTA_CON,Ubicacion,4562,9.66,17.27
Ubicacion,2971,CONECTA_CON,Ubicacion,2383,3.52,4.43
Ubicacion,2972,CONECTA_CON,Ubicacion,2658,4.23,6.92
Ubicacion,2972,CONECTA_CON,Ubicacion,1675,3.1,5.15
Ubicacion,2972,CONECTA_CON,Ubicacion,1353,9.41,9.88
Ubicacion,2973,CONECTA_CON,Ubicacion,444,9.47,10.08
Ubicacion,2973,CONECTA_CON,Ubicacion,2191,8.7,9.06
Ubicacion,2973,CONECTA_CON,Ubicacion,810,9.39,25.88
Ubicacion,2974,CONECTA_CON,Ubicacion,3731,8.86,9.06
Ubicacion,2974,CONECTA_CON,Ubicacion,4664,1.95,2.75
Ubicacion,2974,CONECTA_CON,Ubicacion,4359,7.84,8.07
Ubicacion,2975,CONECTA_CON,Ubicacion,4413,1.58,3.96
Ubicacion,2975,CONECTA_CON,Ubicacion,4625,5.48,10.54
Ubicacion,2975,CONECTA_CON,Ubicacion,2240,3.98,6.35
Ubicacion,2976,CONECTA_CON,Ubicacion,3667,9.18,19.45
Ubicacion,2976,CONECTA_CON,Ubicacion,927,1.98,2.79
Ubicacion,2976,CONECTA_CON,Ubicacion,3701,4.54,9.13
Ubicacion,2977,CONECTA_CON,Ubicacion,4723,9.2,19.0
Ubicacion,2977,CONECTA_CON,Ubicacion,377,3.16,3.58
Ubicacion,2977,CONECTA_CON,Ubicacion,2900,9.77,21.43
Ubicacion,2978,CONECTA_CON,Ubicacion,3724,3.6,3.97
Ubicacion,2978,CONECTA_CON,Ubicacion,4861,5.25,8.42
Ubicacion,2978,CONECTA_CON,Ubicacion,2561,3.95,9.12
Ubicacion,2979,CONECTA_CON,Ubicacion,2077,5.32,9.91
Ubicacion,2979,CONECTA_CON,Ubicacion,2321,4.3,11.35
Ubicacion,2979,CONECTA_CON,Ubicacion,2550,1.88,5.22
Ubicacion,2980,CONECTA_CON,Ubicacion,336,8.8,15.96
Ubicacion,2980,CONECTA_CON,Ubicacion,1888,7.18,11.13
Ubicacion,2980,CONECTA_CON,Ubicacion,3549,4.9,5.29
Ubicacion,2981,CONECTA_CON,Ubicacion,3506,1.74,4.52
Ubicacion,2981,CONECTA_CON,Ubicacion,3652,6.17,10.78
Ubicacion,2981,CONECTA_CON,Ubicacion,1820,5.5,5.96
Ubicacion,2982,CONECTA_CON,Ubicacion,1400,6.17,11.18
Ubicacion,2982,CONECTA_CON,Ubicacion,738,7.01,10.7
Ubicacion,2982,CONECTA_CON,Ubicacion,4603,8.86,14.13
Ubicacion,2983,CONECTA_CON,Ubicacion,2024,6.27,14.72
Ubicacion,2983,CONECTA_CON,Ubicacion,448,8.08,15.67
Ubicacion,2983,CONECTA_CON,Ubicacion,4914,7.03,8.11
Ubicacion,2984,CONECTA_CON,Ubicacion,1280,7.25,8.24
Ubicacion,2984,CONECTA_CON,Ubicacion,2901,1.73,3.79
Ubicacion,2984,CONECTA_CON,Ubicacion,1362,4.27,7.15
Ubicacion,2985,CONECTA_CON,Ubicacion,529,8.98,24.07
Ubicacion,2985,CONECTA_CON,Ubicacion,495,4.8,8.29
Ubicacion,2985,CONECTA_CON,Ubicacion,3568,2.58,4.95
Ubicacion,2986,CONECTA_CON,Ubicacion,3932,8.69,11.94
Ubicacion,2986,CONECTA_CON,Ubicacion,2684,4.85,9.67
Ubicacion,2986,CONECTA_CON,Ubicacion,2848,0.56,1.54
Ubicacion,2987,CONECTA_CON,Ubicacion,3172,2.94,8.67
Ubicacion,2987,CONECTA_CON,Ubicacion,778,8.46,11.8
Ubicacion,2987,CONECTA_CON,Ubicacion,436,8.14,17.57
Ubicacion,2988,CONECTA_CON,Ubicacion,474,3.35,3.47
Ubicacion,2988,CONECTA_CON,Ubicacion,1973,0.7,1.6
Ubicacion,2988,CONECTA_CON,Ubicacion,365,7.01,14.98
Ubicacion,2989,CONECTA_CON,Ubicacion,4399,2.23,3.08
Ubicacion,2989,CONECTA_CON,Ubicacion,4480,5.71,8.97
Ubicacion,2989,CONECTA_CON,Ubicacion,162,1.48,1.49
Ubicacion,2990,CONECTA_CON,Ubicacion,2801,8.29,12.85
Ubicacion,2990,CONECTA_CON,Ubicacion,2142,4.48,7.08
Ubicacion,2990,CONECTA_CON,Ubicacion,194,10.0,14.8
Ubicacion,2991,CONECTA_CON,Ubicacion,2837,1.35,1.65
Ubicacion,2991,CONECTA_CON,Ubicacion,3351,5.55,7.26
Ubicacion,2991,CONECTA_CON,Ubicacion,3601,9.12,10.25
Ubicacion,2992,CONECTA_CON,Ubicacion,4154,4.94,8.11
Ubicacion,2992,CONECTA_CON,Ubicacion,4136,9.2,20.73
Ubicacion,2992,CONECTA_CON,Ubicacion,270,7.99,8.13
Ubicacion,2993,CONECTA_CON,Ubicacion,558,2.14,6.04
Ubicacion,2993,CONECTA_CON,Ubicacion,755,8.82,12.88
Ubicacion,2993,CONECTA_CON,Ubicacion,2496,5.04,11.75
Ubicacion,2994,CONECTA_CON,Ubicacion,2948,1.28,1.3
Ubicacion,2994,CONECTA_CON,Ubicacion,3472,9.02,15.34
Ubicacion,2994,CONECTA_CON,Ubicacion,1620,8.37,8.85
Ubicacion,2995,CONECTA_CON,Ubicacion,2307,7.25,7.75
Ubicacion,2995,CONECTA_CON,Ubicacion,1086,1.37,2.33
Ubicacion,2995,CONECTA_CON,Ubicacion,4904,4.35,7.13
Ubicacion,2996,CONECTA_CON,Ubicacion,1060,3.64,10.7
Ubicacion,2996,CONECTA_CON,Ubicacion,2446,7.44,7.78
Ubicacion,2996,CONECTA_CON,Ubicacion,4625,5.7,5.82
Ubicacion,2997,CONECTA_CON,Ubicacion,1552,6.27,11.47
Ubicacion,2997,CONECTA_CON,Ubicacion,1386,8.36,11.28
Ubicacion,2997,CONECTA_CON,Ubicacion,486,9.01,12.82
Ubicacion,2998,CONECTA_CON,Ubicacion,1162,2.86,4.56
Ubicacion,2998,CONECTA_CON,Ubicacion,1294,7.44,8.55
Ubicacion,2998,CONECTA_CON,Ubicacion,1844,7.62,14.0
Ubicacion,2999,CONECTA_CON,Ubicacion,1152,5.11,6.22
Ubicacion,2999,CONECTA_CON,Ubicacion,2325,3.84,5.67
Ubicacion,2999,CONECTA_CON,Ubicacion,4395,5.05,10.56
Ubicacion,3000,CONECTA_CON,Ubicacion,1857,9.97,15.46
Ubicacion,3000,CONECTA_CON,Ubicacion,287,1.16,1.74
Ubicacion,3000,CONECTA_CON,Ubicacion,4028,7.35,9.01
Ubicacion,3001,CONECTA_CON,Ubicacion,166,8.23,16.36
Ubicacion,3001,CONECTA_CON,Ubicacion,553,2.96,4.39
Ubicacion,3001,CONECTA_CON,Ubicacion,3382,6.19,10.8
Ubicacion,3002,CONECTA_CON,Ubicacion,1082,9.19,13.02
Ubicacion,3002,CONECTA_CON,Ubicacion,2165,6.81,13.27
Ubicacion,3002,CONECTA_CON,Ubicacion,552,8.1,17.41
Ubicacion,3003,CONECTA_CON,Ubicacion,3677,5.6,13.31
Ubicacion,3003,CONECTA_CON,Ubicacion,1594,9.28,18.04
Ubicacion,3003,CONECTA_CON,Ubicacion,2289,7.94,12.06
Ubicacion,3004,CONECTA_CON,Ubicacion,3962,7.22,8.31
Ubicacion,3004,CONECTA_CON,Ubicacion,4993,3.96,11.07
Ubicacion,3004,CONECTA_CON,Ubicacion,487,3.23,3.46
Ubicacion,3005,CONECTA_CON,Ubicacion,1856,0.96,2.09
Ubicacion,3005,CONECTA_CON,Ubicacion,1751,7.7,10.95
Ubicacion,3005,CONECTA_CON,Ubicacion,4028,8.58,11.81
Ubicacion,3006,CONECTA_CON,Ubicacion,4189,9.3,12.13
Ubicacion,3006,CONECTA_CON,Ubicacion,1949,6.99,7.46
Ubicacion,3006,CONECTA_CON,Ubicacion,3490,6.29,8.95
Ubicacion,3007,CONECTA_CON,Ubicacion,4522,3.74,4.8
Ubicacion,3007,CONECTA_CON,Ubicacion,1962,6.84,11.19
Ubicacion,3007,CONECTA_CON,Ubicacion,1786,8.42,12.09
Ubicacion,3008,CONECTA_CON,Ubicacion,1445,2.43,6.09
Ubicacion,3008,CONECTA_CON,Ubicacion,3695,5.41,8.05
Ubicacion,3008,CONECTA_CON,Ubicacion,1172,4.87,10.85
Ubicacion,3009,CONECTA_CON,Ubicacion,335,4.66,12.65
Ubicacion,3009,CONECTA_CON,Ubicacion,3382,2.37,5.06
Ubicacion,3009,CONECTA_CON,Ubicacion,1227,8.16,10.19
Ubicacion,3010,CONECTA_CON,Ubicacion,2780,0.89,1.65
Ubicacion,3010,CONECTA_CON,Ubicacion,4346,3.43,4.75
Ubicacion,3010,CONECTA_CON,Ubicacion,4513,2.89,6.75
Ubicacion,3011,CONECTA_CON,Ubicacion,3032,9.62,21.03
Ubicacion,3011,CONECTA_CON,Ubicacion,4037,2.69,3.71
Ubicacion,3011,CONECTA_CON,Ubicacion,1988,4.84,5.65
Ubicacion,3012,CONECTA_CON,Ubicacion,1654,7.07,16.47
Ubicacion,3012,CONECTA_CON,Ubicacion,2998,1.86,5.09
Ubicacion,3012,CONECTA_CON,Ubicacion,3306,4.12,8.6
Ubicacion,3013,CONECTA_CON,Ubicacion,2824,0.64,0.86
Ubicacion,3013,CONECTA_CON,Ubicacion,2245,5.18,5.47
Ubicacion,3013,CONECTA_CON,Ubicacion,2233,2.1,2.93
Ubicacion,3014,CONECTA_CON,Ubicacion,4150,6.06,6.43
Ubicacion,3014,CONECTA_CON,Ubicacion,2723,0.79,1.55
Ubicacion,3014,CONECTA_CON,Ubicacion,4244,9.12,14.84
Ubicacion,3015,CONECTA_CON,Ubicacion,1265,1.03,1.17
Ubicacion,3015,CONECTA_CON,Ubicacion,4354,3.7,7.34
Ubicacion,3015,CONECTA_CON,Ubicacion,3090,1.04,1.39
Ubicacion,3016,CONECTA_CON,Ubicacion,3981,7.79,10.54
Ubicacion,3016,CONECTA_CON,Ubicacion,1986,3.83,4.09
Ubicacion,3016,CONECTA_CON,Ubicacion,4481,8.71,18.91
Ubicacion,3017,CONECTA_CON,Ubicacion,1417,7.54,7.67
Ubicacion,3017,CONECTA_CON,Ubicacion,154,8.73,11.0
Ubicacion,3017,CONECTA_CON,Ubicacion,3212,6.88,12.01
Ubicacion,3018,CONECTA_CON,Ubicacion,4388,5.85,7.85
Ubicacion,3018,CONECTA_CON,Ubicacion,4268,5.54,8.34
Ubicacion,3018,CONECTA_CON,Ubicacion,2229,9.92,11.44
Ubicacion,3019,CONECTA_CON,Ubicacion,1098,1.83,3.54
Ubicacion,3019,CONECTA_CON,Ubicacion,4951,1.86,2.58
Ubicacion,3019,CONECTA_CON,Ubicacion,1320,4.67,10.5
Ubicacion,3020,CONECTA_CON,Ubicacion,2290,3.32,7.52
Ubicacion,3020,CONECTA_CON,Ubicacion,530,9.82,13.63
Ubicacion,3020,CONECTA_CON,Ubicacion,4569,8.06,13.98
Ubicacion,3021,CONECTA_CON,Ubicacion,3958,1.33,2.76
Ubicacion,3021,CONECTA_CON,Ubicacion,2990,4.77,8.13
Ubicacion,3021,CONECTA_CON,Ubicacion,3388,9.15,15.87
Ubicacion,3022,CONECTA_CON,Ubicacion,1311,0.77,0.88
Ubicacion,3022,CONECTA_CON,Ubicacion,3452,3.36,9.48
Ubicacion,3022,CONECTA_CON,Ubicacion,1101,5.41,7.56
Ubicacion,3023,CONECTA_CON,Ubicacion,4215,4.11,9.57
Ubicacion,3023,CONECTA_CON,Ubicacion,3200,0.65,0.69
Ubicacion,3023,CONECTA_CON,Ubicacion,29,6.46,15.52
Ubicacion,3024,CONECTA_CON,Ubicacion,986,6.15,8.35
Ubicacion,3024,CONECTA_CON,Ubicacion,3873,5.9,8.73
Ubicacion,3024,CONECTA_CON,Ubicacion,4213,1.95,2.91
Ubicacion,3025,CONECTA_CON,Ubicacion,1246,0.77,1.64
Ubicacion,3025,CONECTA_CON,Ubicacion,3968,5.79,9.2
Ubicacion,3025,CONECTA_CON,Ubicacion,1483,0.56,1.6
Ubicacion,3026,CONECTA_CON,Ubicacion,2472,6.99,15.16
Ubicacion,3026,CONECTA_CON,Ubicacion,615,4.72,7.65
Ubicacion,3026,CONECTA_CON,Ubicacion,3814,2.6,2.74
Ubicacion,3027,CONECTA_CON,Ubicacion,1157,1.84,2.54
Ubicacion,3027,CONECTA_CON,Ubicacion,795,7.01,17.65
Ubicacion,3027,CONECTA_CON,Ubicacion,617,6.82,13.18
Ubicacion,3028,CONECTA_CON,Ubicacion,2036,7.99,11.21
Ubicacion,3028,CONECTA_CON,Ubicacion,3337,8.77,12.82
Ubicacion,3028,CONECTA_CON,Ubicacion,4466,4.55,5.15
Ubicacion,3029,CONECTA_CON,Ubicacion,4320,6.45,8.45
Ubicacion,3029,CONECTA_CON,Ubicacion,4696,2.35,2.82
Ubicacion,3029,CONECTA_CON,Ubicacion,1941,1.21,2.83
Ubicacion,3030,CONECTA_CON,Ubicacion,4901,6.61,9.31
Ubicacion,3030,CONECTA_CON,Ubicacion,4149,0.72,1.88
Ubicacion,3030,CONECTA_CON,Ubicacion,1144,5.71,6.39
Ubicacion,3031,CONECTA_CON,Ubicacion,453,3.2,3.56
Ubicacion,3031,CONECTA_CON,Ubicacion,987,8.75,10.61
Ubicacion,3031,CONECTA_CON,Ubicacion,2365,7.21,12.49
Ubicacion,3032,CONECTA_CON,Ubicacion,1460,2.08,2.67
Ubicacion,3032,CONECTA_CON,Ubicacion,3716,8.05,11.73
Ubicacion,3032,CONECTA_CON,Ubicacion,3854,9.49,24.36
Ubicacion,3033,CONECTA_CON,Ubicacion,113,9.57,19.09
Ubicacion,3033,CONECTA_CON,Ubicacion,1419,5.05,6.58
Ubicacion,3033,CONECTA_CON,Ubicacion,2354,0.94,1.42
Ubicacion,3034,CONECTA_CON,Ubicacion,2128,7.01,8.85
Ubicacion,3034,CONECTA_CON,Ubicacion,4827,9.54,9.76
Ubicacion,3034,CONECTA_CON,Ubicacion,229,3.6,6.78
Ubicacion,3035,CONECTA_CON,Ubicacion,4628,8.36,8.98
Ubicacion,3035,CONECTA_CON,Ubicacion,2627,0.78,1.0
Ubicacion,3035,CONECTA_CON,Ubicacion,783,7.44,9.16
Ubicacion,3036,CONECTA_CON,Ubicacion,1726,6.6,13.56
Ubicacion,3036,CONECTA_CON,Ubicacion,375,2.96,4.17
Ubicacion,3036,CONECTA_CON,Ubicacion,220,1.8,4.94
Ubicacion,3037,CONECTA_CON,Ubicacion,3515,5.07,6.95
Ubicacion,3037,CONECTA_CON,Ubicacion,3189,9.69,19.85
Ubicacion,3037,CONECTA_CON,Ubicacion,2002,3.44,8.65
Ubicacion,3038,CONECTA_CON,Ubicacion,243,2.59,3.0
Ubicacion,3038,CONECTA_CON,Ubicacion,4901,6.07,6.11
Ubicacion,3038,CONECTA_CON,Ubicacion,2786,5.59,11.92
Ubicacion,3039,CONECTA_CON,Ubicacion,3329,8.48,19.17
Ubicacion,3039,CONECTA_CON,Ubicacion,4453,0.78,1.65
Ubicacion,3039,CONECTA_CON,Ubicacion,847,3.27,6.42
Ubicacion,3040,CONECTA_CON,Ubicacion,1491,5.81,13.77
Ubicacion,3040,CONECTA_CON,Ubicacion,2925,9.44,18.75
Ubicacion,3040,CONECTA_CON,Ubicacion,1294,3.54,4.73
Ubicacion,3041,CONECTA_CON,Ubicacion,4158,8.99,15.59
Ubicacion,3041,CONECTA_CON,Ubicacion,446,8.71,20.88
Ubicacion,3041,CONECTA_CON,Ubicacion,3685,6.12,6.82
Ubicacion,3042,CONECTA_CON,Ubicacion,922,5.1,6.65
Ubicacion,3042,CONECTA_CON,Ubicacion,1075,9.99,13.32
Ubicacion,3042,CONECTA_CON,Ubicacion,4694,7.88,10.88
Ubicacion,3043,CONECTA_CON,Ubicacion,1810,5.88,6.96
Ubicacion,3043,CONECTA_CON,Ubicacion,1887,6.67,12.09
Ubicacion,3043,CONECTA_CON,Ubicacion,4325,9.54,21.23
Ubicacion,3044,CONECTA_CON,Ubicacion,160,0.84,1.71
Ubicacion,3044,CONECTA_CON,Ubicacion,1002,1.48,1.78
Ubicacion,3044,CONECTA_CON,Ubicacion,1289,5.86,8.24
Ubicacion,3045,CONECTA_CON,Ubicacion,1770,7.12,7.34
Ubicacion,3045,CONECTA_CON,Ubicacion,1178,8.84,15.73
Ubicacion,3045,CONECTA_CON,Ubicacion,435,7.2,8.96
Ubicacion,3046,CONECTA_CON,Ubicacion,2189,8.94,14.69
Ubicacion,3046,CONECTA_CON,Ubicacion,3850,6.52,12.72
Ubicacion,3046,CONECTA_CON,Ubicacion,3694,5.07,6.91
Ubicacion,3047,CONECTA_CON,Ubicacion,2611,7.26,9.45
Ubicacion,3047,CONECTA_CON,Ubicacion,2321,1.26,2.14
Ubicacion,3047,CONECTA_CON,Ubicacion,2354,5.42,6.66
Ubicacion,3048,CONECTA_CON,Ubicacion,148,5.46,7.17
Ubicacion,3048,CONECTA_CON,Ubicacion,2573,7.53,8.41
Ubicacion,3048,CONECTA_CON,Ubicacion,2245,5.89,6.86
Ubicacion,3049,CONECTA_CON,Ubicacion,4801,4.86,6.61
Ubicacion,3049,CONECTA_CON,Ubicacion,2900,9.35,10.76
Ubicacion,3049,CONECTA_CON,Ubicacion,1361,7.78,8.19
Ubicacion,3050,CONECTA_CON,Ubicacion,1248,5.97,10.19
Ubicacion,3050,CONECTA_CON,Ubicacion,3717,4.7,7.81
Ubicacion,3050,CONECTA_CON,Ubicacion,818,5.91,12.93
Ubicacion,3051,CONECTA_CON,Ubicacion,4088,3.15,6.2
Ubicacion,3051,CONECTA_CON,Ubicacion,2310,9.61,20.8
Ubicacion,3051,CONECTA_CON,Ubicacion,4884,8.23,8.72
Ubicacion,3052,CONECTA_CON,Ubicacion,4938,4.28,6.28
Ubicacion,3052,CONECTA_CON,Ubicacion,3664,7.86,19.55
Ubicacion,3052,CONECTA_CON,Ubicacion,2092,2.96,7.57
Ubicacion,3053,CONECTA_CON,Ubicacion,1021,4.22,4.25
Ubicacion,3053,CONECTA_CON,Ubicacion,2970,1.93,2.66
Ubicacion,3053,CONECTA_CON,Ubicacion,501,2.03,4.21
Ubicacion,3054,CONECTA_CON,Ubicacion,4331,3.93,7.12
Ubicacion,3054,CONECTA_CON,Ubicacion,631,2.0,3.15
Ubicacion,3054,CONECTA_CON,Ubicacion,2458,1.45,2.0
Ubicacion,3055,CONECTA_CON,Ubicacion,3951,7.68,7.98
Ubicacion,3055,CONECTA_CON,Ubicacion,1644,6.19,13.59
Ubicacion,3055,CONECTA_CON,Ubicacion,3307,8.43,13.74
Ubicacion,3056,CONECTA_CON,Ubicacion,1782,4.18,8.49
Ubicacion,3056,CONECTA_CON,Ubicacion,3581,7.62,9.53
Ubicacion,3056,CONECTA_CON,Ubicacion,1806,5.39,9.51
Ubicacion,3057,CONECTA_CON,Ubicacion,3756,1.3,1.63
Ubicacion,3057,CONECTA_CON,Ubicacion,1126,3.82,7.18
Ubicacion,3057,CONECTA_CON,Ubicacion,3296,6.99,7.63
Ubicacion,3058,CONECTA_CON,Ubicacion,2349,5.15,8.96
Ubicacion,3058,CONECTA_CON,Ubicacion,3899,1.88,4.93
Ubicacion,3058,CONECTA_CON,Ubicacion,1166,6.87,8.21
Ubicacion,3059,CONECTA_CON,Ubicacion,2955,5.02,9.47
Ubicacion,3059,CONECTA_CON,Ubicacion,3341,1.48,2.8
Ubicacion,3059,CONECTA_CON,Ubicacion,3263,6.42,8.85
Ubicacion,3060,CONECTA_CON,Ubicacion,2944,4.37,11.67
Ubicacion,3060,CONECTA_CON,Ubicacion,2703,7.67,8.44
Ubicacion,3060,CONECTA_CON,Ubicacion,4637,7.42,10.02
Ubicacion,3061,CONECTA_CON,Ubicacion,2638,1.48,2.19
Ubicacion,3061,CONECTA_CON,Ubicacion,4110,1.75,2.21
Ubicacion,3061,CONECTA_CON,Ubicacion,1728,8.81,12.44
Ubicacion,3062,CONECTA_CON,Ubicacion,2570,3.55,8.62
Ubicacion,3062,CONECTA_CON,Ubicacion,3484,9.23,11.73
Ubicacion,3062,CONECTA_CON,Ubicacion,4100,9.08,19.55
Ubicacion,3063,CONECTA_CON,Ubicacion,1748,5.3,8.49
Ubicacion,3063,CONECTA_CON,Ubicacion,4328,1.45,1.85
Ubicacion,3063,CONECTA_CON,Ubicacion,1207,1.71,1.93
Ubicacion,3064,CONECTA_CON,Ubicacion,3718,8.15,9.69
Ubicacion,3064,CONECTA_CON,Ubicacion,398,0.83,1.12
Ubicacion,3064,CONECTA_CON,Ubicacion,4538,1.73,2.84
Ubicacion,3065,CONECTA_CON,Ubicacion,4005,2.97,6.59
Ubicacion,3065,CONECTA_CON,Ubicacion,4355,4.26,8.32
Ubicacion,3065,CONECTA_CON,Ubicacion,943,3.99,5.24
Ubicacion,3066,CONECTA_CON,Ubicacion,3685,3.6,6.14
Ubicacion,3066,CONECTA_CON,Ubicacion,927,1.87,5.48
Ubicacion,3066,CONECTA_CON,Ubicacion,1036,9.93,10.67
Ubicacion,3067,CONECTA_CON,Ubicacion,3828,6.29,7.02
Ubicacion,3067,CONECTA_CON,Ubicacion,3729,6.47,7.07
Ubicacion,3067,CONECTA_CON,Ubicacion,632,4.19,10.68
Ubicacion,3068,CONECTA_CON,Ubicacion,320,2.06,3.77
Ubicacion,3068,CONECTA_CON,Ubicacion,1793,2.68,5.43
Ubicacion,3068,CONECTA_CON,Ubicacion,2162,2.14,2.81
Ubicacion,3069,CONECTA_CON,Ubicacion,2013,2.72,2.99
Ubicacion,3069,CONECTA_CON,Ubicacion,4900,9.1,20.71
Ubicacion,3069,CONECTA_CON,Ubicacion,1121,2.09,3.21
Ubicacion,3070,CONECTA_CON,Ubicacion,3036,3.45,6.01
Ubicacion,3070,CONECTA_CON,Ubicacion,3079,1.04,2.86
Ubicacion,3070,CONECTA_CON,Ubicacion,2452,6.85,13.79
Ubicacion,3071,CONECTA_CON,Ubicacion,1129,7.91,8.41
Ubicacion,3071,CONECTA_CON,Ubicacion,4516,0.91,0.92
Ubicacion,3071,CONECTA_CON,Ubicacion,2079,6.21,7.25
Ubicacion,3072,CONECTA_CON,Ubicacion,2836,0.57,0.92
Ubicacion,3072,CONECTA_CON,Ubicacion,243,5.09,5.49
Ubicacion,3072,CONECTA_CON,Ubicacion,951,2.4,4.81
Ubicacion,3073,CONECTA_CON,Ubicacion,2759,9.39,11.24
Ubicacion,3073,CONECTA_CON,Ubicacion,4588,1.11,1.4
Ubicacion,3073,CONECTA_CON,Ubicacion,3563,4.63,12.52
Ubicacion,3074,CONECTA_CON,Ubicacion,3132,1.54,2.0
Ubicacion,3074,CONECTA_CON,Ubicacion,2004,3.3,4.02
Ubicacion,3074,CONECTA_CON,Ubicacion,4632,8.02,10.49
Ubicacion,3075,CONECTA_CON,Ubicacion,19,0.58,0.65
Ubicacion,3075,CONECTA_CON,Ubicacion,676,1.65,2.39
Ubicacion,3075,CONECTA_CON,Ubicacion,2522,6.33,8.09
Ubicacion,3076,CONECTA_CON,Ubicacion,1502,1.57,2.53
Ubicacion,3076,CONECTA_CON,Ubicacion,661,9.67,20.96
Ubicacion,3076,CONECTA_CON,Ubicacion,143,7.77,16.66
Ubicacion,3077,CONECTA_CON,Ubicacion,4918,4.03,7.11
Ubicacion,3077,CONECTA_CON,Ubicacion,2583,5.72,6.48
Ubicacion,3077,CONECTA_CON,Ubicacion,510,9.79,16.55
Ubicacion,3078,CONECTA_CON,Ubicacion,2851,4.68,9.08
Ubicacion,3078,CONECTA_CON,Ubicacion,2289,5.42,6.01
Ubicacion,3078,CONECTA_CON,Ubicacion,2378,0.56,0.74
Ubicacion,3079,CONECTA_CON,Ubicacion,1861,3.78,5.56
Ubicacion,3079,CONECTA_CON,Ubicacion,525,4.23,8.79
Ubicacion,3079,CONECTA_CON,Ubicacion,4092,4.3,5.53
Ubicacion,3080,CONECTA_CON,Ubicacion,2667,7.53,10.41
Ubicacion,3080,CONECTA_CON,Ubicacion,2583,7.44,13.07
Ubicacion,3080,CONECTA_CON,Ubicacion,65,7.33,16.8
Ubicacion,3081,CONECTA_CON,Ubicacion,1483,1.77,2.8
Ubicacion,3081,CONECTA_CON,Ubicacion,4133,8.24,8.8
Ubicacion,3081,CONECTA_CON,Ubicacion,4408,6.28,7.66
Ubicacion,3082,CONECTA_CON,Ubicacion,2050,5.41,8.68
Ubicacion,3082,CONECTA_CON,Ubicacion,2028,5.35,6.55
Ubicacion,3082,CONECTA_CON,Ubicacion,1101,4.01,11.05
Ubicacion,3083,CONECTA_CON,Ubicacion,3798,5.67,8.44
Ubicacion,3083,CONECTA_CON,Ubicacion,700,2.52,6.21
Ubicacion,3083,CONECTA_CON,Ubicacion,1075,1.56,3.05
Ubicacion,3084,CONECTA_CON,Ubicacion,4695,9.18,17.49
Ubicacion,3084,CONECTA_CON,Ubicacion,577,7.65,7.96
Ubicacion,3084,CONECTA_CON,Ubicacion,219,9.08,10.11
Ubicacion,3085,CONECTA_CON,Ubicacion,1089,6.53,13.1
Ubicacion,3085,CONECTA_CON,Ubicacion,4311,4.64,7.07
Ubicacion,3085,CONECTA_CON,Ubicacion,4485,8.21,16.95
Ubicacion,3086,CONECTA_CON,Ubicacion,1590,8.88,24.94
Ubicacion,3086,CONECTA_CON,Ubicacion,4961,3.4,4.32
Ubicacion,3086,CONECTA_CON,Ubicacion,2248,6.74,8.13
Ubicacion,3087,CONECTA_CON,Ubicacion,2707,1.23,1.71
Ubicacion,3087,CONECTA_CON,Ubicacion,3040,5.75,11.49
Ubicacion,3087,CONECTA_CON,Ubicacion,2459,5.42,9.9
Ubicacion,3088,CONECTA_CON,Ubicacion,1639,3.49,6.47
Ubicacion,3088,CONECTA_CON,Ubicacion,4658,8.81,18.5
Ubicacion,3088,CONECTA_CON,Ubicacion,1776,4.55,8.27
Ubicacion,3089,CONECTA_CON,Ubicacion,749,4.68,5.38
Ubicacion,3089,CONECTA_CON,Ubicacion,4465,6.5,6.89
Ubicacion,3089,CONECTA_CON,Ubicacion,4199,7.7,21.76
Ubicacion,3090,CONECTA_CON,Ubicacion,151,3.93,8.55
Ubicacion,3090,CONECTA_CON,Ubicacion,1149,8.89,23.42
Ubicacion,3090,CONECTA_CON,Ubicacion,2571,5.57,9.2
Ubicacion,3091,CONECTA_CON,Ubicacion,447,1.27,1.56
Ubicacion,3091,CONECTA_CON,Ubicacion,2978,5.66,13.61
Ubicacion,3091,CONECTA_CON,Ubicacion,1590,8.32,16.68
Ubicacion,3092,CONECTA_CON,Ubicacion,1628,2.9,3.99
Ubicacion,3092,CONECTA_CON,Ubicacion,1158,7.68,14.49
Ubicacion,3092,CONECTA_CON,Ubicacion,2703,3.68,7.38
Ubicacion,3093,CONECTA_CON,Ubicacion,4913,8.31,8.9
Ubicacion,3093,CONECTA_CON,Ubicacion,3221,5.79,15.61
Ubicacion,3093,CONECTA_CON,Ubicacion,576,1.54,2.68
Ubicacion,3094,CONECTA_CON,Ubicacion,1848,8.12,10.24
Ubicacion,3094,CONECTA_CON,Ubicacion,1336,4.19,5.17
Ubicacion,3094,CONECTA_CON,Ubicacion,4419,8.04,9.68
Ubicacion,3095,CONECTA_CON,Ubicacion,1030,8.72,10.27
Ubicacion,3095,CONECTA_CON,Ubicacion,3845,5.67,6.03
Ubicacion,3095,CONECTA_CON,Ubicacion,2140,6.36,14.52
Ubicacion,3096,CONECTA_CON,Ubicacion,679,1.54,1.88
Ubicacion,3096,CONECTA_CON,Ubicacion,4601,6.77,12.36
Ubicacion,3096,CONECTA_CON,Ubicacion,470,4.61,12.71
Ubicacion,3097,CONECTA_CON,Ubicacion,2886,2.49,5.22
Ubicacion,3097,CONECTA_CON,Ubicacion,4717,4.47,9.53
Ubicacion,3097,CONECTA_CON,Ubicacion,1961,5.53,10.92
Ubicacion,3098,CONECTA_CON,Ubicacion,4318,2.1,3.37
Ubicacion,3098,CONECTA_CON,Ubicacion,773,7.26,9.54
Ubicacion,3098,CONECTA_CON,Ubicacion,2778,4.63,12.47
Ubicacion,3099,CONECTA_CON,Ubicacion,3638,1.68,2.89
Ubicacion,3099,CONECTA_CON,Ubicacion,2605,6.9,8.0
Ubicacion,3099,CONECTA_CON,Ubicacion,4233,7.49,14.52
Ubicacion,3100,CONECTA_CON,Ubicacion,3664,4.88,14.06
Ubicacion,3100,CONECTA_CON,Ubicacion,1079,2.55,2.76
Ubicacion,3100,CONECTA_CON,Ubicacion,455,7.71,22.66
Ubicacion,3101,CONECTA_CON,Ubicacion,4353,2.33,3.17
Ubicacion,3101,CONECTA_CON,Ubicacion,1532,8.5,22.27
Ubicacion,3101,CONECTA_CON,Ubicacion,2333,7.79,8.29
Ubicacion,3102,CONECTA_CON,Ubicacion,2159,4.42,7.93
Ubicacion,3102,CONECTA_CON,Ubicacion,1363,9.47,9.86
Ubicacion,3102,CONECTA_CON,Ubicacion,2767,6.46,9.91
Ubicacion,3103,CONECTA_CON,Ubicacion,2534,1.73,2.81
Ubicacion,3103,CONECTA_CON,Ubicacion,4800,4.38,5.72
Ubicacion,3103,CONECTA_CON,Ubicacion,4519,1.58,1.98
Ubicacion,3104,CONECTA_CON,Ubicacion,1643,0.99,1.14
Ubicacion,3104,CONECTA_CON,Ubicacion,2525,0.92,1.14
Ubicacion,3104,CONECTA_CON,Ubicacion,2540,4.36,10.57
Ubicacion,3105,CONECTA_CON,Ubicacion,4374,5.37,14.94
Ubicacion,3105,CONECTA_CON,Ubicacion,2320,9.58,19.21
Ubicacion,3105,CONECTA_CON,Ubicacion,2797,3.3,3.62
Ubicacion,3106,CONECTA_CON,Ubicacion,2481,5.63,15.22
Ubicacion,3106,CONECTA_CON,Ubicacion,4368,2.66,3.05
Ubicacion,3106,CONECTA_CON,Ubicacion,2809,7.15,8.77
Ubicacion,3107,CONECTA_CON,Ubicacion,3716,5.99,12.98
Ubicacion,3107,CONECTA_CON,Ubicacion,1510,6.71,11.09
Ubicacion,3107,CONECTA_CON,Ubicacion,4480,8.53,19.55
Ubicacion,3108,CONECTA_CON,Ubicacion,4145,7.86,8.11
Ubicacion,3108,CONECTA_CON,Ubicacion,1113,4.04,6.86
Ubicacion,3108,CONECTA_CON,Ubicacion,2961,6.64,6.68
Ubicacion,3109,CONECTA_CON,Ubicacion,1247,9.5,10.39
Ubicacion,3109,CONECTA_CON,Ubicacion,513,2.39,2.56
Ubicacion,3109,CONECTA_CON,Ubicacion,1019,3.84,8.34
Ubicacion,3110,CONECTA_CON,Ubicacion,4401,2.1,3.2
Ubicacion,3110,CONECTA_CON,Ubicacion,1515,7.62,21.14
Ubicacion,3110,CONECTA_CON,Ubicacion,208,1.29,1.36
Ubicacion,3111,CONECTA_CON,Ubicacion,907,6.12,7.58
Ubicacion,3111,CONECTA_CON,Ubicacion,17,6.57,9.15
Ubicacion,3111,CONECTA_CON,Ubicacion,521,8.78,10.97
Ubicacion,3112,CONECTA_CON,Ubicacion,4745,1.85,2.53
Ubicacion,3112,CONECTA_CON,Ubicacion,2328,1.27,1.58
Ubicacion,3112,CONECTA_CON,Ubicacion,1822,9.05,17.73
Ubicacion,3113,CONECTA_CON,Ubicacion,283,4.18,9.73
Ubicacion,3113,CONECTA_CON,Ubicacion,4004,2.19,3.3
Ubicacion,3113,CONECTA_CON,Ubicacion,4199,4.49,10.58
Ubicacion,3114,CONECTA_CON,Ubicacion,1823,5.4,5.81
Ubicacion,3114,CONECTA_CON,Ubicacion,1058,5.57,12.63
Ubicacion,3114,CONECTA_CON,Ubicacion,4852,7.39,8.07
Ubicacion,3115,CONECTA_CON,Ubicacion,3893,7.84,8.89
Ubicacion,3115,CONECTA_CON,Ubicacion,1966,5.47,6.4
Ubicacion,3115,CONECTA_CON,Ubicacion,4141,3.21,3.69
Ubicacion,3116,CONECTA_CON,Ubicacion,3837,7.75,8.53
Ubicacion,3116,CONECTA_CON,Ubicacion,3311,5.39,6.74
Ubicacion,3116,CONECTA_CON,Ubicacion,4611,5.42,10.09
Ubicacion,3117,CONECTA_CON,Ubicacion,1175,8.64,16.03
Ubicacion,3117,CONECTA_CON,Ubicacion,3236,3.87,10.32
Ubicacion,3117,CONECTA_CON,Ubicacion,3562,0.79,1.85
Ubicacion,3118,CONECTA_CON,Ubicacion,1895,2.88,3.15
Ubicacion,3118,CONECTA_CON,Ubicacion,909,7.37,8.43
Ubicacion,3118,CONECTA_CON,Ubicacion,3678,8.32,13.98
Ubicacion,3119,CONECTA_CON,Ubicacion,985,4.74,7.25
Ubicacion,3119,CONECTA_CON,Ubicacion,1138,8.87,9.98
Ubicacion,3119,CONECTA_CON,Ubicacion,2972,6.93,12.1
Ubicacion,3120,CONECTA_CON,Ubicacion,726,1.58,2.03
Ubicacion,3120,CONECTA_CON,Ubicacion,4245,3.65,7.72
Ubicacion,3120,CONECTA_CON,Ubicacion,1961,2.89,6.7
Ubicacion,3121,CONECTA_CON,Ubicacion,4703,3.86,4.78
Ubicacion,3121,CONECTA_CON,Ubicacion,3691,1.97,3.9
Ubicacion,3121,CONECTA_CON,Ubicacion,2048,9.28,12.32
Ubicacion,3122,CONECTA_CON,Ubicacion,1036,8.97,11.94
Ubicacion,3122,CONECTA_CON,Ubicacion,1415,9.16,17.85
Ubicacion,3122,CONECTA_CON,Ubicacion,572,6.35,9.36
Ubicacion,3123,CONECTA_CON,Ubicacion,4794,4.96,10.45
Ubicacion,3123,CONECTA_CON,Ubicacion,2146,9.47,14.18
Ubicacion,3123,CONECTA_CON,Ubicacion,2133,9.62,11.63
Ubicacion,3124,CONECTA_CON,Ubicacion,1159,3.06,4.65
Ubicacion,3124,CONECTA_CON,Ubicacion,3523,2.64,4.21
Ubicacion,3124,CONECTA_CON,Ubicacion,3161,9.46,20.09
Ubicacion,3125,CONECTA_CON,Ubicacion,3572,4.59,7.36
Ubicacion,3125,CONECTA_CON,Ubicacion,3240,2.07,2.73
Ubicacion,3125,CONECTA_CON,Ubicacion,4491,6.93,12.51
Ubicacion,3126,CONECTA_CON,Ubicacion,3608,1.18,1.31
Ubicacion,3126,CONECTA_CON,Ubicacion,1094,4.47,5.22
Ubicacion,3126,CONECTA_CON,Ubicacion,3829,7.39,10.09
Ubicacion,3127,CONECTA_CON,Ubicacion,1730,2.72,3.39
Ubicacion,3127,CONECTA_CON,Ubicacion,3911,8.54,17.91
Ubicacion,3127,CONECTA_CON,Ubicacion,2298,8.21,10.4
Ubicacion,3128,CONECTA_CON,Ubicacion,1210,4.45,5.93
Ubicacion,3128,CONECTA_CON,Ubicacion,1691,8.3,10.89
Ubicacion,3128,CONECTA_CON,Ubicacion,3740,1.88,1.89
Ubicacion,3129,CONECTA_CON,Ubicacion,4951,5.61,5.81
Ubicacion,3129,CONECTA_CON,Ubicacion,2682,4.82,4.85
Ubicacion,3129,CONECTA_CON,Ubicacion,51,7.39,8.95
Ubicacion,3130,CONECTA_CON,Ubicacion,929,8.22,8.58
Ubicacion,3130,CONECTA_CON,Ubicacion,1631,5.42,11.64
Ubicacion,3130,CONECTA_CON,Ubicacion,3805,4.61,9.32
Ubicacion,3131,CONECTA_CON,Ubicacion,1009,7.78,10.04
Ubicacion,3131,CONECTA_CON,Ubicacion,3764,6.3,6.78
Ubicacion,3131,CONECTA_CON,Ubicacion,358,3.11,5.31
Ubicacion,3132,CONECTA_CON,Ubicacion,1421,1.79,2.21
Ubicacion,3132,CONECTA_CON,Ubicacion,2167,6.68,6.87
Ubicacion,3132,CONECTA_CON,Ubicacion,3548,1.86,3.96
Ubicacion,3133,CONECTA_CON,Ubicacion,240,4.39,11.54
Ubicacion,3133,CONECTA_CON,Ubicacion,3590,7.89,9.64
Ubicacion,3133,CONECTA_CON,Ubicacion,150,7.37,8.95
Ubicacion,3134,CONECTA_CON,Ubicacion,803,3.57,5.27
Ubicacion,3134,CONECTA_CON,Ubicacion,2992,4.5,5.14
Ubicacion,3134,CONECTA_CON,Ubicacion,4166,2.16,3.18
Ubicacion,3135,CONECTA_CON,Ubicacion,3960,0.63,0.79
Ubicacion,3135,CONECTA_CON,Ubicacion,2346,0.73,2.14
Ubicacion,3135,CONECTA_CON,Ubicacion,4518,0.72,1.92
Ubicacion,3136,CONECTA_CON,Ubicacion,4290,2.3,2.31
Ubicacion,3136,CONECTA_CON,Ubicacion,2957,5.73,8.14
Ubicacion,3136,CONECTA_CON,Ubicacion,1564,9.54,11.13
Ubicacion,3137,CONECTA_CON,Ubicacion,3562,2.78,2.93
Ubicacion,3137,CONECTA_CON,Ubicacion,3305,4.16,12.18
Ubicacion,3137,CONECTA_CON,Ubicacion,1498,4.82,8.45
Ubicacion,3138,CONECTA_CON,Ubicacion,4111,3.24,4.47
Ubicacion,3138,CONECTA_CON,Ubicacion,4083,5.66,5.99
Ubicacion,3138,CONECTA_CON,Ubicacion,4322,5.08,5.15
Ubicacion,3139,CONECTA_CON,Ubicacion,366,7.3,12.98
Ubicacion,3139,CONECTA_CON,Ubicacion,4397,5.89,6.7
Ubicacion,3139,CONECTA_CON,Ubicacion,3734,5.04,10.66
Ubicacion,3140,CONECTA_CON,Ubicacion,2654,2.78,4.58
Ubicacion,3140,CONECTA_CON,Ubicacion,2806,6.92,9.18
Ubicacion,3140,CONECTA_CON,Ubicacion,3859,4.12,6.93
Ubicacion,3141,CONECTA_CON,Ubicacion,280,3.94,5.73
Ubicacion,3141,CONECTA_CON,Ubicacion,4094,2.54,3.68
Ubicacion,3141,CONECTA_CON,Ubicacion,4391,2.46,6.12
Ubicacion,3142,CONECTA_CON,Ubicacion,2570,8.76,14.29
Ubicacion,3142,CONECTA_CON,Ubicacion,1482,1.96,5.02
Ubicacion,3142,CONECTA_CON,Ubicacion,889,5.21,7.07
Ubicacion,3143,CONECTA_CON,Ubicacion,1747,0.62,0.79
Ubicacion,3143,CONECTA_CON,Ubicacion,2075,9.64,21.44
Ubicacion,3143,CONECTA_CON,Ubicacion,1244,9.98,24.13
Ubicacion,3144,CONECTA_CON,Ubicacion,553,2.56,4.02
Ubicacion,3144,CONECTA_CON,Ubicacion,989,2.42,2.54
Ubicacion,3144,CONECTA_CON,Ubicacion,4947,9.97,19.63
Ubicacion,3145,CONECTA_CON,Ubicacion,2300,1.73,1.84
Ubicacion,3145,CONECTA_CON,Ubicacion,4742,7.26,17.37
Ubicacion,3145,CONECTA_CON,Ubicacion,3184,2.13,3.4
Ubicacion,3146,CONECTA_CON,Ubicacion,4866,7.41,9.76
Ubicacion,3146,CONECTA_CON,Ubicacion,1968,2.25,3.0
Ubicacion,3146,CONECTA_CON,Ubicacion,198,9.81,11.28
Ubicacion,3147,CONECTA_CON,Ubicacion,1457,9.2,27.03
Ubicacion,3147,CONECTA_CON,Ubicacion,3384,5.02,8.19
Ubicacion,3147,CONECTA_CON,Ubicacion,4388,5.17,6.89
Ubicacion,3148,CONECTA_CON,Ubicacion,4673,5.64,8.28
Ubicacion,3148,CONECTA_CON,Ubicacion,4371,9.44,26.75
Ubicacion,3148,CONECTA_CON,Ubicacion,35,9.71,12.51
Ubicacion,3149,CONECTA_CON,Ubicacion,3077,2.53,4.03
Ubicacion,3149,CONECTA_CON,Ubicacion,1031,7.36,18.12
Ubicacion,3149,CONECTA_CON,Ubicacion,749,8.86,10.88
Ubicacion,3150,CONECTA_CON,Ubicacion,4406,0.65,1.38
Ubicacion,3150,CONECTA_CON,Ubicacion,2809,3.99,10.78
Ubicacion,3150,CONECTA_CON,Ubicacion,4035,6.85,12.62
Ubicacion,3151,CONECTA_CON,Ubicacion,2550,9.19,10.35
Ubicacion,3151,CONECTA_CON,Ubicacion,4773,4.25,10.61
Ubicacion,3151,CONECTA_CON,Ubicacion,1209,7.84,11.15
Ubicacion,3152,CONECTA_CON,Ubicacion,4009,9.35,16.51
Ubicacion,3152,CONECTA_CON,Ubicacion,4097,3.6,7.02
Ubicacion,3152,CONECTA_CON,Ubicacion,237,1.35,2.17
Ubicacion,3153,CONECTA_CON,Ubicacion,3871,0.66,0.71
Ubicacion,3153,CONECTA_CON,Ubicacion,701,2.57,4.21
Ubicacion,3153,CONECTA_CON,Ubicacion,4036,1.72,2.08
Ubicacion,3154,CONECTA_CON,Ubicacion,1947,6.89,19.38
Ubicacion,3154,CONECTA_CON,Ubicacion,2219,9.48,16.37
Ubicacion,3154,CONECTA_CON,Ubicacion,453,0.71,1.31
Ubicacion,3155,CONECTA_CON,Ubicacion,28,7.67,18.13
Ubicacion,3155,CONECTA_CON,Ubicacion,4513,1.52,2.24
Ubicacion,3155,CONECTA_CON,Ubicacion,2819,5.89,9.61
Ubicacion,3156,CONECTA_CON,Ubicacion,467,8.75,11.92
Ubicacion,3156,CONECTA_CON,Ubicacion,2175,4.97,8.56
Ubicacion,3156,CONECTA_CON,Ubicacion,3528,4.99,5.9
Ubicacion,3157,CONECTA_CON,Ubicacion,4210,6.34,8.6
Ubicacion,3157,CONECTA_CON,Ubicacion,1082,1.46,2.16
Ubicacion,3157,CONECTA_CON,Ubicacion,2999,0.82,2.34
Ubicacion,3158,CONECTA_CON,Ubicacion,1156,2.85,6.95
Ubicacion,3158,CONECTA_CON,Ubicacion,3181,6.3,8.19
Ubicacion,3158,CONECTA_CON,Ubicacion,1277,2.76,5.51
Ubicacion,3159,CONECTA_CON,Ubicacion,3889,7.99,9.44
Ubicacion,3159,CONECTA_CON,Ubicacion,3902,6.69,8.09
Ubicacion,3159,CONECTA_CON,Ubicacion,2765,6.35,6.38
Ubicacion,3160,CONECTA_CON,Ubicacion,2250,6.14,11.39
Ubicacion,3160,CONECTA_CON,Ubicacion,2433,4.92,10.09
Ubicacion,3160,CONECTA_CON,Ubicacion,2799,6.05,7.5
Ubicacion,3161,CONECTA_CON,Ubicacion,2100,2.82,4.57
Ubicacion,3161,CONECTA_CON,Ubicacion,2839,5.73,12.53
Ubicacion,3161,CONECTA_CON,Ubicacion,941,7.48,7.49
Ubicacion,3162,CONECTA_CON,Ubicacion,1335,6.26,10.35
Ubicacion,3162,CONECTA_CON,Ubicacion,3375,6.58,8.45
Ubicacion,3162,CONECTA_CON,Ubicacion,1563,6.84,9.14
Ubicacion,3163,CONECTA_CON,Ubicacion,2356,1.74,2.55
Ubicacion,3163,CONECTA_CON,Ubicacion,102,2.33,2.96
Ubicacion,3163,CONECTA_CON,Ubicacion,633,3.54,4.87
Ubicacion,3164,CONECTA_CON,Ubicacion,710,8.03,12.18
Ubicacion,3164,CONECTA_CON,Ubicacion,3089,1.35,2.25
Ubicacion,3164,CONECTA_CON,Ubicacion,3480,5.15,8.2
Ubicacion,3165,CONECTA_CON,Ubicacion,2756,5.1,7.11
Ubicacion,3165,CONECTA_CON,Ubicacion,372,4.23,10.42
Ubicacion,3165,CONECTA_CON,Ubicacion,2290,4.66,10.06
Ubicacion,3166,CONECTA_CON,Ubicacion,3832,7.9,21.73
Ubicacion,3166,CONECTA_CON,Ubicacion,283,9.83,27.35
Ubicacion,3166,CONECTA_CON,Ubicacion,2118,7.83,19.17
Ubicacion,3167,CONECTA_CON,Ubicacion,137,9.52,16.63
Ubicacion,3167,CONECTA_CON,Ubicacion,1822,5.61,11.88
Ubicacion,3167,CONECTA_CON,Ubicacion,2222,1.18,1.42
Ubicacion,3168,CONECTA_CON,Ubicacion,3050,5.56,8.97
Ubicacion,3168,CONECTA_CON,Ubicacion,2671,9.89,17.62
Ubicacion,3168,CONECTA_CON,Ubicacion,702,2.52,7.42
Ubicacion,3169,CONECTA_CON,Ubicacion,4942,2.78,4.93
Ubicacion,3169,CONECTA_CON,Ubicacion,4096,9.08,11.5
Ubicacion,3169,CONECTA_CON,Ubicacion,1327,6.92,11.09
Ubicacion,3170,CONECTA_CON,Ubicacion,395,4.3,4.36
Ubicacion,3170,CONECTA_CON,Ubicacion,1858,4.61,5.33
Ubicacion,3170,CONECTA_CON,Ubicacion,1171,6.52,7.02
Ubicacion,3171,CONECTA_CON,Ubicacion,457,2.86,2.98
Ubicacion,3171,CONECTA_CON,Ubicacion,2205,6.07,10.03
Ubicacion,3171,CONECTA_CON,Ubicacion,4427,1.37,1.51
Ubicacion,3172,CONECTA_CON,Ubicacion,877,6.71,15.53
Ubicacion,3172,CONECTA_CON,Ubicacion,197,1.94,4.17
Ubicacion,3172,CONECTA_CON,Ubicacion,3085,8.62,16.3
Ubicacion,3173,CONECTA_CON,Ubicacion,4198,1.82,2.03
Ubicacion,3173,CONECTA_CON,Ubicacion,1135,1.74,2.31
Ubicacion,3173,CONECTA_CON,Ubicacion,4856,7.46,17.25
Ubicacion,3174,CONECTA_CON,Ubicacion,497,5.82,13.52
Ubicacion,3174,CONECTA_CON,Ubicacion,4305,4.65,10.11
Ubicacion,3174,CONECTA_CON,Ubicacion,1888,9.15,10.36
Ubicacion,3175,CONECTA_CON,Ubicacion,2583,2.92,3.4
Ubicacion,3175,CONECTA_CON,Ubicacion,4875,8.18,11.36
Ubicacion,3175,CONECTA_CON,Ubicacion,2024,4.26,10.1
Ubicacion,3176,CONECTA_CON,Ubicacion,232,3.29,5.7
Ubicacion,3176,CONECTA_CON,Ubicacion,3280,5.03,7.45
Ubicacion,3176,CONECTA_CON,Ubicacion,2150,7.17,13.94
Ubicacion,3177,CONECTA_CON,Ubicacion,438,8.53,9.86
Ubicacion,3177,CONECTA_CON,Ubicacion,4987,2.15,5.09
Ubicacion,3177,CONECTA_CON,Ubicacion,4809,8.85,16.08
Ubicacion,3178,CONECTA_CON,Ubicacion,2454,3.31,3.71
Ubicacion,3178,CONECTA_CON,Ubicacion,2458,8.73,11.14
Ubicacion,3178,CONECTA_CON,Ubicacion,4941,2.53,5.23
Ubicacion,3179,CONECTA_CON,Ubicacion,244,8.37,20.54
Ubicacion,3179,CONECTA_CON,Ubicacion,2458,4.86,7.13
Ubicacion,3179,CONECTA_CON,Ubicacion,3672,8.07,14.17
Ubicacion,3180,CONECTA_CON,Ubicacion,3052,2.28,3.26
Ubicacion,3180,CONECTA_CON,Ubicacion,1416,7.21,12.05
Ubicacion,3180,CONECTA_CON,Ubicacion,4799,5.68,9.54
Ubicacion,3181,CONECTA_CON,Ubicacion,1343,8.26,16.44
Ubicacion,3181,CONECTA_CON,Ubicacion,2798,4.55,8.7
Ubicacion,3181,CONECTA_CON,Ubicacion,715,4.81,11.22
Ubicacion,3182,CONECTA_CON,Ubicacion,2725,5.19,5.77
Ubicacion,3182,CONECTA_CON,Ubicacion,1647,8.89,24.32
Ubicacion,3182,CONECTA_CON,Ubicacion,2882,8.49,11.4
Ubicacion,3183,CONECTA_CON,Ubicacion,3984,1.42,3.32
Ubicacion,3183,CONECTA_CON,Ubicacion,3727,2.93,7.75
Ubicacion,3183,CONECTA_CON,Ubicacion,3770,9.48,16.68
Ubicacion,3184,CONECTA_CON,Ubicacion,3107,3.85,4.65
Ubicacion,3184,CONECTA_CON,Ubicacion,3079,8.88,9.33
Ubicacion,3184,CONECTA_CON,Ubicacion,3979,2.3,2.35
Ubicacion,3185,CONECTA_CON,Ubicacion,2557,3.0,5.7
Ubicacion,3185,CONECTA_CON,Ubicacion,2728,3.9,5.1
Ubicacion,3185,CONECTA_CON,Ubicacion,3773,4.04,7.2
Ubicacion,3186,CONECTA_CON,Ubicacion,2717,6.44,6.93
Ubicacion,3186,CONECTA_CON,Ubicacion,1060,4.38,5.26
Ubicacion,3186,CONECTA_CON,Ubicacion,668,2.87,3.18
Ubicacion,3187,CONECTA_CON,Ubicacion,3601,6.02,6.43
Ubicacion,3187,CONECTA_CON,Ubicacion,2077,9.63,16.17
Ubicacion,3187,CONECTA_CON,Ubicacion,2048,9.32,21.38
Ubicacion,3188,CONECTA_CON,Ubicacion,3469,3.83,4.53
Ubicacion,3188,CONECTA_CON,Ubicacion,2784,9.0,21.26
Ubicacion,3188,CONECTA_CON,Ubicacion,1603,8.52,10.1
Ubicacion,3189,CONECTA_CON,Ubicacion,1342,0.98,1.16
Ubicacion,3189,CONECTA_CON,Ubicacion,3793,9.41,21.28
Ubicacion,3189,CONECTA_CON,Ubicacion,2518,6.44,10.46
Ubicacion,3190,CONECTA_CON,Ubicacion,1895,3.86,6.21
Ubicacion,3190,CONECTA_CON,Ubicacion,2467,3.27,3.73
Ubicacion,3190,CONECTA_CON,Ubicacion,2686,0.51,1.07
Ubicacion,3191,CONECTA_CON,Ubicacion,1864,1.53,2.1
Ubicacion,3191,CONECTA_CON,Ubicacion,2980,9.03,9.15
Ubicacion,3191,CONECTA_CON,Ubicacion,3476,8.82,11.38
Ubicacion,3192,CONECTA_CON,Ubicacion,4121,5.58,9.96
Ubicacion,3192,CONECTA_CON,Ubicacion,4377,6.99,14.03
Ubicacion,3192,CONECTA_CON,Ubicacion,2019,7.58,17.6
Ubicacion,3193,CONECTA_CON,Ubicacion,2596,7.93,12.45
Ubicacion,3193,CONECTA_CON,Ubicacion,620,3.94,10.64
Ubicacion,3193,CONECTA_CON,Ubicacion,4475,3.26,4.1
Ubicacion,3194,CONECTA_CON,Ubicacion,3400,2.25,5.53
Ubicacion,3194,CONECTA_CON,Ubicacion,1113,3.31,8.77
Ubicacion,3194,CONECTA_CON,Ubicacion,96,4.68,9.42
Ubicacion,3195,CONECTA_CON,Ubicacion,4577,3.3,3.97
Ubicacion,3195,CONECTA_CON,Ubicacion,1591,5.05,8.99
Ubicacion,3195,CONECTA_CON,Ubicacion,2561,7.22,7.62
Ubicacion,3196,CONECTA_CON,Ubicacion,4109,5.9,7.85
Ubicacion,3196,CONECTA_CON,Ubicacion,2484,4.14,4.33
Ubicacion,3196,CONECTA_CON,Ubicacion,2530,7.72,14.85
Ubicacion,3197,CONECTA_CON,Ubicacion,3781,7.13,10.5
Ubicacion,3197,CONECTA_CON,Ubicacion,3225,4.49,8.11
Ubicacion,3197,CONECTA_CON,Ubicacion,1278,2.55,2.59
Ubicacion,3198,CONECTA_CON,Ubicacion,4280,9.69,10.53
Ubicacion,3198,CONECTA_CON,Ubicacion,1421,2.44,3.41
Ubicacion,3198,CONECTA_CON,Ubicacion,3672,4.08,5.2
Ubicacion,3199,CONECTA_CON,Ubicacion,3221,2.75,4.13
Ubicacion,3199,CONECTA_CON,Ubicacion,803,1.82,4.81
Ubicacion,3199,CONECTA_CON,Ubicacion,4885,5.29,9.61
Ubicacion,3200,CONECTA_CON,Ubicacion,1598,0.69,1.7
Ubicacion,3200,CONECTA_CON,Ubicacion,511,8.88,12.12
Ubicacion,3200,CONECTA_CON,Ubicacion,2323,2.96,6.88
Ubicacion,3201,CONECTA_CON,Ubicacion,2216,4.21,4.46
Ubicacion,3201,CONECTA_CON,Ubicacion,1963,0.71,1.76
Ubicacion,3201,CONECTA_CON,Ubicacion,4135,5.95,6.4
Ubicacion,3202,CONECTA_CON,Ubicacion,2435,7.07,7.21
Ubicacion,3202,CONECTA_CON,Ubicacion,4903,3.03,4.54
Ubicacion,3202,CONECTA_CON,Ubicacion,4599,7.24,12.28
Ubicacion,3203,CONECTA_CON,Ubicacion,4157,8.43,12.29
Ubicacion,3203,CONECTA_CON,Ubicacion,257,1.24,3.16
Ubicacion,3203,CONECTA_CON,Ubicacion,3994,9.22,10.93
Ubicacion,3204,CONECTA_CON,Ubicacion,309,1.72,1.91
Ubicacion,3204,CONECTA_CON,Ubicacion,2670,5.88,8.55
Ubicacion,3204,CONECTA_CON,Ubicacion,4252,5.62,8.47
Ubicacion,3205,CONECTA_CON,Ubicacion,1107,7.56,20.34
Ubicacion,3205,CONECTA_CON,Ubicacion,3703,1.09,1.14
Ubicacion,3205,CONECTA_CON,Ubicacion,3477,7.28,14.7
Ubicacion,3206,CONECTA_CON,Ubicacion,3156,1.25,1.36
Ubicacion,3206,CONECTA_CON,Ubicacion,3900,6.11,6.99
Ubicacion,3206,CONECTA_CON,Ubicacion,4934,8.88,9.07
Ubicacion,3207,CONECTA_CON,Ubicacion,1353,8.97,17.73
Ubicacion,3207,CONECTA_CON,Ubicacion,1810,7.51,8.68
Ubicacion,3207,CONECTA_CON,Ubicacion,4595,8.17,13.92
Ubicacion,3208,CONECTA_CON,Ubicacion,3131,8.11,21.85
Ubicacion,3208,CONECTA_CON,Ubicacion,3315,1.64,2.94
Ubicacion,3208,CONECTA_CON,Ubicacion,2106,3.22,3.67
Ubicacion,3209,CONECTA_CON,Ubicacion,4444,5.98,9.44
Ubicacion,3209,CONECTA_CON,Ubicacion,1191,8.42,17.58
Ubicacion,3209,CONECTA_CON,Ubicacion,2154,0.97,1.03
Ubicacion,3210,CONECTA_CON,Ubicacion,433,0.65,0.89
Ubicacion,3210,CONECTA_CON,Ubicacion,3416,0.77,1.29
Ubicacion,3210,CONECTA_CON,Ubicacion,3844,7.66,10.97
Ubicacion,3211,CONECTA_CON,Ubicacion,3824,5.86,8.8
Ubicacion,3211,CONECTA_CON,Ubicacion,3114,1.53,2.34
Ubicacion,3211,CONECTA_CON,Ubicacion,3500,0.98,1.76
Ubicacion,3212,CONECTA_CON,Ubicacion,4166,1.93,2.24
Ubicacion,3212,CONECTA_CON,Ubicacion,3919,3.34,8.31
Ubicacion,3212,CONECTA_CON,Ubicacion,2881,7.01,9.62
Ubicacion,3213,CONECTA_CON,Ubicacion,1793,2.13,4.55
Ubicacion,3213,CONECTA_CON,Ubicacion,2145,8.86,10.57
Ubicacion,3213,CONECTA_CON,Ubicacion,2449,1.53,3.34
Ubicacion,3214,CONECTA_CON,Ubicacion,2080,1.51,2.59
Ubicacion,3214,CONECTA_CON,Ubicacion,4185,4.64,8.01
Ubicacion,3214,CONECTA_CON,Ubicacion,1480,3.62,3.88
Ubicacion,3215,CONECTA_CON,Ubicacion,2650,1.63,2.36
Ubicacion,3215,CONECTA_CON,Ubicacion,3810,5.86,8.94
Ubicacion,3215,CONECTA_CON,Ubicacion,919,1.78,3.53
Ubicacion,3216,CONECTA_CON,Ubicacion,1100,2.41,4.56
Ubicacion,3216,CONECTA_CON,Ubicacion,3695,8.01,21.0
Ubicacion,3216,CONECTA_CON,Ubicacion,2447,3.93,4.41
Ubicacion,3217,CONECTA_CON,Ubicacion,858,0.78,1.28
Ubicacion,3217,CONECTA_CON,Ubicacion,922,7.16,13.64
Ubicacion,3217,CONECTA_CON,Ubicacion,3844,6.12,11.34
Ubicacion,3218,CONECTA_CON,Ubicacion,257,1.84,2.97
Ubicacion,3218,CONECTA_CON,Ubicacion,2893,2.41,4.52
Ubicacion,3218,CONECTA_CON,Ubicacion,2635,9.67,15.12
Ubicacion,3219,CONECTA_CON,Ubicacion,4267,9.82,15.57
Ubicacion,3219,CONECTA_CON,Ubicacion,1600,4.51,12.54
Ubicacion,3219,CONECTA_CON,Ubicacion,4649,0.8,0.94
Ubicacion,3220,CONECTA_CON,Ubicacion,3881,3.62,7.08
Ubicacion,3220,CONECTA_CON,Ubicacion,1625,0.59,0.75
Ubicacion,3220,CONECTA_CON,Ubicacion,2237,9.39,15.73
Ubicacion,3221,CONECTA_CON,Ubicacion,2160,5.28,5.33
Ubicacion,3221,CONECTA_CON,Ubicacion,343,0.95,1.28
Ubicacion,3221,CONECTA_CON,Ubicacion,1656,1.98,3.13
Ubicacion,3222,CONECTA_CON,Ubicacion,4189,3.05,3.97
Ubicacion,3222,CONECTA_CON,Ubicacion,1132,6.19,17.81
Ubicacion,3222,CONECTA_CON,Ubicacion,2912,0.99,2.23
Ubicacion,3223,CONECTA_CON,Ubicacion,323,7.09,8.2
Ubicacion,3223,CONECTA_CON,Ubicacion,3120,8.37,24.24
Ubicacion,3223,CONECTA_CON,Ubicacion,3513,2.56,4.48
Ubicacion,3224,CONECTA_CON,Ubicacion,2971,9.95,13.81
Ubicacion,3224,CONECTA_CON,Ubicacion,171,0.87,1.67
Ubicacion,3224,CONECTA_CON,Ubicacion,1253,1.8,2.19
Ubicacion,3225,CONECTA_CON,Ubicacion,1761,2.91,5.43
Ubicacion,3225,CONECTA_CON,Ubicacion,3396,0.78,0.87
Ubicacion,3225,CONECTA_CON,Ubicacion,2758,7.51,8.09
Ubicacion,3226,CONECTA_CON,Ubicacion,3762,3.39,6.72
Ubicacion,3226,CONECTA_CON,Ubicacion,4542,1.61,3.72
Ubicacion,3226,CONECTA_CON,Ubicacion,1636,8.22,13.87
Ubicacion,3227,CONECTA_CON,Ubicacion,2412,5.93,15.04
Ubicacion,3227,CONECTA_CON,Ubicacion,877,2.55,6.86
Ubicacion,3227,CONECTA_CON,Ubicacion,3901,3.32,4.14
Ubicacion,3228,CONECTA_CON,Ubicacion,2609,3.56,8.15
Ubicacion,3228,CONECTA_CON,Ubicacion,628,5.77,16.16
Ubicacion,3228,CONECTA_CON,Ubicacion,4568,2.36,4.48
Ubicacion,3229,CONECTA_CON,Ubicacion,4591,9.33,11.52
Ubicacion,3229,CONECTA_CON,Ubicacion,313,9.87,12.17
Ubicacion,3229,CONECTA_CON,Ubicacion,2340,4.7,4.73
Ubicacion,3230,CONECTA_CON,Ubicacion,4951,3.13,6.98
Ubicacion,3230,CONECTA_CON,Ubicacion,3188,4.94,5.1
Ubicacion,3230,CONECTA_CON,Ubicacion,1792,3.75,5.04
Ubicacion,3231,CONECTA_CON,Ubicacion,4876,5.1,6.97
Ubicacion,3231,CONECTA_CON,Ubicacion,4136,7.58,14.63
Ubicacion,3231,CONECTA_CON,Ubicacion,1178,9.25,13.43
Ubicacion,3232,CONECTA_CON,Ubicacion,4944,4.52,10.17
Ubicacion,3232,CONECTA_CON,Ubicacion,926,7.23,8.55
Ubicacion,3232,CONECTA_CON,Ubicacion,2544,5.03,8.73
Ubicacion,3233,CONECTA_CON,Ubicacion,1038,0.95,1.85
Ubicacion,3233,CONECTA_CON,Ubicacion,2301,7.14,7.38
Ubicacion,3233,CONECTA_CON,Ubicacion,3860,3.94,6.99
Ubicacion,3234,CONECTA_CON,Ubicacion,2198,1.97,3.85
Ubicacion,3234,CONECTA_CON,Ubicacion,1537,1.29,2.03
Ubicacion,3234,CONECTA_CON,Ubicacion,2871,9.6,18.14
Ubicacion,3235,CONECTA_CON,Ubicacion,3173,0.51,0.76
Ubicacion,3235,CONECTA_CON,Ubicacion,3543,4.68,4.79
Ubicacion,3235,CONECTA_CON,Ubicacion,2659,3.87,11.25
Ubicacion,3236,CONECTA_CON,Ubicacion,131,3.97,8.45
Ubicacion,3236,CONECTA_CON,Ubicacion,4962,7.95,19.77
Ubicacion,3236,CONECTA_CON,Ubicacion,4562,8.02,17.04
Ubicacion,3237,CONECTA_CON,Ubicacion,4797,8.37,13.92
Ubicacion,3237,CONECTA_CON,Ubicacion,3541,5.86,6.18
Ubicacion,3237,CONECTA_CON,Ubicacion,3419,5.55,16.56
Ubicacion,3238,CONECTA_CON,Ubicacion,4083,3.08,3.32
Ubicacion,3238,CONECTA_CON,Ubicacion,3714,1.97,2.17
Ubicacion,3238,CONECTA_CON,Ubicacion,1567,1.22,2.55
Ubicacion,3239,CONECTA_CON,Ubicacion,288,7.78,10.31
Ubicacion,3239,CONECTA_CON,Ubicacion,3945,3.5,4.2
Ubicacion,3239,CONECTA_CON,Ubicacion,1873,1.43,1.56
Ubicacion,3240,CONECTA_CON,Ubicacion,1488,2.32,4.18
Ubicacion,3240,CONECTA_CON,Ubicacion,4722,6.5,7.06
Ubicacion,3240,CONECTA_CON,Ubicacion,266,8.3,20.05
Ubicacion,3241,CONECTA_CON,Ubicacion,3938,6.2,8.64
Ubicacion,3241,CONECTA_CON,Ubicacion,3146,2.09,2.52
Ubicacion,3241,CONECTA_CON,Ubicacion,1574,3.84,5.93
Ubicacion,3242,CONECTA_CON,Ubicacion,1621,1.65,2.88
Ubicacion,3242,CONECTA_CON,Ubicacion,3354,1.85,1.87
Ubicacion,3242,CONECTA_CON,Ubicacion,2609,3.06,3.07
Ubicacion,3243,CONECTA_CON,Ubicacion,2805,6.96,17.99
Ubicacion,3243,CONECTA_CON,Ubicacion,3515,3.72,8.35
Ubicacion,3243,CONECTA_CON,Ubicacion,2274,0.78,0.83
Ubicacion,3244,CONECTA_CON,Ubicacion,944,5.21,5.57
Ubicacion,3244,CONECTA_CON,Ubicacion,4650,2.86,7.4
Ubicacion,3244,CONECTA_CON,Ubicacion,3537,2.97,3.9
Ubicacion,3245,CONECTA_CON,Ubicacion,4346,1.43,2.86
Ubicacion,3245,CONECTA_CON,Ubicacion,3293,4.06,5.5
Ubicacion,3245,CONECTA_CON,Ubicacion,2250,8.78,21.8
Ubicacion,3246,CONECTA_CON,Ubicacion,4405,7.03,9.65
Ubicacion,3246,CONECTA_CON,Ubicacion,2697,0.85,1.62
Ubicacion,3246,CONECTA_CON,Ubicacion,811,4.07,4.58
Ubicacion,3247,CONECTA_CON,Ubicacion,43,8.84,20.52
Ubicacion,3247,CONECTA_CON,Ubicacion,781,5.77,7.36
Ubicacion,3247,CONECTA_CON,Ubicacion,2569,9.83,14.43
Ubicacion,3248,CONECTA_CON,Ubicacion,2974,3.0,7.16
Ubicacion,3248,CONECTA_CON,Ubicacion,4206,8.97,14.72
Ubicacion,3248,CONECTA_CON,Ubicacion,4479,6.93,10.71
Ubicacion,3249,CONECTA_CON,Ubicacion,3926,7.12,8.25
Ubicacion,3249,CONECTA_CON,Ubicacion,1979,4.25,7.89
Ubicacion,3249,CONECTA_CON,Ubicacion,3998,1.9,3.89
Ubicacion,3250,CONECTA_CON,Ubicacion,3702,6.71,12.84
Ubicacion,3250,CONECTA_CON,Ubicacion,1074,8.1,14.1
Ubicacion,3250,CONECTA_CON,Ubicacion,3288,4.31,4.9
Ubicacion,3251,CONECTA_CON,Ubicacion,4333,3.28,3.36
Ubicacion,3251,CONECTA_CON,Ubicacion,1325,2.58,3.73
Ubicacion,3251,CONECTA_CON,Ubicacion,3473,8.25,9.16
Ubicacion,3252,CONECTA_CON,Ubicacion,294,5.93,5.97
Ubicacion,3252,CONECTA_CON,Ubicacion,2247,6.85,14.64
Ubicacion,3252,CONECTA_CON,Ubicacion,3984,8.7,9.64
Ubicacion,3253,CONECTA_CON,Ubicacion,2814,6.36,15.11
Ubicacion,3253,CONECTA_CON,Ubicacion,2037,8.2,13.0
Ubicacion,3253,CONECTA_CON,Ubicacion,3474,3.64,4.26
Ubicacion,3254,CONECTA_CON,Ubicacion,3937,6.13,7.39
Ubicacion,3254,CONECTA_CON,Ubicacion,4341,7.62,9.64
Ubicacion,3254,CONECTA_CON,Ubicacion,94,6.87,12.63
Ubicacion,3255,CONECTA_CON,Ubicacion,1319,9.95,18.2
Ubicacion,3255,CONECTA_CON,Ubicacion,4280,4.77,5.86
Ubicacion,3255,CONECTA_CON,Ubicacion,4684,6.39,9.98
Ubicacion,3256,CONECTA_CON,Ubicacion,3654,2.97,3.1
Ubicacion,3256,CONECTA_CON,Ubicacion,3904,0.98,1.1
Ubicacion,3256,CONECTA_CON,Ubicacion,921,1.62,1.69
Ubicacion,3257,CONECTA_CON,Ubicacion,2281,7.31,12.94
Ubicacion,3257,CONECTA_CON,Ubicacion,2274,9.46,18.81
Ubicacion,3257,CONECTA_CON,Ubicacion,480,5.14,10.55
Ubicacion,3258,CONECTA_CON,Ubicacion,2940,1.85,1.94
Ubicacion,3258,CONECTA_CON,Ubicacion,2010,5.12,5.78
Ubicacion,3258,CONECTA_CON,Ubicacion,4536,5.02,6.41
Ubicacion,3259,CONECTA_CON,Ubicacion,1938,2.59,5.05
Ubicacion,3259,CONECTA_CON,Ubicacion,1003,9.8,25.52
Ubicacion,3259,CONECTA_CON,Ubicacion,3379,3.29,6.06
Ubicacion,3260,CONECTA_CON,Ubicacion,4990,4.9,13.6
Ubicacion,3260,CONECTA_CON,Ubicacion,629,1.0,1.97
Ubicacion,3260,CONECTA_CON,Ubicacion,3488,4.31,5.25
Ubicacion,3261,CONECTA_CON,Ubicacion,808,5.15,14.9
Ubicacion,3261,CONECTA_CON,Ubicacion,2971,5.65,5.71
Ubicacion,3261,CONECTA_CON,Ubicacion,2350,6.31,7.33
Ubicacion,3262,CONECTA_CON,Ubicacion,277,8.35,9.98
Ubicacion,3262,CONECTA_CON,Ubicacion,2950,3.02,5.82
Ubicacion,3262,CONECTA_CON,Ubicacion,20,3.1,4.61
Ubicacion,3263,CONECTA_CON,Ubicacion,3193,0.75,1.59
Ubicacion,3263,CONECTA_CON,Ubicacion,2517,2.07,3.03
Ubicacion,3263,CONECTA_CON,Ubicacion,4596,7.33,8.27
Ubicacion,3264,CONECTA_CON,Ubicacion,2077,1.12,1.32
Ubicacion,3264,CONECTA_CON,Ubicacion,4511,1.09,1.66
Ubicacion,3264,CONECTA_CON,Ubicacion,4031,5.68,14.74
Ubicacion,3265,CONECTA_CON,Ubicacion,754,6.49,6.59
Ubicacion,3265,CONECTA_CON,Ubicacion,4260,3.09,4.95
Ubicacion,3265,CONECTA_CON,Ubicacion,317,2.55,4.77
Ubicacion,3266,CONECTA_CON,Ubicacion,4357,8.87,16.65
Ubicacion,3266,CONECTA_CON,Ubicacion,3360,1.54,4.29
Ubicacion,3266,CONECTA_CON,Ubicacion,3996,8.48,11.26
Ubicacion,3267,CONECTA_CON,Ubicacion,4033,3.07,5.47
Ubicacion,3267,CONECTA_CON,Ubicacion,110,3.08,3.44
Ubicacion,3267,CONECTA_CON,Ubicacion,2559,7.18,9.05
Ubicacion,3268,CONECTA_CON,Ubicacion,1789,1.01,1.49
Ubicacion,3268,CONECTA_CON,Ubicacion,4568,2.14,2.81
Ubicacion,3268,CONECTA_CON,Ubicacion,1321,7.94,10.77
Ubicacion,3269,CONECTA_CON,Ubicacion,1751,2.98,6.26
Ubicacion,3269,CONECTA_CON,Ubicacion,1979,5.76,6.45
Ubicacion,3269,CONECTA_CON,Ubicacion,4745,9.26,17.33
Ubicacion,3270,CONECTA_CON,Ubicacion,1630,4.48,4.72
Ubicacion,3270,CONECTA_CON,Ubicacion,4282,5.92,14.97
Ubicacion,3270,CONECTA_CON,Ubicacion,1546,7.81,8.44
Ubicacion,3271,CONECTA_CON,Ubicacion,319,4.27,8.41
Ubicacion,3271,CONECTA_CON,Ubicacion,451,1.03,1.54
Ubicacion,3271,CONECTA_CON,Ubicacion,1216,2.71,5.03
Ubicacion,3272,CONECTA_CON,Ubicacion,590,6.39,11.53
Ubicacion,3272,CONECTA_CON,Ubicacion,3901,6.38,6.57
Ubicacion,3272,CONECTA_CON,Ubicacion,3935,6.32,8.22
Ubicacion,3273,CONECTA_CON,Ubicacion,1901,2.01,5.04
Ubicacion,3273,CONECTA_CON,Ubicacion,3549,1.21,3.3
Ubicacion,3273,CONECTA_CON,Ubicacion,4677,6.55,8.77
Ubicacion,3274,CONECTA_CON,Ubicacion,2104,8.02,12.15
Ubicacion,3274,CONECTA_CON,Ubicacion,4723,7.84,9.11
Ubicacion,3274,CONECTA_CON,Ubicacion,1711,3.81,4.09
Ubicacion,3275,CONECTA_CON,Ubicacion,2912,7.42,20.59
Ubicacion,3275,CONECTA_CON,Ubicacion,4275,7.32,20.25
Ubicacion,3275,CONECTA_CON,Ubicacion,3241,6.96,7.17
Ubicacion,3276,CONECTA_CON,Ubicacion,2664,7.12,8.55
Ubicacion,3276,CONECTA_CON,Ubicacion,4835,3.37,6.56
Ubicacion,3276,CONECTA_CON,Ubicacion,2386,6.96,18.26
Ubicacion,3277,CONECTA_CON,Ubicacion,4853,5.98,9.01
Ubicacion,3277,CONECTA_CON,Ubicacion,71,0.54,1.19
Ubicacion,3277,CONECTA_CON,Ubicacion,2463,8.32,8.65
Ubicacion,3278,CONECTA_CON,Ubicacion,402,6.23,13.61
Ubicacion,3278,CONECTA_CON,Ubicacion,450,2.42,3.85
Ubicacion,3278,CONECTA_CON,Ubicacion,4164,3.83,10.21
Ubicacion,3279,CONECTA_CON,Ubicacion,4980,2.68,3.45
Ubicacion,3279,CONECTA_CON,Ubicacion,2753,6.56,10.27
Ubicacion,3279,CONECTA_CON,Ubicacion,128,4.86,5.27
Ubicacion,3280,CONECTA_CON,Ubicacion,3268,4.77,9.7
Ubicacion,3280,CONECTA_CON,Ubicacion,461,0.95,2.46
Ubicacion,3280,CONECTA_CON,Ubicacion,4765,3.97,4.21
Ubicacion,3281,CONECTA_CON,Ubicacion,2089,4.02,9.55
Ubicacion,3281,CONECTA_CON,Ubicacion,172,7.08,7.74
Ubicacion,3281,CONECTA_CON,Ubicacion,2040,6.89,12.48
Ubicacion,3282,CONECTA_CON,Ubicacion,1738,2.87,5.48
Ubicacion,3282,CONECTA_CON,Ubicacion,1866,0.74,0.8
Ubicacion,3282,CONECTA_CON,Ubicacion,3026,1.92,4.02
Ubicacion,3283,CONECTA_CON,Ubicacion,1710,4.59,8.73
Ubicacion,3283,CONECTA_CON,Ubicacion,4037,3.59,3.82
Ubicacion,3283,CONECTA_CON,Ubicacion,3710,8.55,12.06
Ubicacion,3284,CONECTA_CON,Ubicacion,2672,9.14,13.27
Ubicacion,3284,CONECTA_CON,Ubicacion,2598,6.79,9.68
Ubicacion,3284,CONECTA_CON,Ubicacion,308,2.65,2.85
Ubicacion,3285,CONECTA_CON,Ubicacion,66,9.11,23.29
Ubicacion,3285,CONECTA_CON,Ubicacion,3437,0.68,0.99
Ubicacion,3285,CONECTA_CON,Ubicacion,3413,9.21,11.07
Ubicacion,3286,CONECTA_CON,Ubicacion,1364,7.56,11.19
Ubicacion,3286,CONECTA_CON,Ubicacion,2410,4.95,6.26
Ubicacion,3286,CONECTA_CON,Ubicacion,3397,9.29,15.35
Ubicacion,3287,CONECTA_CON,Ubicacion,1433,8.99,20.2
Ubicacion,3287,CONECTA_CON,Ubicacion,3723,9.09,12.22
Ubicacion,3287,CONECTA_CON,Ubicacion,4370,7.21,20.88
Ubicacion,3288,CONECTA_CON,Ubicacion,3021,7.55,10.83
Ubicacion,3288,CONECTA_CON,Ubicacion,1218,8.06,8.88
Ubicacion,3288,CONECTA_CON,Ubicacion,1207,3.28,4.58
Ubicacion,3289,CONECTA_CON,Ubicacion,1253,1.53,2.84
Ubicacion,3289,CONECTA_CON,Ubicacion,2233,5.03,10.65
Ubicacion,3289,CONECTA_CON,Ubicacion,725,9.02,9.18
Ubicacion,3290,CONECTA_CON,Ubicacion,1460,5.0,11.21
Ubicacion,3290,CONECTA_CON,Ubicacion,2227,6.69,15.98
Ubicacion,3290,CONECTA_CON,Ubicacion,1767,7.25,13.05
Ubicacion,3291,CONECTA_CON,Ubicacion,1216,1.35,1.36
Ubicacion,3291,CONECTA_CON,Ubicacion,1694,3.77,4.73
Ubicacion,3291,CONECTA_CON,Ubicacion,2829,1.47,1.86
Ubicacion,3292,CONECTA_CON,Ubicacion,3612,6.98,8.22
Ubicacion,3292,CONECTA_CON,Ubicacion,726,5.19,5.68
Ubicacion,3292,CONECTA_CON,Ubicacion,4615,7.47,13.59
Ubicacion,3293,CONECTA_CON,Ubicacion,2951,8.68,8.93
Ubicacion,3293,CONECTA_CON,Ubicacion,1308,8.51,22.2
Ubicacion,3293,CONECTA_CON,Ubicacion,2068,9.67,17.12
Ubicacion,3294,CONECTA_CON,Ubicacion,4732,9.97,17.05
Ubicacion,3294,CONECTA_CON,Ubicacion,712,0.8,0.86
Ubicacion,3294,CONECTA_CON,Ubicacion,3663,1.74,1.79
Ubicacion,3295,CONECTA_CON,Ubicacion,1992,8.87,13.43
Ubicacion,3295,CONECTA_CON,Ubicacion,472,3.39,4.72
Ubicacion,3295,CONECTA_CON,Ubicacion,4366,4.59,5.7
Ubicacion,3296,CONECTA_CON,Ubicacion,4502,7.28,14.5
Ubicacion,3296,CONECTA_CON,Ubicacion,4582,3.54,5.84
Ubicacion,3296,CONECTA_CON,Ubicacion,2715,9.13,10.19
Ubicacion,3297,CONECTA_CON,Ubicacion,341,1.43,3.43
Ubicacion,3297,CONECTA_CON,Ubicacion,1552,2.23,4.47
Ubicacion,3297,CONECTA_CON,Ubicacion,2824,3.89,4.03
Ubicacion,3298,CONECTA_CON,Ubicacion,2212,9.35,11.31
Ubicacion,3298,CONECTA_CON,Ubicacion,347,3.9,5.76
Ubicacion,3298,CONECTA_CON,Ubicacion,3179,5.15,6.42
Ubicacion,3299,CONECTA_CON,Ubicacion,4746,4.24,7.6
Ubicacion,3299,CONECTA_CON,Ubicacion,3818,0.77,1.24
Ubicacion,3299,CONECTA_CON,Ubicacion,4761,4.29,4.74
Ubicacion,3300,CONECTA_CON,Ubicacion,2201,1.35,2.62
Ubicacion,3300,CONECTA_CON,Ubicacion,616,4.09,9.7
Ubicacion,3300,CONECTA_CON,Ubicacion,3230,8.79,10.02
Ubicacion,3301,CONECTA_CON,Ubicacion,430,2.76,5.1
Ubicacion,3301,CONECTA_CON,Ubicacion,27,3.72,5.41
Ubicacion,3301,CONECTA_CON,Ubicacion,2420,5.18,6.1
Ubicacion,3302,CONECTA_CON,Ubicacion,3588,6.35,7.1
Ubicacion,3302,CONECTA_CON,Ubicacion,4808,2.57,2.77
Ubicacion,3302,CONECTA_CON,Ubicacion,2612,8.66,8.95
Ubicacion,3303,CONECTA_CON,Ubicacion,685,4.37,7.99
Ubicacion,3303,CONECTA_CON,Ubicacion,1158,4.36,4.37
Ubicacion,3303,CONECTA_CON,Ubicacion,508,1.27,1.29
Ubicacion,3304,CONECTA_CON,Ubicacion,1271,1.51,3.66
Ubicacion,3304,CONECTA_CON,Ubicacion,1048,2.68,3.86
Ubicacion,3304,CONECTA_CON,Ubicacion,634,5.05,7.71
Ubicacion,3305,CONECTA_CON,Ubicacion,76,3.54,10.31
Ubicacion,3305,CONECTA_CON,Ubicacion,1306,0.51,0.68
Ubicacion,3305,CONECTA_CON,Ubicacion,834,4.7,7.23
Ubicacion,3306,CONECTA_CON,Ubicacion,3934,2.33,4.85
Ubicacion,3306,CONECTA_CON,Ubicacion,2503,6.64,12.07
Ubicacion,3306,CONECTA_CON,Ubicacion,3692,7.16,10.2
Ubicacion,3307,CONECTA_CON,Ubicacion,1653,8.19,10.06
Ubicacion,3307,CONECTA_CON,Ubicacion,4611,9.43,16.03
Ubicacion,3307,CONECTA_CON,Ubicacion,4177,7.82,12.76
Ubicacion,3308,CONECTA_CON,Ubicacion,2633,7.93,16.84
Ubicacion,3308,CONECTA_CON,Ubicacion,3968,3.03,3.21
Ubicacion,3308,CONECTA_CON,Ubicacion,4893,4.79,6.72
Ubicacion,3309,CONECTA_CON,Ubicacion,775,9.73,12.39
Ubicacion,3309,CONECTA_CON,Ubicacion,4586,2.48,2.69
Ubicacion,3309,CONECTA_CON,Ubicacion,4585,4.85,9.06
Ubicacion,3310,CONECTA_CON,Ubicacion,861,1.95,2.05
Ubicacion,3310,CONECTA_CON,Ubicacion,3269,2.39,4.35
Ubicacion,3310,CONECTA_CON,Ubicacion,4723,2.35,2.92
Ubicacion,3311,CONECTA_CON,Ubicacion,2279,3.86,6.96
Ubicacion,3311,CONECTA_CON,Ubicacion,3751,1.89,1.93
Ubicacion,3311,CONECTA_CON,Ubicacion,404,6.25,14.92
Ubicacion,3312,CONECTA_CON,Ubicacion,3267,6.11,13.9
Ubicacion,3312,CONECTA_CON,Ubicacion,3598,3.13,4.39
Ubicacion,3312,CONECTA_CON,Ubicacion,1488,4.06,4.85
Ubicacion,3313,CONECTA_CON,Ubicacion,1765,5.9,14.19
Ubicacion,3313,CONECTA_CON,Ubicacion,3817,9.48,20.93
Ubicacion,3313,CONECTA_CON,Ubicacion,1097,9.35,19.82
Ubicacion,3314,CONECTA_CON,Ubicacion,751,3.72,5.64
Ubicacion,3314,CONECTA_CON,Ubicacion,213,5.45,10.7
Ubicacion,3314,CONECTA_CON,Ubicacion,2914,4.98,10.45
Ubicacion,3315,CONECTA_CON,Ubicacion,1611,9.72,13.15
Ubicacion,3315,CONECTA_CON,Ubicacion,347,3.44,6.15
Ubicacion,3315,CONECTA_CON,Ubicacion,4517,7.86,10.98
Ubicacion,3316,CONECTA_CON,Ubicacion,2188,5.78,13.71
Ubicacion,3316,CONECTA_CON,Ubicacion,3948,8.86,10.71
Ubicacion,3316,CONECTA_CON,Ubicacion,118,3.96,5.61
Ubicacion,3317,CONECTA_CON,Ubicacion,2076,9.33,22.19
Ubicacion,3317,CONECTA_CON,Ubicacion,1948,4.52,5.23
Ubicacion,3317,CONECTA_CON,Ubicacion,2712,3.25,3.73
Ubicacion,3318,CONECTA_CON,Ubicacion,2145,7.92,18.68
Ubicacion,3318,CONECTA_CON,Ubicacion,1416,8.3,9.76
Ubicacion,3318,CONECTA_CON,Ubicacion,2171,3.03,3.87
Ubicacion,3319,CONECTA_CON,Ubicacion,1983,7.15,14.9
Ubicacion,3319,CONECTA_CON,Ubicacion,400,1.69,1.7
Ubicacion,3319,CONECTA_CON,Ubicacion,4307,1.89,1.96
Ubicacion,3320,CONECTA_CON,Ubicacion,3880,4.87,6.38
Ubicacion,3320,CONECTA_CON,Ubicacion,4475,7.44,8.77
Ubicacion,3320,CONECTA_CON,Ubicacion,997,1.14,2.1
Ubicacion,3321,CONECTA_CON,Ubicacion,2924,5.02,6.45
Ubicacion,3321,CONECTA_CON,Ubicacion,1822,3.03,3.31
Ubicacion,3321,CONECTA_CON,Ubicacion,4621,9.7,18.94
Ubicacion,3322,CONECTA_CON,Ubicacion,2301,4.07,4.59
Ubicacion,3322,CONECTA_CON,Ubicacion,268,8.89,15.76
Ubicacion,3322,CONECTA_CON,Ubicacion,2313,5.88,11.02
Ubicacion,3323,CONECTA_CON,Ubicacion,3893,3.44,3.83
Ubicacion,3323,CONECTA_CON,Ubicacion,3879,5.24,7.96
Ubicacion,3323,CONECTA_CON,Ubicacion,4820,3.23,3.63
Ubicacion,3324,CONECTA_CON,Ubicacion,2675,8.62,9.0
Ubicacion,3324,CONECTA_CON,Ubicacion,3630,0.84,1.94
Ubicacion,3324,CONECTA_CON,Ubicacion,1360,7.32,13.65
Ubicacion,3325,CONECTA_CON,Ubicacion,1268,2.62,3.73
Ubicacion,3325,CONECTA_CON,Ubicacion,2448,2.02,2.41
Ubicacion,3325,CONECTA_CON,Ubicacion,1217,2.16,2.23
Ubicacion,3326,CONECTA_CON,Ubicacion,1256,1.24,1.79
Ubicacion,3326,CONECTA_CON,Ubicacion,1630,5.51,9.92
Ubicacion,3326,CONECTA_CON,Ubicacion,2026,7.97,15.35
Ubicacion,3327,CONECTA_CON,Ubicacion,2732,2.55,2.58
Ubicacion,3327,CONECTA_CON,Ubicacion,3586,8.2,16.54
Ubicacion,3327,CONECTA_CON,Ubicacion,1033,3.91,5.11
Ubicacion,3328,CONECTA_CON,Ubicacion,4878,9.58,20.05
Ubicacion,3328,CONECTA_CON,Ubicacion,4014,8.39,15.38
Ubicacion,3328,CONECTA_CON,Ubicacion,1600,9.97,29.17
Ubicacion,3329,CONECTA_CON,Ubicacion,1721,4.78,11.02
Ubicacion,3329,CONECTA_CON,Ubicacion,120,7.87,11.43
Ubicacion,3329,CONECTA_CON,Ubicacion,1119,3.2,4.39
Ubicacion,3330,CONECTA_CON,Ubicacion,3503,2.26,2.57
Ubicacion,3330,CONECTA_CON,Ubicacion,3910,3.86,4.0
Ubicacion,3330,CONECTA_CON,Ubicacion,888,9.02,20.64
Ubicacion,3331,CONECTA_CON,Ubicacion,4891,4.98,13.01
Ubicacion,3331,CONECTA_CON,Ubicacion,4569,0.55,1.16
Ubicacion,3331,CONECTA_CON,Ubicacion,29,6.42,8.28
Ubicacion,3332,CONECTA_CON,Ubicacion,3652,1.64,2.18
Ubicacion,3332,CONECTA_CON,Ubicacion,1164,7.49,20.44
Ubicacion,3332,CONECTA_CON,Ubicacion,3876,9.69,12.9
Ubicacion,3333,CONECTA_CON,Ubicacion,1519,5.96,17.36
Ubicacion,3333,CONECTA_CON,Ubicacion,2221,5.52,7.99
Ubicacion,3333,CONECTA_CON,Ubicacion,1493,8.36,8.82
Ubicacion,3334,CONECTA_CON,Ubicacion,1655,5.14,7.65
Ubicacion,3334,CONECTA_CON,Ubicacion,163,2.2,3.96
Ubicacion,3334,CONECTA_CON,Ubicacion,4047,6.87,9.26
Ubicacion,3335,CONECTA_CON,Ubicacion,301,6.11,15.42
Ubicacion,3335,CONECTA_CON,Ubicacion,2598,5.33,11.44
Ubicacion,3335,CONECTA_CON,Ubicacion,977,7.58,8.55
Ubicacion,3336,CONECTA_CON,Ubicacion,762,6.48,15.27
Ubicacion,3336,CONECTA_CON,Ubicacion,1306,9.35,15.2
Ubicacion,3336,CONECTA_CON,Ubicacion,1864,2.23,4.17
Ubicacion,3337,CONECTA_CON,Ubicacion,4023,1.86,2.97
Ubicacion,3337,CONECTA_CON,Ubicacion,1649,2.52,2.55
Ubicacion,3337,CONECTA_CON,Ubicacion,3015,4.17,9.52
Ubicacion,3338,CONECTA_CON,Ubicacion,1859,4.05,4.94
Ubicacion,3338,CONECTA_CON,Ubicacion,4133,9.18,10.07
Ubicacion,3338,CONECTA_CON,Ubicacion,2852,5.11,8.52
Ubicacion,3339,CONECTA_CON,Ubicacion,3683,0.78,0.9
Ubicacion,3339,CONECTA_CON,Ubicacion,3645,9.33,13.83
Ubicacion,3339,CONECTA_CON,Ubicacion,3285,4.62,8.4
Ubicacion,3340,CONECTA_CON,Ubicacion,4063,6.47,11.2
Ubicacion,3340,CONECTA_CON,Ubicacion,1905,7.11,13.61
Ubicacion,3340,CONECTA_CON,Ubicacion,3363,1.43,1.58
Ubicacion,3341,CONECTA_CON,Ubicacion,3041,2.58,5.71
Ubicacion,3341,CONECTA_CON,Ubicacion,4485,2.69,2.82
Ubicacion,3341,CONECTA_CON,Ubicacion,4682,1.6,4.02
Ubicacion,3342,CONECTA_CON,Ubicacion,2967,2.34,2.88
Ubicacion,3342,CONECTA_CON,Ubicacion,1830,2.07,2.29
Ubicacion,3342,CONECTA_CON,Ubicacion,1957,8.09,18.9
Ubicacion,3343,CONECTA_CON,Ubicacion,3985,2.18,2.2
Ubicacion,3343,CONECTA_CON,Ubicacion,2351,4.32,4.78
Ubicacion,3343,CONECTA_CON,Ubicacion,3260,8.15,15.2
Ubicacion,3344,CONECTA_CON,Ubicacion,4317,3.18,6.49
Ubicacion,3344,CONECTA_CON,Ubicacion,3646,9.47,12.69
Ubicacion,3344,CONECTA_CON,Ubicacion,1283,6.97,8.64
Ubicacion,3345,CONECTA_CON,Ubicacion,439,7.5,11.6
Ubicacion,3345,CONECTA_CON,Ubicacion,4228,1.3,1.8
Ubicacion,3345,CONECTA_CON,Ubicacion,3766,2.51,5.86
Ubicacion,3346,CONECTA_CON,Ubicacion,3254,4.49,5.72
Ubicacion,3346,CONECTA_CON,Ubicacion,501,1.47,1.48
Ubicacion,3346,CONECTA_CON,Ubicacion,3658,0.63,0.65
Ubicacion,3347,CONECTA_CON,Ubicacion,1974,5.51,5.7
Ubicacion,3347,CONECTA_CON,Ubicacion,3463,9.3,10.56
Ubicacion,3347,CONECTA_CON,Ubicacion,2387,4.05,5.47
Ubicacion,3348,CONECTA_CON,Ubicacion,4904,5.44,7.36
Ubicacion,3348,CONECTA_CON,Ubicacion,3980,8.53,8.73
Ubicacion,3348,CONECTA_CON,Ubicacion,2810,5.61,7.28
Ubicacion,3349,CONECTA_CON,Ubicacion,3802,6.08,7.25
Ubicacion,3349,CONECTA_CON,Ubicacion,4079,2.14,6.15
Ubicacion,3349,CONECTA_CON,Ubicacion,3650,1.51,2.15
Ubicacion,3350,CONECTA_CON,Ubicacion,4862,3.63,10.53
Ubicacion,3350,CONECTA_CON,Ubicacion,4063,2.85,3.8
Ubicacion,3350,CONECTA_CON,Ubicacion,1818,3.26,3.66
Ubicacion,3351,CONECTA_CON,Ubicacion,2780,9.25,20.62
Ubicacion,3351,CONECTA_CON,Ubicacion,3513,2.52,6.72
Ubicacion,3351,CONECTA_CON,Ubicacion,2405,2.41,4.38
Ubicacion,3352,CONECTA_CON,Ubicacion,4107,4.72,7.77
Ubicacion,3352,CONECTA_CON,Ubicacion,4080,6.47,8.35
Ubicacion,3352,CONECTA_CON,Ubicacion,2455,9.62,19.95
Ubicacion,3353,CONECTA_CON,Ubicacion,2701,3.23,7.58
Ubicacion,3353,CONECTA_CON,Ubicacion,2792,8.89,18.34
Ubicacion,3353,CONECTA_CON,Ubicacion,2150,3.35,5.7
Ubicacion,3354,CONECTA_CON,Ubicacion,4261,4.22,9.13
Ubicacion,3354,CONECTA_CON,Ubicacion,2628,2.2,5.75
Ubicacion,3354,CONECTA_CON,Ubicacion,3605,2.23,4.06
Ubicacion,3355,CONECTA_CON,Ubicacion,30,3.36,4.05
Ubicacion,3355,CONECTA_CON,Ubicacion,608,9.23,10.07
Ubicacion,3355,CONECTA_CON,Ubicacion,4763,7.17,8.14
Ubicacion,3356,CONECTA_CON,Ubicacion,1659,7.07,9.49
Ubicacion,3356,CONECTA_CON,Ubicacion,761,6.24,6.6
Ubicacion,3356,CONECTA_CON,Ubicacion,3359,3.01,5.44
Ubicacion,3357,CONECTA_CON,Ubicacion,3420,9.02,17.52
Ubicacion,3357,CONECTA_CON,Ubicacion,4537,1.87,2.0
Ubicacion,3357,CONECTA_CON,Ubicacion,2017,2.27,5.5
Ubicacion,3358,CONECTA_CON,Ubicacion,2856,9.45,10.68
Ubicacion,3358,CONECTA_CON,Ubicacion,1189,1.72,2.86
Ubicacion,3358,CONECTA_CON,Ubicacion,1627,5.29,7.51
Ubicacion,3359,CONECTA_CON,Ubicacion,1857,3.93,5.2
Ubicacion,3359,CONECTA_CON,Ubicacion,1731,3.91,3.92
Ubicacion,3359,CONECTA_CON,Ubicacion,2625,7.63,11.09
Ubicacion,3360,CONECTA_CON,Ubicacion,140,1.7,4.82
Ubicacion,3360,CONECTA_CON,Ubicacion,4559,0.53,0.68
Ubicacion,3360,CONECTA_CON,Ubicacion,1280,5.13,5.6
Ubicacion,3361,CONECTA_CON,Ubicacion,4717,3.57,5.5
Ubicacion,3361,CONECTA_CON,Ubicacion,2622,4.23,10.25
Ubicacion,3361,CONECTA_CON,Ubicacion,4814,4.48,10.01
Ubicacion,3362,CONECTA_CON,Ubicacion,431,2.79,5.04
Ubicacion,3362,CONECTA_CON,Ubicacion,1519,2.97,4.07
Ubicacion,3362,CONECTA_CON,Ubicacion,1573,8.19,10.24
Ubicacion,3363,CONECTA_CON,Ubicacion,2164,1.07,2.34
Ubicacion,3363,CONECTA_CON,Ubicacion,1484,5.32,6.64
Ubicacion,3363,CONECTA_CON,Ubicacion,2925,0.69,0.9
Ubicacion,3364,CONECTA_CON,Ubicacion,4594,4.85,8.52
Ubicacion,3364,CONECTA_CON,Ubicacion,3835,3.25,6.58
Ubicacion,3364,CONECTA_CON,Ubicacion,2254,1.22,1.49
Ubicacion,3365,CONECTA_CON,Ubicacion,1565,8.01,18.56
Ubicacion,3365,CONECTA_CON,Ubicacion,2131,0.77,1.59
Ubicacion,3365,CONECTA_CON,Ubicacion,3798,6.56,7.67
Ubicacion,3366,CONECTA_CON,Ubicacion,3002,2.9,5.88
Ubicacion,3366,CONECTA_CON,Ubicacion,3431,9.05,12.21
Ubicacion,3366,CONECTA_CON,Ubicacion,1139,3.3,4.51
Ubicacion,3367,CONECTA_CON,Ubicacion,4578,8.38,9.95
Ubicacion,3367,CONECTA_CON,Ubicacion,3425,4.61,6.36
Ubicacion,3367,CONECTA_CON,Ubicacion,984,4.89,7.51
Ubicacion,3368,CONECTA_CON,Ubicacion,4287,2.4,2.94
Ubicacion,3368,CONECTA_CON,Ubicacion,4020,1.84,1.98
Ubicacion,3368,CONECTA_CON,Ubicacion,341,5.62,6.71
Ubicacion,3369,CONECTA_CON,Ubicacion,3433,2.45,2.92
Ubicacion,3369,CONECTA_CON,Ubicacion,2075,9.34,12.42
Ubicacion,3369,CONECTA_CON,Ubicacion,828,1.43,1.7
Ubicacion,3370,CONECTA_CON,Ubicacion,1785,0.7,0.94
Ubicacion,3370,CONECTA_CON,Ubicacion,3262,6.55,8.92
Ubicacion,3370,CONECTA_CON,Ubicacion,2161,6.75,7.85
Ubicacion,3371,CONECTA_CON,Ubicacion,2242,8.69,20.08
Ubicacion,3371,CONECTA_CON,Ubicacion,1482,2.54,4.26
Ubicacion,3371,CONECTA_CON,Ubicacion,1591,2.24,3.04
Ubicacion,3372,CONECTA_CON,Ubicacion,1291,9.61,12.24
Ubicacion,3372,CONECTA_CON,Ubicacion,3960,8.47,8.48
Ubicacion,3372,CONECTA_CON,Ubicacion,3719,4.39,4.91
Ubicacion,3373,CONECTA_CON,Ubicacion,4169,1.88,2.06
Ubicacion,3373,CONECTA_CON,Ubicacion,2784,3.24,7.99
Ubicacion,3373,CONECTA_CON,Ubicacion,1707,1.31,2.84
Ubicacion,3374,CONECTA_CON,Ubicacion,4003,5.93,17.09
Ubicacion,3374,CONECTA_CON,Ubicacion,564,6.88,7.38
Ubicacion,3374,CONECTA_CON,Ubicacion,3499,6.5,7.35
Ubicacion,3375,CONECTA_CON,Ubicacion,607,6.54,12.84
Ubicacion,3375,CONECTA_CON,Ubicacion,1017,4.46,5.33
Ubicacion,3375,CONECTA_CON,Ubicacion,1113,0.5,0.95
Ubicacion,3376,CONECTA_CON,Ubicacion,1449,1.78,2.91
Ubicacion,3376,CONECTA_CON,Ubicacion,2565,2.33,2.47
Ubicacion,3376,CONECTA_CON,Ubicacion,4708,8.36,8.48
Ubicacion,3377,CONECTA_CON,Ubicacion,3748,9.99,11.49
Ubicacion,3377,CONECTA_CON,Ubicacion,62,8.5,16.2
Ubicacion,3377,CONECTA_CON,Ubicacion,3167,8.22,13.92
Ubicacion,3378,CONECTA_CON,Ubicacion,3861,0.57,1.19
Ubicacion,3378,CONECTA_CON,Ubicacion,3260,1.25,1.53
Ubicacion,3378,CONECTA_CON,Ubicacion,3985,3.35,8.6
Ubicacion,3379,CONECTA_CON,Ubicacion,4366,8.98,9.21
Ubicacion,3379,CONECTA_CON,Ubicacion,4371,1.17,1.98
Ubicacion,3379,CONECTA_CON,Ubicacion,3167,2.01,3.69
Ubicacion,3380,CONECTA_CON,Ubicacion,3365,9.23,16.08
Ubicacion,3380,CONECTA_CON,Ubicacion,4816,8.21,8.98
Ubicacion,3380,CONECTA_CON,Ubicacion,1481,8.44,10.36
Ubicacion,3381,CONECTA_CON,Ubicacion,1079,4.81,10.88
Ubicacion,3381,CONECTA_CON,Ubicacion,3426,3.43,4.04
Ubicacion,3381,CONECTA_CON,Ubicacion,4492,4.14,11.14
Ubicacion,3382,CONECTA_CON,Ubicacion,1805,2.11,3.54
Ubicacion,3382,CONECTA_CON,Ubicacion,4691,2.55,2.95
Ubicacion,3382,CONECTA_CON,Ubicacion,549,9.26,11.51
Ubicacion,3383,CONECTA_CON,Ubicacion,4298,4.81,9.81
Ubicacion,3383,CONECTA_CON,Ubicacion,1323,3.78,5.59
Ubicacion,3383,CONECTA_CON,Ubicacion,2444,7.69,9.69
Ubicacion,3384,CONECTA_CON,Ubicacion,4336,3.48,4.1
Ubicacion,3384,CONECTA_CON,Ubicacion,5,8.34,16.84
Ubicacion,3384,CONECTA_CON,Ubicacion,4624,6.61,9.44
Ubicacion,3385,CONECTA_CON,Ubicacion,1142,2.37,2.81
Ubicacion,3385,CONECTA_CON,Ubicacion,3615,2.33,2.34
Ubicacion,3385,CONECTA_CON,Ubicacion,2121,7.03,7.17
Ubicacion,3386,CONECTA_CON,Ubicacion,518,5.86,6.52
Ubicacion,3386,CONECTA_CON,Ubicacion,1110,8.75,17.53
Ubicacion,3386,CONECTA_CON,Ubicacion,1851,0.66,0.67
Ubicacion,3387,CONECTA_CON,Ubicacion,1167,6.03,11.73
Ubicacion,3387,CONECTA_CON,Ubicacion,4426,7.1,16.52
Ubicacion,3387,CONECTA_CON,Ubicacion,1280,2.01,3.79
Ubicacion,3388,CONECTA_CON,Ubicacion,1241,8.08,8.15
Ubicacion,3388,CONECTA_CON,Ubicacion,4771,8.26,14.82
Ubicacion,3388,CONECTA_CON,Ubicacion,3478,9.74,10.75
Ubicacion,3389,CONECTA_CON,Ubicacion,155,1.81,3.16
Ubicacion,3389,CONECTA_CON,Ubicacion,4785,0.88,1.15
Ubicacion,3389,CONECTA_CON,Ubicacion,3847,2.61,5.63
Ubicacion,3390,CONECTA_CON,Ubicacion,3131,4.32,8.37
Ubicacion,3390,CONECTA_CON,Ubicacion,2019,1.08,1.69
Ubicacion,3390,CONECTA_CON,Ubicacion,4418,3.33,3.71
Ubicacion,3391,CONECTA_CON,Ubicacion,1248,7.73,14.48
Ubicacion,3391,CONECTA_CON,Ubicacion,1192,0.86,1.49
Ubicacion,3391,CONECTA_CON,Ubicacion,3255,8.92,10.88
Ubicacion,3392,CONECTA_CON,Ubicacion,1352,1.25,1.4
Ubicacion,3392,CONECTA_CON,Ubicacion,1563,3.52,4.5
Ubicacion,3392,CONECTA_CON,Ubicacion,2726,7.33,7.94
Ubicacion,3393,CONECTA_CON,Ubicacion,3428,0.5,0.57
Ubicacion,3393,CONECTA_CON,Ubicacion,1403,0.98,2.67
Ubicacion,3393,CONECTA_CON,Ubicacion,831,5.81,6.03
Ubicacion,3394,CONECTA_CON,Ubicacion,2853,3.69,6.93
Ubicacion,3394,CONECTA_CON,Ubicacion,4294,6.44,16.35
Ubicacion,3394,CONECTA_CON,Ubicacion,1418,6.68,19.2
Ubicacion,3395,CONECTA_CON,Ubicacion,3954,6.2,7.12
Ubicacion,3395,CONECTA_CON,Ubicacion,1246,1.73,1.75
Ubicacion,3395,CONECTA_CON,Ubicacion,3783,6.26,7.73
Ubicacion,3396,CONECTA_CON,Ubicacion,3808,7.25,13.1
Ubicacion,3396,CONECTA_CON,Ubicacion,1272,3.95,7.8
Ubicacion,3396,CONECTA_CON,Ubicacion,2901,7.62,22.8
Ubicacion,3397,CONECTA_CON,Ubicacion,4601,3.79,6.39
Ubicacion,3397,CONECTA_CON,Ubicacion,501,6.85,7.35
Ubicacion,3397,CONECTA_CON,Ubicacion,2932,7.69,17.84
Ubicacion,3398,CONECTA_CON,Ubicacion,2478,6.26,7.46
Ubicacion,3398,CONECTA_CON,Ubicacion,240,4.31,5.08
Ubicacion,3398,CONECTA_CON,Ubicacion,4214,9.85,12.13
Ubicacion,3399,CONECTA_CON,Ubicacion,377,5.27,6.13
Ubicacion,3399,CONECTA_CON,Ubicacion,2844,0.99,2.73
Ubicacion,3399,CONECTA_CON,Ubicacion,1071,7.46,12.93
Ubicacion,3400,CONECTA_CON,Ubicacion,2040,4.23,5.2
Ubicacion,3400,CONECTA_CON,Ubicacion,744,2.58,6.42
Ubicacion,3400,CONECTA_CON,Ubicacion,1496,1.96,4.73
Ubicacion,3401,CONECTA_CON,Ubicacion,2158,0.71,1.46
Ubicacion,3401,CONECTA_CON,Ubicacion,4363,3.84,6.82
Ubicacion,3401,CONECTA_CON,Ubicacion,2495,8.28,9.78
Ubicacion,3402,CONECTA_CON,Ubicacion,432,1.19,1.78
Ubicacion,3402,CONECTA_CON,Ubicacion,4509,8.0,12.58
Ubicacion,3402,CONECTA_CON,Ubicacion,2041,6.15,18.21
Ubicacion,3403,CONECTA_CON,Ubicacion,4600,9.41,16.34
Ubicacion,3403,CONECTA_CON,Ubicacion,357,5.51,6.31
Ubicacion,3403,CONECTA_CON,Ubicacion,4309,9.57,16.68
Ubicacion,3404,CONECTA_CON,Ubicacion,4265,5.76,9.69
Ubicacion,3404,CONECTA_CON,Ubicacion,3962,8.44,13.01
Ubicacion,3404,CONECTA_CON,Ubicacion,3155,5.71,12.02
Ubicacion,3405,CONECTA_CON,Ubicacion,2844,2.39,2.99
Ubicacion,3405,CONECTA_CON,Ubicacion,16,9.49,22.64
Ubicacion,3405,CONECTA_CON,Ubicacion,122,4.15,5.8
Ubicacion,3406,CONECTA_CON,Ubicacion,362,7.12,12.47
Ubicacion,3406,CONECTA_CON,Ubicacion,3521,1.32,2.22
Ubicacion,3406,CONECTA_CON,Ubicacion,2276,4.8,10.47
Ubicacion,3407,CONECTA_CON,Ubicacion,473,3.42,3.51
Ubicacion,3407,CONECTA_CON,Ubicacion,4279,2.78,4.69
Ubicacion,3407,CONECTA_CON,Ubicacion,1413,1.16,1.52
Ubicacion,3408,CONECTA_CON,Ubicacion,870,7.45,7.47
Ubicacion,3408,CONECTA_CON,Ubicacion,1371,8.96,24.5
Ubicacion,3408,CONECTA_CON,Ubicacion,3281,6.38,7.73
Ubicacion,3409,CONECTA_CON,Ubicacion,3399,3.2,4.43
Ubicacion,3409,CONECTA_CON,Ubicacion,1281,4.92,5.01
Ubicacion,3409,CONECTA_CON,Ubicacion,606,7.99,8.34
Ubicacion,3410,CONECTA_CON,Ubicacion,1692,9.54,11.42
Ubicacion,3410,CONECTA_CON,Ubicacion,102,9.77,12.44
Ubicacion,3410,CONECTA_CON,Ubicacion,4756,8.62,11.92
Ubicacion,3411,CONECTA_CON,Ubicacion,584,7.64,15.14
Ubicacion,3411,CONECTA_CON,Ubicacion,4974,3.13,4.51
Ubicacion,3411,CONECTA_CON,Ubicacion,3778,9.93,17.06
Ubicacion,3412,CONECTA_CON,Ubicacion,2852,4.87,8.41
Ubicacion,3412,CONECTA_CON,Ubicacion,2073,9.58,12.31
Ubicacion,3412,CONECTA_CON,Ubicacion,1336,4.33,8.43
Ubicacion,3413,CONECTA_CON,Ubicacion,3068,2.08,3.29
Ubicacion,3413,CONECTA_CON,Ubicacion,2661,3.09,4.34
Ubicacion,3413,CONECTA_CON,Ubicacion,4389,7.46,11.8
Ubicacion,3414,CONECTA_CON,Ubicacion,840,3.27,3.52
Ubicacion,3414,CONECTA_CON,Ubicacion,2639,1.97,2.89
Ubicacion,3414,CONECTA_CON,Ubicacion,3263,4.9,5.26
Ubicacion,3415,CONECTA_CON,Ubicacion,1614,8.57,10.06
Ubicacion,3415,CONECTA_CON,Ubicacion,52,8.23,12.28
Ubicacion,3415,CONECTA_CON,Ubicacion,190,7.13,14.28
Ubicacion,3416,CONECTA_CON,Ubicacion,1165,3.5,5.56
Ubicacion,3416,CONECTA_CON,Ubicacion,1951,2.35,5.27
Ubicacion,3416,CONECTA_CON,Ubicacion,1633,1.39,3.62
Ubicacion,3417,CONECTA_CON,Ubicacion,1780,8.61,10.46
Ubicacion,3417,CONECTA_CON,Ubicacion,618,5.59,8.5
Ubicacion,3417,CONECTA_CON,Ubicacion,4387,5.58,8.58
Ubicacion,3418,CONECTA_CON,Ubicacion,4301,0.62,1.69
Ubicacion,3418,CONECTA_CON,Ubicacion,1941,3.76,7.57
Ubicacion,3418,CONECTA_CON,Ubicacion,2397,5.59,8.22
Ubicacion,3419,CONECTA_CON,Ubicacion,3396,4.42,11.67
Ubicacion,3419,CONECTA_CON,Ubicacion,53,8.96,13.4
Ubicacion,3419,CONECTA_CON,Ubicacion,4432,7.97,12.51
Ubicacion,3420,CONECTA_CON,Ubicacion,1332,4.66,8.16
Ubicacion,3420,CONECTA_CON,Ubicacion,3507,7.3,7.92
Ubicacion,3420,CONECTA_CON,Ubicacion,2594,1.08,1.16
Ubicacion,3421,CONECTA_CON,Ubicacion,346,2.9,3.74
Ubicacion,3421,CONECTA_CON,Ubicacion,2254,3.54,10.02
Ubicacion,3421,CONECTA_CON,Ubicacion,1062,1.8,1.84
Ubicacion,3422,CONECTA_CON,Ubicacion,1256,3.72,4.75
Ubicacion,3422,CONECTA_CON,Ubicacion,108,9.96,12.08
Ubicacion,3422,CONECTA_CON,Ubicacion,1572,3.84,3.93
Ubicacion,3423,CONECTA_CON,Ubicacion,4440,0.69,1.06
Ubicacion,3423,CONECTA_CON,Ubicacion,1586,6.49,6.59
Ubicacion,3423,CONECTA_CON,Ubicacion,554,4.57,9.31
Ubicacion,3424,CONECTA_CON,Ubicacion,90,8.02,10.05
Ubicacion,3424,CONECTA_CON,Ubicacion,69,8.64,10.22
Ubicacion,3424,CONECTA_CON,Ubicacion,1091,4.64,9.28
Ubicacion,3425,CONECTA_CON,Ubicacion,3628,3.04,3.72
Ubicacion,3425,CONECTA_CON,Ubicacion,3329,2.53,2.62
Ubicacion,3425,CONECTA_CON,Ubicacion,1185,9.52,14.73
Ubicacion,3426,CONECTA_CON,Ubicacion,3492,1.77,2.27
Ubicacion,3426,CONECTA_CON,Ubicacion,4579,0.53,0.95
Ubicacion,3426,CONECTA_CON,Ubicacion,4331,1.04,1.97
Ubicacion,3427,CONECTA_CON,Ubicacion,4491,8.53,8.72
Ubicacion,3427,CONECTA_CON,Ubicacion,1175,6.33,7.83
Ubicacion,3427,CONECTA_CON,Ubicacion,4761,2.87,3.04
Ubicacion,3428,CONECTA_CON,Ubicacion,3744,8.33,10.77
Ubicacion,3428,CONECTA_CON,Ubicacion,4021,2.13,2.48
Ubicacion,3428,CONECTA_CON,Ubicacion,2390,6.65,7.04
Ubicacion,3429,CONECTA_CON,Ubicacion,3643,8.54,10.53
Ubicacion,3429,CONECTA_CON,Ubicacion,3800,3.88,4.56
Ubicacion,3429,CONECTA_CON,Ubicacion,4358,8.9,19.77
Ubicacion,3430,CONECTA_CON,Ubicacion,1381,6.09,15.05
Ubicacion,3430,CONECTA_CON,Ubicacion,2105,7.42,8.24
Ubicacion,3430,CONECTA_CON,Ubicacion,2566,8.54,8.77
Ubicacion,3431,CONECTA_CON,Ubicacion,4585,0.77,0.99
Ubicacion,3431,CONECTA_CON,Ubicacion,1084,3.08,7.84
Ubicacion,3431,CONECTA_CON,Ubicacion,329,7.48,9.01
Ubicacion,3432,CONECTA_CON,Ubicacion,2507,6.99,14.31
Ubicacion,3432,CONECTA_CON,Ubicacion,272,6.45,7.55
Ubicacion,3432,CONECTA_CON,Ubicacion,2155,7.58,8.22
Ubicacion,3433,CONECTA_CON,Ubicacion,4225,6.87,11.65
Ubicacion,3433,CONECTA_CON,Ubicacion,1048,7.9,9.11
Ubicacion,3433,CONECTA_CON,Ubicacion,4585,3.54,6.7
Ubicacion,3434,CONECTA_CON,Ubicacion,2479,1.97,4.4
Ubicacion,3434,CONECTA_CON,Ubicacion,3245,4.83,5.36
Ubicacion,3434,CONECTA_CON,Ubicacion,214,4.36,6.45
Ubicacion,3435,CONECTA_CON,Ubicacion,4412,7.58,13.38
Ubicacion,3435,CONECTA_CON,Ubicacion,319,1.53,1.87
Ubicacion,3435,CONECTA_CON,Ubicacion,489,4.15,4.43
Ubicacion,3436,CONECTA_CON,Ubicacion,2933,6.05,7.63
Ubicacion,3436,CONECTA_CON,Ubicacion,4883,9.77,10.48
Ubicacion,3436,CONECTA_CON,Ubicacion,4206,2.2,2.58
Ubicacion,3437,CONECTA_CON,Ubicacion,107,9.08,14.34
Ubicacion,3437,CONECTA_CON,Ubicacion,4920,8.87,14.92
Ubicacion,3437,CONECTA_CON,Ubicacion,3305,5.94,12.87
Ubicacion,3438,CONECTA_CON,Ubicacion,1137,6.87,16.38
Ubicacion,3438,CONECTA_CON,Ubicacion,2062,6.86,12.53
Ubicacion,3438,CONECTA_CON,Ubicacion,462,5.68,8.75
Ubicacion,3439,CONECTA_CON,Ubicacion,4570,5.79,8.25
Ubicacion,3439,CONECTA_CON,Ubicacion,3970,6.48,12.73
Ubicacion,3439,CONECTA_CON,Ubicacion,1232,9.25,26.31
Ubicacion,3440,CONECTA_CON,Ubicacion,3678,4.51,5.26
Ubicacion,3440,CONECTA_CON,Ubicacion,758,9.45,25.83
Ubicacion,3440,CONECTA_CON,Ubicacion,1705,8.19,11.99
Ubicacion,3441,CONECTA_CON,Ubicacion,4110,3.66,8.15
Ubicacion,3441,CONECTA_CON,Ubicacion,3227,3.31,4.57
Ubicacion,3441,CONECTA_CON,Ubicacion,1821,7.6,9.28
Ubicacion,3442,CONECTA_CON,Ubicacion,1922,7.09,13.12
Ubicacion,3442,CONECTA_CON,Ubicacion,3045,6.99,9.54
Ubicacion,3442,CONECTA_CON,Ubicacion,2376,1.76,2.37
Ubicacion,3443,CONECTA_CON,Ubicacion,4169,2.22,2.68
Ubicacion,3443,CONECTA_CON,Ubicacion,3085,8.44,16.45
Ubicacion,3443,CONECTA_CON,Ubicacion,3549,7.14,14.02
Ubicacion,3444,CONECTA_CON,Ubicacion,4400,8.22,9.67
Ubicacion,3444,CONECTA_CON,Ubicacion,1216,3.83,9.08
Ubicacion,3444,CONECTA_CON,Ubicacion,1412,4.83,11.9
Ubicacion,3445,CONECTA_CON,Ubicacion,4894,3.91,4.49
Ubicacion,3445,CONECTA_CON,Ubicacion,3753,6.88,7.33
Ubicacion,3445,CONECTA_CON,Ubicacion,1391,6.67,19.31
Ubicacion,3446,CONECTA_CON,Ubicacion,3729,5.67,5.74
Ubicacion,3446,CONECTA_CON,Ubicacion,3634,2.58,2.81
Ubicacion,3446,CONECTA_CON,Ubicacion,1026,3.04,3.78
Ubicacion,3447,CONECTA_CON,Ubicacion,3689,1.8,2.76
Ubicacion,3447,CONECTA_CON,Ubicacion,1458,1.58,2.95
Ubicacion,3447,CONECTA_CON,Ubicacion,2657,9.99,12.66
Ubicacion,3448,CONECTA_CON,Ubicacion,2205,5.25,12.59
Ubicacion,3448,CONECTA_CON,Ubicacion,4648,7.22,7.63
Ubicacion,3448,CONECTA_CON,Ubicacion,2204,4.13,10.39
Ubicacion,3449,CONECTA_CON,Ubicacion,3400,7.98,17.84
Ubicacion,3449,CONECTA_CON,Ubicacion,4200,6.48,7.66
Ubicacion,3449,CONECTA_CON,Ubicacion,2770,5.92,7.43
Ubicacion,3450,CONECTA_CON,Ubicacion,1274,9.74,27.51
Ubicacion,3450,CONECTA_CON,Ubicacion,2540,7.33,7.97
Ubicacion,3450,CONECTA_CON,Ubicacion,2833,7.78,7.86
Ubicacion,3451,CONECTA_CON,Ubicacion,988,5.0,14.77
Ubicacion,3451,CONECTA_CON,Ubicacion,4449,7.92,12.35
Ubicacion,3451,CONECTA_CON,Ubicacion,1052,1.28,3.75
Ubicacion,3452,CONECTA_CON,Ubicacion,3306,7.26,7.5
Ubicacion,3452,CONECTA_CON,Ubicacion,3500,9.34,10.62
Ubicacion,3452,CONECTA_CON,Ubicacion,4753,9.88,15.07
Ubicacion,3453,CONECTA_CON,Ubicacion,2214,6.73,18.63
Ubicacion,3453,CONECTA_CON,Ubicacion,3710,5.32,13.92
Ubicacion,3453,CONECTA_CON,Ubicacion,1932,1.28,1.43
Ubicacion,3454,CONECTA_CON,Ubicacion,3144,5.46,12.24
Ubicacion,3454,CONECTA_CON,Ubicacion,676,8.44,12.75
Ubicacion,3454,CONECTA_CON,Ubicacion,2304,6.3,6.38
Ubicacion,3455,CONECTA_CON,Ubicacion,4421,5.76,9.75
Ubicacion,3455,CONECTA_CON,Ubicacion,4711,3.84,7.98
Ubicacion,3455,CONECTA_CON,Ubicacion,1154,9.25,15.58
Ubicacion,3456,CONECTA_CON,Ubicacion,415,6.68,12.01
Ubicacion,3456,CONECTA_CON,Ubicacion,2215,1.84,4.46
Ubicacion,3456,CONECTA_CON,Ubicacion,51,5.42,10.56
Ubicacion,3457,CONECTA_CON,Ubicacion,918,7.42,21.02
Ubicacion,3457,CONECTA_CON,Ubicacion,456,3.83,4.26
Ubicacion,3457,CONECTA_CON,Ubicacion,2932,4.74,5.04
Ubicacion,3458,CONECTA_CON,Ubicacion,2638,9.51,11.24
Ubicacion,3458,CONECTA_CON,Ubicacion,4734,8.84,22.8
Ubicacion,3458,CONECTA_CON,Ubicacion,4815,3.05,3.18
Ubicacion,3459,CONECTA_CON,Ubicacion,1334,6.12,8.27
Ubicacion,3459,CONECTA_CON,Ubicacion,4360,9.43,17.81
Ubicacion,3459,CONECTA_CON,Ubicacion,4466,3.43,9.77
Ubicacion,3460,CONECTA_CON,Ubicacion,3213,9.66,14.35
Ubicacion,3460,CONECTA_CON,Ubicacion,2663,8.67,18.75
Ubicacion,3460,CONECTA_CON,Ubicacion,2363,6.4,7.33
Ubicacion,3461,CONECTA_CON,Ubicacion,4099,9.11,20.12
Ubicacion,3461,CONECTA_CON,Ubicacion,283,3.9,8.52
Ubicacion,3461,CONECTA_CON,Ubicacion,1469,0.99,1.31
Ubicacion,3462,CONECTA_CON,Ubicacion,4078,9.16,9.22
Ubicacion,3462,CONECTA_CON,Ubicacion,4896,9.48,11.59
Ubicacion,3462,CONECTA_CON,Ubicacion,1283,5.07,5.25
Ubicacion,3463,CONECTA_CON,Ubicacion,4734,2.56,2.73
Ubicacion,3463,CONECTA_CON,Ubicacion,2263,4.3,4.69
Ubicacion,3463,CONECTA_CON,Ubicacion,2099,3.08,3.78
Ubicacion,3464,CONECTA_CON,Ubicacion,1921,7.72,8.05
Ubicacion,3464,CONECTA_CON,Ubicacion,4222,4.08,5.42
Ubicacion,3464,CONECTA_CON,Ubicacion,2047,1.08,2.36
Ubicacion,3465,CONECTA_CON,Ubicacion,1762,10.0,12.99
Ubicacion,3465,CONECTA_CON,Ubicacion,1035,1.35,1.95
Ubicacion,3465,CONECTA_CON,Ubicacion,2821,7.36,11.0
Ubicacion,3466,CONECTA_CON,Ubicacion,4317,4.41,12.44
Ubicacion,3466,CONECTA_CON,Ubicacion,3106,6.12,7.77
Ubicacion,3466,CONECTA_CON,Ubicacion,3428,6.56,8.71
Ubicacion,3467,CONECTA_CON,Ubicacion,2806,1.84,2.32
Ubicacion,3467,CONECTA_CON,Ubicacion,2516,7.18,19.68
Ubicacion,3467,CONECTA_CON,Ubicacion,429,9.65,20.94
Ubicacion,3468,CONECTA_CON,Ubicacion,3464,3.0,3.17
Ubicacion,3468,CONECTA_CON,Ubicacion,3322,9.81,15.05
Ubicacion,3468,CONECTA_CON,Ubicacion,1781,1.05,2.19
Ubicacion,3469,CONECTA_CON,Ubicacion,1944,7.51,12.88
Ubicacion,3469,CONECTA_CON,Ubicacion,3820,4.26,10.76
Ubicacion,3469,CONECTA_CON,Ubicacion,1624,7.8,15.69
Ubicacion,3470,CONECTA_CON,Ubicacion,901,3.68,4.0
Ubicacion,3470,CONECTA_CON,Ubicacion,1351,7.3,9.37
Ubicacion,3470,CONECTA_CON,Ubicacion,3311,3.89,4.0
Ubicacion,3471,CONECTA_CON,Ubicacion,3991,8.32,18.73
Ubicacion,3471,CONECTA_CON,Ubicacion,1075,9.76,24.46
Ubicacion,3471,CONECTA_CON,Ubicacion,2471,6.35,7.06
Ubicacion,3472,CONECTA_CON,Ubicacion,1502,4.0,4.84
Ubicacion,3472,CONECTA_CON,Ubicacion,1933,6.83,8.87
Ubicacion,3472,CONECTA_CON,Ubicacion,1755,5.41,11.31
Ubicacion,3473,CONECTA_CON,Ubicacion,369,4.84,5.82
Ubicacion,3473,CONECTA_CON,Ubicacion,670,7.28,17.5
Ubicacion,3473,CONECTA_CON,Ubicacion,3351,6.39,15.16
Ubicacion,3474,CONECTA_CON,Ubicacion,2390,4.54,11.68
Ubicacion,3474,CONECTA_CON,Ubicacion,282,8.48,13.84
Ubicacion,3474,CONECTA_CON,Ubicacion,2585,9.06,11.47
Ubicacion,3475,CONECTA_CON,Ubicacion,1489,7.1,7.5
Ubicacion,3475,CONECTA_CON,Ubicacion,4655,3.62,4.27
Ubicacion,3475,CONECTA_CON,Ubicacion,243,8.34,9.72
Ubicacion,3476,CONECTA_CON,Ubicacion,3461,0.87,0.9
Ubicacion,3476,CONECTA_CON,Ubicacion,1747,2.27,2.36
Ubicacion,3476,CONECTA_CON,Ubicacion,1312,9.2,17.67
Ubicacion,3477,CONECTA_CON,Ubicacion,1372,5.49,11.95
Ubicacion,3477,CONECTA_CON,Ubicacion,4381,5.6,7.87
Ubicacion,3477,CONECTA_CON,Ubicacion,753,6.3,6.48
Ubicacion,3478,CONECTA_CON,Ubicacion,2563,6.89,7.56
Ubicacion,3478,CONECTA_CON,Ubicacion,4944,4.4,6.05
Ubicacion,3478,CONECTA_CON,Ubicacion,4920,4.09,4.73
Ubicacion,3479,CONECTA_CON,Ubicacion,1205,0.63,1.38
Ubicacion,3479,CONECTA_CON,Ubicacion,2487,8.32,15.65
Ubicacion,3479,CONECTA_CON,Ubicacion,4865,5.65,5.93
Ubicacion,3480,CONECTA_CON,Ubicacion,3210,6.51,6.79
Ubicacion,3480,CONECTA_CON,Ubicacion,2293,8.08,20.3
Ubicacion,3480,CONECTA_CON,Ubicacion,849,5.23,5.58
Ubicacion,3481,CONECTA_CON,Ubicacion,188,3.42,4.38
Ubicacion,3481,CONECTA_CON,Ubicacion,2282,1.54,3.48
Ubicacion,3481,CONECTA_CON,Ubicacion,2902,5.82,7.62
Ubicacion,3482,CONECTA_CON,Ubicacion,3892,8.73,14.34
Ubicacion,3482,CONECTA_CON,Ubicacion,4449,3.25,4.41
Ubicacion,3482,CONECTA_CON,Ubicacion,3423,3.71,5.04
Ubicacion,3483,CONECTA_CON,Ubicacion,1758,1.14,1.46
Ubicacion,3483,CONECTA_CON,Ubicacion,326,6.4,16.91
Ubicacion,3483,CONECTA_CON,Ubicacion,4439,8.11,22.6
Ubicacion,3484,CONECTA_CON,Ubicacion,3614,8.12,8.72
Ubicacion,3484,CONECTA_CON,Ubicacion,2110,5.68,6.13
Ubicacion,3484,CONECTA_CON,Ubicacion,4603,1.7,4.73
Ubicacion,3485,CONECTA_CON,Ubicacion,1967,3.93,9.39
Ubicacion,3485,CONECTA_CON,Ubicacion,409,8.48,9.96
Ubicacion,3485,CONECTA_CON,Ubicacion,4181,3.74,4.11
Ubicacion,3486,CONECTA_CON,Ubicacion,1079,7.34,18.88
Ubicacion,3486,CONECTA_CON,Ubicacion,4076,7.77,21.34
Ubicacion,3486,CONECTA_CON,Ubicacion,677,5.77,8.61
Ubicacion,3487,CONECTA_CON,Ubicacion,1610,1.09,1.5
Ubicacion,3487,CONECTA_CON,Ubicacion,403,1.87,3.49
Ubicacion,3487,CONECTA_CON,Ubicacion,4809,2.76,5.05
Ubicacion,3488,CONECTA_CON,Ubicacion,4724,4.53,4.93
Ubicacion,3488,CONECTA_CON,Ubicacion,4915,2.04,3.82
Ubicacion,3488,CONECTA_CON,Ubicacion,2931,6.78,9.6
Ubicacion,3489,CONECTA_CON,Ubicacion,3872,3.61,5.32
Ubicacion,3489,CONECTA_CON,Ubicacion,4579,3.75,4.24
Ubicacion,3489,CONECTA_CON,Ubicacion,3919,9.37,22.96
Ubicacion,3490,CONECTA_CON,Ubicacion,1336,6.23,13.67
Ubicacion,3490,CONECTA_CON,Ubicacion,1803,4.97,5.48
Ubicacion,3490,CONECTA_CON,Ubicacion,3295,5.14,10.56
Ubicacion,3491,CONECTA_CON,Ubicacion,2954,4.41,6.64
Ubicacion,3491,CONECTA_CON,Ubicacion,4228,4.12,7.77
Ubicacion,3491,CONECTA_CON,Ubicacion,4327,8.55,12.61
Ubicacion,3492,CONECTA_CON,Ubicacion,1831,9.81,20.23
Ubicacion,3492,CONECTA_CON,Ubicacion,2549,4.95,11.14
Ubicacion,3492,CONECTA_CON,Ubicacion,3455,3.71,3.75
Ubicacion,3493,CONECTA_CON,Ubicacion,152,3.02,5.56
Ubicacion,3493,CONECTA_CON,Ubicacion,933,4.11,4.23
Ubicacion,3493,CONECTA_CON,Ubicacion,3531,2.93,4.12
Ubicacion,3494,CONECTA_CON,Ubicacion,14,1.72,2.9
Ubicacion,3494,CONECTA_CON,Ubicacion,3117,7.43,18.8
Ubicacion,3494,CONECTA_CON,Ubicacion,829,7.03,11.92
Ubicacion,3495,CONECTA_CON,Ubicacion,1892,1.87,4.12
Ubicacion,3495,CONECTA_CON,Ubicacion,4883,5.27,11.45
Ubicacion,3495,CONECTA_CON,Ubicacion,4655,8.45,11.36
Ubicacion,3496,CONECTA_CON,Ubicacion,1865,8.49,10.38
Ubicacion,3496,CONECTA_CON,Ubicacion,4405,5.3,5.49
Ubicacion,3496,CONECTA_CON,Ubicacion,2224,1.23,1.92
Ubicacion,3497,CONECTA_CON,Ubicacion,3180,9.78,22.43
Ubicacion,3497,CONECTA_CON,Ubicacion,3450,1.33,3.02
Ubicacion,3497,CONECTA_CON,Ubicacion,1582,0.83,1.77
Ubicacion,3498,CONECTA_CON,Ubicacion,3164,5.38,5.66
Ubicacion,3498,CONECTA_CON,Ubicacion,4546,5.5,15.93
Ubicacion,3498,CONECTA_CON,Ubicacion,650,3.09,4.82
Ubicacion,3499,CONECTA_CON,Ubicacion,4273,8.69,8.81
Ubicacion,3499,CONECTA_CON,Ubicacion,380,6.17,13.49
Ubicacion,3499,CONECTA_CON,Ubicacion,1162,5.7,10.39
Ubicacion,3500,CONECTA_CON,Ubicacion,2573,6.99,8.65
Ubicacion,3500,CONECTA_CON,Ubicacion,4316,4.73,8.07
Ubicacion,3500,CONECTA_CON,Ubicacion,1290,0.63,1.72
Ubicacion,3501,CONECTA_CON,Ubicacion,1883,4.74,4.99
Ubicacion,3501,CONECTA_CON,Ubicacion,3516,7.66,18.05
Ubicacion,3501,CONECTA_CON,Ubicacion,2201,5.93,8.03
Ubicacion,3502,CONECTA_CON,Ubicacion,373,9.0,26.92
Ubicacion,3502,CONECTA_CON,Ubicacion,2454,8.02,22.01
Ubicacion,3502,CONECTA_CON,Ubicacion,2630,4.51,5.93
Ubicacion,3503,CONECTA_CON,Ubicacion,2009,6.83,9.01
Ubicacion,3503,CONECTA_CON,Ubicacion,4738,5.97,10.87
Ubicacion,3503,CONECTA_CON,Ubicacion,2760,7.38,15.09
Ubicacion,3504,CONECTA_CON,Ubicacion,1485,6.83,9.22
Ubicacion,3504,CONECTA_CON,Ubicacion,4857,6.41,7.4
Ubicacion,3504,CONECTA_CON,Ubicacion,2454,2.59,4.18
Ubicacion,3505,CONECTA_CON,Ubicacion,1423,0.64,0.94
Ubicacion,3505,CONECTA_CON,Ubicacion,831,3.95,4.47
Ubicacion,3505,CONECTA_CON,Ubicacion,39,1.15,1.3
Ubicacion,3506,CONECTA_CON,Ubicacion,2813,4.9,9.76
Ubicacion,3506,CONECTA_CON,Ubicacion,4409,9.99,24.39
Ubicacion,3506,CONECTA_CON,Ubicacion,3595,6.18,11.02
Ubicacion,3507,CONECTA_CON,Ubicacion,2902,3.72,9.12
Ubicacion,3507,CONECTA_CON,Ubicacion,841,9.29,9.6
Ubicacion,3507,CONECTA_CON,Ubicacion,2266,1.34,2.57
Ubicacion,3508,CONECTA_CON,Ubicacion,4603,8.16,12.87
Ubicacion,3508,CONECTA_CON,Ubicacion,555,6.82,8.65
Ubicacion,3508,CONECTA_CON,Ubicacion,3008,1.1,1.69
Ubicacion,3509,CONECTA_CON,Ubicacion,4425,7.02,12.37
Ubicacion,3509,CONECTA_CON,Ubicacion,2103,5.17,8.52
Ubicacion,3509,CONECTA_CON,Ubicacion,4065,8.48,17.92
Ubicacion,3510,CONECTA_CON,Ubicacion,1624,8.99,10.95
Ubicacion,3510,CONECTA_CON,Ubicacion,632,7.45,15.29
Ubicacion,3510,CONECTA_CON,Ubicacion,3779,7.27,7.87
Ubicacion,3511,CONECTA_CON,Ubicacion,2254,1.82,3.02
Ubicacion,3511,CONECTA_CON,Ubicacion,3449,2.72,3.5
Ubicacion,3511,CONECTA_CON,Ubicacion,4155,5.41,8.89
Ubicacion,3512,CONECTA_CON,Ubicacion,720,0.94,1.5
Ubicacion,3512,CONECTA_CON,Ubicacion,245,7.9,11.03
Ubicacion,3512,CONECTA_CON,Ubicacion,974,5.76,6.75
Ubicacion,3513,CONECTA_CON,Ubicacion,2214,6.65,14.22
Ubicacion,3513,CONECTA_CON,Ubicacion,2735,5.26,11.81
Ubicacion,3513,CONECTA_CON,Ubicacion,170,2.13,2.31
Ubicacion,3514,CONECTA_CON,Ubicacion,1946,6.78,6.86
Ubicacion,3514,CONECTA_CON,Ubicacion,2535,7.61,17.51
Ubicacion,3514,CONECTA_CON,Ubicacion,1996,3.66,10.46
Ubicacion,3515,CONECTA_CON,Ubicacion,4802,4.59,5.69
Ubicacion,3515,CONECTA_CON,Ubicacion,4737,4.89,5.16
Ubicacion,3515,CONECTA_CON,Ubicacion,1879,2.04,2.84
Ubicacion,3516,CONECTA_CON,Ubicacion,666,4.7,6.8
Ubicacion,3516,CONECTA_CON,Ubicacion,12,3.37,3.66
Ubicacion,3516,CONECTA_CON,Ubicacion,1201,0.88,2.06
Ubicacion,3517,CONECTA_CON,Ubicacion,4483,7.24,9.49
Ubicacion,3517,CONECTA_CON,Ubicacion,1677,8.19,9.64
Ubicacion,3517,CONECTA_CON,Ubicacion,4096,1.82,3.62
Ubicacion,3518,CONECTA_CON,Ubicacion,4890,8.99,23.65
Ubicacion,3518,CONECTA_CON,Ubicacion,33,4.95,11.76
Ubicacion,3518,CONECTA_CON,Ubicacion,2562,4.51,7.06
Ubicacion,3519,CONECTA_CON,Ubicacion,4476,3.27,4.96
Ubicacion,3519,CONECTA_CON,Ubicacion,3919,9.16,9.51
Ubicacion,3519,CONECTA_CON,Ubicacion,1280,8.32,20.75
Ubicacion,3520,CONECTA_CON,Ubicacion,919,6.72,12.75
Ubicacion,3520,CONECTA_CON,Ubicacion,1024,6.52,8.45
Ubicacion,3520,CONECTA_CON,Ubicacion,2325,4.81,13.0
Ubicacion,3521,CONECTA_CON,Ubicacion,4702,6.76,8.9
Ubicacion,3521,CONECTA_CON,Ubicacion,1366,9.58,9.84
Ubicacion,3521,CONECTA_CON,Ubicacion,3846,8.79,12.25
Ubicacion,3522,CONECTA_CON,Ubicacion,927,2.08,2.27
Ubicacion,3522,CONECTA_CON,Ubicacion,2754,3.89,4.76
Ubicacion,3522,CONECTA_CON,Ubicacion,3283,5.14,5.4
Ubicacion,3523,CONECTA_CON,Ubicacion,1936,8.0,11.67
Ubicacion,3523,CONECTA_CON,Ubicacion,1856,1.44,3.87
Ubicacion,3523,CONECTA_CON,Ubicacion,4224,9.34,9.34
Ubicacion,3524,CONECTA_CON,Ubicacion,2073,5.67,6.24
Ubicacion,3524,CONECTA_CON,Ubicacion,1814,7.22,9.66
Ubicacion,3524,CONECTA_CON,Ubicacion,3942,6.35,12.61
Ubicacion,3525,CONECTA_CON,Ubicacion,1478,9.75,19.65
Ubicacion,3525,CONECTA_CON,Ubicacion,3995,4.68,5.17
Ubicacion,3525,CONECTA_CON,Ubicacion,1697,1.14,1.53
Ubicacion,3526,CONECTA_CON,Ubicacion,2028,2.47,3.46
Ubicacion,3526,CONECTA_CON,Ubicacion,435,0.71,1.75
Ubicacion,3526,CONECTA_CON,Ubicacion,4995,3.7,5.21
Ubicacion,3527,CONECTA_CON,Ubicacion,1535,5.52,11.75
Ubicacion,3527,CONECTA_CON,Ubicacion,667,0.89,2.53
Ubicacion,3527,CONECTA_CON,Ubicacion,3486,9.88,19.94
Ubicacion,3528,CONECTA_CON,Ubicacion,2711,0.77,0.78
Ubicacion,3528,CONECTA_CON,Ubicacion,748,9.84,14.49
Ubicacion,3528,CONECTA_CON,Ubicacion,1078,9.78,22.78
Ubicacion,3529,CONECTA_CON,Ubicacion,2900,8.15,10.49
Ubicacion,3529,CONECTA_CON,Ubicacion,2671,6.65,11.78
Ubicacion,3529,CONECTA_CON,Ubicacion,3592,5.21,8.23
Ubicacion,3530,CONECTA_CON,Ubicacion,3664,9.06,9.33
Ubicacion,3530,CONECTA_CON,Ubicacion,3841,8.62,14.15
Ubicacion,3530,CONECTA_CON,Ubicacion,3765,8.13,18.16
Ubicacion,3531,CONECTA_CON,Ubicacion,389,1.04,2.34
Ubicacion,3531,CONECTA_CON,Ubicacion,2195,8.57,16.19
Ubicacion,3531,CONECTA_CON,Ubicacion,3513,5.18,13.29
Ubicacion,3532,CONECTA_CON,Ubicacion,340,1.09,1.55
Ubicacion,3532,CONECTA_CON,Ubicacion,551,5.2,5.57
Ubicacion,3532,CONECTA_CON,Ubicacion,2603,9.65,9.83
Ubicacion,3533,CONECTA_CON,Ubicacion,3082,1.43,1.53
Ubicacion,3533,CONECTA_CON,Ubicacion,830,4.2,5.75
Ubicacion,3533,CONECTA_CON,Ubicacion,4777,7.05,7.39
Ubicacion,3534,CONECTA_CON,Ubicacion,2484,9.53,16.42
Ubicacion,3534,CONECTA_CON,Ubicacion,2187,7.59,17.1
Ubicacion,3534,CONECTA_CON,Ubicacion,781,7.92,10.6
Ubicacion,3535,CONECTA_CON,Ubicacion,1631,9.11,11.42
Ubicacion,3535,CONECTA_CON,Ubicacion,463,3.91,3.96
Ubicacion,3535,CONECTA_CON,Ubicacion,1296,4.17,7.02
Ubicacion,3536,CONECTA_CON,Ubicacion,580,8.31,21.56
Ubicacion,3536,CONECTA_CON,Ubicacion,4392,7.81,14.14
Ubicacion,3536,CONECTA_CON,Ubicacion,267,8.06,15.98
Ubicacion,3537,CONECTA_CON,Ubicacion,769,9.65,23.94
Ubicacion,3537,CONECTA_CON,Ubicacion,2629,5.19,12.04
Ubicacion,3537,CONECTA_CON,Ubicacion,4723,9.52,15.57
Ubicacion,3538,CONECTA_CON,Ubicacion,3312,3.95,5.93
Ubicacion,3538,CONECTA_CON,Ubicacion,901,3.32,6.34
Ubicacion,3538,CONECTA_CON,Ubicacion,2930,2.93,4.55
Ubicacion,3539,CONECTA_CON,Ubicacion,418,8.2,8.26
Ubicacion,3539,CONECTA_CON,Ubicacion,3139,1.74,2.54
Ubicacion,3539,CONECTA_CON,Ubicacion,262,4.01,4.69
Ubicacion,3540,CONECTA_CON,Ubicacion,2841,8.22,12.43
Ubicacion,3540,CONECTA_CON,Ubicacion,2853,7.82,8.28
Ubicacion,3540,CONECTA_CON,Ubicacion,2365,1.3,1.63
Ubicacion,3541,CONECTA_CON,Ubicacion,709,6.95,8.73
Ubicacion,3541,CONECTA_CON,Ubicacion,2082,3.79,9.32
Ubicacion,3541,CONECTA_CON,Ubicacion,1830,2.75,7.36
Ubicacion,3542,CONECTA_CON,Ubicacion,2851,1.69,3.72
Ubicacion,3542,CONECTA_CON,Ubicacion,4312,4.3,9.25
Ubicacion,3542,CONECTA_CON,Ubicacion,1825,1.6,2.34
Ubicacion,3543,CONECTA_CON,Ubicacion,366,7.24,14.28
Ubicacion,3543,CONECTA_CON,Ubicacion,1366,7.44,10.45
Ubicacion,3543,CONECTA_CON,Ubicacion,3209,7.46,12.47
Ubicacion,3544,CONECTA_CON,Ubicacion,1052,9.22,16.44
Ubicacion,3544,CONECTA_CON,Ubicacion,3829,4.62,4.97
Ubicacion,3544,CONECTA_CON,Ubicacion,2442,3.44,4.93
Ubicacion,3545,CONECTA_CON,Ubicacion,4281,9.32,10.39
Ubicacion,3545,CONECTA_CON,Ubicacion,1661,3.4,8.66
Ubicacion,3545,CONECTA_CON,Ubicacion,1831,7.39,9.53
Ubicacion,3546,CONECTA_CON,Ubicacion,4532,8.7,14.89
Ubicacion,3546,CONECTA_CON,Ubicacion,4606,2.97,5.55
Ubicacion,3546,CONECTA_CON,Ubicacion,4844,9.14,12.52
Ubicacion,3547,CONECTA_CON,Ubicacion,44,9.22,16.24
Ubicacion,3547,CONECTA_CON,Ubicacion,1962,4.15,8.21
Ubicacion,3547,CONECTA_CON,Ubicacion,4505,4.65,6.0
Ubicacion,3548,CONECTA_CON,Ubicacion,2646,9.31,15.07
Ubicacion,3548,CONECTA_CON,Ubicacion,1654,6.92,7.38
Ubicacion,3548,CONECTA_CON,Ubicacion,2123,2.38,2.47
Ubicacion,3549,CONECTA_CON,Ubicacion,2570,7.94,13.49
Ubicacion,3549,CONECTA_CON,Ubicacion,4094,6.74,19.22
Ubicacion,3549,CONECTA_CON,Ubicacion,3502,1.82,2.24
Ubicacion,3550,CONECTA_CON,Ubicacion,618,6.15,6.69
Ubicacion,3550,CONECTA_CON,Ubicacion,4579,8.11,11.13
Ubicacion,3550,CONECTA_CON,Ubicacion,3610,4.25,8.84
Ubicacion,3551,CONECTA_CON,Ubicacion,2091,9.2,9.99
Ubicacion,3551,CONECTA_CON,Ubicacion,2374,9.99,12.74
Ubicacion,3551,CONECTA_CON,Ubicacion,973,0.57,0.76
Ubicacion,3552,CONECTA_CON,Ubicacion,2182,8.02,12.3
Ubicacion,3552,CONECTA_CON,Ubicacion,608,7.92,20.98
Ubicacion,3552,CONECTA_CON,Ubicacion,4758,5.58,16.47
Ubicacion,3553,CONECTA_CON,Ubicacion,2086,9.85,12.13
Ubicacion,3553,CONECTA_CON,Ubicacion,2307,5.97,6.06
Ubicacion,3553,CONECTA_CON,Ubicacion,642,4.23,7.65
Ubicacion,3554,CONECTA_CON,Ubicacion,3485,7.05,9.84
Ubicacion,3554,CONECTA_CON,Ubicacion,3419,2.17,3.55
Ubicacion,3554,CONECTA_CON,Ubicacion,1710,1.66,2.47
Ubicacion,3555,CONECTA_CON,Ubicacion,4188,1.94,2.34
Ubicacion,3555,CONECTA_CON,Ubicacion,3618,4.21,9.11
Ubicacion,3555,CONECTA_CON,Ubicacion,2020,4.23,5.95
Ubicacion,3556,CONECTA_CON,Ubicacion,3929,1.25,1.53
Ubicacion,3556,CONECTA_CON,Ubicacion,3911,2.08,2.9
Ubicacion,3556,CONECTA_CON,Ubicacion,3212,3.34,7.05
Ubicacion,3557,CONECTA_CON,Ubicacion,2801,7.95,8.83
Ubicacion,3557,CONECTA_CON,Ubicacion,1297,4.58,13.22
Ubicacion,3557,CONECTA_CON,Ubicacion,1364,6.03,17.13
Ubicacion,3558,CONECTA_CON,Ubicacion,959,1.78,1.84
Ubicacion,3558,CONECTA_CON,Ubicacion,1779,9.17,12.51
Ubicacion,3558,CONECTA_CON,Ubicacion,4111,9.63,18.61
Ubicacion,3559,CONECTA_CON,Ubicacion,399,4.29,11.42
Ubicacion,3559,CONECTA_CON,Ubicacion,2225,2.81,8.25
Ubicacion,3559,CONECTA_CON,Ubicacion,3518,9.93,21.96
Ubicacion,3560,CONECTA_CON,Ubicacion,1736,8.07,13.25
Ubicacion,3560,CONECTA_CON,Ubicacion,3106,9.11,25.07
Ubicacion,3560,CONECTA_CON,Ubicacion,1111,9.91,26.03
Ubicacion,3561,CONECTA_CON,Ubicacion,1631,4.52,4.86
Ubicacion,3561,CONECTA_CON,Ubicacion,116,2.1,2.98
Ubicacion,3561,CONECTA_CON,Ubicacion,2192,4.6,4.83
Ubicacion,3562,CONECTA_CON,Ubicacion,2338,9.15,10.13
Ubicacion,3562,CONECTA_CON,Ubicacion,85,4.24,6.35
Ubicacion,3562,CONECTA_CON,Ubicacion,3191,4.96,8.47
Ubicacion,3563,CONECTA_CON,Ubicacion,4351,8.09,17.25
Ubicacion,3563,CONECTA_CON,Ubicacion,2456,6.13,8.17
Ubicacion,3563,CONECTA_CON,Ubicacion,690,4.29,4.34
Ubicacion,3564,CONECTA_CON,Ubicacion,4953,5.18,6.11
Ubicacion,3564,CONECTA_CON,Ubicacion,979,1.96,3.19
Ubicacion,3564,CONECTA_CON,Ubicacion,4701,2.93,6.18
Ubicacion,3565,CONECTA_CON,Ubicacion,1035,8.63,9.61
Ubicacion,3565,CONECTA_CON,Ubicacion,2854,7.42,10.26
Ubicacion,3565,CONECTA_CON,Ubicacion,4214,1.51,1.72
Ubicacion,3566,CONECTA_CON,Ubicacion,775,5.24,7.87
Ubicacion,3566,CONECTA_CON,Ubicacion,29,1.71,2.91
Ubicacion,3566,CONECTA_CON,Ubicacion,654,1.33,2.62
Ubicacion,3567,CONECTA_CON,Ubicacion,134,5.72,7.88
Ubicacion,3567,CONECTA_CON,Ubicacion,1048,7.91,9.79
Ubicacion,3567,CONECTA_CON,Ubicacion,1054,5.79,10.37
Ubicacion,3568,CONECTA_CON,Ubicacion,2512,8.0,9.3
Ubicacion,3568,CONECTA_CON,Ubicacion,2417,2.14,4.43
Ubicacion,3568,CONECTA_CON,Ubicacion,1252,3.18,4.06
Ubicacion,3569,CONECTA_CON,Ubicacion,3018,7.65,9.16
Ubicacion,3569,CONECTA_CON,Ubicacion,429,6.38,7.74
Ubicacion,3569,CONECTA_CON,Ubicacion,3928,2.05,3.91
Ubicacion,3570,CONECTA_CON,Ubicacion,3647,8.22,14.64
Ubicacion,3570,CONECTA_CON,Ubicacion,2942,2.31,2.77
Ubicacion,3570,CONECTA_CON,Ubicacion,2356,8.99,18.25
Ubicacion,3571,CONECTA_CON,Ubicacion,531,8.43,10.43
Ubicacion,3571,CONECTA_CON,Ubicacion,3965,1.68,3.07
Ubicacion,3571,CONECTA_CON,Ubicacion,4289,5.57,9.3
Ubicacion,3572,CONECTA_CON,Ubicacion,4597,2.5,3.16
Ubicacion,3572,CONECTA_CON,Ubicacion,2331,3.13,3.21
Ubicacion,3572,CONECTA_CON,Ubicacion,180,9.67,11.25
Ubicacion,3573,CONECTA_CON,Ubicacion,58,2.28,3.66
Ubicacion,3573,CONECTA_CON,Ubicacion,405,6.55,7.02
Ubicacion,3573,CONECTA_CON,Ubicacion,2317,4.26,7.21
Ubicacion,3574,CONECTA_CON,Ubicacion,410,0.71,1.05
Ubicacion,3574,CONECTA_CON,Ubicacion,866,7.08,14.02
Ubicacion,3574,CONECTA_CON,Ubicacion,546,4.42,7.61
Ubicacion,3575,CONECTA_CON,Ubicacion,1684,5.62,6.22
Ubicacion,3575,CONECTA_CON,Ubicacion,1696,4.69,5.04
Ubicacion,3575,CONECTA_CON,Ubicacion,4037,3.42,9.34
Ubicacion,3576,CONECTA_CON,Ubicacion,1941,3.3,3.33
Ubicacion,3576,CONECTA_CON,Ubicacion,2273,4.68,4.88
Ubicacion,3576,CONECTA_CON,Ubicacion,937,8.88,24.47
Ubicacion,3577,CONECTA_CON,Ubicacion,913,7.98,8.64
Ubicacion,3577,CONECTA_CON,Ubicacion,3071,4.53,9.37
Ubicacion,3577,CONECTA_CON,Ubicacion,2280,4.23,8.82
Ubicacion,3578,CONECTA_CON,Ubicacion,691,6.31,11.85
Ubicacion,3578,CONECTA_CON,Ubicacion,982,9.88,21.84
Ubicacion,3578,CONECTA_CON,Ubicacion,1710,2.01,2.46
Ubicacion,3579,CONECTA_CON,Ubicacion,360,9.97,12.35
Ubicacion,3579,CONECTA_CON,Ubicacion,702,1.55,1.59
Ubicacion,3579,CONECTA_CON,Ubicacion,2146,9.51,26.1
Ubicacion,3580,CONECTA_CON,Ubicacion,2824,3.67,5.21
Ubicacion,3580,CONECTA_CON,Ubicacion,1247,3.37,8.76
Ubicacion,3580,CONECTA_CON,Ubicacion,1610,4.94,5.22
Ubicacion,3581,CONECTA_CON,Ubicacion,3562,4.62,12.23
Ubicacion,3581,CONECTA_CON,Ubicacion,1729,8.17,8.89
Ubicacion,3581,CONECTA_CON,Ubicacion,867,6.97,14.06
Ubicacion,3582,CONECTA_CON,Ubicacion,2657,6.37,15.5
Ubicacion,3582,CONECTA_CON,Ubicacion,896,9.53,9.83
Ubicacion,3582,CONECTA_CON,Ubicacion,4706,2.12,3.01
Ubicacion,3583,CONECTA_CON,Ubicacion,3087,7.81,9.22
Ubicacion,3583,CONECTA_CON,Ubicacion,4592,9.34,10.33
Ubicacion,3583,CONECTA_CON,Ubicacion,3311,3.52,3.75
Ubicacion,3584,CONECTA_CON,Ubicacion,4168,4.0,11.02
Ubicacion,3584,CONECTA_CON,Ubicacion,933,8.93,10.92
Ubicacion,3584,CONECTA_CON,Ubicacion,306,2.55,4.73
Ubicacion,3585,CONECTA_CON,Ubicacion,4283,7.16,18.93
Ubicacion,3585,CONECTA_CON,Ubicacion,3673,7.17,9.32
Ubicacion,3585,CONECTA_CON,Ubicacion,511,6.17,9.22
Ubicacion,3586,CONECTA_CON,Ubicacion,4590,6.1,6.93
Ubicacion,3586,CONECTA_CON,Ubicacion,4622,8.38,12.93
Ubicacion,3586,CONECTA_CON,Ubicacion,3695,9.59,16.67
Ubicacion,3587,CONECTA_CON,Ubicacion,3477,7.24,13.83
Ubicacion,3587,CONECTA_CON,Ubicacion,3095,3.76,5.5
Ubicacion,3587,CONECTA_CON,Ubicacion,3133,0.58,1.5
Ubicacion,3588,CONECTA_CON,Ubicacion,2015,8.56,14.68
Ubicacion,3588,CONECTA_CON,Ubicacion,2674,6.06,10.96
Ubicacion,3588,CONECTA_CON,Ubicacion,3254,0.6,0.63
Ubicacion,3589,CONECTA_CON,Ubicacion,4213,9.12,10.35
Ubicacion,3589,CONECTA_CON,Ubicacion,3286,5.35,8.35
Ubicacion,3589,CONECTA_CON,Ubicacion,2725,9.6,26.26
Ubicacion,3590,CONECTA_CON,Ubicacion,642,4.9,7.45
Ubicacion,3590,CONECTA_CON,Ubicacion,705,9.02,9.42
Ubicacion,3590,CONECTA_CON,Ubicacion,427,2.71,3.29
Ubicacion,3591,CONECTA_CON,Ubicacion,2753,9.86,12.11
Ubicacion,3591,CONECTA_CON,Ubicacion,680,4.67,7.47
Ubicacion,3591,CONECTA_CON,Ubicacion,4611,4.96,7.67
Ubicacion,3592,CONECTA_CON,Ubicacion,1421,4.57,5.88
Ubicacion,3592,CONECTA_CON,Ubicacion,2843,3.1,6.38
Ubicacion,3592,CONECTA_CON,Ubicacion,2126,0.89,1.28
Ubicacion,3593,CONECTA_CON,Ubicacion,386,1.14,1.53
Ubicacion,3593,CONECTA_CON,Ubicacion,543,8.72,9.75
Ubicacion,3593,CONECTA_CON,Ubicacion,3613,9.79,16.63
Ubicacion,3594,CONECTA_CON,Ubicacion,3939,0.66,1.09
Ubicacion,3594,CONECTA_CON,Ubicacion,1785,3.17,7.77
Ubicacion,3594,CONECTA_CON,Ubicacion,4648,2.85,6.59
Ubicacion,3595,CONECTA_CON,Ubicacion,3882,7.77,19.74
Ubicacion,3595,CONECTA_CON,Ubicacion,2741,5.77,6.32
Ubicacion,3595,CONECTA_CON,Ubicacion,1546,1.23,1.57
Ubicacion,3596,CONECTA_CON,Ubicacion,3318,4.34,5.3
Ubicacion,3596,CONECTA_CON,Ubicacion,3699,2.8,2.94
Ubicacion,3596,CONECTA_CON,Ubicacion,1766,4.44,9.86
Ubicacion,3597,CONECTA_CON,Ubicacion,1917,9.48,23.65
Ubicacion,3597,CONECTA_CON,Ubicacion,10,1.96,2.23
Ubicacion,3597,CONECTA_CON,Ubicacion,3651,8.22,13.9
Ubicacion,3598,CONECTA_CON,Ubicacion,236,6.85,9.28
Ubicacion,3598,CONECTA_CON,Ubicacion,1669,7.45,8.16
Ubicacion,3598,CONECTA_CON,Ubicacion,2884,8.96,26.3
Ubicacion,3599,CONECTA_CON,Ubicacion,3594,5.99,11.84
Ubicacion,3599,CONECTA_CON,Ubicacion,2460,2.63,7.17
Ubicacion,3599,CONECTA_CON,Ubicacion,888,9.81,12.98
Ubicacion,3600,CONECTA_CON,Ubicacion,4482,5.38,8.75
Ubicacion,3600,CONECTA_CON,Ubicacion,1670,5.12,5.34
Ubicacion,3600,CONECTA_CON,Ubicacion,2327,1.68,2.43
Ubicacion,3601,CONECTA_CON,Ubicacion,4501,2.93,7.15
Ubicacion,3601,CONECTA_CON,Ubicacion,1107,4.38,9.78
Ubicacion,3601,CONECTA_CON,Ubicacion,4869,4.11,4.7
Ubicacion,3602,CONECTA_CON,Ubicacion,2541,5.84,10.59
Ubicacion,3602,CONECTA_CON,Ubicacion,1051,2.19,2.25
Ubicacion,3602,CONECTA_CON,Ubicacion,71,2.41,2.42
Ubicacion,3603,CONECTA_CON,Ubicacion,2056,1.51,1.93
Ubicacion,3603,CONECTA_CON,Ubicacion,1414,9.32,16.48
Ubicacion,3603,CONECTA_CON,Ubicacion,3818,4.0,4.91
Ubicacion,3604,CONECTA_CON,Ubicacion,2746,0.78,0.8
Ubicacion,3604,CONECTA_CON,Ubicacion,3358,8.53,16.68
Ubicacion,3604,CONECTA_CON,Ubicacion,2445,6.81,16.96
Ubicacion,3605,CONECTA_CON,Ubicacion,2455,2.04,2.25
Ubicacion,3605,CONECTA_CON,Ubicacion,2196,6.1,10.01
Ubicacion,3605,CONECTA_CON,Ubicacion,1982,6.39,8.76
Ubicacion,3606,CONECTA_CON,Ubicacion,102,0.55,0.56
Ubicacion,3606,CONECTA_CON,Ubicacion,3701,3.67,4.62
Ubicacion,3606,CONECTA_CON,Ubicacion,1848,9.49,19.93
Ubicacion,3607,CONECTA_CON,Ubicacion,767,0.55,1.05
Ubicacion,3607,CONECTA_CON,Ubicacion,3917,7.09,11.68
Ubicacion,3607,CONECTA_CON,Ubicacion,2845,4.68,10.22
Ubicacion,3608,CONECTA_CON,Ubicacion,2340,7.29,17.08
Ubicacion,3608,CONECTA_CON,Ubicacion,2909,9.14,16.37
Ubicacion,3608,CONECTA_CON,Ubicacion,2238,7.22,7.87
Ubicacion,3609,CONECTA_CON,Ubicacion,3780,4.49,7.0
Ubicacion,3609,CONECTA_CON,Ubicacion,1146,2.15,3.16
Ubicacion,3609,CONECTA_CON,Ubicacion,2545,1.4,4.15
Ubicacion,3610,CONECTA_CON,Ubicacion,3037,9.25,20.7
Ubicacion,3610,CONECTA_CON,Ubicacion,4492,9.93,21.13
Ubicacion,3610,CONECTA_CON,Ubicacion,3831,5.6,10.8
Ubicacion,3611,CONECTA_CON,Ubicacion,1178,1.38,2.16
Ubicacion,3611,CONECTA_CON,Ubicacion,4339,1.24,1.89
Ubicacion,3611,CONECTA_CON,Ubicacion,4744,4.93,5.03
Ubicacion,3612,CONECTA_CON,Ubicacion,2598,3.67,5.79
Ubicacion,3612,CONECTA_CON,Ubicacion,827,9.88,25.16
Ubicacion,3612,CONECTA_CON,Ubicacion,41,5.91,6.89
Ubicacion,3613,CONECTA_CON,Ubicacion,4325,2.88,3.7
Ubicacion,3613,CONECTA_CON,Ubicacion,2362,9.97,19.05
Ubicacion,3613,CONECTA_CON,Ubicacion,3447,4.47,4.79
Ubicacion,3614,CONECTA_CON,Ubicacion,4830,8.95,9.92
Ubicacion,3614,CONECTA_CON,Ubicacion,2029,1.04,2.9
Ubicacion,3614,CONECTA_CON,Ubicacion,2548,6.47,7.27
Ubicacion,3615,CONECTA_CON,Ubicacion,2162,2.79,2.89
Ubicacion,3615,CONECTA_CON,Ubicacion,4672,5.5,8.89
Ubicacion,3615,CONECTA_CON,Ubicacion,767,1.36,1.86
Ubicacion,3616,CONECTA_CON,Ubicacion,2142,6.15,10.5
Ubicacion,3616,CONECTA_CON,Ubicacion,4566,3.78,8.05
Ubicacion,3616,CONECTA_CON,Ubicacion,4499,8.08,13.19
Ubicacion,3617,CONECTA_CON,Ubicacion,4158,8.91,16.78
Ubicacion,3617,CONECTA_CON,Ubicacion,2393,7.66,22.87
Ubicacion,3617,CONECTA_CON,Ubicacion,1606,9.41,13.03
Ubicacion,3618,CONECTA_CON,Ubicacion,356,8.34,15.75
Ubicacion,3618,CONECTA_CON,Ubicacion,3104,3.86,5.08
Ubicacion,3618,CONECTA_CON,Ubicacion,4949,2.86,4.15
Ubicacion,3619,CONECTA_CON,Ubicacion,3998,9.26,20.98
Ubicacion,3619,CONECTA_CON,Ubicacion,2611,5.91,13.16
Ubicacion,3619,CONECTA_CON,Ubicacion,1223,6.52,8.82
Ubicacion,3620,CONECTA_CON,Ubicacion,1968,6.52,9.45
Ubicacion,3620,CONECTA_CON,Ubicacion,2780,8.95,19.85
Ubicacion,3620,CONECTA_CON,Ubicacion,2791,9.14,14.01
Ubicacion,3621,CONECTA_CON,Ubicacion,1938,7.81,12.52
Ubicacion,3621,CONECTA_CON,Ubicacion,3952,3.52,6.36
Ubicacion,3621,CONECTA_CON,Ubicacion,3993,0.5,0.72
Ubicacion,3622,CONECTA_CON,Ubicacion,2111,1.9,3.71
Ubicacion,3622,CONECTA_CON,Ubicacion,3183,5.11,6.18
Ubicacion,3622,CONECTA_CON,Ubicacion,4613,1.29,1.94
Ubicacion,3623,CONECTA_CON,Ubicacion,3730,6.08,6.3
Ubicacion,3623,CONECTA_CON,Ubicacion,194,5.16,12.82
Ubicacion,3623,CONECTA_CON,Ubicacion,1057,1.56,2.35
Ubicacion,3624,CONECTA_CON,Ubicacion,1883,7.37,9.86
Ubicacion,3624,CONECTA_CON,Ubicacion,4630,3.12,6.06
Ubicacion,3624,CONECTA_CON,Ubicacion,2849,3.6,4.08
Ubicacion,3625,CONECTA_CON,Ubicacion,3844,5.2,12.63
Ubicacion,3625,CONECTA_CON,Ubicacion,1082,4.97,11.98
Ubicacion,3625,CONECTA_CON,Ubicacion,404,2.21,2.51
Ubicacion,3626,CONECTA_CON,Ubicacion,255,3.31,4.25
Ubicacion,3626,CONECTA_CON,Ubicacion,2998,4.51,7.64
Ubicacion,3626,CONECTA_CON,Ubicacion,1906,1.63,2.13
Ubicacion,3627,CONECTA_CON,Ubicacion,1069,1.72,2.4
Ubicacion,3627,CONECTA_CON,Ubicacion,3558,1.27,3.04
Ubicacion,3627,CONECTA_CON,Ubicacion,3127,7.7,11.2
Ubicacion,3628,CONECTA_CON,Ubicacion,1171,3.35,3.64
Ubicacion,3628,CONECTA_CON,Ubicacion,2573,2.34,2.47
Ubicacion,3628,CONECTA_CON,Ubicacion,1461,8.37,22.25
Ubicacion,3629,CONECTA_CON,Ubicacion,3235,6.11,15.08
Ubicacion,3629,CONECTA_CON,Ubicacion,3080,4.93,5.3
Ubicacion,3629,CONECTA_CON,Ubicacion,3811,2.42,4.31
Ubicacion,3630,CONECTA_CON,Ubicacion,2872,3.66,4.14
Ubicacion,3630,CONECTA_CON,Ubicacion,4942,1.14,1.37
Ubicacion,3630,CONECTA_CON,Ubicacion,993,0.63,0.99
Ubicacion,3631,CONECTA_CON,Ubicacion,1621,5.68,10.13
Ubicacion,3631,CONECTA_CON,Ubicacion,1510,1.23,1.6
Ubicacion,3631,CONECTA_CON,Ubicacion,4528,6.79,10.73
Ubicacion,3632,CONECTA_CON,Ubicacion,1433,5.99,10.47
Ubicacion,3632,CONECTA_CON,Ubicacion,3778,8.49,9.12
Ubicacion,3632,CONECTA_CON,Ubicacion,4287,2.14,3.91
Ubicacion,3633,CONECTA_CON,Ubicacion,4317,4.9,11.58
Ubicacion,3633,CONECTA_CON,Ubicacion,687,1.28,1.87
Ubicacion,3633,CONECTA_CON,Ubicacion,777,4.49,9.57
Ubicacion,3634,CONECTA_CON,Ubicacion,1807,2.92,3.83
Ubicacion,3634,CONECTA_CON,Ubicacion,3643,3.71,5.89
Ubicacion,3634,CONECTA_CON,Ubicacion,1278,8.58,8.63
Ubicacion,3635,CONECTA_CON,Ubicacion,222,3.56,6.41
Ubicacion,3635,CONECTA_CON,Ubicacion,2816,7.14,15.42
Ubicacion,3635,CONECTA_CON,Ubicacion,3232,6.76,12.57
Ubicacion,3636,CONECTA_CON,Ubicacion,2454,0.66,0.72
Ubicacion,3636,CONECTA_CON,Ubicacion,422,6.61,15.01
Ubicacion,3636,CONECTA_CON,Ubicacion,4181,3.85,4.27
Ubicacion,3637,CONECTA_CON,Ubicacion,2915,9.07,15.12
Ubicacion,3637,CONECTA_CON,Ubicacion,3502,1.38,1.98
Ubicacion,3637,CONECTA_CON,Ubicacion,3505,7.59,11.41
Ubicacion,3638,CONECTA_CON,Ubicacion,4076,2.55,2.81
Ubicacion,3638,CONECTA_CON,Ubicacion,1515,2.15,2.22
Ubicacion,3638,CONECTA_CON,Ubicacion,4758,1.41,2.06
Ubicacion,3639,CONECTA_CON,Ubicacion,1473,1.91,2.32
Ubicacion,3639,CONECTA_CON,Ubicacion,1709,7.65,11.85
Ubicacion,3639,CONECTA_CON,Ubicacion,1074,6.93,7.18
Ubicacion,3640,CONECTA_CON,Ubicacion,3094,8.57,12.28
Ubicacion,3640,CONECTA_CON,Ubicacion,866,6.55,14.81
Ubicacion,3640,CONECTA_CON,Ubicacion,1327,3.63,3.89
Ubicacion,3641,CONECTA_CON,Ubicacion,3327,2.98,4.52
Ubicacion,3641,CONECTA_CON,Ubicacion,4629,2.54,3.95
Ubicacion,3641,CONECTA_CON,Ubicacion,1331,4.56,5.0
Ubicacion,3642,CONECTA_CON,Ubicacion,4450,4.74,8.06
Ubicacion,3642,CONECTA_CON,Ubicacion,3707,0.97,2.22
Ubicacion,3642,CONECTA_CON,Ubicacion,3452,2.67,5.61
Ubicacion,3643,CONECTA_CON,Ubicacion,1937,4.07,8.19
Ubicacion,3643,CONECTA_CON,Ubicacion,4139,5.58,6.77
Ubicacion,3643,CONECTA_CON,Ubicacion,1116,4.09,11.18
Ubicacion,3644,CONECTA_CON,Ubicacion,1463,8.99,17.28
Ubicacion,3644,CONECTA_CON,Ubicacion,551,5.31,6.74
Ubicacion,3644,CONECTA_CON,Ubicacion,1306,4.29,7.72
Ubicacion,3645,CONECTA_CON,Ubicacion,4985,5.14,9.51
Ubicacion,3645,CONECTA_CON,Ubicacion,2419,2.58,5.56
Ubicacion,3645,CONECTA_CON,Ubicacion,2966,9.2,10.75
Ubicacion,3646,CONECTA_CON,Ubicacion,2157,7.86,10.58
Ubicacion,3646,CONECTA_CON,Ubicacion,1406,2.84,3.74
Ubicacion,3646,CONECTA_CON,Ubicacion,1901,6.89,11.58
Ubicacion,3647,CONECTA_CON,Ubicacion,727,6.69,12.93
Ubicacion,3647,CONECTA_CON,Ubicacion,4278,9.55,9.92
Ubicacion,3647,CONECTA_CON,Ubicacion,4097,1.28,1.35
Ubicacion,3648,CONECTA_CON,Ubicacion,1883,2.91,5.49
Ubicacion,3648,CONECTA_CON,Ubicacion,1896,3.41,5.86
Ubicacion,3648,CONECTA_CON,Ubicacion,675,2.33,4.39
Ubicacion,3649,CONECTA_CON,Ubicacion,4691,6.0,6.25
Ubicacion,3649,CONECTA_CON,Ubicacion,1285,3.64,7.38
Ubicacion,3649,CONECTA_CON,Ubicacion,2977,2.15,3.37
Ubicacion,3650,CONECTA_CON,Ubicacion,822,1.19,2.34
Ubicacion,3650,CONECTA_CON,Ubicacion,4430,4.78,6.63
Ubicacion,3650,CONECTA_CON,Ubicacion,3861,5.18,5.36
Ubicacion,3651,CONECTA_CON,Ubicacion,973,2.97,6.5
Ubicacion,3651,CONECTA_CON,Ubicacion,1581,7.93,8.72
Ubicacion,3651,CONECTA_CON,Ubicacion,101,3.54,3.98
Ubicacion,3652,CONECTA_CON,Ubicacion,4092,8.07,14.36
Ubicacion,3652,CONECTA_CON,Ubicacion,1821,5.99,8.84
Ubicacion,3652,CONECTA_CON,Ubicacion,643,0.52,0.99
Ubicacion,3653,CONECTA_CON,Ubicacion,105,2.49,4.45
Ubicacion,3653,CONECTA_CON,Ubicacion,4096,8.27,9.55
Ubicacion,3653,CONECTA_CON,Ubicacion,4116,5.52,15.36
Ubicacion,3654,CONECTA_CON,Ubicacion,3956,9.39,27.67
Ubicacion,3654,CONECTA_CON,Ubicacion,2436,1.0,2.18
Ubicacion,3654,CONECTA_CON,Ubicacion,2330,6.97,12.41
Ubicacion,3655,CONECTA_CON,Ubicacion,934,3.47,3.57
Ubicacion,3655,CONECTA_CON,Ubicacion,3114,4.46,10.38
Ubicacion,3655,CONECTA_CON,Ubicacion,2257,3.86,7.05
Ubicacion,3656,CONECTA_CON,Ubicacion,1019,2.54,4.77
Ubicacion,3656,CONECTA_CON,Ubicacion,76,1.43,3.65
Ubicacion,3656,CONECTA_CON,Ubicacion,4534,5.44,5.52
Ubicacion,3657,CONECTA_CON,Ubicacion,683,9.69,20.02
Ubicacion,3657,CONECTA_CON,Ubicacion,1310,4.86,9.26
Ubicacion,3657,CONECTA_CON,Ubicacion,4106,1.62,2.55
Ubicacion,3658,CONECTA_CON,Ubicacion,4139,7.3,8.3
Ubicacion,3658,CONECTA_CON,Ubicacion,3143,4.14,7.48
Ubicacion,3658,CONECTA_CON,Ubicacion,3550,8.6,11.2
Ubicacion,3659,CONECTA_CON,Ubicacion,1535,5.67,8.04
Ubicacion,3659,CONECTA_CON,Ubicacion,457,8.34,20.86
Ubicacion,3659,CONECTA_CON,Ubicacion,1876,6.11,8.36
Ubicacion,3660,CONECTA_CON,Ubicacion,2291,4.85,12.64
Ubicacion,3660,CONECTA_CON,Ubicacion,2666,9.09,25.28
Ubicacion,3660,CONECTA_CON,Ubicacion,4652,10.0,12.42
Ubicacion,3661,CONECTA_CON,Ubicacion,4363,2.78,3.86
Ubicacion,3661,CONECTA_CON,Ubicacion,2296,7.72,15.02
Ubicacion,3661,CONECTA_CON,Ubicacion,1599,1.09,2.22
Ubicacion,3662,CONECTA_CON,Ubicacion,1232,7.29,15.26
Ubicacion,3662,CONECTA_CON,Ubicacion,649,8.58,18.93
Ubicacion,3662,CONECTA_CON,Ubicacion,1064,8.74,12.96
Ubicacion,3663,CONECTA_CON,Ubicacion,4317,1.11,1.82
Ubicacion,3663,CONECTA_CON,Ubicacion,1206,9.49,15.96
Ubicacion,3663,CONECTA_CON,Ubicacion,1016,2.89,6.71
Ubicacion,3664,CONECTA_CON,Ubicacion,30,7.97,11.52
Ubicacion,3664,CONECTA_CON,Ubicacion,1529,1.91,2.85
Ubicacion,3664,CONECTA_CON,Ubicacion,2944,2.27,4.59
Ubicacion,3665,CONECTA_CON,Ubicacion,1047,0.88,2.06
Ubicacion,3665,CONECTA_CON,Ubicacion,1988,4.68,10.98
Ubicacion,3665,CONECTA_CON,Ubicacion,1524,9.3,13.47
Ubicacion,3666,CONECTA_CON,Ubicacion,859,6.29,13.55
Ubicacion,3666,CONECTA_CON,Ubicacion,4596,1.69,3.65
Ubicacion,3666,CONECTA_CON,Ubicacion,2735,2.92,4.69
Ubicacion,3667,CONECTA_CON,Ubicacion,665,7.39,9.17
Ubicacion,3667,CONECTA_CON,Ubicacion,1771,8.41,11.47
Ubicacion,3667,CONECTA_CON,Ubicacion,2143,7.9,8.19
Ubicacion,3668,CONECTA_CON,Ubicacion,2024,3.71,7.09
Ubicacion,3668,CONECTA_CON,Ubicacion,2211,5.19,7.18
Ubicacion,3668,CONECTA_CON,Ubicacion,1681,2.05,3.4
Ubicacion,3669,CONECTA_CON,Ubicacion,2839,5.94,8.41
Ubicacion,3669,CONECTA_CON,Ubicacion,4141,4.19,10.76
Ubicacion,3669,CONECTA_CON,Ubicacion,4803,9.51,11.89
Ubicacion,3670,CONECTA_CON,Ubicacion,3597,5.83,8.42
Ubicacion,3670,CONECTA_CON,Ubicacion,2881,2.39,4.05
Ubicacion,3670,CONECTA_CON,Ubicacion,428,8.95,10.83
Ubicacion,3671,CONECTA_CON,Ubicacion,4555,9.15,9.3
Ubicacion,3671,CONECTA_CON,Ubicacion,859,3.22,4.4
Ubicacion,3671,CONECTA_CON,Ubicacion,1924,1.27,3.29
Ubicacion,3672,CONECTA_CON,Ubicacion,4539,3.02,4.75
Ubicacion,3672,CONECTA_CON,Ubicacion,33,1.25,2.36
Ubicacion,3672,CONECTA_CON,Ubicacion,3461,5.58,6.93
Ubicacion,3673,CONECTA_CON,Ubicacion,4447,8.6,15.86
Ubicacion,3673,CONECTA_CON,Ubicacion,1025,3.42,3.84
Ubicacion,3673,CONECTA_CON,Ubicacion,326,1.72,2.44
Ubicacion,3674,CONECTA_CON,Ubicacion,414,9.15,15.6
Ubicacion,3674,CONECTA_CON,Ubicacion,3912,8.4,10.02
Ubicacion,3674,CONECTA_CON,Ubicacion,2163,1.81,1.89
Ubicacion,3675,CONECTA_CON,Ubicacion,1680,8.1,14.66
Ubicacion,3675,CONECTA_CON,Ubicacion,1840,7.27,7.68
Ubicacion,3675,CONECTA_CON,Ubicacion,4048,4.43,4.64
Ubicacion,3676,CONECTA_CON,Ubicacion,2328,3.14,3.63
Ubicacion,3676,CONECTA_CON,Ubicacion,2346,3.26,7.62
Ubicacion,3676,CONECTA_CON,Ubicacion,3213,7.6,11.98
Ubicacion,3677,CONECTA_CON,Ubicacion,4603,7.37,10.47
Ubicacion,3677,CONECTA_CON,Ubicacion,4892,2.76,7.12
Ubicacion,3677,CONECTA_CON,Ubicacion,3184,9.36,12.83
Ubicacion,3678,CONECTA_CON,Ubicacion,4936,9.64,20.74
Ubicacion,3678,CONECTA_CON,Ubicacion,2970,3.61,8.78
Ubicacion,3678,CONECTA_CON,Ubicacion,4791,9.71,11.56
Ubicacion,3679,CONECTA_CON,Ubicacion,58,8.6,17.47
Ubicacion,3679,CONECTA_CON,Ubicacion,2994,2.51,2.6
Ubicacion,3679,CONECTA_CON,Ubicacion,3540,4.62,5.54
Ubicacion,3680,CONECTA_CON,Ubicacion,878,4.82,5.78
Ubicacion,3680,CONECTA_CON,Ubicacion,3170,4.29,5.2
Ubicacion,3680,CONECTA_CON,Ubicacion,1623,9.66,27.29
Ubicacion,3681,CONECTA_CON,Ubicacion,2561,8.69,19.86
Ubicacion,3681,CONECTA_CON,Ubicacion,1920,9.94,10.65
Ubicacion,3681,CONECTA_CON,Ubicacion,3467,4.81,7.39
Ubicacion,3682,CONECTA_CON,Ubicacion,578,5.65,16.19
Ubicacion,3682,CONECTA_CON,Ubicacion,13,4.03,6.54
Ubicacion,3682,CONECTA_CON,Ubicacion,731,6.59,6.61
Ubicacion,3683,CONECTA_CON,Ubicacion,4634,3.43,4.19
Ubicacion,3683,CONECTA_CON,Ubicacion,4857,2.79,3.95
Ubicacion,3683,CONECTA_CON,Ubicacion,2941,1.46,1.7
Ubicacion,3684,CONECTA_CON,Ubicacion,3821,9.79,24.43
Ubicacion,3684,CONECTA_CON,Ubicacion,288,9.18,25.92
Ubicacion,3684,CONECTA_CON,Ubicacion,809,3.93,7.63
Ubicacion,3685,CONECTA_CON,Ubicacion,3594,9.89,12.84
Ubicacion,3685,CONECTA_CON,Ubicacion,4176,7.1,11.45
Ubicacion,3685,CONECTA_CON,Ubicacion,2585,6.03,15.28
Ubicacion,3686,CONECTA_CON,Ubicacion,759,5.64,12.21
Ubicacion,3686,CONECTA_CON,Ubicacion,3064,2.64,3.01
Ubicacion,3686,CONECTA_CON,Ubicacion,4254,8.85,8.99
Ubicacion,3687,CONECTA_CON,Ubicacion,482,4.97,5.85
Ubicacion,3687,CONECTA_CON,Ubicacion,3573,4.71,6.62
Ubicacion,3687,CONECTA_CON,Ubicacion,4186,2.49,5.4
Ubicacion,3688,CONECTA_CON,Ubicacion,2537,4.56,4.94
Ubicacion,3688,CONECTA_CON,Ubicacion,4687,9.43,11.23
Ubicacion,3688,CONECTA_CON,Ubicacion,3038,3.18,4.99
Ubicacion,3689,CONECTA_CON,Ubicacion,1132,0.58,0.61
Ubicacion,3689,CONECTA_CON,Ubicacion,313,3.8,4.08
Ubicacion,3689,CONECTA_CON,Ubicacion,111,2.97,3.67
Ubicacion,3690,CONECTA_CON,Ubicacion,1532,5.06,6.77
Ubicacion,3690,CONECTA_CON,Ubicacion,1506,5.14,5.77
Ubicacion,3690,CONECTA_CON,Ubicacion,879,0.67,0.69
Ubicacion,3691,CONECTA_CON,Ubicacion,1810,6.22,9.72
Ubicacion,3691,CONECTA_CON,Ubicacion,4183,0.97,1.05
Ubicacion,3691,CONECTA_CON,Ubicacion,1065,7.63,12.2
Ubicacion,3692,CONECTA_CON,Ubicacion,3000,6.66,6.96
Ubicacion,3692,CONECTA_CON,Ubicacion,550,0.77,0.92
Ubicacion,3692,CONECTA_CON,Ubicacion,3777,7.76,14.94
Ubicacion,3693,CONECTA_CON,Ubicacion,964,2.15,4.48
Ubicacion,3693,CONECTA_CON,Ubicacion,1033,0.86,1.23
Ubicacion,3693,CONECTA_CON,Ubicacion,1620,1.02,1.84
Ubicacion,3694,CONECTA_CON,Ubicacion,525,2.89,4.01
Ubicacion,3694,CONECTA_CON,Ubicacion,657,5.77,6.8
Ubicacion,3694,CONECTA_CON,Ubicacion,1910,4.98,14.21
Ubicacion,3695,CONECTA_CON,Ubicacion,2800,1.68,2.3
Ubicacion,3695,CONECTA_CON,Ubicacion,1324,2.13,4.69
Ubicacion,3695,CONECTA_CON,Ubicacion,423,3.19,3.55
Ubicacion,3696,CONECTA_CON,Ubicacion,1261,4.31,8.13
Ubicacion,3696,CONECTA_CON,Ubicacion,511,8.98,25.03
Ubicacion,3696,CONECTA_CON,Ubicacion,4390,9.38,10.81
Ubicacion,3697,CONECTA_CON,Ubicacion,384,3.36,3.67
Ubicacion,3697,CONECTA_CON,Ubicacion,4149,7.39,13.57
Ubicacion,3697,CONECTA_CON,Ubicacion,594,8.51,12.82
Ubicacion,3698,CONECTA_CON,Ubicacion,111,0.54,0.57
Ubicacion,3698,CONECTA_CON,Ubicacion,1857,5.77,12.67
Ubicacion,3698,CONECTA_CON,Ubicacion,1162,9.9,13.28
Ubicacion,3699,CONECTA_CON,Ubicacion,357,2.72,4.62
Ubicacion,3699,CONECTA_CON,Ubicacion,1787,7.0,18.34
Ubicacion,3699,CONECTA_CON,Ubicacion,538,6.15,8.69
Ubicacion,3700,CONECTA_CON,Ubicacion,3327,1.77,3.56
Ubicacion,3700,CONECTA_CON,Ubicacion,405,9.89,14.02
Ubicacion,3700,CONECTA_CON,Ubicacion,3077,7.98,9.78
Ubicacion,3701,CONECTA_CON,Ubicacion,172,2.21,3.7
Ubicacion,3701,CONECTA_CON,Ubicacion,1552,7.91,15.95
Ubicacion,3701,CONECTA_CON,Ubicacion,2867,8.17,21.67
Ubicacion,3702,CONECTA_CON,Ubicacion,1849,2.63,2.68
Ubicacion,3702,CONECTA_CON,Ubicacion,952,1.95,5.71
Ubicacion,3702,CONECTA_CON,Ubicacion,263,7.06,17.36
Ubicacion,3703,CONECTA_CON,Ubicacion,1879,5.6,8.05
Ubicacion,3703,CONECTA_CON,Ubicacion,3394,5.49,8.48
Ubicacion,3703,CONECTA_CON,Ubicacion,3274,3.74,6.78
Ubicacion,3704,CONECTA_CON,Ubicacion,1537,3.85,5.48
Ubicacion,3704,CONECTA_CON,Ubicacion,2385,9.14,21.99
Ubicacion,3704,CONECTA_CON,Ubicacion,678,1.98,3.53
Ubicacion,3705,CONECTA_CON,Ubicacion,3659,3.8,4.25
Ubicacion,3705,CONECTA_CON,Ubicacion,470,5.75,15.57
Ubicacion,3705,CONECTA_CON,Ubicacion,330,4.62,5.94
Ubicacion,3706,CONECTA_CON,Ubicacion,4601,7.3,8.18
Ubicacion,3706,CONECTA_CON,Ubicacion,2033,5.86,8.78
Ubicacion,3706,CONECTA_CON,Ubicacion,1999,3.6,4.77
Ubicacion,3707,CONECTA_CON,Ubicacion,326,3.93,5.14
Ubicacion,3707,CONECTA_CON,Ubicacion,1395,9.75,17.13
Ubicacion,3707,CONECTA_CON,Ubicacion,1152,9.42,12.23
Ubicacion,3708,CONECTA_CON,Ubicacion,1866,5.58,12.98
Ubicacion,3708,CONECTA_CON,Ubicacion,4109,2.13,2.18
Ubicacion,3708,CONECTA_CON,Ubicacion,1004,5.76,10.68
Ubicacion,3709,CONECTA_CON,Ubicacion,3665,8.6,16.2
Ubicacion,3709,CONECTA_CON,Ubicacion,4422,7.74,10.26
Ubicacion,3709,CONECTA_CON,Ubicacion,4221,9.74,10.39
Ubicacion,3710,CONECTA_CON,Ubicacion,3089,5.25,5.87
Ubicacion,3710,CONECTA_CON,Ubicacion,4488,3.0,3.18
Ubicacion,3710,CONECTA_CON,Ubicacion,725,3.55,6.74
Ubicacion,3711,CONECTA_CON,Ubicacion,1484,6.97,11.4
Ubicacion,3711,CONECTA_CON,Ubicacion,185,6.8,13.12
Ubicacion,3711,CONECTA_CON,Ubicacion,2456,4.92,10.41
Ubicacion,3712,CONECTA_CON,Ubicacion,3293,7.64,19.84
Ubicacion,3712,CONECTA_CON,Ubicacion,2428,9.38,13.78
Ubicacion,3712,CONECTA_CON,Ubicacion,4480,8.39,24.71
Ubicacion,3713,CONECTA_CON,Ubicacion,62,9.62,12.66
Ubicacion,3713,CONECTA_CON,Ubicacion,4502,8.21,18.47
Ubicacion,3713,CONECTA_CON,Ubicacion,4994,4.05,8.09
Ubicacion,3714,CONECTA_CON,Ubicacion,1730,5.78,12.56
Ubicacion,3714,CONECTA_CON,Ubicacion,2884,8.26,10.84
Ubicacion,3714,CONECTA_CON,Ubicacion,4170,3.28,5.65
Ubicacion,3715,CONECTA_CON,Ubicacion,4644,0.76,0.81
Ubicacion,3715,CONECTA_CON,Ubicacion,3519,2.86,3.43
Ubicacion,3715,CONECTA_CON,Ubicacion,3615,1.14,1.46
Ubicacion,3716,CONECTA_CON,Ubicacion,1181,3.07,4.59
Ubicacion,3716,CONECTA_CON,Ubicacion,4227,5.75,10.95
Ubicacion,3716,CONECTA_CON,Ubicacion,2136,4.11,4.53
Ubicacion,3717,CONECTA_CON,Ubicacion,910,8.57,13.76
Ubicacion,3717,CONECTA_CON,Ubicacion,2993,3.61,8.35
Ubicacion,3717,CONECTA_CON,Ubicacion,1350,6.41,10.83
Ubicacion,3718,CONECTA_CON,Ubicacion,3427,8.1,17.96
Ubicacion,3718,CONECTA_CON,Ubicacion,4601,6.58,7.23
Ubicacion,3718,CONECTA_CON,Ubicacion,4290,7.06,16.81
Ubicacion,3719,CONECTA_CON,Ubicacion,2189,4.55,4.56
Ubicacion,3719,CONECTA_CON,Ubicacion,704,3.8,4.81
Ubicacion,3719,CONECTA_CON,Ubicacion,1397,1.48,2.38
Ubicacion,3720,CONECTA_CON,Ubicacion,1724,2.74,4.26
Ubicacion,3720,CONECTA_CON,Ubicacion,2676,8.42,11.91
Ubicacion,3720,CONECTA_CON,Ubicacion,4492,9.18,9.86
Ubicacion,3721,CONECTA_CON,Ubicacion,3303,2.21,3.07
Ubicacion,3721,CONECTA_CON,Ubicacion,929,5.87,14.09
Ubicacion,3721,CONECTA_CON,Ubicacion,4969,5.24,5.27
Ubicacion,3722,CONECTA_CON,Ubicacion,1078,4.44,5.61
Ubicacion,3722,CONECTA_CON,Ubicacion,2800,8.74,15.7
Ubicacion,3722,CONECTA_CON,Ubicacion,2822,7.87,10.53
Ubicacion,3723,CONECTA_CON,Ubicacion,4891,6.66,19.64
Ubicacion,3723,CONECTA_CON,Ubicacion,708,8.75,23.12
Ubicacion,3723,CONECTA_CON,Ubicacion,1017,5.2,11.28
Ubicacion,3724,CONECTA_CON,Ubicacion,4676,8.16,17.27
Ubicacion,3724,CONECTA_CON,Ubicacion,2121,3.7,10.01
Ubicacion,3724,CONECTA_CON,Ubicacion,1047,1.0,2.09
Ubicacion,3725,CONECTA_CON,Ubicacion,490,5.83,15.99
Ubicacion,3725,CONECTA_CON,Ubicacion,3836,8.99,11.96
Ubicacion,3725,CONECTA_CON,Ubicacion,1991,7.19,11.62
Ubicacion,3726,CONECTA_CON,Ubicacion,2645,7.95,9.49
Ubicacion,3726,CONECTA_CON,Ubicacion,3112,5.99,6.92
Ubicacion,3726,CONECTA_CON,Ubicacion,973,7.06,7.98
Ubicacion,3727,CONECTA_CON,Ubicacion,4937,7.7,14.67
Ubicacion,3727,CONECTA_CON,Ubicacion,2034,1.74,3.4
Ubicacion,3727,CONECTA_CON,Ubicacion,3092,2.27,2.81
Ubicacion,3728,CONECTA_CON,Ubicacion,3371,5.98,6.89
Ubicacion,3728,CONECTA_CON,Ubicacion,3275,9.07,12.58
Ubicacion,3728,CONECTA_CON,Ubicacion,4532,8.31,8.75
Ubicacion,3729,CONECTA_CON,Ubicacion,4319,7.62,9.94
Ubicacion,3729,CONECTA_CON,Ubicacion,963,7.58,15.16
Ubicacion,3729,CONECTA_CON,Ubicacion,3162,7.51,14.65
Ubicacion,3730,CONECTA_CON,Ubicacion,2123,2.25,5.26
Ubicacion,3730,CONECTA_CON,Ubicacion,4905,1.04,1.19
Ubicacion,3730,CONECTA_CON,Ubicacion,761,4.61,5.25
Ubicacion,3731,CONECTA_CON,Ubicacion,2883,6.92,14.82
Ubicacion,3731,CONECTA_CON,Ubicacion,1844,6.62,13.0
Ubicacion,3731,CONECTA_CON,Ubicacion,2073,2.41,3.49
Ubicacion,3732,CONECTA_CON,Ubicacion,2702,6.65,9.13
Ubicacion,3732,CONECTA_CON,Ubicacion,3770,7.41,13.89
Ubicacion,3732,CONECTA_CON,Ubicacion,3450,6.23,11.65
Ubicacion,3733,CONECTA_CON,Ubicacion,4853,6.88,17.56
Ubicacion,3733,CONECTA_CON,Ubicacion,1353,3.64,4.11
Ubicacion,3733,CONECTA_CON,Ubicacion,994,4.5,9.57
Ubicacion,3734,CONECTA_CON,Ubicacion,3454,7.47,8.97
Ubicacion,3734,CONECTA_CON,Ubicacion,664,5.83,9.43
Ubicacion,3734,CONECTA_CON,Ubicacion,2602,3.45,8.93
Ubicacion,3735,CONECTA_CON,Ubicacion,2625,1.23,1.87
Ubicacion,3735,CONECTA_CON,Ubicacion,1731,6.95,17.76
Ubicacion,3735,CONECTA_CON,Ubicacion,4804,9.07,25.72
Ubicacion,3736,CONECTA_CON,Ubicacion,974,6.52,6.78
Ubicacion,3736,CONECTA_CON,Ubicacion,1618,4.36,6.79
Ubicacion,3736,CONECTA_CON,Ubicacion,2151,1.3,1.96
Ubicacion,3737,CONECTA_CON,Ubicacion,3764,3.51,3.99
Ubicacion,3737,CONECTA_CON,Ubicacion,3186,9.69,9.72
Ubicacion,3737,CONECTA_CON,Ubicacion,4258,9.31,13.17
Ubicacion,3738,CONECTA_CON,Ubicacion,12,6.17,7.51
Ubicacion,3738,CONECTA_CON,Ubicacion,3679,9.13,22.23
Ubicacion,3738,CONECTA_CON,Ubicacion,2107,1.74,2.71
Ubicacion,3739,CONECTA_CON,Ubicacion,3444,6.08,15.84
Ubicacion,3739,CONECTA_CON,Ubicacion,4887,2.6,3.22
Ubicacion,3739,CONECTA_CON,Ubicacion,2035,1.67,3.16
Ubicacion,3740,CONECTA_CON,Ubicacion,4657,8.77,22.53
Ubicacion,3740,CONECTA_CON,Ubicacion,3491,9.25,10.96
Ubicacion,3740,CONECTA_CON,Ubicacion,856,2.58,4.73
Ubicacion,3741,CONECTA_CON,Ubicacion,1882,9.61,19.7
Ubicacion,3741,CONECTA_CON,Ubicacion,1023,8.11,22.51
Ubicacion,3741,CONECTA_CON,Ubicacion,1970,9.58,24.99
Ubicacion,3742,CONECTA_CON,Ubicacion,4117,6.98,14.66
Ubicacion,3742,CONECTA_CON,Ubicacion,3901,4.1,4.65
Ubicacion,3742,CONECTA_CON,Ubicacion,1633,6.37,6.86
Ubicacion,3743,CONECTA_CON,Ubicacion,3927,4.33,6.1
Ubicacion,3743,CONECTA_CON,Ubicacion,4836,1.63,2.9
Ubicacion,3743,CONECTA_CON,Ubicacion,2616,5.92,7.51
Ubicacion,3744,CONECTA_CON,Ubicacion,4402,6.94,10.54
Ubicacion,3744,CONECTA_CON,Ubicacion,1455,8.68,14.21
Ubicacion,3744,CONECTA_CON,Ubicacion,1545,0.89,1.49
Ubicacion,3745,CONECTA_CON,Ubicacion,1719,0.63,0.74
Ubicacion,3745,CONECTA_CON,Ubicacion,4562,4.71,5.5
Ubicacion,3745,CONECTA_CON,Ubicacion,3897,0.56,1.27
Ubicacion,3746,CONECTA_CON,Ubicacion,1601,8.94,24.24
Ubicacion,3746,CONECTA_CON,Ubicacion,2846,3.55,4.44
Ubicacion,3746,CONECTA_CON,Ubicacion,3258,2.24,3.72
Ubicacion,3747,CONECTA_CON,Ubicacion,2190,3.69,4.51
Ubicacion,3747,CONECTA_CON,Ubicacion,4433,7.26,9.64
Ubicacion,3747,CONECTA_CON,Ubicacion,3371,3.31,9.57
Ubicacion,3748,CONECTA_CON,Ubicacion,4550,1.05,2.76
Ubicacion,3748,CONECTA_CON,Ubicacion,3768,9.59,15.31
Ubicacion,3748,CONECTA_CON,Ubicacion,2457,6.23,14.41
Ubicacion,3749,CONECTA_CON,Ubicacion,3086,6.28,8.09
Ubicacion,3749,CONECTA_CON,Ubicacion,4882,5.71,7.91
Ubicacion,3749,CONECTA_CON,Ubicacion,155,1.37,2.31
Ubicacion,3750,CONECTA_CON,Ubicacion,4946,0.73,1.12
Ubicacion,3750,CONECTA_CON,Ubicacion,1021,2.58,5.48
Ubicacion,3750,CONECTA_CON,Ubicacion,3678,9.11,13.51
Ubicacion,3751,CONECTA_CON,Ubicacion,3031,9.23,11.48
Ubicacion,3751,CONECTA_CON,Ubicacion,3055,5.12,10.63
Ubicacion,3751,CONECTA_CON,Ubicacion,1084,5.76,8.25
Ubicacion,3752,CONECTA_CON,Ubicacion,205,4.07,6.56
Ubicacion,3752,CONECTA_CON,Ubicacion,3268,9.79,10.47
Ubicacion,3752,CONECTA_CON,Ubicacion,2192,6.75,14.14
Ubicacion,3753,CONECTA_CON,Ubicacion,215,7.03,9.04
Ubicacion,3753,CONECTA_CON,Ubicacion,2567,6.26,7.22
Ubicacion,3753,CONECTA_CON,Ubicacion,2344,4.08,4.3
Ubicacion,3754,CONECTA_CON,Ubicacion,3321,0.88,1.8
Ubicacion,3754,CONECTA_CON,Ubicacion,4362,3.77,4.14
Ubicacion,3754,CONECTA_CON,Ubicacion,3709,2.94,7.07
Ubicacion,3755,CONECTA_CON,Ubicacion,4623,9.07,10.71
Ubicacion,3755,CONECTA_CON,Ubicacion,1340,1.01,1.15
Ubicacion,3755,CONECTA_CON,Ubicacion,1291,7.89,15.81
Ubicacion,3756,CONECTA_CON,Ubicacion,2349,3.31,3.47
Ubicacion,3756,CONECTA_CON,Ubicacion,2113,6.38,8.2
Ubicacion,3756,CONECTA_CON,Ubicacion,1277,6.33,7.51
Ubicacion,3757,CONECTA_CON,Ubicacion,3114,4.88,5.77
Ubicacion,3757,CONECTA_CON,Ubicacion,3235,9.38,11.04
Ubicacion,3757,CONECTA_CON,Ubicacion,4054,4.93,10.41
Ubicacion,3758,CONECTA_CON,Ubicacion,1270,7.97,10.28
Ubicacion,3758,CONECTA_CON,Ubicacion,4852,1.1,2.48
Ubicacion,3758,CONECTA_CON,Ubicacion,102,9.44,19.42
Ubicacion,3759,CONECTA_CON,Ubicacion,2168,1.33,1.91
Ubicacion,3759,CONECTA_CON,Ubicacion,4167,9.58,9.96
Ubicacion,3759,CONECTA_CON,Ubicacion,456,2.82,8.36
Ubicacion,3760,CONECTA_CON,Ubicacion,677,4.51,6.25
Ubicacion,3760,CONECTA_CON,Ubicacion,1723,3.95,6.04
Ubicacion,3760,CONECTA_CON,Ubicacion,2789,3.98,4.06
Ubicacion,3761,CONECTA_CON,Ubicacion,3847,1.45,2.46
Ubicacion,3761,CONECTA_CON,Ubicacion,2905,2.14,4.38
Ubicacion,3761,CONECTA_CON,Ubicacion,1640,9.09,15.71
Ubicacion,3762,CONECTA_CON,Ubicacion,183,2.31,4.79
Ubicacion,3762,CONECTA_CON,Ubicacion,2523,1.16,2.59
Ubicacion,3762,CONECTA_CON,Ubicacion,2284,9.24,11.14
Ubicacion,3763,CONECTA_CON,Ubicacion,795,6.98,7.51
Ubicacion,3763,CONECTA_CON,Ubicacion,1877,7.1,17.88
Ubicacion,3763,CONECTA_CON,Ubicacion,2739,6.28,8.29
Ubicacion,3764,CONECTA_CON,Ubicacion,2844,4.99,5.24
Ubicacion,3764,CONECTA_CON,Ubicacion,4742,3.83,5.38
Ubicacion,3764,CONECTA_CON,Ubicacion,116,4.96,5.38
Ubicacion,3765,CONECTA_CON,Ubicacion,4284,2.73,7.78
Ubicacion,3765,CONECTA_CON,Ubicacion,1286,7.86,8.98
Ubicacion,3765,CONECTA_CON,Ubicacion,206,2.03,2.59
Ubicacion,3766,CONECTA_CON,Ubicacion,495,2.82,3.19
Ubicacion,3766,CONECTA_CON,Ubicacion,2505,8.65,19.06
Ubicacion,3766,CONECTA_CON,Ubicacion,2699,3.67,9.56
Ubicacion,3767,CONECTA_CON,Ubicacion,2840,2.92,2.95
Ubicacion,3767,CONECTA_CON,Ubicacion,1157,5.22,11.48
Ubicacion,3767,CONECTA_CON,Ubicacion,1798,2.97,8.37
Ubicacion,3768,CONECTA_CON,Ubicacion,2719,5.17,5.73
Ubicacion,3768,CONECTA_CON,Ubicacion,3581,5.14,11.2
Ubicacion,3768,CONECTA_CON,Ubicacion,4248,4.65,6.14
Ubicacion,3769,CONECTA_CON,Ubicacion,1352,1.2,1.47
Ubicacion,3769,CONECTA_CON,Ubicacion,3682,2.4,6.84
Ubicacion,3769,CONECTA_CON,Ubicacion,1274,1.54,1.78
Ubicacion,3770,CONECTA_CON,Ubicacion,4494,8.53,13.99
Ubicacion,3770,CONECTA_CON,Ubicacion,2669,3.18,3.75
Ubicacion,3770,CONECTA_CON,Ubicacion,2228,8.47,12.35
Ubicacion,3771,CONECTA_CON,Ubicacion,4508,2.54,3.65
Ubicacion,3771,CONECTA_CON,Ubicacion,1600,9.43,9.83
Ubicacion,3771,CONECTA_CON,Ubicacion,2587,1.38,3.05
Ubicacion,3772,CONECTA_CON,Ubicacion,3968,4.74,5.42
Ubicacion,3772,CONECTA_CON,Ubicacion,265,3.67,5.65
Ubicacion,3772,CONECTA_CON,Ubicacion,3695,2.07,3.87
Ubicacion,3773,CONECTA_CON,Ubicacion,4925,7.05,15.8
Ubicacion,3773,CONECTA_CON,Ubicacion,1963,7.83,21.85
Ubicacion,3773,CONECTA_CON,Ubicacion,4397,7.86,8.99
Ubicacion,3774,CONECTA_CON,Ubicacion,2017,7.05,9.38
Ubicacion,3774,CONECTA_CON,Ubicacion,81,3.97,9.74
Ubicacion,3774,CONECTA_CON,Ubicacion,2547,4.8,5.38
Ubicacion,3775,CONECTA_CON,Ubicacion,1794,4.25,11.11
Ubicacion,3775,CONECTA_CON,Ubicacion,1774,9.04,18.82
Ubicacion,3775,CONECTA_CON,Ubicacion,1029,9.93,22.21
Ubicacion,3776,CONECTA_CON,Ubicacion,282,4.29,8.12
Ubicacion,3776,CONECTA_CON,Ubicacion,254,7.62,14.57
Ubicacion,3776,CONECTA_CON,Ubicacion,459,9.23,26.25
Ubicacion,3777,CONECTA_CON,Ubicacion,3968,7.89,11.79
Ubicacion,3777,CONECTA_CON,Ubicacion,4052,5.99,7.21
Ubicacion,3777,CONECTA_CON,Ubicacion,3047,3.63,4.23
Ubicacion,3778,CONECTA_CON,Ubicacion,4843,0.68,0.99
Ubicacion,3778,CONECTA_CON,Ubicacion,72,8.41,18.57
Ubicacion,3778,CONECTA_CON,Ubicacion,3144,2.97,6.6
Ubicacion,3779,CONECTA_CON,Ubicacion,2926,2.37,5.22
Ubicacion,3779,CONECTA_CON,Ubicacion,4110,8.07,12.33
Ubicacion,3779,CONECTA_CON,Ubicacion,4412,1.61,2.96
Ubicacion,3780,CONECTA_CON,Ubicacion,1897,8.08,14.0
Ubicacion,3780,CONECTA_CON,Ubicacion,1756,4.43,7.77
Ubicacion,3780,CONECTA_CON,Ubicacion,3279,3.66,6.51
Ubicacion,3781,CONECTA_CON,Ubicacion,1709,2.54,4.02
Ubicacion,3781,CONECTA_CON,Ubicacion,1170,5.81,13.13
Ubicacion,3781,CONECTA_CON,Ubicacion,4707,2.92,3.98
Ubicacion,3782,CONECTA_CON,Ubicacion,2819,4.33,11.82
Ubicacion,3782,CONECTA_CON,Ubicacion,1774,1.44,2.46
Ubicacion,3782,CONECTA_CON,Ubicacion,772,7.95,14.58
Ubicacion,3783,CONECTA_CON,Ubicacion,2304,8.33,9.94
Ubicacion,3783,CONECTA_CON,Ubicacion,1602,2.36,5.14
Ubicacion,3783,CONECTA_CON,Ubicacion,125,3.04,3.05
Ubicacion,3784,CONECTA_CON,Ubicacion,2530,9.1,25.37
Ubicacion,3784,CONECTA_CON,Ubicacion,2658,5.28,5.61
Ubicacion,3784,CONECTA_CON,Ubicacion,4339,3.57,3.97
Ubicacion,3785,CONECTA_CON,Ubicacion,846,8.08,9.46
Ubicacion,3785,CONECTA_CON,Ubicacion,3251,8.02,10.02
Ubicacion,3785,CONECTA_CON,Ubicacion,3989,7.04,9.96
Ubicacion,3786,CONECTA_CON,Ubicacion,1330,0.61,0.8
Ubicacion,3786,CONECTA_CON,Ubicacion,1797,1.16,3.45
Ubicacion,3786,CONECTA_CON,Ubicacion,3765,8.61,15.8
Ubicacion,3787,CONECTA_CON,Ubicacion,3096,7.89,11.35
Ubicacion,3787,CONECTA_CON,Ubicacion,2117,1.72,1.98
Ubicacion,3787,CONECTA_CON,Ubicacion,3754,8.46,23.33
Ubicacion,3788,CONECTA_CON,Ubicacion,4377,0.76,1.33
Ubicacion,3788,CONECTA_CON,Ubicacion,434,2.45,5.51
Ubicacion,3788,CONECTA_CON,Ubicacion,2382,4.8,8.9
Ubicacion,3789,CONECTA_CON,Ubicacion,2067,4.66,11.98
Ubicacion,3789,CONECTA_CON,Ubicacion,3890,3.87,6.96
Ubicacion,3789,CONECTA_CON,Ubicacion,2703,5.03,12.34
Ubicacion,3790,CONECTA_CON,Ubicacion,281,2.05,2.96
Ubicacion,3790,CONECTA_CON,Ubicacion,4678,0.73,1.04
Ubicacion,3790,CONECTA_CON,Ubicacion,295,0.69,1.12
Ubicacion,3791,CONECTA_CON,Ubicacion,1972,2.99,6.83
Ubicacion,3791,CONECTA_CON,Ubicacion,4250,5.77,6.36
Ubicacion,3791,CONECTA_CON,Ubicacion,3122,8.61,20.31
Ubicacion,3792,CONECTA_CON,Ubicacion,4187,6.0,9.46
Ubicacion,3792,CONECTA_CON,Ubicacion,2672,3.11,3.33
Ubicacion,3792,CONECTA_CON,Ubicacion,1078,9.39,20.69
Ubicacion,3793,CONECTA_CON,Ubicacion,104,8.12,16.79
Ubicacion,3793,CONECTA_CON,Ubicacion,149,9.07,13.46
Ubicacion,3793,CONECTA_CON,Ubicacion,331,9.84,16.54
Ubicacion,3794,CONECTA_CON,Ubicacion,2621,3.61,5.15
Ubicacion,3794,CONECTA_CON,Ubicacion,3275,3.32,4.45
Ubicacion,3794,CONECTA_CON,Ubicacion,4487,5.69,5.77
Ubicacion,3795,CONECTA_CON,Ubicacion,2037,6.39,12.87
Ubicacion,3795,CONECTA_CON,Ubicacion,2100,9.88,11.26
Ubicacion,3795,CONECTA_CON,Ubicacion,2451,3.33,3.44
Ubicacion,3796,CONECTA_CON,Ubicacion,2887,9.48,23.03
Ubicacion,3796,CONECTA_CON,Ubicacion,2,1.31,3.31
Ubicacion,3796,CONECTA_CON,Ubicacion,335,3.0,3.01
Ubicacion,3797,CONECTA_CON,Ubicacion,2326,8.98,17.96
Ubicacion,3797,CONECTA_CON,Ubicacion,3027,6.79,18.66
Ubicacion,3797,CONECTA_CON,Ubicacion,2201,5.61,6.76
Ubicacion,3798,CONECTA_CON,Ubicacion,3830,8.62,24.43
Ubicacion,3798,CONECTA_CON,Ubicacion,4955,5.85,7.88
Ubicacion,3798,CONECTA_CON,Ubicacion,792,5.75,6.21
Ubicacion,3799,CONECTA_CON,Ubicacion,1514,8.18,10.15
Ubicacion,3799,CONECTA_CON,Ubicacion,1903,6.85,7.6
Ubicacion,3799,CONECTA_CON,Ubicacion,3149,1.36,1.63
Ubicacion,3800,CONECTA_CON,Ubicacion,3294,9.77,11.14
Ubicacion,3800,CONECTA_CON,Ubicacion,3245,8.6,20.97
Ubicacion,3800,CONECTA_CON,Ubicacion,1893,5.54,6.56
Ubicacion,3801,CONECTA_CON,Ubicacion,4971,1.22,3.29
Ubicacion,3801,CONECTA_CON,Ubicacion,2007,8.65,12.01
Ubicacion,3801,CONECTA_CON,Ubicacion,193,1.51,3.6
Ubicacion,3802,CONECTA_CON,Ubicacion,393,5.1,8.19
Ubicacion,3802,CONECTA_CON,Ubicacion,3344,9.53,15.62
Ubicacion,3802,CONECTA_CON,Ubicacion,3428,3.16,4.71
Ubicacion,3803,CONECTA_CON,Ubicacion,3971,0.68,0.73
Ubicacion,3803,CONECTA_CON,Ubicacion,494,7.31,12.48
Ubicacion,3803,CONECTA_CON,Ubicacion,136,8.72,9.67
Ubicacion,3804,CONECTA_CON,Ubicacion,4582,2.19,2.54
Ubicacion,3804,CONECTA_CON,Ubicacion,3670,7.22,8.2
Ubicacion,3804,CONECTA_CON,Ubicacion,1495,8.39,13.58
Ubicacion,3805,CONECTA_CON,Ubicacion,2450,5.23,12.85
Ubicacion,3805,CONECTA_CON,Ubicacion,4814,4.89,6.61
Ubicacion,3805,CONECTA_CON,Ubicacion,3994,6.82,7.65
Ubicacion,3806,CONECTA_CON,Ubicacion,406,5.16,6.04
Ubicacion,3806,CONECTA_CON,Ubicacion,4099,0.66,0.78
Ubicacion,3806,CONECTA_CON,Ubicacion,1812,3.32,6.74
Ubicacion,3807,CONECTA_CON,Ubicacion,442,1.39,1.76
Ubicacion,3807,CONECTA_CON,Ubicacion,2342,2.35,3.99
Ubicacion,3807,CONECTA_CON,Ubicacion,2220,7.71,14.21
Ubicacion,3808,CONECTA_CON,Ubicacion,3132,2.38,2.76
Ubicacion,3808,CONECTA_CON,Ubicacion,2555,5.06,8.69
Ubicacion,3808,CONECTA_CON,Ubicacion,429,0.5,1.4
Ubicacion,3809,CONECTA_CON,Ubicacion,4140,7.34,10.19
Ubicacion,3809,CONECTA_CON,Ubicacion,3283,1.93,2.97
Ubicacion,3809,CONECTA_CON,Ubicacion,925,5.52,6.42
Ubicacion,3810,CONECTA_CON,Ubicacion,2503,6.77,13.52
Ubicacion,3810,CONECTA_CON,Ubicacion,146,6.24,10.83
Ubicacion,3810,CONECTA_CON,Ubicacion,4331,9.9,9.95
Ubicacion,3811,CONECTA_CON,Ubicacion,1513,5.93,17.19
Ubicacion,3811,CONECTA_CON,Ubicacion,1028,6.39,13.49
Ubicacion,3811,CONECTA_CON,Ubicacion,4406,1.54,1.95
Ubicacion,3812,CONECTA_CON,Ubicacion,3565,7.16,10.28
Ubicacion,3812,CONECTA_CON,Ubicacion,958,1.37,2.96
Ubicacion,3812,CONECTA_CON,Ubicacion,403,0.72,0.93
Ubicacion,3813,CONECTA_CON,Ubicacion,4049,3.1,5.75
Ubicacion,3813,CONECTA_CON,Ubicacion,666,2.52,2.68
Ubicacion,3813,CONECTA_CON,Ubicacion,2009,0.68,1.54
Ubicacion,3814,CONECTA_CON,Ubicacion,3309,1.98,3.2
Ubicacion,3814,CONECTA_CON,Ubicacion,623,2.56,5.07
Ubicacion,3814,CONECTA_CON,Ubicacion,52,0.93,1.27
Ubicacion,3815,CONECTA_CON,Ubicacion,2275,8.12,10.62
Ubicacion,3815,CONECTA_CON,Ubicacion,1382,1.54,2.92
Ubicacion,3815,CONECTA_CON,Ubicacion,3866,6.71,9.42
Ubicacion,3816,CONECTA_CON,Ubicacion,2737,1.81,2.05
Ubicacion,3816,CONECTA_CON,Ubicacion,230,4.11,10.23
Ubicacion,3816,CONECTA_CON,Ubicacion,4368,6.25,6.47
Ubicacion,3817,CONECTA_CON,Ubicacion,3821,1.65,2.13
Ubicacion,3817,CONECTA_CON,Ubicacion,1927,1.78,1.87
Ubicacion,3817,CONECTA_CON,Ubicacion,2928,4.06,9.97
Ubicacion,3818,CONECTA_CON,Ubicacion,364,2.32,3.29
Ubicacion,3818,CONECTA_CON,Ubicacion,684,7.59,8.46
Ubicacion,3818,CONECTA_CON,Ubicacion,1822,9.52,20.95
Ubicacion,3819,CONECTA_CON,Ubicacion,4380,3.5,4.35
Ubicacion,3819,CONECTA_CON,Ubicacion,2545,4.78,5.65
Ubicacion,3819,CONECTA_CON,Ubicacion,2707,5.08,8.6
Ubicacion,3820,CONECTA_CON,Ubicacion,173,2.89,2.97
Ubicacion,3820,CONECTA_CON,Ubicacion,2246,7.72,13.85
Ubicacion,3820,CONECTA_CON,Ubicacion,272,4.73,5.01
Ubicacion,3821,CONECTA_CON,Ubicacion,1086,9.78,10.06
Ubicacion,3821,CONECTA_CON,Ubicacion,1224,7.03,10.3
Ubicacion,3821,CONECTA_CON,Ubicacion,2260,4.7,6.16
Ubicacion,3822,CONECTA_CON,Ubicacion,3749,8.83,15.85
Ubicacion,3822,CONECTA_CON,Ubicacion,188,7.42,8.13
Ubicacion,3822,CONECTA_CON,Ubicacion,2638,1.68,2.56
Ubicacion,3823,CONECTA_CON,Ubicacion,142,3.52,4.72
Ubicacion,3823,CONECTA_CON,Ubicacion,2696,3.8,3.99
Ubicacion,3823,CONECTA_CON,Ubicacion,3076,8.59,10.13
Ubicacion,3824,CONECTA_CON,Ubicacion,2527,2.01,4.53
Ubicacion,3824,CONECTA_CON,Ubicacion,1011,5.49,10.15
Ubicacion,3824,CONECTA_CON,Ubicacion,1059,2.25,2.54
Ubicacion,3825,CONECTA_CON,Ubicacion,926,5.88,5.91
Ubicacion,3825,CONECTA_CON,Ubicacion,550,4.23,4.48
Ubicacion,3825,CONECTA_CON,Ubicacion,902,3.52,4.33
Ubicacion,3826,CONECTA_CON,Ubicacion,3525,7.83,13.42
Ubicacion,3826,CONECTA_CON,Ubicacion,4517,6.48,9.39
Ubicacion,3826,CONECTA_CON,Ubicacion,1812,1.3,2.12
Ubicacion,3827,CONECTA_CON,Ubicacion,2308,8.55,10.78
Ubicacion,3827,CONECTA_CON,Ubicacion,966,3.21,6.93
Ubicacion,3827,CONECTA_CON,Ubicacion,2532,4.75,7.64
Ubicacion,3828,CONECTA_CON,Ubicacion,2202,2.67,4.36
Ubicacion,3828,CONECTA_CON,Ubicacion,3636,5.95,6.9
Ubicacion,3828,CONECTA_CON,Ubicacion,1843,1.06,1.68
Ubicacion,3829,CONECTA_CON,Ubicacion,691,3.69,4.2
Ubicacion,3829,CONECTA_CON,Ubicacion,1519,6.07,6.35
Ubicacion,3829,CONECTA_CON,Ubicacion,357,9.23,20.08
Ubicacion,3830,CONECTA_CON,Ubicacion,4150,2.45,3.02
Ubicacion,3830,CONECTA_CON,Ubicacion,4614,3.22,6.33
Ubicacion,3830,CONECTA_CON,Ubicacion,2388,6.77,12.49
Ubicacion,3831,CONECTA_CON,Ubicacion,2810,7.93,17.34
Ubicacion,3831,CONECTA_CON,Ubicacion,908,5.06,8.46
Ubicacion,3831,CONECTA_CON,Ubicacion,194,2.51,3.45
Ubicacion,3832,CONECTA_CON,Ubicacion,4283,0.68,0.86
Ubicacion,3832,CONECTA_CON,Ubicacion,1950,4.41,5.72
Ubicacion,3832,CONECTA_CON,Ubicacion,961,4.75,7.92
Ubicacion,3833,CONECTA_CON,Ubicacion,3379,7.77,7.98
Ubicacion,3833,CONECTA_CON,Ubicacion,1925,8.67,17.53
Ubicacion,3833,CONECTA_CON,Ubicacion,4064,4.33,7.15
Ubicacion,3834,CONECTA_CON,Ubicacion,4630,5.41,6.96
Ubicacion,3834,CONECTA_CON,Ubicacion,1942,9.45,10.14
Ubicacion,3834,CONECTA_CON,Ubicacion,3115,1.19,2.59
Ubicacion,3835,CONECTA_CON,Ubicacion,770,7.64,10.31
Ubicacion,3835,CONECTA_CON,Ubicacion,487,9.09,23.0
Ubicacion,3835,CONECTA_CON,Ubicacion,1934,4.33,4.83
Ubicacion,3836,CONECTA_CON,Ubicacion,4405,5.61,5.99
Ubicacion,3836,CONECTA_CON,Ubicacion,1789,3.86,5.28
Ubicacion,3836,CONECTA_CON,Ubicacion,4763,3.47,6.78
Ubicacion,3837,CONECTA_CON,Ubicacion,3939,4.59,6.37
Ubicacion,3837,CONECTA_CON,Ubicacion,3773,4.62,11.99
Ubicacion,3837,CONECTA_CON,Ubicacion,3201,3.82,4.17
Ubicacion,3838,CONECTA_CON,Ubicacion,4097,2.85,4.79
Ubicacion,3838,CONECTA_CON,Ubicacion,2835,6.66,8.06
Ubicacion,3838,CONECTA_CON,Ubicacion,3819,4.93,6.2
Ubicacion,3839,CONECTA_CON,Ubicacion,1926,7.99,8.7
Ubicacion,3839,CONECTA_CON,Ubicacion,4561,0.98,1.08
Ubicacion,3839,CONECTA_CON,Ubicacion,2064,4.84,6.8
Ubicacion,3840,CONECTA_CON,Ubicacion,425,7.72,15.52
Ubicacion,3840,CONECTA_CON,Ubicacion,4987,0.97,2.24
Ubicacion,3840,CONECTA_CON,Ubicacion,4765,5.98,6.94
Ubicacion,3841,CONECTA_CON,Ubicacion,2254,6.43,11.1
Ubicacion,3841,CONECTA_CON,Ubicacion,2862,3.06,5.12
Ubicacion,3841,CONECTA_CON,Ubicacion,4239,8.15,23.37
Ubicacion,3842,CONECTA_CON,Ubicacion,1290,0.77,0.88
Ubicacion,3842,CONECTA_CON,Ubicacion,80,1.63,2.51
Ubicacion,3842,CONECTA_CON,Ubicacion,3364,1.78,2.0
Ubicacion,3843,CONECTA_CON,Ubicacion,2077,4.53,7.03
Ubicacion,3843,CONECTA_CON,Ubicacion,2551,8.45,10.32
Ubicacion,3843,CONECTA_CON,Ubicacion,24,2.3,2.87
Ubicacion,3844,CONECTA_CON,Ubicacion,1444,2.24,3.54
Ubicacion,3844,CONECTA_CON,Ubicacion,2284,1.01,2.08
Ubicacion,3844,CONECTA_CON,Ubicacion,719,0.57,0.58
Ubicacion,3845,CONECTA_CON,Ubicacion,4211,8.92,10.57
Ubicacion,3845,CONECTA_CON,Ubicacion,2075,1.66,2.23
Ubicacion,3845,CONECTA_CON,Ubicacion,3496,3.55,4.69
Ubicacion,3846,CONECTA_CON,Ubicacion,2123,9.54,14.98
Ubicacion,3846,CONECTA_CON,Ubicacion,4124,2.03,2.39
Ubicacion,3846,CONECTA_CON,Ubicacion,2414,3.94,4.39
Ubicacion,3847,CONECTA_CON,Ubicacion,3855,0.67,1.71
Ubicacion,3847,CONECTA_CON,Ubicacion,334,1.2,1.53
Ubicacion,3847,CONECTA_CON,Ubicacion,4036,2.92,3.95
Ubicacion,3848,CONECTA_CON,Ubicacion,3062,5.27,6.66
Ubicacion,3848,CONECTA_CON,Ubicacion,1296,6.89,12.21
Ubicacion,3848,CONECTA_CON,Ubicacion,965,2.35,3.82
Ubicacion,3849,CONECTA_CON,Ubicacion,3704,4.23,12.52
Ubicacion,3849,CONECTA_CON,Ubicacion,2155,6.71,12.3
Ubicacion,3849,CONECTA_CON,Ubicacion,546,6.23,7.84
Ubicacion,3850,CONECTA_CON,Ubicacion,1927,2.25,2.96
Ubicacion,3850,CONECTA_CON,Ubicacion,4334,8.61,20.25
Ubicacion,3850,CONECTA_CON,Ubicacion,4168,5.22,12.58
Ubicacion,3851,CONECTA_CON,Ubicacion,1611,8.03,20.0
Ubicacion,3851,CONECTA_CON,Ubicacion,3407,4.31,5.12
Ubicacion,3851,CONECTA_CON,Ubicacion,374,5.07,10.21
Ubicacion,3852,CONECTA_CON,Ubicacion,2484,8.72,16.87
Ubicacion,3852,CONECTA_CON,Ubicacion,157,8.96,9.45
Ubicacion,3852,CONECTA_CON,Ubicacion,1590,1.26,1.56
Ubicacion,3853,CONECTA_CON,Ubicacion,4917,3.61,5.66
Ubicacion,3853,CONECTA_CON,Ubicacion,4923,2.68,3.67
Ubicacion,3853,CONECTA_CON,Ubicacion,3699,9.5,17.72
Ubicacion,3854,CONECTA_CON,Ubicacion,1754,2.72,2.74
Ubicacion,3854,CONECTA_CON,Ubicacion,4482,1.2,2.23
Ubicacion,3854,CONECTA_CON,Ubicacion,2545,8.91,9.21
Ubicacion,3855,CONECTA_CON,Ubicacion,2530,5.39,13.03
Ubicacion,3855,CONECTA_CON,Ubicacion,2026,7.8,18.85
Ubicacion,3855,CONECTA_CON,Ubicacion,637,8.43,12.94
Ubicacion,3856,CONECTA_CON,Ubicacion,1243,3.29,4.64
Ubicacion,3856,CONECTA_CON,Ubicacion,2905,1.53,3.17
Ubicacion,3856,CONECTA_CON,Ubicacion,2995,5.17,10.03
Ubicacion,3857,CONECTA_CON,Ubicacion,3563,6.88,16.72
Ubicacion,3857,CONECTA_CON,Ubicacion,2802,5.42,6.29
Ubicacion,3857,CONECTA_CON,Ubicacion,4161,9.84,10.27
Ubicacion,3858,CONECTA_CON,Ubicacion,498,8.85,10.8
Ubicacion,3858,CONECTA_CON,Ubicacion,3184,2.39,3.65
Ubicacion,3858,CONECTA_CON,Ubicacion,2533,9.55,15.25
Ubicacion,3859,CONECTA_CON,Ubicacion,4797,6.15,8.38
Ubicacion,3859,CONECTA_CON,Ubicacion,4038,8.3,21.44
Ubicacion,3859,CONECTA_CON,Ubicacion,4091,4.02,7.54
Ubicacion,3860,CONECTA_CON,Ubicacion,3426,7.69,15.61
Ubicacion,3860,CONECTA_CON,Ubicacion,3538,9.91,13.35
Ubicacion,3860,CONECTA_CON,Ubicacion,3981,6.51,6.64
Ubicacion,3861,CONECTA_CON,Ubicacion,1998,6.99,7.02
Ubicacion,3861,CONECTA_CON,Ubicacion,3115,8.12,8.67
Ubicacion,3861,CONECTA_CON,Ubicacion,3240,7.71,12.64
Ubicacion,3862,CONECTA_CON,Ubicacion,4783,8.2,10.19
Ubicacion,3862,CONECTA_CON,Ubicacion,1351,5.85,11.9
Ubicacion,3862,CONECTA_CON,Ubicacion,3361,6.11,13.46
Ubicacion,3863,CONECTA_CON,Ubicacion,3348,1.47,1.6
Ubicacion,3863,CONECTA_CON,Ubicacion,533,7.33,14.19
Ubicacion,3863,CONECTA_CON,Ubicacion,2167,4.74,6.79
Ubicacion,3864,CONECTA_CON,Ubicacion,1041,0.66,1.19
Ubicacion,3864,CONECTA_CON,Ubicacion,2296,2.35,5.01
Ubicacion,3864,CONECTA_CON,Ubicacion,2539,4.92,7.75
Ubicacion,3865,CONECTA_CON,Ubicacion,1512,1.36,1.85
Ubicacion,3865,CONECTA_CON,Ubicacion,1742,5.38,6.54
Ubicacion,3865,CONECTA_CON,Ubicacion,2957,1.07,1.52
Ubicacion,3866,CONECTA_CON,Ubicacion,1425,1.38,2.1
Ubicacion,3866,CONECTA_CON,Ubicacion,490,2.65,3.21
Ubicacion,3866,CONECTA_CON,Ubicacion,2772,3.45,5.9
Ubicacion,3867,CONECTA_CON,Ubicacion,1989,6.3,8.12
Ubicacion,3867,CONECTA_CON,Ubicacion,2112,8.96,10.68
Ubicacion,3867,CONECTA_CON,Ubicacion,200,7.51,10.99
Ubicacion,3868,CONECTA_CON,Ubicacion,4306,3.41,5.23
Ubicacion,3868,CONECTA_CON,Ubicacion,4754,5.17,5.34
Ubicacion,3869,CONECTA_CON,Ubicacion,674,6.63,11.78
Ubicacion,3869,CONECTA_CON,Ubicacion,844,6.92,7.13
Ubicacion,3869,CONECTA_CON,Ubicacion,4933,9.77,12.58
Ubicacion,3870,CONECTA_CON,Ubicacion,2611,4.32,5.0
Ubicacion,3870,CONECTA_CON,Ubicacion,3168,0.51,0.69
Ubicacion,3870,CONECTA_CON,Ubicacion,1765,4.0,6.27
Ubicacion,3871,CONECTA_CON,Ubicacion,3147,4.43,7.11
Ubicacion,3871,CONECTA_CON,Ubicacion,2160,10.0,14.91
Ubicacion,3871,CONECTA_CON,Ubicacion,4643,4.03,5.11
Ubicacion,3872,CONECTA_CON,Ubicacion,4267,6.76,9.95
Ubicacion,3872,CONECTA_CON,Ubicacion,2000,6.25,16.57
Ubicacion,3872,CONECTA_CON,Ubicacion,2691,0.62,0.63
Ubicacion,3873,CONECTA_CON,Ubicacion,3579,2.95,3.85
Ubicacion,3873,CONECTA_CON,Ubicacion,2327,8.21,22.66
Ubicacion,3873,CONECTA_CON,Ubicacion,4859,4.74,11.2
Ubicacion,3874,CONECTA_CON,Ubicacion,4504,9.75,13.91
Ubicacion,3874,CONECTA_CON,Ubicacion,2620,9.56,12.62
Ubicacion,3874,CONECTA_CON,Ubicacion,3307,6.18,11.67
Ubicacion,3875,CONECTA_CON,Ubicacion,4279,7.94,9.61
Ubicacion,3875,CONECTA_CON,Ubicacion,1510,5.08,10.85
Ubicacion,3875,CONECTA_CON,Ubicacion,4547,8.18,8.74
Ubicacion,3876,CONECTA_CON,Ubicacion,2387,3.94,6.1
Ubicacion,3876,CONECTA_CON,Ubicacion,3710,1.26,1.59
Ubicacion,3876,CONECTA_CON,Ubicacion,4020,5.89,10.23
Ubicacion,3877,CONECTA_CON,Ubicacion,4998,8.63,12.29
Ubicacion,3877,CONECTA_CON,Ubicacion,4938,7.65,8.06
Ubicacion,3877,CONECTA_CON,Ubicacion,776,7.9,11.18
Ubicacion,3878,CONECTA_CON,Ubicacion,3286,4.34,12.37
Ubicacion,3878,CONECTA_CON,Ubicacion,14,6.84,20.09
Ubicacion,3878,CONECTA_CON,Ubicacion,4226,6.63,8.26
Ubicacion,3879,CONECTA_CON,Ubicacion,4957,8.58,9.24
Ubicacion,3879,CONECTA_CON,Ubicacion,82,9.54,10.98
Ubicacion,3879,CONECTA_CON,Ubicacion,4492,2.47,3.89
Ubicacion,3880,CONECTA_CON,Ubicacion,1616,9.09,11.07
Ubicacion,3880,CONECTA_CON,Ubicacion,2925,8.6,15.96
Ubicacion,3880,CONECTA_CON,Ubicacion,3465,8.64,9.59
Ubicacion,3881,CONECTA_CON,Ubicacion,2231,2.13,3.4
Ubicacion,3881,CONECTA_CON,Ubicacion,2509,6.3,10.67
Ubicacion,3881,CONECTA_CON,Ubicacion,4164,10.0,14.85
Ubicacion,3882,CONECTA_CON,Ubicacion,4035,0.56,1.48
Ubicacion,3882,CONECTA_CON,Ubicacion,1406,6.01,6.26
Ubicacion,3882,CONECTA_CON,Ubicacion,3762,2.81,2.94
Ubicacion,3883,CONECTA_CON,Ubicacion,605,7.53,7.57
Ubicacion,3883,CONECTA_CON,Ubicacion,2563,9.01,11.55
Ubicacion,3883,CONECTA_CON,Ubicacion,4297,1.33,2.72
Ubicacion,3884,CONECTA_CON,Ubicacion,3961,5.87,6.08
Ubicacion,3884,CONECTA_CON,Ubicacion,4121,6.84,10.1
Ubicacion,3884,CONECTA_CON,Ubicacion,2056,5.98,9.79
Ubicacion,3885,CONECTA_CON,Ubicacion,4448,7.68,8.65
Ubicacion,3885,CONECTA_CON,Ubicacion,1717,8.9,9.78
Ubicacion,3885,CONECTA_CON,Ubicacion,1679,4.87,10.88
Ubicacion,3886,CONECTA_CON,Ubicacion,602,1.97,2.17
Ubicacion,3886,CONECTA_CON,Ubicacion,4905,1.51,3.18
Ubicacion,3886,CONECTA_CON,Ubicacion,4047,2.25,6.55
Ubicacion,3887,CONECTA_CON,Ubicacion,4126,0.95,1.59
Ubicacion,3887,CONECTA_CON,Ubicacion,287,3.63,4.52
Ubicacion,3887,CONECTA_CON,Ubicacion,4889,8.51,13.42
Ubicacion,3888,CONECTA_CON,Ubicacion,641,4.86,5.48
Ubicacion,3888,CONECTA_CON,Ubicacion,2485,2.48,4.52
Ubicacion,3888,CONECTA_CON,Ubicacion,1087,0.83,1.11
Ubicacion,3889,CONECTA_CON,Ubicacion,2712,1.99,4.11
Ubicacion,3889,CONECTA_CON,Ubicacion,3772,8.91,16.41
Ubicacion,3889,CONECTA_CON,Ubicacion,2360,9.34,24.19
Ubicacion,3890,CONECTA_CON,Ubicacion,3374,0.74,0.88
Ubicacion,3890,CONECTA_CON,Ubicacion,83,3.3,7.47
Ubicacion,3890,CONECTA_CON,Ubicacion,2459,2.15,2.42
Ubicacion,3891,CONECTA_CON,Ubicacion,842,2.98,3.51
Ubicacion,3891,CONECTA_CON,Ubicacion,1512,8.99,11.15
Ubicacion,3891,CONECTA_CON,Ubicacion,3129,5.79,7.0
Ubicacion,3892,CONECTA_CON,Ubicacion,324,3.1,8.09
Ubicacion,3892,CONECTA_CON,Ubicacion,2963,5.86,6.58
Ubicacion,3892,CONECTA_CON,Ubicacion,1140,3.37,10.07
Ubicacion,3893,CONECTA_CON,Ubicacion,3358,8.84,10.9
Ubicacion,3893,CONECTA_CON,Ubicacion,2349,8.97,13.2
Ubicacion,3893,CONECTA_CON,Ubicacion,1433,1.28,2.16
Ubicacion,3894,CONECTA_CON,Ubicacion,2303,2.62,3.25
Ubicacion,3894,CONECTA_CON,Ubicacion,4927,3.94,5.84
Ubicacion,3894,CONECTA_CON,Ubicacion,4459,9.56,10.57
Ubicacion,3895,CONECTA_CON,Ubicacion,4745,9.19,12.41
Ubicacion,3895,CONECTA_CON,Ubicacion,1153,7.96,17.58
Ubicacion,3895,CONECTA_CON,Ubicacion,4985,1.96,3.07
Ubicacion,3896,CONECTA_CON,Ubicacion,350,1.49,2.09
Ubicacion,3896,CONECTA_CON,Ubicacion,2187,8.94,22.27
Ubicacion,3896,CONECTA_CON,Ubicacion,1662,1.69,2.36
Ubicacion,3897,CONECTA_CON,Ubicacion,2229,8.3,9.97
Ubicacion,3897,CONECTA_CON,Ubicacion,2647,2.2,3.12
Ubicacion,3897,CONECTA_CON,Ubicacion,258,9.71,12.82
Ubicacion,3898,CONECTA_CON,Ubicacion,47,5.32,15.32
Ubicacion,3898,CONECTA_CON,Ubicacion,2422,0.86,2.23
Ubicacion,3898,CONECTA_CON,Ubicacion,3223,3.23,5.64
Ubicacion,3899,CONECTA_CON,Ubicacion,703,6.88,7.53
Ubicacion,3899,CONECTA_CON,Ubicacion,895,4.51,5.55
Ubicacion,3899,CONECTA_CON,Ubicacion,1499,1.06,2.16
Ubicacion,3900,CONECTA_CON,Ubicacion,3626,3.3,8.6
Ubicacion,3900,CONECTA_CON,Ubicacion,1819,4.76,7.48
Ubicacion,3900,CONECTA_CON,Ubicacion,1770,1.99,2.2
Ubicacion,3901,CONECTA_CON,Ubicacion,3797,5.11,6.83
Ubicacion,3901,CONECTA_CON,Ubicacion,3590,4.53,6.94
Ubicacion,3901,CONECTA_CON,Ubicacion,4297,9.24,24.36
Ubicacion,3902,CONECTA_CON,Ubicacion,3227,2.82,3.75
Ubicacion,3902,CONECTA_CON,Ubicacion,752,6.23,7.6
Ubicacion,3902,CONECTA_CON,Ubicacion,4431,1.87,4.6
Ubicacion,3903,CONECTA_CON,Ubicacion,4132,3.21,3.8
Ubicacion,3903,CONECTA_CON,Ubicacion,3457,2.5,2.78
Ubicacion,3903,CONECTA_CON,Ubicacion,967,2.23,6.41
Ubicacion,3904,CONECTA_CON,Ubicacion,142,5.29,14.97
Ubicacion,3904,CONECTA_CON,Ubicacion,4939,3.54,4.37
Ubicacion,3904,CONECTA_CON,Ubicacion,4002,2.76,5.74
Ubicacion,3905,CONECTA_CON,Ubicacion,4805,9.35,17.57
Ubicacion,3905,CONECTA_CON,Ubicacion,2001,5.5,6.13
Ubicacion,3905,CONECTA_CON,Ubicacion,2423,3.72,9.6
Ubicacion,3906,CONECTA_CON,Ubicacion,3204,1.8,2.44
Ubicacion,3906,CONECTA_CON,Ubicacion,1233,1.68,2.87
Ubicacion,3906,CONECTA_CON,Ubicacion,3488,9.1,15.54
Ubicacion,3907,CONECTA_CON,Ubicacion,4365,3.05,4.36
Ubicacion,3907,CONECTA_CON,Ubicacion,3056,8.37,9.58
Ubicacion,3907,CONECTA_CON,Ubicacion,2611,8.2,8.32
Ubicacion,3908,CONECTA_CON,Ubicacion,3756,6.03,9.39
Ubicacion,3908,CONECTA_CON,Ubicacion,2820,6.23,7.5
Ubicacion,3908,CONECTA_CON,Ubicacion,2945,2.03,2.98
Ubicacion,3909,CONECTA_CON,Ubicacion,4504,7.82,9.67
Ubicacion,3909,CONECTA_CON,Ubicacion,1106,5.99,9.38
Ubicacion,3909,CONECTA_CON,Ubicacion,1395,4.08,9.18
Ubicacion,3910,CONECTA_CON,Ubicacion,4756,7.65,15.54
Ubicacion,3910,CONECTA_CON,Ubicacion,2704,7.69,22.9
Ubicacion,3910,CONECTA_CON,Ubicacion,219,5.32,9.74
Ubicacion,3911,CONECTA_CON,Ubicacion,3347,5.33,7.8
Ubicacion,3911,CONECTA_CON,Ubicacion,263,0.51,0.83
Ubicacion,3911,CONECTA_CON,Ubicacion,1374,1.58,2.52
Ubicacion,3912,CONECTA_CON,Ubicacion,4935,7.21,10.03
Ubicacion,3912,CONECTA_CON,Ubicacion,395,4.22,5.6
Ubicacion,3912,CONECTA_CON,Ubicacion,3921,5.26,7.66
Ubicacion,3913,CONECTA_CON,Ubicacion,4665,9.09,17.72
Ubicacion,3913,CONECTA_CON,Ubicacion,762,5.73,7.01
Ubicacion,3913,CONECTA_CON,Ubicacion,964,3.96,4.31
Ubicacion,3914,CONECTA_CON,Ubicacion,260,7.86,11.76
Ubicacion,3914,CONECTA_CON,Ubicacion,3879,7.51,9.9
Ubicacion,3914,CONECTA_CON,Ubicacion,1661,7.87,12.94
Ubicacion,3915,CONECTA_CON,Ubicacion,552,1.67,2.17
Ubicacion,3915,CONECTA_CON,Ubicacion,1619,7.57,13.53
Ubicacion,3915,CONECTA_CON,Ubicacion,1282,9.6,14.84
Ubicacion,3916,CONECTA_CON,Ubicacion,1047,8.82,14.4
Ubicacion,3916,CONECTA_CON,Ubicacion,1672,1.0,2.96
Ubicacion,3916,CONECTA_CON,Ubicacion,1088,1.36,2.37
Ubicacion,3917,CONECTA_CON,Ubicacion,1226,7.98,10.12
Ubicacion,3917,CONECTA_CON,Ubicacion,865,2.41,5.67
Ubicacion,3917,CONECTA_CON,Ubicacion,1907,8.51,20.57
Ubicacion,3918,CONECTA_CON,Ubicacion,1967,3.13,3.64
Ubicacion,3918,CONECTA_CON,Ubicacion,2773,7.85,10.25
Ubicacion,3918,CONECTA_CON,Ubicacion,4147,5.9,8.6
Ubicacion,3919,CONECTA_CON,Ubicacion,1248,3.31,4.24
Ubicacion,3919,CONECTA_CON,Ubicacion,4320,0.51,0.95
Ubicacion,3919,CONECTA_CON,Ubicacion,3999,4.91,9.04
Ubicacion,3920,CONECTA_CON,Ubicacion,2093,8.92,17.75
Ubicacion,3920,CONECTA_CON,Ubicacion,2040,4.72,8.03
Ubicacion,3920,CONECTA_CON,Ubicacion,4933,0.8,0.8
Ubicacion,3921,CONECTA_CON,Ubicacion,1893,3.97,4.0
Ubicacion,3921,CONECTA_CON,Ubicacion,455,6.81,8.6
Ubicacion,3921,CONECTA_CON,Ubicacion,2982,8.09,23.06
Ubicacion,3922,CONECTA_CON,Ubicacion,2244,3.04,5.18
Ubicacion,3922,CONECTA_CON,Ubicacion,4290,6.79,13.17
Ubicacion,3922,CONECTA_CON,Ubicacion,4715,5.22,5.51
Ubicacion,3923,CONECTA_CON,Ubicacion,4953,8.17,10.99
Ubicacion,3923,CONECTA_CON,Ubicacion,4170,8.78,21.16
Ubicacion,3923,CONECTA_CON,Ubicacion,3634,3.63,7.06
Ubicacion,3924,CONECTA_CON,Ubicacion,2365,6.12,6.88
Ubicacion,3924,CONECTA_CON,Ubicacion,4727,3.87,6.14
Ubicacion,3924,CONECTA_CON,Ubicacion,1592,5.44,5.85
Ubicacion,3925,CONECTA_CON,Ubicacion,1436,6.58,7.49
Ubicacion,3925,CONECTA_CON,Ubicacion,630,4.59,6.24
Ubicacion,3925,CONECTA_CON,Ubicacion,3357,4.95,14.32
Ubicacion,3926,CONECTA_CON,Ubicacion,1237,8.17,13.26
Ubicacion,3926,CONECTA_CON,Ubicacion,2557,0.61,0.86
Ubicacion,3926,CONECTA_CON,Ubicacion,657,3.25,5.52
Ubicacion,3927,CONECTA_CON,Ubicacion,2355,5.55,5.99
Ubicacion,3927,CONECTA_CON,Ubicacion,622,7.97,11.11
Ubicacion,3927,CONECTA_CON,Ubicacion,1335,7.52,11.8
Ubicacion,3928,CONECTA_CON,Ubicacion,1315,1.97,3.34
Ubicacion,3928,CONECTA_CON,Ubicacion,493,8.07,10.77
Ubicacion,3928,CONECTA_CON,Ubicacion,4220,1.95,3.33
Ubicacion,3929,CONECTA_CON,Ubicacion,3677,5.12,8.84
Ubicacion,3929,CONECTA_CON,Ubicacion,4186,1.25,2.04
Ubicacion,3929,CONECTA_CON,Ubicacion,3605,9.16,16.59
Ubicacion,3930,CONECTA_CON,Ubicacion,3903,8.23,12.51
Ubicacion,3930,CONECTA_CON,Ubicacion,104,3.28,6.87
Ubicacion,3930,CONECTA_CON,Ubicacion,1929,9.75,15.44
Ubicacion,3931,CONECTA_CON,Ubicacion,1263,7.0,19.93
Ubicacion,3931,CONECTA_CON,Ubicacion,3828,9.11,12.18
Ubicacion,3931,CONECTA_CON,Ubicacion,1595,1.74,2.75
Ubicacion,3932,CONECTA_CON,Ubicacion,2709,3.99,4.77
Ubicacion,3932,CONECTA_CON,Ubicacion,9,1.85,3.94
Ubicacion,3932,CONECTA_CON,Ubicacion,34,6.98,17.4
Ubicacion,3933,CONECTA_CON,Ubicacion,1542,1.7,2.63
Ubicacion,3933,CONECTA_CON,Ubicacion,2464,6.35,10.08
Ubicacion,3933,CONECTA_CON,Ubicacion,40,4.74,5.4
Ubicacion,3934,CONECTA_CON,Ubicacion,2974,7.56,9.73
Ubicacion,3934,CONECTA_CON,Ubicacion,3844,6.55,8.01
Ubicacion,3934,CONECTA_CON,Ubicacion,3045,3.86,8.3
Ubicacion,3935,CONECTA_CON,Ubicacion,2333,6.3,12.64
Ubicacion,3935,CONECTA_CON,Ubicacion,2371,9.1,17.57
Ubicacion,3935,CONECTA_CON,Ubicacion,2831,8.4,12.35
Ubicacion,3936,CONECTA_CON,Ubicacion,2914,9.81,23.28
Ubicacion,3936,CONECTA_CON,Ubicacion,966,3.96,5.88
Ubicacion,3936,CONECTA_CON,Ubicacion,198,5.46,7.86
Ubicacion,3937,CONECTA_CON,Ubicacion,3579,3.74,6.98
Ubicacion,3937,CONECTA_CON,Ubicacion,1453,5.05,8.83
Ubicacion,3937,CONECTA_CON,Ubicacion,2432,9.57,11.3
Ubicacion,3938,CONECTA_CON,Ubicacion,1231,1.84,3.11
Ubicacion,3938,CONECTA_CON,Ubicacion,1036,7.99,12.28
Ubicacion,3938,CONECTA_CON,Ubicacion,4308,5.99,14.81
Ubicacion,3939,CONECTA_CON,Ubicacion,3262,7.05,8.85
Ubicacion,3939,CONECTA_CON,Ubicacion,1143,7.63,13.68
Ubicacion,3939,CONECTA_CON,Ubicacion,1465,0.65,0.83
Ubicacion,3940,CONECTA_CON,Ubicacion,3288,5.39,5.72
Ubicacion,3940,CONECTA_CON,Ubicacion,1566,6.37,8.17
Ubicacion,3940,CONECTA_CON,Ubicacion,1657,6.85,15.4
Ubicacion,3941,CONECTA_CON,Ubicacion,1122,2.11,2.41
Ubicacion,3941,CONECTA_CON,Ubicacion,2190,3.05,4.41
Ubicacion,3941,CONECTA_CON,Ubicacion,3237,7.03,9.53
Ubicacion,3942,CONECTA_CON,Ubicacion,2,6.72,6.85
Ubicacion,3942,CONECTA_CON,Ubicacion,1781,1.64,4.2
Ubicacion,3942,CONECTA_CON,Ubicacion,1004,1.03,1.15
Ubicacion,3943,CONECTA_CON,Ubicacion,2418,9.94,18.04
Ubicacion,3943,CONECTA_CON,Ubicacion,382,7.5,11.77
Ubicacion,3943,CONECTA_CON,Ubicacion,4131,5.06,5.43
Ubicacion,3944,CONECTA_CON,Ubicacion,2689,3.77,9.03
Ubicacion,3944,CONECTA_CON,Ubicacion,4862,2.21,2.59
Ubicacion,3944,CONECTA_CON,Ubicacion,878,8.39,17.41
Ubicacion,3945,CONECTA_CON,Ubicacion,2799,2.81,4.21
Ubicacion,3945,CONECTA_CON,Ubicacion,1639,6.09,9.82
Ubicacion,3945,CONECTA_CON,Ubicacion,3763,2.93,3.75
Ubicacion,3946,CONECTA_CON,Ubicacion,3811,3.72,7.11
Ubicacion,3946,CONECTA_CON,Ubicacion,439,1.1,1.94
Ubicacion,3946,CONECTA_CON,Ubicacion,4819,4.09,5.14
Ubicacion,3947,CONECTA_CON,Ubicacion,964,7.35,13.82
Ubicacion,3947,CONECTA_CON,Ubicacion,2979,8.36,9.74
Ubicacion,3947,CONECTA_CON,Ubicacion,1712,6.33,12.32
Ubicacion,3948,CONECTA_CON,Ubicacion,2474,4.72,8.05
Ubicacion,3948,CONECTA_CON,Ubicacion,477,2.06,2.54
Ubicacion,3948,CONECTA_CON,Ubicacion,2358,6.11,6.64
Ubicacion,3949,CONECTA_CON,Ubicacion,159,1.84,1.93
Ubicacion,3949,CONECTA_CON,Ubicacion,3879,4.89,7.4
Ubicacion,3949,CONECTA_CON,Ubicacion,4082,9.13,9.5
Ubicacion,3950,CONECTA_CON,Ubicacion,1757,7.11,9.88
Ubicacion,3950,CONECTA_CON,Ubicacion,3903,9.37,15.01
Ubicacion,3950,CONECTA_CON,Ubicacion,4125,5.45,7.56
Ubicacion,3951,CONECTA_CON,Ubicacion,938,3.2,4.66
Ubicacion,3951,CONECTA_CON,Ubicacion,4139,2.5,4.34
Ubicacion,3951,CONECTA_CON,Ubicacion,1521,6.84,6.85
Ubicacion,3952,CONECTA_CON,Ubicacion,4401,7.04,10.34
Ubicacion,3952,CONECTA_CON,Ubicacion,2436,8.03,22.03
Ubicacion,3952,CONECTA_CON,Ubicacion,2141,8.01,12.68
Ubicacion,3953,CONECTA_CON,Ubicacion,1892,9.44,18.44
Ubicacion,3953,CONECTA_CON,Ubicacion,3788,2.74,4.48
Ubicacion,3953,CONECTA_CON,Ubicacion,2680,8.41,9.96
Ubicacion,3954,CONECTA_CON,Ubicacion,623,8.88,13.14
Ubicacion,3954,CONECTA_CON,Ubicacion,1059,8.34,14.73
Ubicacion,3954,CONECTA_CON,Ubicacion,3250,7.03,11.57
Ubicacion,3955,CONECTA_CON,Ubicacion,779,0.59,0.7
Ubicacion,3955,CONECTA_CON,Ubicacion,713,2.89,3.17
Ubicacion,3955,CONECTA_CON,Ubicacion,3596,8.87,10.39
Ubicacion,3956,CONECTA_CON,Ubicacion,3937,5.81,8.93
Ubicacion,3956,CONECTA_CON,Ubicacion,529,3.73,7.8
Ubicacion,3956,CONECTA_CON,Ubicacion,1008,1.1,2.38
Ubicacion,3957,CONECTA_CON,Ubicacion,3460,7.03,10.44
Ubicacion,3957,CONECTA_CON,Ubicacion,2312,3.07,5.64
Ubicacion,3957,CONECTA_CON,Ubicacion,4970,8.36,11.31
Ubicacion,3958,CONECTA_CON,Ubicacion,4687,3.5,3.57
Ubicacion,3958,CONECTA_CON,Ubicacion,59,5.15,5.44
Ubicacion,3958,CONECTA_CON,Ubicacion,2475,5.92,6.11
Ubicacion,3959,CONECTA_CON,Ubicacion,4466,9.14,9.82
Ubicacion,3959,CONECTA_CON,Ubicacion,4818,3.89,10.0
Ubicacion,3959,CONECTA_CON,Ubicacion,4274,2.92,3.1
Ubicacion,3960,CONECTA_CON,Ubicacion,944,6.13,6.88
Ubicacion,3960,CONECTA_CON,Ubicacion,222,3.63,4.66
Ubicacion,3960,CONECTA_CON,Ubicacion,1490,8.91,15.44
Ubicacion,3961,CONECTA_CON,Ubicacion,2154,1.22,1.81
Ubicacion,3961,CONECTA_CON,Ubicacion,2018,5.1,7.16
Ubicacion,3961,CONECTA_CON,Ubicacion,634,2.55,6.24
Ubicacion,3962,CONECTA_CON,Ubicacion,2150,3.23,3.96
Ubicacion,3962,CONECTA_CON,Ubicacion,4200,0.65,0.66
Ubicacion,3962,CONECTA_CON,Ubicacion,595,2.42,2.47
Ubicacion,3963,CONECTA_CON,Ubicacion,357,2.62,4.28
Ubicacion,3963,CONECTA_CON,Ubicacion,378,4.26,9.78
Ubicacion,3963,CONECTA_CON,Ubicacion,2752,8.9,19.05
Ubicacion,3964,CONECTA_CON,Ubicacion,4976,9.81,11.04
Ubicacion,3964,CONECTA_CON,Ubicacion,3126,1.43,2.61
Ubicacion,3964,CONECTA_CON,Ubicacion,2587,4.58,13.38
Ubicacion,3965,CONECTA_CON,Ubicacion,1006,0.65,0.76
Ubicacion,3965,CONECTA_CON,Ubicacion,240,6.46,6.5
Ubicacion,3965,CONECTA_CON,Ubicacion,4193,9.84,22.27
Ubicacion,3966,CONECTA_CON,Ubicacion,1948,1.4,1.52
Ubicacion,3966,CONECTA_CON,Ubicacion,176,7.3,20.9
Ubicacion,3966,CONECTA_CON,Ubicacion,437,7.01,12.48
Ubicacion,3967,CONECTA_CON,Ubicacion,4001,5.19,13.57
Ubicacion,3967,CONECTA_CON,Ubicacion,2981,4.21,4.53
Ubicacion,3967,CONECTA_CON,Ubicacion,1806,2.98,5.73
Ubicacion,3968,CONECTA_CON,Ubicacion,3009,3.24,3.69
Ubicacion,3968,CONECTA_CON,Ubicacion,2235,3.77,4.3
Ubicacion,3968,CONECTA_CON,Ubicacion,1960,4.75,5.21
Ubicacion,3969,CONECTA_CON,Ubicacion,1097,4.76,5.33
Ubicacion,3969,CONECTA_CON,Ubicacion,212,4.57,8.9
Ubicacion,3969,CONECTA_CON,Ubicacion,1750,2.27,6.65
Ubicacion,3970,CONECTA_CON,Ubicacion,3306,5.7,8.31
Ubicacion,3970,CONECTA_CON,Ubicacion,4745,0.99,2.49
Ubicacion,3970,CONECTA_CON,Ubicacion,2626,7.97,14.65
Ubicacion,3971,CONECTA_CON,Ubicacion,2592,4.49,9.25
Ubicacion,3971,CONECTA_CON,Ubicacion,3149,9.86,19.39
Ubicacion,3971,CONECTA_CON,Ubicacion,1866,6.86,8.99
Ubicacion,3972,CONECTA_CON,Ubicacion,2617,3.5,6.1
Ubicacion,3972,CONECTA_CON,Ubicacion,2757,5.06,5.67
Ubicacion,3972,CONECTA_CON,Ubicacion,1927,7.05,7.95
Ubicacion,3973,CONECTA_CON,Ubicacion,190,2.71,7.13
Ubicacion,3973,CONECTA_CON,Ubicacion,866,4.15,8.74
Ubicacion,3973,CONECTA_CON,Ubicacion,4755,6.43,6.54
Ubicacion,3974,CONECTA_CON,Ubicacion,1383,0.63,1.15
Ubicacion,3974,CONECTA_CON,Ubicacion,1443,8.27,21.32
Ubicacion,3974,CONECTA_CON,Ubicacion,594,7.3,8.09
Ubicacion,3975,CONECTA_CON,Ubicacion,2494,3.69,5.53
Ubicacion,3975,CONECTA_CON,Ubicacion,3079,5.96,6.45
Ubicacion,3975,CONECTA_CON,Ubicacion,336,8.06,14.66
Ubicacion,3976,CONECTA_CON,Ubicacion,4260,1.76,1.82
Ubicacion,3976,CONECTA_CON,Ubicacion,1010,5.33,6.79
Ubicacion,3976,CONECTA_CON,Ubicacion,2070,5.19,6.15
Ubicacion,3977,CONECTA_CON,Ubicacion,130,6.68,7.14
Ubicacion,3977,CONECTA_CON,Ubicacion,404,4.61,6.11
Ubicacion,3977,CONECTA_CON,Ubicacion,333,6.28,6.9
Ubicacion,3978,CONECTA_CON,Ubicacion,2020,4.12,4.79
Ubicacion,3978,CONECTA_CON,Ubicacion,103,8.38,10.52
Ubicacion,3978,CONECTA_CON,Ubicacion,3167,9.25,12.99
Ubicacion,3979,CONECTA_CON,Ubicacion,2050,5.43,5.68
Ubicacion,3979,CONECTA_CON,Ubicacion,2104,3.51,8.47
Ubicacion,3979,CONECTA_CON,Ubicacion,669,2.6,7.69
Ubicacion,3980,CONECTA_CON,Ubicacion,4272,9.05,20.4
Ubicacion,3980,CONECTA_CON,Ubicacion,3689,9.87,26.27
Ubicacion,3980,CONECTA_CON,Ubicacion,1580,1.13,1.87
Ubicacion,3981,CONECTA_CON,Ubicacion,3739,2.15,5.46
Ubicacion,3981,CONECTA_CON,Ubicacion,4946,0.66,0.67
Ubicacion,3981,CONECTA_CON,Ubicacion,357,7.57,11.09
Ubicacion,3982,CONECTA_CON,Ubicacion,3653,6.51,7.57
Ubicacion,3982,CONECTA_CON,Ubicacion,3405,8.14,16.27
Ubicacion,3982,CONECTA_CON,Ubicacion,721,0.7,0.89
Ubicacion,3983,CONECTA_CON,Ubicacion,4695,8.84,9.02
Ubicacion,3983,CONECTA_CON,Ubicacion,4476,5.28,7.43
Ubicacion,3983,CONECTA_CON,Ubicacion,3823,7.07,7.49
Ubicacion,3984,CONECTA_CON,Ubicacion,1547,7.8,7.96
Ubicacion,3984,CONECTA_CON,Ubicacion,1517,7.43,9.16
Ubicacion,3984,CONECTA_CON,Ubicacion,3597,6.87,9.27
Ubicacion,3985,CONECTA_CON,Ubicacion,181,5.36,6.25
Ubicacion,3985,CONECTA_CON,Ubicacion,2467,9.32,11.17
Ubicacion,3985,CONECTA_CON,Ubicacion,4241,9.97,29.04
Ubicacion,3986,CONECTA_CON,Ubicacion,3133,6.58,14.2
Ubicacion,3986,CONECTA_CON,Ubicacion,1620,7.96,21.73
Ubicacion,3986,CONECTA_CON,Ubicacion,2608,8.3,23.61
Ubicacion,3987,CONECTA_CON,Ubicacion,4342,7.49,21.46
Ubicacion,3987,CONECTA_CON,Ubicacion,2641,6.99,11.29
Ubicacion,3987,CONECTA_CON,Ubicacion,4515,0.82,0.85
Ubicacion,3988,CONECTA_CON,Ubicacion,2089,8.23,9.1
Ubicacion,3988,CONECTA_CON,Ubicacion,4423,3.26,3.88
Ubicacion,3988,CONECTA_CON,Ubicacion,4280,1.87,5.13
Ubicacion,3989,CONECTA_CON,Ubicacion,865,9.53,10.16
Ubicacion,3989,CONECTA_CON,Ubicacion,3340,3.91,7.2
Ubicacion,3989,CONECTA_CON,Ubicacion,1860,6.33,8.4
Ubicacion,3990,CONECTA_CON,Ubicacion,125,6.92,14.5
Ubicacion,3990,CONECTA_CON,Ubicacion,1971,9.47,25.2
Ubicacion,3990,CONECTA_CON,Ubicacion,179,7.63,18.33
Ubicacion,3991,CONECTA_CON,Ubicacion,2968,2.96,5.76
Ubicacion,3991,CONECTA_CON,Ubicacion,1830,0.61,0.69
Ubicacion,3991,CONECTA_CON,Ubicacion,3273,9.55,19.77
Ubicacion,3992,CONECTA_CON,Ubicacion,1960,2.33,2.67
Ubicacion,3992,CONECTA_CON,Ubicacion,637,3.12,8.67
Ubicacion,3992,CONECTA_CON,Ubicacion,1239,8.58,15.72
Ubicacion,3993,CONECTA_CON,Ubicacion,2057,4.51,7.29
Ubicacion,3993,CONECTA_CON,Ubicacion,764,4.63,5.09
Ubicacion,3993,CONECTA_CON,Ubicacion,2936,8.17,8.66
Ubicacion,3994,CONECTA_CON,Ubicacion,1669,7.95,21.59
Ubicacion,3994,CONECTA_CON,Ubicacion,1952,5.07,11.56
Ubicacion,3994,CONECTA_CON,Ubicacion,4311,1.9,3.5
Ubicacion,3995,CONECTA_CON,Ubicacion,15,6.8,7.3
Ubicacion,3995,CONECTA_CON,Ubicacion,599,3.16,3.44
Ubicacion,3995,CONECTA_CON,Ubicacion,1634,4.13,4.45
Ubicacion,3996,CONECTA_CON,Ubicacion,2078,5.85,10.86
Ubicacion,3996,CONECTA_CON,Ubicacion,1115,9.99,15.07
Ubicacion,3996,CONECTA_CON,Ubicacion,4263,3.58,5.66
Ubicacion,3997,CONECTA_CON,Ubicacion,2716,1.09,1.24
Ubicacion,3997,CONECTA_CON,Ubicacion,399,2.88,4.63
Ubicacion,3997,CONECTA_CON,Ubicacion,3131,1.96,4.53
Ubicacion,3998,CONECTA_CON,Ubicacion,1641,6.93,8.56
Ubicacion,3998,CONECTA_CON,Ubicacion,4190,1.98,2.12
Ubicacion,3998,CONECTA_CON,Ubicacion,1293,8.23,9.35
Ubicacion,3999,CONECTA_CON,Ubicacion,3298,5.08,8.33
Ubicacion,3999,CONECTA_CON,Ubicacion,1722,2.8,4.73
Ubicacion,3999,CONECTA_CON,Ubicacion,3002,4.17,7.05
Ubicacion,4000,CONECTA_CON,Ubicacion,1730,6.51,15.98
Ubicacion,4000,CONECTA_CON,Ubicacion,633,0.64,0.88
Ubicacion,4000,CONECTA_CON,Ubicacion,2749,7.02,15.34
Ubicacion,4001,CONECTA_CON,Ubicacion,816,8.39,9.18
Ubicacion,4001,CONECTA_CON,Ubicacion,2956,3.51,9.18
Ubicacion,4001,CONECTA_CON,Ubicacion,1439,4.71,5.55
Ubicacion,4002,CONECTA_CON,Ubicacion,1202,6.27,12.25
Ubicacion,4002,CONECTA_CON,Ubicacion,4937,4.57,7.73
Ubicacion,4002,CONECTA_CON,Ubicacion,1191,5.56,7.66
Ubicacion,4003,CONECTA_CON,Ubicacion,4760,9.06,12.37
Ubicacion,4003,CONECTA_CON,Ubicacion,3439,2.41,3.19
Ubicacion,4003,CONECTA_CON,Ubicacion,3648,9.65,13.92
Ubicacion,4004,CONECTA_CON,Ubicacion,2106,3.31,5.03
Ubicacion,4004,CONECTA_CON,Ubicacion,2485,8.04,10.7
Ubicacion,4004,CONECTA_CON,Ubicacion,716,6.78,11.91
Ubicacion,4005,CONECTA_CON,Ubicacion,579,2.73,4.39
Ubicacion,4005,CONECTA_CON,Ubicacion,2394,0.63,0.82
Ubicacion,4005,CONECTA_CON,Ubicacion,2684,5.0,9.19
Ubicacion,4006,CONECTA_CON,Ubicacion,2230,3.58,5.5
Ubicacion,4006,CONECTA_CON,Ubicacion,3733,3.05,4.8
Ubicacion,4006,CONECTA_CON,Ubicacion,1443,5.69,7.16
Ubicacion,4007,CONECTA_CON,Ubicacion,3413,7.0,9.75
Ubicacion,4007,CONECTA_CON,Ubicacion,633,1.3,3.33
Ubicacion,4007,CONECTA_CON,Ubicacion,4359,7.24,10.25
Ubicacion,4008,CONECTA_CON,Ubicacion,4700,2.3,4.25
Ubicacion,4008,CONECTA_CON,Ubicacion,1894,4.53,12.24
Ubicacion,4008,CONECTA_CON,Ubicacion,4526,8.5,11.84
Ubicacion,4009,CONECTA_CON,Ubicacion,2168,4.7,11.76
Ubicacion,4009,CONECTA_CON,Ubicacion,3376,6.33,12.48
Ubicacion,4009,CONECTA_CON,Ubicacion,3068,7.41,10.41
Ubicacion,4010,CONECTA_CON,Ubicacion,4216,1.85,2.34
Ubicacion,4010,CONECTA_CON,Ubicacion,4362,4.76,5.51
Ubicacion,4010,CONECTA_CON,Ubicacion,383,5.37,9.15
Ubicacion,4011,CONECTA_CON,Ubicacion,391,0.56,1.12
Ubicacion,4011,CONECTA_CON,Ubicacion,4384,9.68,26.82
Ubicacion,4011,CONECTA_CON,Ubicacion,1928,8.03,18.37
Ubicacion,4012,CONECTA_CON,Ubicacion,590,9.51,10.2
Ubicacion,4012,CONECTA_CON,Ubicacion,3415,1.74,1.75
Ubicacion,4012,CONECTA_CON,Ubicacion,976,5.78,11.23
Ubicacion,4013,CONECTA_CON,Ubicacion,1581,1.67,3.0
Ubicacion,4013,CONECTA_CON,Ubicacion,4093,6.07,7.68
Ubicacion,4013,CONECTA_CON,Ubicacion,1430,2.34,3.14
Ubicacion,4014,CONECTA_CON,Ubicacion,1898,4.14,6.17
Ubicacion,4014,CONECTA_CON,Ubicacion,4719,7.83,16.82
Ubicacion,4014,CONECTA_CON,Ubicacion,3027,9.2,9.51
Ubicacion,4015,CONECTA_CON,Ubicacion,456,7.69,10.91
Ubicacion,4015,CONECTA_CON,Ubicacion,74,2.36,3.48
Ubicacion,4015,CONECTA_CON,Ubicacion,3283,8.12,12.61
Ubicacion,4016,CONECTA_CON,Ubicacion,1356,1.86,2.73
Ubicacion,4016,CONECTA_CON,Ubicacion,2111,8.59,16.52
Ubicacion,4016,CONECTA_CON,Ubicacion,1926,1.86,2.07
Ubicacion,4017,CONECTA_CON,Ubicacion,320,2.98,7.01
Ubicacion,4017,CONECTA_CON,Ubicacion,3232,5.52,5.85
Ubicacion,4017,CONECTA_CON,Ubicacion,3363,5.25,6.45
Ubicacion,4018,CONECTA_CON,Ubicacion,2707,6.8,12.21
Ubicacion,4018,CONECTA_CON,Ubicacion,3949,6.67,14.17
Ubicacion,4018,CONECTA_CON,Ubicacion,4355,4.38,6.19
Ubicacion,4019,CONECTA_CON,Ubicacion,247,8.66,8.77
Ubicacion,4019,CONECTA_CON,Ubicacion,4843,5.63,7.08
Ubicacion,4019,CONECTA_CON,Ubicacion,4275,1.25,1.57
Ubicacion,4020,CONECTA_CON,Ubicacion,836,8.22,12.3
Ubicacion,4020,CONECTA_CON,Ubicacion,1464,9.47,10.32
Ubicacion,4020,CONECTA_CON,Ubicacion,2037,0.95,2.27
Ubicacion,4021,CONECTA_CON,Ubicacion,326,4.89,7.53
Ubicacion,4021,CONECTA_CON,Ubicacion,3493,8.37,10.73
Ubicacion,4021,CONECTA_CON,Ubicacion,764,8.89,10.52
Ubicacion,4022,CONECTA_CON,Ubicacion,4890,7.75,15.33
Ubicacion,4022,CONECTA_CON,Ubicacion,12,4.78,5.53
Ubicacion,4022,CONECTA_CON,Ubicacion,1668,6.41,7.12
Ubicacion,4023,CONECTA_CON,Ubicacion,3712,8.06,18.87
Ubicacion,4023,CONECTA_CON,Ubicacion,49,3.57,3.96
Ubicacion,4023,CONECTA_CON,Ubicacion,2365,3.58,5.95
Ubicacion,4024,CONECTA_CON,Ubicacion,2154,2.68,3.12
Ubicacion,4024,CONECTA_CON,Ubicacion,2266,1.15,1.19
Ubicacion,4024,CONECTA_CON,Ubicacion,1901,4.77,7.57
Ubicacion,4025,CONECTA_CON,Ubicacion,913,5.54,10.68
Ubicacion,4025,CONECTA_CON,Ubicacion,735,3.37,6.07
Ubicacion,4025,CONECTA_CON,Ubicacion,3148,1.34,1.82
Ubicacion,4026,CONECTA_CON,Ubicacion,3083,2.86,3.07
Ubicacion,4026,CONECTA_CON,Ubicacion,4606,1.87,4.06
Ubicacion,4026,CONECTA_CON,Ubicacion,2801,1.0,1.1
Ubicacion,4027,CONECTA_CON,Ubicacion,835,6.21,13.44
Ubicacion,4027,CONECTA_CON,Ubicacion,2617,7.67,10.26
Ubicacion,4027,CONECTA_CON,Ubicacion,849,4.33,7.18
Ubicacion,4028,CONECTA_CON,Ubicacion,1201,2.81,5.49
Ubicacion,4028,CONECTA_CON,Ubicacion,1776,9.02,10.0
Ubicacion,4028,CONECTA_CON,Ubicacion,3694,1.93,2.38
Ubicacion,4029,CONECTA_CON,Ubicacion,3074,7.35,8.05
Ubicacion,4029,CONECTA_CON,Ubicacion,4230,2.22,5.62
Ubicacion,4029,CONECTA_CON,Ubicacion,1361,5.11,9.45
Ubicacion,4030,CONECTA_CON,Ubicacion,3841,3.69,4.6
Ubicacion,4030,CONECTA_CON,Ubicacion,643,3.96,10.23
Ubicacion,4030,CONECTA_CON,Ubicacion,4257,9.1,18.74
Ubicacion,4031,CONECTA_CON,Ubicacion,4157,8.41,11.69
Ubicacion,4031,CONECTA_CON,Ubicacion,1579,2.91,3.51
Ubicacion,4031,CONECTA_CON,Ubicacion,247,9.08,19.25
Ubicacion,4032,CONECTA_CON,Ubicacion,4253,9.61,22.8
Ubicacion,4032,CONECTA_CON,Ubicacion,4910,6.54,17.02
Ubicacion,4032,CONECTA_CON,Ubicacion,3587,7.57,7.71
Ubicacion,4033,CONECTA_CON,Ubicacion,1434,5.36,5.96
Ubicacion,4033,CONECTA_CON,Ubicacion,2685,2.98,7.56
Ubicacion,4033,CONECTA_CON,Ubicacion,3201,3.83,4.3
Ubicacion,4034,CONECTA_CON,Ubicacion,2722,4.89,9.08
Ubicacion,4034,CONECTA_CON,Ubicacion,4869,2.71,2.85
Ubicacion,4034,CONECTA_CON,Ubicacion,2748,9.58,14.31
Ubicacion,4035,CONECTA_CON,Ubicacion,4024,3.52,3.7
Ubicacion,4035,CONECTA_CON,Ubicacion,2302,2.36,3.96
Ubicacion,4035,CONECTA_CON,Ubicacion,3117,4.85,5.63
Ubicacion,4036,CONECTA_CON,Ubicacion,1171,1.22,2.81
Ubicacion,4036,CONECTA_CON,Ubicacion,1448,7.16,10.46
Ubicacion,4036,CONECTA_CON,Ubicacion,1310,3.19,6.7
Ubicacion,4037,CONECTA_CON,Ubicacion,247,2.92,5.2
Ubicacion,4037,CONECTA_CON,Ubicacion,4430,6.8,9.51
Ubicacion,4037,CONECTA_CON,Ubicacion,1046,6.36,8.66
Ubicacion,4038,CONECTA_CON,Ubicacion,4135,6.73,7.27
Ubicacion,4038,CONECTA_CON,Ubicacion,1128,0.63,0.77
Ubicacion,4038,CONECTA_CON,Ubicacion,2610,7.37,9.53
Ubicacion,4039,CONECTA_CON,Ubicacion,2829,3.95,4.81
Ubicacion,4039,CONECTA_CON,Ubicacion,1043,9.13,11.52
Ubicacion,4039,CONECTA_CON,Ubicacion,4251,9.53,11.21
Ubicacion,4040,CONECTA_CON,Ubicacion,1892,8.25,11.39
Ubicacion,4040,CONECTA_CON,Ubicacion,4407,6.75,13.03
Ubicacion,4040,CONECTA_CON,Ubicacion,3390,7.93,21.07
Ubicacion,4041,CONECTA_CON,Ubicacion,3173,6.94,12.56
Ubicacion,4041,CONECTA_CON,Ubicacion,4214,1.84,2.19
Ubicacion,4041,CONECTA_CON,Ubicacion,810,7.65,8.55
Ubicacion,4042,CONECTA_CON,Ubicacion,1751,0.67,1.64
Ubicacion,4042,CONECTA_CON,Ubicacion,2993,7.24,16.88
Ubicacion,4042,CONECTA_CON,Ubicacion,4783,9.69,22.99
Ubicacion,4043,CONECTA_CON,Ubicacion,1282,7.32,16.61
Ubicacion,4043,CONECTA_CON,Ubicacion,4216,9.44,9.46
Ubicacion,4043,CONECTA_CON,Ubicacion,4113,5.25,5.43
Ubicacion,4044,CONECTA_CON,Ubicacion,3492,7.7,7.81
Ubicacion,4044,CONECTA_CON,Ubicacion,1918,7.06,10.91
Ubicacion,4044,CONECTA_CON,Ubicacion,846,8.44,22.59
Ubicacion,4045,CONECTA_CON,Ubicacion,3180,9.86,14.12
Ubicacion,4045,CONECTA_CON,Ubicacion,183,7.01,15.07
Ubicacion,4045,CONECTA_CON,Ubicacion,182,7.24,8.91
Ubicacion,4046,CONECTA_CON,Ubicacion,682,7.49,13.63
Ubicacion,4046,CONECTA_CON,Ubicacion,4550,3.86,7.33
Ubicacion,4046,CONECTA_CON,Ubicacion,2464,5.64,5.99
Ubicacion,4047,CONECTA_CON,Ubicacion,3694,3.15,4.71
Ubicacion,4047,CONECTA_CON,Ubicacion,4229,4.61,9.23
Ubicacion,4047,CONECTA_CON,Ubicacion,3018,9.91,14.72
Ubicacion,4048,CONECTA_CON,Ubicacion,211,1.29,1.9
Ubicacion,4048,CONECTA_CON,Ubicacion,2782,8.34,14.98
Ubicacion,4048,CONECTA_CON,Ubicacion,4620,7.0,11.05
Ubicacion,4049,CONECTA_CON,Ubicacion,3132,2.05,2.41
Ubicacion,4049,CONECTA_CON,Ubicacion,2957,2.28,2.47
Ubicacion,4049,CONECTA_CON,Ubicacion,4303,7.58,10.62
Ubicacion,4050,CONECTA_CON,Ubicacion,4635,1.09,1.35
Ubicacion,4050,CONECTA_CON,Ubicacion,3054,4.33,4.84
Ubicacion,4050,CONECTA_CON,Ubicacion,972,4.74,10.16
Ubicacion,4051,CONECTA_CON,Ubicacion,3671,7.59,9.88
Ubicacion,4051,CONECTA_CON,Ubicacion,857,8.56,10.66
Ubicacion,4051,CONECTA_CON,Ubicacion,1735,1.82,2.13
Ubicacion,4052,CONECTA_CON,Ubicacion,4126,2.56,2.83
Ubicacion,4052,CONECTA_CON,Ubicacion,4652,0.59,1.4
Ubicacion,4052,CONECTA_CON,Ubicacion,474,8.09,11.94
Ubicacion,4053,CONECTA_CON,Ubicacion,4529,9.1,9.64
Ubicacion,4053,CONECTA_CON,Ubicacion,2119,5.13,5.5
Ubicacion,4053,CONECTA_CON,Ubicacion,1061,7.87,9.23
Ubicacion,4054,CONECTA_CON,Ubicacion,3082,1.96,2.79
Ubicacion,4054,CONECTA_CON,Ubicacion,2802,9.47,13.06
Ubicacion,4054,CONECTA_CON,Ubicacion,2945,3.45,3.58
Ubicacion,4055,CONECTA_CON,Ubicacion,217,6.32,14.16
Ubicacion,4055,CONECTA_CON,Ubicacion,2211,4.66,6.02
Ubicacion,4055,CONECTA_CON,Ubicacion,2858,1.08,1.51
Ubicacion,4056,CONECTA_CON,Ubicacion,894,1.44,3.12
Ubicacion,4056,CONECTA_CON,Ubicacion,3419,3.05,4.74
Ubicacion,4056,CONECTA_CON,Ubicacion,419,6.48,7.58
Ubicacion,4057,CONECTA_CON,Ubicacion,3863,6.59,15.08
Ubicacion,4057,CONECTA_CON,Ubicacion,2316,7.97,22.32
Ubicacion,4057,CONECTA_CON,Ubicacion,630,5.95,7.23
Ubicacion,4058,CONECTA_CON,Ubicacion,495,1.39,3.59
Ubicacion,4058,CONECTA_CON,Ubicacion,1241,9.99,13.1
Ubicacion,4058,CONECTA_CON,Ubicacion,499,3.06,7.27
Ubicacion,4059,CONECTA_CON,Ubicacion,1268,4.83,10.01
Ubicacion,4059,CONECTA_CON,Ubicacion,641,1.87,4.61
Ubicacion,4059,CONECTA_CON,Ubicacion,4512,6.99,10.48
Ubicacion,4060,CONECTA_CON,Ubicacion,4681,0.98,1.42
Ubicacion,4060,CONECTA_CON,Ubicacion,3222,6.09,6.45
Ubicacion,4060,CONECTA_CON,Ubicacion,1016,0.72,0.86
Ubicacion,4061,CONECTA_CON,Ubicacion,127,6.32,13.58
Ubicacion,4061,CONECTA_CON,Ubicacion,4595,9.11,11.65
Ubicacion,4061,CONECTA_CON,Ubicacion,1351,0.58,1.09
Ubicacion,4062,CONECTA_CON,Ubicacion,1874,7.66,16.92
Ubicacion,4062,CONECTA_CON,Ubicacion,2557,1.83,2.09
Ubicacion,4062,CONECTA_CON,Ubicacion,4153,9.62,22.44
Ubicacion,4063,CONECTA_CON,Ubicacion,3953,3.57,6.06
Ubicacion,4063,CONECTA_CON,Ubicacion,1050,8.06,10.71
Ubicacion,4063,CONECTA_CON,Ubicacion,1935,5.09,5.54
Ubicacion,4064,CONECTA_CON,Ubicacion,1197,3.89,10.12
Ubicacion,4064,CONECTA_CON,Ubicacion,3251,7.39,15.64
Ubicacion,4064,CONECTA_CON,Ubicacion,4935,5.05,5.72
Ubicacion,4065,CONECTA_CON,Ubicacion,463,4.37,5.88
Ubicacion,4065,CONECTA_CON,Ubicacion,3900,5.54,7.53
Ubicacion,4065,CONECTA_CON,Ubicacion,1530,6.84,7.06
Ubicacion,4066,CONECTA_CON,Ubicacion,3090,5.01,5.19
Ubicacion,4066,CONECTA_CON,Ubicacion,2079,1.11,2.55
Ubicacion,4066,CONECTA_CON,Ubicacion,3377,9.85,13.26
Ubicacion,4067,CONECTA_CON,Ubicacion,485,0.87,1.17
Ubicacion,4067,CONECTA_CON,Ubicacion,2162,6.76,13.43
Ubicacion,4067,CONECTA_CON,Ubicacion,1717,8.91,10.64
Ubicacion,4068,CONECTA_CON,Ubicacion,3808,3.97,11.24
Ubicacion,4068,CONECTA_CON,Ubicacion,3601,5.26,11.26
Ubicacion,4068,CONECTA_CON,Ubicacion,1324,7.08,8.82
Ubicacion,4069,CONECTA_CON,Ubicacion,3217,3.68,6.68
Ubicacion,4069,CONECTA_CON,Ubicacion,2563,7.4,8.67
Ubicacion,4069,CONECTA_CON,Ubicacion,3337,3.68,4.48
Ubicacion,4070,CONECTA_CON,Ubicacion,3441,4.47,8.9
Ubicacion,4070,CONECTA_CON,Ubicacion,4133,1.79,3.77
Ubicacion,4070,CONECTA_CON,Ubicacion,2321,3.9,6.19
Ubicacion,4071,CONECTA_CON,Ubicacion,1108,1.01,1.21
Ubicacion,4071,CONECTA_CON,Ubicacion,4227,8.87,13.29
Ubicacion,4071,CONECTA_CON,Ubicacion,45,1.46,3.76
Ubicacion,4072,CONECTA_CON,Ubicacion,4541,3.99,10.29
Ubicacion,4072,CONECTA_CON,Ubicacion,397,2.52,4.63
Ubicacion,4072,CONECTA_CON,Ubicacion,317,9.71,26.73
Ubicacion,4073,CONECTA_CON,Ubicacion,2684,1.29,3.68
Ubicacion,4073,CONECTA_CON,Ubicacion,326,4.01,4.36
Ubicacion,4073,CONECTA_CON,Ubicacion,1915,5.04,7.08
Ubicacion,4074,CONECTA_CON,Ubicacion,2572,5.78,12.62
Ubicacion,4074,CONECTA_CON,Ubicacion,1956,3.3,6.59
Ubicacion,4074,CONECTA_CON,Ubicacion,4606,5.16,6.7
Ubicacion,4075,CONECTA_CON,Ubicacion,284,3.42,3.66
Ubicacion,4075,CONECTA_CON,Ubicacion,3049,7.58,7.63
Ubicacion,4075,CONECTA_CON,Ubicacion,4871,4.61,5.01
Ubicacion,4076,CONECTA_CON,Ubicacion,3845,2.57,3.9
Ubicacion,4076,CONECTA_CON,Ubicacion,578,7.48,10.43
Ubicacion,4076,CONECTA_CON,Ubicacion,1249,3.05,7.41
Ubicacion,4077,CONECTA_CON,Ubicacion,4872,6.14,7.05
Ubicacion,4077,CONECTA_CON,Ubicacion,812,2.93,7.58
Ubicacion,4077,CONECTA_CON,Ubicacion,3307,4.75,4.88
Ubicacion,4078,CONECTA_CON,Ubicacion,3573,4.7,4.77
Ubicacion,4078,CONECTA_CON,Ubicacion,190,7.82,8.29
Ubicacion,4078,CONECTA_CON,Ubicacion,747,1.93,2.6
Ubicacion,4079,CONECTA_CON,Ubicacion,736,8.32,9.56
Ubicacion,4079,CONECTA_CON,Ubicacion,3428,3.0,4.88
Ubicacion,4079,CONECTA_CON,Ubicacion,1587,2.92,3.04
Ubicacion,4080,CONECTA_CON,Ubicacion,852,4.76,13.77
Ubicacion,4080,CONECTA_CON,Ubicacion,4526,3.53,8.18
Ubicacion,4080,CONECTA_CON,Ubicacion,3425,8.78,19.11
Ubicacion,4081,CONECTA_CON,Ubicacion,542,2.46,3.43
Ubicacion,4081,CONECTA_CON,Ubicacion,186,1.17,1.69
Ubicacion,4081,CONECTA_CON,Ubicacion,2250,1.77,2.38
Ubicacion,4082,CONECTA_CON,Ubicacion,4763,5.83,6.66
Ubicacion,4082,CONECTA_CON,Ubicacion,2027,3.41,9.04
Ubicacion,4082,CONECTA_CON,Ubicacion,2141,7.76,8.41
Ubicacion,4083,CONECTA_CON,Ubicacion,4846,5.31,15.53
Ubicacion,4083,CONECTA_CON,Ubicacion,45,1.18,2.02
Ubicacion,4083,CONECTA_CON,Ubicacion,4480,7.95,16.97
Ubicacion,4084,CONECTA_CON,Ubicacion,504,8.84,8.94
Ubicacion,4084,CONECTA_CON,Ubicacion,3651,7.1,9.47
Ubicacion,4084,CONECTA_CON,Ubicacion,2337,8.98,19.15
Ubicacion,4085,CONECTA_CON,Ubicacion,2622,5.95,8.05
Ubicacion,4085,CONECTA_CON,Ubicacion,160,0.56,1.1
Ubicacion,4085,CONECTA_CON,Ubicacion,2986,4.58,11.22
Ubicacion,4086,CONECTA_CON,Ubicacion,1767,8.43,12.37
Ubicacion,4086,CONECTA_CON,Ubicacion,2196,3.54,4.12
Ubicacion,4086,CONECTA_CON,Ubicacion,4562,1.03,1.32
Ubicacion,4087,CONECTA_CON,Ubicacion,2598,6.5,9.18
Ubicacion,4087,CONECTA_CON,Ubicacion,3412,8.2,11.67
Ubicacion,4087,CONECTA_CON,Ubicacion,4250,8.95,24.1
Ubicacion,4088,CONECTA_CON,Ubicacion,4925,9.39,13.19
Ubicacion,4088,CONECTA_CON,Ubicacion,2407,5.64,8.87
Ubicacion,4088,CONECTA_CON,Ubicacion,1842,6.42,12.48
Ubicacion,4089,CONECTA_CON,Ubicacion,4018,9.45,24.22
Ubicacion,4089,CONECTA_CON,Ubicacion,3383,5.19,13.92
Ubicacion,4089,CONECTA_CON,Ubicacion,639,9.68,11.85
Ubicacion,4090,CONECTA_CON,Ubicacion,4291,5.94,7.61
Ubicacion,4090,CONECTA_CON,Ubicacion,1501,2.25,3.99
Ubicacion,4090,CONECTA_CON,Ubicacion,3787,4.09,4.47
Ubicacion,4091,CONECTA_CON,Ubicacion,3514,3.36,4.39
Ubicacion,4091,CONECTA_CON,Ubicacion,1957,5.63,8.64
Ubicacion,4091,CONECTA_CON,Ubicacion,2639,8.57,16.5
Ubicacion,4092,CONECTA_CON,Ubicacion,4885,5.88,8.7
Ubicacion,4092,CONECTA_CON,Ubicacion,2891,8.76,19.32
Ubicacion,4092,CONECTA_CON,Ubicacion,2529,3.1,4.09
Ubicacion,4093,CONECTA_CON,Ubicacion,883,7.96,10.02
Ubicacion,4093,CONECTA_CON,Ubicacion,780,7.92,17.28
Ubicacion,4093,CONECTA_CON,Ubicacion,2091,9.07,12.05
Ubicacion,4094,CONECTA_CON,Ubicacion,1821,3.69,3.95
Ubicacion,4094,CONECTA_CON,Ubicacion,4135,8.95,19.52
Ubicacion,4094,CONECTA_CON,Ubicacion,963,6.36,7.06
Ubicacion,4095,CONECTA_CON,Ubicacion,1433,3.41,6.55
Ubicacion,4095,CONECTA_CON,Ubicacion,3405,1.51,1.56
Ubicacion,4095,CONECTA_CON,Ubicacion,1592,7.88,8.54
Ubicacion,4096,CONECTA_CON,Ubicacion,3943,5.79,11.4
Ubicacion,4096,CONECTA_CON,Ubicacion,3200,2.06,2.6
Ubicacion,4096,CONECTA_CON,Ubicacion,2948,2.65,6.06
Ubicacion,4097,CONECTA_CON,Ubicacion,4767,0.78,1.23
Ubicacion,4097,CONECTA_CON,Ubicacion,2517,8.98,14.16
Ubicacion,4097,CONECTA_CON,Ubicacion,3085,6.93,13.28
Ubicacion,4098,CONECTA_CON,Ubicacion,4535,5.74,6.48
Ubicacion,4098,CONECTA_CON,Ubicacion,4370,5.1,6.08
Ubicacion,4098,CONECTA_CON,Ubicacion,1552,4.5,13.16
Ubicacion,4099,CONECTA_CON,Ubicacion,1806,8.44,10.11
Ubicacion,4099,CONECTA_CON,Ubicacion,1493,7.65,12.61
Ubicacion,4099,CONECTA_CON,Ubicacion,53,2.7,2.95
Ubicacion,4100,CONECTA_CON,Ubicacion,3230,4.99,9.65
Ubicacion,4100,CONECTA_CON,Ubicacion,1454,5.04,6.35
Ubicacion,4100,CONECTA_CON,Ubicacion,555,2.17,2.39
Ubicacion,4101,CONECTA_CON,Ubicacion,4749,2.22,4.6
Ubicacion,4101,CONECTA_CON,Ubicacion,3882,6.8,8.17
Ubicacion,4101,CONECTA_CON,Ubicacion,4936,2.43,4.02
Ubicacion,4102,CONECTA_CON,Ubicacion,4109,9.96,26.74
Ubicacion,4102,CONECTA_CON,Ubicacion,2785,6.86,6.87
Ubicacion,4102,CONECTA_CON,Ubicacion,926,1.75,4.35
Ubicacion,4103,CONECTA_CON,Ubicacion,3238,9.93,13.32
Ubicacion,4103,CONECTA_CON,Ubicacion,2117,1.99,2.27
Ubicacion,4103,CONECTA_CON,Ubicacion,4679,3.45,7.43
Ubicacion,4104,CONECTA_CON,Ubicacion,2750,1.53,1.82
Ubicacion,4104,CONECTA_CON,Ubicacion,4825,1.65,3.02
Ubicacion,4104,CONECTA_CON,Ubicacion,374,5.35,8.7
Ubicacion,4105,CONECTA_CON,Ubicacion,4337,9.04,21.12
Ubicacion,4105,CONECTA_CON,Ubicacion,3551,5.09,6.53
Ubicacion,4105,CONECTA_CON,Ubicacion,4737,3.8,4.99
Ubicacion,4106,CONECTA_CON,Ubicacion,1032,7.85,20.26
Ubicacion,4106,CONECTA_CON,Ubicacion,3736,3.43,3.65
Ubicacion,4106,CONECTA_CON,Ubicacion,3009,4.89,6.19
Ubicacion,4107,CONECTA_CON,Ubicacion,3849,6.18,9.59
Ubicacion,4107,CONECTA_CON,Ubicacion,3719,8.19,23.01
Ubicacion,4107,CONECTA_CON,Ubicacion,357,0.75,0.81
Ubicacion,4108,CONECTA_CON,Ubicacion,3426,4.49,11.99
Ubicacion,4108,CONECTA_CON,Ubicacion,1814,6.92,9.78
Ubicacion,4108,CONECTA_CON,Ubicacion,1936,4.36,6.03
Ubicacion,4109,CONECTA_CON,Ubicacion,3616,7.59,8.04
Ubicacion,4109,CONECTA_CON,Ubicacion,4757,4.69,9.6
Ubicacion,4109,CONECTA_CON,Ubicacion,4149,9.93,24.79
Ubicacion,4110,CONECTA_CON,Ubicacion,3328,2.54,2.95
Ubicacion,4110,CONECTA_CON,Ubicacion,2949,9.7,15.09
Ubicacion,4110,CONECTA_CON,Ubicacion,980,6.29,13.48
Ubicacion,4111,CONECTA_CON,Ubicacion,2101,4.74,9.8
Ubicacion,4111,CONECTA_CON,Ubicacion,4802,6.59,15.65
Ubicacion,4111,CONECTA_CON,Ubicacion,3085,3.68,7.73
Ubicacion,4112,CONECTA_CON,Ubicacion,4023,8.11,19.86
Ubicacion,4112,CONECTA_CON,Ubicacion,3800,7.33,15.76
Ubicacion,4112,CONECTA_CON,Ubicacion,3700,8.69,14.83
Ubicacion,4113,CONECTA_CON,Ubicacion,3076,1.5,1.8
Ubicacion,4113,CONECTA_CON,Ubicacion,4432,7.95,8.43
Ubicacion,4113,CONECTA_CON,Ubicacion,3837,4.1,4.14
Ubicacion,4114,CONECTA_CON,Ubicacion,4254,4.25,5.03
Ubicacion,4114,CONECTA_CON,Ubicacion,926,9.63,18.08
Ubicacion,4114,CONECTA_CON,Ubicacion,2615,6.86,15.05
Ubicacion,4115,CONECTA_CON,Ubicacion,3940,5.38,10.87
Ubicacion,4115,CONECTA_CON,Ubicacion,3147,6.59,15.96
Ubicacion,4115,CONECTA_CON,Ubicacion,91,8.11,11.06
Ubicacion,4116,CONECTA_CON,Ubicacion,4912,4.45,6.23
Ubicacion,4116,CONECTA_CON,Ubicacion,73,5.58,5.94
Ubicacion,4116,CONECTA_CON,Ubicacion,1163,1.31,1.49
Ubicacion,4117,CONECTA_CON,Ubicacion,1634,5.27,5.3
Ubicacion,4117,CONECTA_CON,Ubicacion,1398,5.35,10.9
Ubicacion,4117,CONECTA_CON,Ubicacion,78,7.93,14.35
Ubicacion,4118,CONECTA_CON,Ubicacion,2631,9.11,10.74
Ubicacion,4118,CONECTA_CON,Ubicacion,4386,2.9,8.13
Ubicacion,4118,CONECTA_CON,Ubicacion,1313,9.0,9.52
Ubicacion,4119,CONECTA_CON,Ubicacion,1446,3.52,7.53
Ubicacion,4119,CONECTA_CON,Ubicacion,605,8.97,12.31
Ubicacion,4119,CONECTA_CON,Ubicacion,2287,5.95,11.49
Ubicacion,4120,CONECTA_CON,Ubicacion,1157,7.65,21.31
Ubicacion,4120,CONECTA_CON,Ubicacion,4287,0.87,1.84
Ubicacion,4120,CONECTA_CON,Ubicacion,3050,6.23,6.75
Ubicacion,4121,CONECTA_CON,Ubicacion,572,9.49,23.05
Ubicacion,4121,CONECTA_CON,Ubicacion,1149,8.83,11.61
Ubicacion,4121,CONECTA_CON,Ubicacion,1015,9.61,14.88
Ubicacion,4122,CONECTA_CON,Ubicacion,1987,8.94,9.76
Ubicacion,4122,CONECTA_CON,Ubicacion,2511,5.67,11.09
Ubicacion,4122,CONECTA_CON,Ubicacion,4789,1.81,3.53
Ubicacion,4123,CONECTA_CON,Ubicacion,1036,7.49,19.91
Ubicacion,4123,CONECTA_CON,Ubicacion,185,1.8,4.46
Ubicacion,4123,CONECTA_CON,Ubicacion,4540,1.37,2.33
Ubicacion,4124,CONECTA_CON,Ubicacion,2651,1.65,2.19
Ubicacion,4124,CONECTA_CON,Ubicacion,1311,8.02,9.34
Ubicacion,4124,CONECTA_CON,Ubicacion,4423,4.62,8.21
Ubicacion,4125,CONECTA_CON,Ubicacion,4940,1.02,2.19
Ubicacion,4125,CONECTA_CON,Ubicacion,1199,4.04,8.82
Ubicacion,4125,CONECTA_CON,Ubicacion,2891,0.94,1.6
Ubicacion,4126,CONECTA_CON,Ubicacion,3675,4.38,4.44
Ubicacion,4126,CONECTA_CON,Ubicacion,358,1.94,3.15
Ubicacion,4126,CONECTA_CON,Ubicacion,1844,7.89,8.03
Ubicacion,4127,CONECTA_CON,Ubicacion,902,5.71,7.9
Ubicacion,4127,CONECTA_CON,Ubicacion,967,5.81,14.03
Ubicacion,4127,CONECTA_CON,Ubicacion,1316,7.57,8.79
Ubicacion,4128,CONECTA_CON,Ubicacion,4505,8.26,8.59
Ubicacion,4128,CONECTA_CON,Ubicacion,606,8.65,10.37
Ubicacion,4128,CONECTA_CON,Ubicacion,3177,3.23,3.32
Ubicacion,4129,CONECTA_CON,Ubicacion,1300,4.7,5.17
Ubicacion,4129,CONECTA_CON,Ubicacion,3244,0.95,1.07
Ubicacion,4129,CONECTA_CON,Ubicacion,1018,3.38,5.03
Ubicacion,4130,CONECTA_CON,Ubicacion,3750,7.73,8.18
Ubicacion,4130,CONECTA_CON,Ubicacion,3246,8.09,10.45
Ubicacion,4130,CONECTA_CON,Ubicacion,3000,8.13,17.46
Ubicacion,4131,CONECTA_CON,Ubicacion,2073,0.97,1.19
Ubicacion,4131,CONECTA_CON,Ubicacion,2673,0.67,0.85
Ubicacion,4131,CONECTA_CON,Ubicacion,1905,7.54,8.73
Ubicacion,4132,CONECTA_CON,Ubicacion,1669,0.66,0.71
Ubicacion,4132,CONECTA_CON,Ubicacion,4615,1.16,1.36
Ubicacion,4132,CONECTA_CON,Ubicacion,3446,9.89,15.87
Ubicacion,4133,CONECTA_CON,Ubicacion,3716,4.26,6.68
Ubicacion,4133,CONECTA_CON,Ubicacion,1403,7.91,11.83
Ubicacion,4133,CONECTA_CON,Ubicacion,4313,2.37,3.55
Ubicacion,4134,CONECTA_CON,Ubicacion,3359,4.47,7.98
Ubicacion,4134,CONECTA_CON,Ubicacion,1103,4.8,7.27
Ubicacion,4134,CONECTA_CON,Ubicacion,1599,9.54,11.95
Ubicacion,4135,CONECTA_CON,Ubicacion,1758,7.69,10.12
Ubicacion,4135,CONECTA_CON,Ubicacion,3344,7.21,8.46
Ubicacion,4135,CONECTA_CON,Ubicacion,3438,9.8,19.37
Ubicacion,4136,CONECTA_CON,Ubicacion,1608,1.48,2.0
Ubicacion,4136,CONECTA_CON,Ubicacion,3501,2.77,2.97
Ubicacion,4136,CONECTA_CON,Ubicacion,2453,1.84,4.18
Ubicacion,4137,CONECTA_CON,Ubicacion,2909,3.84,4.69
Ubicacion,4137,CONECTA_CON,Ubicacion,2618,2.33,4.89
Ubicacion,4137,CONECTA_CON,Ubicacion,2223,9.32,14.01
Ubicacion,4138,CONECTA_CON,Ubicacion,2653,6.87,7.77
Ubicacion,4138,CONECTA_CON,Ubicacion,300,9.62,18.41
Ubicacion,4138,CONECTA_CON,Ubicacion,481,7.92,15.28
Ubicacion,4139,CONECTA_CON,Ubicacion,3241,7.07,12.0
Ubicacion,4139,CONECTA_CON,Ubicacion,3816,5.64,10.96
Ubicacion,4139,CONECTA_CON,Ubicacion,3021,3.72,7.16
Ubicacion,4140,CONECTA_CON,Ubicacion,3437,2.23,4.59
Ubicacion,4140,CONECTA_CON,Ubicacion,2268,4.16,6.48
Ubicacion,4140,CONECTA_CON,Ubicacion,4829,1.23,3.24
Ubicacion,4141,CONECTA_CON,Ubicacion,3058,3.22,4.24
Ubicacion,4141,CONECTA_CON,Ubicacion,1203,2.01,4.58
Ubicacion,4141,CONECTA_CON,Ubicacion,1834,1.57,2.14
Ubicacion,4142,CONECTA_CON,Ubicacion,1659,9.44,11.52
Ubicacion,4142,CONECTA_CON,Ubicacion,4184,8.02,20.73
Ubicacion,4142,CONECTA_CON,Ubicacion,1697,0.61,0.61
Ubicacion,4143,CONECTA_CON,Ubicacion,4305,4.59,11.64
Ubicacion,4143,CONECTA_CON,Ubicacion,2090,3.96,4.16
Ubicacion,4143,CONECTA_CON,Ubicacion,1217,7.61,10.13
Ubicacion,4144,CONECTA_CON,Ubicacion,3087,1.91,2.05
Ubicacion,4144,CONECTA_CON,Ubicacion,2184,8.88,10.37
Ubicacion,4144,CONECTA_CON,Ubicacion,3138,1.48,1.66
Ubicacion,4145,CONECTA_CON,Ubicacion,630,2.84,2.96
Ubicacion,4145,CONECTA_CON,Ubicacion,2322,3.56,5.32
Ubicacion,4145,CONECTA_CON,Ubicacion,4184,1.51,3.74
Ubicacion,4146,CONECTA_CON,Ubicacion,4961,5.24,9.05
Ubicacion,4146,CONECTA_CON,Ubicacion,1314,9.88,18.71
Ubicacion,4146,CONECTA_CON,Ubicacion,1970,1.34,3.44
Ubicacion,4147,CONECTA_CON,Ubicacion,869,9.54,14.83
Ubicacion,4147,CONECTA_CON,Ubicacion,3702,6.44,14.96
Ubicacion,4147,CONECTA_CON,Ubicacion,570,2.33,2.61
Ubicacion,4148,CONECTA_CON,Ubicacion,4280,3.97,9.25
Ubicacion,4148,CONECTA_CON,Ubicacion,1371,5.33,5.97
Ubicacion,4148,CONECTA_CON,Ubicacion,1090,8.83,26.1
Ubicacion,4149,CONECTA_CON,Ubicacion,4642,3.34,9.21
Ubicacion,4149,CONECTA_CON,Ubicacion,1884,7.01,10.72
Ubicacion,4149,CONECTA_CON,Ubicacion,3766,2.21,2.41
Ubicacion,4150,CONECTA_CON,Ubicacion,337,2.75,5.3
Ubicacion,4150,CONECTA_CON,Ubicacion,2727,1.75,2.27
Ubicacion,4150,CONECTA_CON,Ubicacion,4015,9.15,20.55
Ubicacion,4151,CONECTA_CON,Ubicacion,2433,9.48,10.56
Ubicacion,4151,CONECTA_CON,Ubicacion,4647,7.12,7.58
Ubicacion,4151,CONECTA_CON,Ubicacion,2089,2.19,3.13
Ubicacion,4152,CONECTA_CON,Ubicacion,1129,4.75,4.88
Ubicacion,4152,CONECTA_CON,Ubicacion,2107,1.29,2.7
Ubicacion,4152,CONECTA_CON,Ubicacion,121,2.86,3.97
Ubicacion,4153,CONECTA_CON,Ubicacion,2653,5.51,7.37
Ubicacion,4153,CONECTA_CON,Ubicacion,1678,9.72,16.35
Ubicacion,4153,CONECTA_CON,Ubicacion,3058,7.37,9.52
Ubicacion,4154,CONECTA_CON,Ubicacion,34,8.38,8.64
Ubicacion,4154,CONECTA_CON,Ubicacion,3181,6.46,7.29
Ubicacion,4154,CONECTA_CON,Ubicacion,2844,9.83,10.55
Ubicacion,4155,CONECTA_CON,Ubicacion,4662,8.02,8.23
Ubicacion,4155,CONECTA_CON,Ubicacion,459,3.92,4.46
Ubicacion,4155,CONECTA_CON,Ubicacion,1070,6.04,15.89
Ubicacion,4156,CONECTA_CON,Ubicacion,3648,0.94,1.36
Ubicacion,4156,CONECTA_CON,Ubicacion,3528,7.78,8.96
Ubicacion,4156,CONECTA_CON,Ubicacion,603,6.3,8.06
Ubicacion,4157,CONECTA_CON,Ubicacion,209,4.91,7.76
Ubicacion,4157,CONECTA_CON,Ubicacion,1373,5.87,6.84
Ubicacion,4157,CONECTA_CON,Ubicacion,64,8.61,12.8
Ubicacion,4158,CONECTA_CON,Ubicacion,2121,8.61,16.21
Ubicacion,4158,CONECTA_CON,Ubicacion,2702,2.27,2.79
Ubicacion,4158,CONECTA_CON,Ubicacion,4028,2.03,2.15
Ubicacion,4159,CONECTA_CON,Ubicacion,412,2.43,3.03
Ubicacion,4159,CONECTA_CON,Ubicacion,3956,4.89,6.19
Ubicacion,4159,CONECTA_CON,Ubicacion,1725,9.18,16.45
Ubicacion,4160,CONECTA_CON,Ubicacion,106,8.13,16.18
Ubicacion,4160,CONECTA_CON,Ubicacion,953,3.03,5.25
Ubicacion,4160,CONECTA_CON,Ubicacion,1176,5.09,5.85
Ubicacion,4161,CONECTA_CON,Ubicacion,2989,6.01,6.99
Ubicacion,4161,CONECTA_CON,Ubicacion,700,6.04,6.74
Ubicacion,4161,CONECTA_CON,Ubicacion,2115,8.97,15.1
Ubicacion,4162,CONECTA_CON,Ubicacion,132,9.38,25.65
Ubicacion,4162,CONECTA_CON,Ubicacion,4963,3.01,5.26
Ubicacion,4162,CONECTA_CON,Ubicacion,625,5.51,8.26
Ubicacion,4163,CONECTA_CON,Ubicacion,3094,4.91,7.8
Ubicacion,4163,CONECTA_CON,Ubicacion,1089,0.72,1.95
Ubicacion,4163,CONECTA_CON,Ubicacion,3336,0.65,1.53
Ubicacion,4164,CONECTA_CON,Ubicacion,4015,4.85,10.36
Ubicacion,4164,CONECTA_CON,Ubicacion,2114,7.24,10.15
Ubicacion,4164,CONECTA_CON,Ubicacion,3121,2.14,2.99
Ubicacion,4165,CONECTA_CON,Ubicacion,2434,4.5,11.16
Ubicacion,4165,CONECTA_CON,Ubicacion,3345,4.55,7.82
Ubicacion,4165,CONECTA_CON,Ubicacion,4410,2.98,5.89
Ubicacion,4166,CONECTA_CON,Ubicacion,3156,9.38,18.03
Ubicacion,4166,CONECTA_CON,Ubicacion,2046,5.02,9.24
Ubicacion,4166,CONECTA_CON,Ubicacion,2298,9.04,11.6
Ubicacion,4167,CONECTA_CON,Ubicacion,3597,4.13,5.34
Ubicacion,4167,CONECTA_CON,Ubicacion,403,1.16,1.82
Ubicacion,4167,CONECTA_CON,Ubicacion,345,8.05,24.02
Ubicacion,4168,CONECTA_CON,Ubicacion,781,2.66,2.75
Ubicacion,4168,CONECTA_CON,Ubicacion,2608,3.19,4.13
Ubicacion,4168,CONECTA_CON,Ubicacion,3612,7.7,9.91
Ubicacion,4169,CONECTA_CON,Ubicacion,4741,3.63,3.95
Ubicacion,4169,CONECTA_CON,Ubicacion,4343,1.73,2.45
Ubicacion,4169,CONECTA_CON,Ubicacion,4504,8.57,18.35
Ubicacion,4170,CONECTA_CON,Ubicacion,3912,5.2,6.5
Ubicacion,4170,CONECTA_CON,Ubicacion,4947,6.26,8.71
Ubicacion,4170,CONECTA_CON,Ubicacion,1981,2.85,3.67
Ubicacion,4171,CONECTA_CON,Ubicacion,4645,1.28,2.38
Ubicacion,4171,CONECTA_CON,Ubicacion,620,4.02,5.53
Ubicacion,4171,CONECTA_CON,Ubicacion,3099,8.29,11.94
Ubicacion,4172,CONECTA_CON,Ubicacion,996,3.55,4.97
Ubicacion,4172,CONECTA_CON,Ubicacion,3128,8.73,18.71
Ubicacion,4172,CONECTA_CON,Ubicacion,2912,2.46,2.96
Ubicacion,4173,CONECTA_CON,Ubicacion,4565,2.42,4.45
Ubicacion,4173,CONECTA_CON,Ubicacion,2393,6.04,8.22
Ubicacion,4173,CONECTA_CON,Ubicacion,2290,2.34,2.96
Ubicacion,4174,CONECTA_CON,Ubicacion,1968,8.0,11.55
Ubicacion,4174,CONECTA_CON,Ubicacion,1609,3.54,4.39
Ubicacion,4174,CONECTA_CON,Ubicacion,2404,0.65,1.75
Ubicacion,4175,CONECTA_CON,Ubicacion,4436,5.78,9.4
Ubicacion,4175,CONECTA_CON,Ubicacion,3188,4.15,8.57
Ubicacion,4175,CONECTA_CON,Ubicacion,1706,6.99,18.06
Ubicacion,4176,CONECTA_CON,Ubicacion,3810,1.06,1.29
Ubicacion,4176,CONECTA_CON,Ubicacion,1725,5.89,14.23
Ubicacion,4176,CONECTA_CON,Ubicacion,3227,0.93,1.62
Ubicacion,4177,CONECTA_CON,Ubicacion,3165,6.89,12.49
Ubicacion,4177,CONECTA_CON,Ubicacion,3695,2.84,3.86
Ubicacion,4177,CONECTA_CON,Ubicacion,2953,4.62,9.15
Ubicacion,4178,CONECTA_CON,Ubicacion,4722,0.75,2.23
Ubicacion,4178,CONECTA_CON,Ubicacion,2859,4.53,7.89
Ubicacion,4178,CONECTA_CON,Ubicacion,1493,2.34,5.45
Ubicacion,4179,CONECTA_CON,Ubicacion,4588,4.11,7.02
Ubicacion,4179,CONECTA_CON,Ubicacion,3689,4.36,4.75
Ubicacion,4179,CONECTA_CON,Ubicacion,525,1.81,2.36
Ubicacion,4180,CONECTA_CON,Ubicacion,2357,8.01,14.16
Ubicacion,4180,CONECTA_CON,Ubicacion,2391,8.34,13.67
Ubicacion,4180,CONECTA_CON,Ubicacion,3589,2.59,7.37
Ubicacion,4181,CONECTA_CON,Ubicacion,4147,6.63,17.61
Ubicacion,4181,CONECTA_CON,Ubicacion,1161,9.88,17.76
Ubicacion,4181,CONECTA_CON,Ubicacion,2958,7.5,18.91
Ubicacion,4182,CONECTA_CON,Ubicacion,4324,7.5,10.35
Ubicacion,4182,CONECTA_CON,Ubicacion,4235,6.38,11.12
Ubicacion,4182,CONECTA_CON,Ubicacion,3631,9.69,15.97
Ubicacion,4183,CONECTA_CON,Ubicacion,3845,5.91,8.8
Ubicacion,4183,CONECTA_CON,Ubicacion,3198,0.97,2.04
Ubicacion,4183,CONECTA_CON,Ubicacion,2355,0.86,0.99
Ubicacion,4184,CONECTA_CON,Ubicacion,1868,3.69,6.37
Ubicacion,4184,CONECTA_CON,Ubicacion,3736,9.09,11.99
Ubicacion,4184,CONECTA_CON,Ubicacion,3894,7.54,20.69
Ubicacion,4185,CONECTA_CON,Ubicacion,1827,2.05,3.05
Ubicacion,4185,CONECTA_CON,Ubicacion,222,5.64,6.78
Ubicacion,4185,CONECTA_CON,Ubicacion,2051,2.67,3.2
Ubicacion,4186,CONECTA_CON,Ubicacion,4198,4.49,13.45
Ubicacion,4186,CONECTA_CON,Ubicacion,2355,2.57,2.66
Ubicacion,4186,CONECTA_CON,Ubicacion,4522,4.19,8.04
Ubicacion,4187,CONECTA_CON,Ubicacion,4685,8.75,18.24
Ubicacion,4187,CONECTA_CON,Ubicacion,4005,3.18,6.12
Ubicacion,4187,CONECTA_CON,Ubicacion,4354,9.52,16.5
Ubicacion,4188,CONECTA_CON,Ubicacion,1058,7.08,7.27
Ubicacion,4188,CONECTA_CON,Ubicacion,420,5.84,8.49
Ubicacion,4188,CONECTA_CON,Ubicacion,1414,7.33,8.7
Ubicacion,4189,CONECTA_CON,Ubicacion,1964,5.13,5.6
Ubicacion,4189,CONECTA_CON,Ubicacion,19,5.85,6.05
Ubicacion,4189,CONECTA_CON,Ubicacion,2325,5.8,5.86
Ubicacion,4190,CONECTA_CON,Ubicacion,4588,8.59,18.38
Ubicacion,4190,CONECTA_CON,Ubicacion,4226,5.92,8.82
Ubicacion,4190,CONECTA_CON,Ubicacion,3608,3.05,4.64
Ubicacion,4191,CONECTA_CON,Ubicacion,4249,7.41,14.68
Ubicacion,4191,CONECTA_CON,Ubicacion,1646,6.37,13.85
Ubicacion,4191,CONECTA_CON,Ubicacion,249,6.73,7.85
Ubicacion,4192,CONECTA_CON,Ubicacion,708,1.51,1.88
Ubicacion,4192,CONECTA_CON,Ubicacion,3358,4.97,9.81
Ubicacion,4192,CONECTA_CON,Ubicacion,735,0.91,1.1
Ubicacion,4193,CONECTA_CON,Ubicacion,4812,1.02,1.72
Ubicacion,4193,CONECTA_CON,Ubicacion,3761,6.52,7.39
Ubicacion,4193,CONECTA_CON,Ubicacion,2933,8.28,14.8
Ubicacion,4194,CONECTA_CON,Ubicacion,2066,2.76,4.48
Ubicacion,4194,CONECTA_CON,Ubicacion,3357,8.3,16.99
Ubicacion,4194,CONECTA_CON,Ubicacion,2676,3.69,4.66
Ubicacion,4195,CONECTA_CON,Ubicacion,3198,6.6,7.85
Ubicacion,4195,CONECTA_CON,Ubicacion,139,5.62,10.13
Ubicacion,4195,CONECTA_CON,Ubicacion,417,1.62,2.23
Ubicacion,4196,CONECTA_CON,Ubicacion,4640,7.09,8.48
Ubicacion,4196,CONECTA_CON,Ubicacion,3113,3.68,6.96
Ubicacion,4196,CONECTA_CON,Ubicacion,1290,9.52,21.8
Ubicacion,4197,CONECTA_CON,Ubicacion,3510,2.83,2.95
Ubicacion,4197,CONECTA_CON,Ubicacion,1486,6.73,7.93
Ubicacion,4197,CONECTA_CON,Ubicacion,3276,4.09,10.07
Ubicacion,4198,CONECTA_CON,Ubicacion,902,8.32,11.84
Ubicacion,4198,CONECTA_CON,Ubicacion,3050,9.93,27.54
Ubicacion,4198,CONECTA_CON,Ubicacion,4514,9.77,22.46
Ubicacion,4199,CONECTA_CON,Ubicacion,4387,9.77,10.37
Ubicacion,4199,CONECTA_CON,Ubicacion,3789,5.4,7.11
Ubicacion,4199,CONECTA_CON,Ubicacion,3301,5.02,5.77
Ubicacion,4200,CONECTA_CON,Ubicacion,3219,6.14,11.44
Ubicacion,4200,CONECTA_CON,Ubicacion,1182,6.65,6.96
Ubicacion,4200,CONECTA_CON,Ubicacion,1573,5.75,7.96
Ubicacion,4201,CONECTA_CON,Ubicacion,4381,7.85,7.93
Ubicacion,4201,CONECTA_CON,Ubicacion,3228,2.82,4.09
Ubicacion,4201,CONECTA_CON,Ubicacion,3563,6.83,17.51
Ubicacion,4202,CONECTA_CON,Ubicacion,2076,0.95,1.27
Ubicacion,4202,CONECTA_CON,Ubicacion,1739,5.88,8.92
Ubicacion,4202,CONECTA_CON,Ubicacion,703,5.73,6.67
Ubicacion,4203,CONECTA_CON,Ubicacion,246,3.89,4.59
Ubicacion,4203,CONECTA_CON,Ubicacion,2684,8.27,11.16
Ubicacion,4203,CONECTA_CON,Ubicacion,1066,7.54,8.49
Ubicacion,4204,CONECTA_CON,Ubicacion,4871,1.99,3.04
Ubicacion,4204,CONECTA_CON,Ubicacion,3980,3.48,7.92
Ubicacion,4204,CONECTA_CON,Ubicacion,2371,5.05,5.38
Ubicacion,4205,CONECTA_CON,Ubicacion,2199,7.76,12.53
Ubicacion,4205,CONECTA_CON,Ubicacion,2129,7.38,11.71
Ubicacion,4205,CONECTA_CON,Ubicacion,1443,7.92,21.0
Ubicacion,4206,CONECTA_CON,Ubicacion,3185,1.98,3.9
Ubicacion,4206,CONECTA_CON,Ubicacion,3760,7.15,9.01
Ubicacion,4206,CONECTA_CON,Ubicacion,2625,2.55,3.14
Ubicacion,4207,CONECTA_CON,Ubicacion,3514,5.19,6.35
Ubicacion,4207,CONECTA_CON,Ubicacion,3683,1.57,3.89
Ubicacion,4207,CONECTA_CON,Ubicacion,1110,6.02,6.47
Ubicacion,4208,CONECTA_CON,Ubicacion,2993,3.16,4.6
Ubicacion,4208,CONECTA_CON,Ubicacion,4318,5.95,13.69
Ubicacion,4208,CONECTA_CON,Ubicacion,3838,6.66,9.92
Ubicacion,4209,CONECTA_CON,Ubicacion,2448,8.11,18.82
Ubicacion,4209,CONECTA_CON,Ubicacion,1141,1.98,3.32
Ubicacion,4209,CONECTA_CON,Ubicacion,2558,4.95,8.55
Ubicacion,4210,CONECTA_CON,Ubicacion,2982,2.78,5.0
Ubicacion,4210,CONECTA_CON,Ubicacion,4899,8.9,17.67
Ubicacion,4210,CONECTA_CON,Ubicacion,2474,9.79,10.49
Ubicacion,4211,CONECTA_CON,Ubicacion,4692,3.9,4.89
Ubicacion,4211,CONECTA_CON,Ubicacion,4133,6.65,6.94
Ubicacion,4211,CONECTA_CON,Ubicacion,4730,8.08,16.96
Ubicacion,4212,CONECTA_CON,Ubicacion,1357,7.12,15.73
Ubicacion,4212,CONECTA_CON,Ubicacion,1329,5.12,5.79
Ubicacion,4212,CONECTA_CON,Ubicacion,2654,9.45,11.2
Ubicacion,4213,CONECTA_CON,Ubicacion,2573,4.08,5.77
Ubicacion,4213,CONECTA_CON,Ubicacion,1345,2.81,3.89
Ubicacion,4213,CONECTA_CON,Ubicacion,8,1.16,2.17
Ubicacion,4214,CONECTA_CON,Ubicacion,4921,6.48,12.41
Ubicacion,4214,CONECTA_CON,Ubicacion,927,7.55,21.8
Ubicacion,4214,CONECTA_CON,Ubicacion,3310,2.14,2.15
Ubicacion,4215,CONECTA_CON,Ubicacion,1806,6.26,8.57
Ubicacion,4215,CONECTA_CON,Ubicacion,3813,4.77,6.62
Ubicacion,4215,CONECTA_CON,Ubicacion,2332,8.6,9.3
Ubicacion,4216,CONECTA_CON,Ubicacion,1791,5.56,9.35
Ubicacion,4216,CONECTA_CON,Ubicacion,2203,5.16,8.83
Ubicacion,4216,CONECTA_CON,Ubicacion,2976,2.23,6.42
Ubicacion,4217,CONECTA_CON,Ubicacion,3950,9.55,11.33
Ubicacion,4217,CONECTA_CON,Ubicacion,429,9.84,24.63
Ubicacion,4217,CONECTA_CON,Ubicacion,4504,1.25,3.17
Ubicacion,4218,CONECTA_CON,Ubicacion,4382,5.46,5.87
Ubicacion,4218,CONECTA_CON,Ubicacion,801,0.86,1.06
Ubicacion,4218,CONECTA_CON,Ubicacion,265,1.33,1.81
Ubicacion,4219,CONECTA_CON,Ubicacion,4915,5.21,11.19
Ubicacion,4219,CONECTA_CON,Ubicacion,1395,0.87,0.97
Ubicacion,4219,CONECTA_CON,Ubicacion,531,8.73,12.2
Ubicacion,4220,CONECTA_CON,Ubicacion,2385,6.62,9.61
Ubicacion,4220,CONECTA_CON,Ubicacion,3606,8.89,15.28
Ubicacion,4220,CONECTA_CON,Ubicacion,973,5.06,7.09
Ubicacion,4221,CONECTA_CON,Ubicacion,2598,8.24,9.28
Ubicacion,4221,CONECTA_CON,Ubicacion,269,7.88,10.09
Ubicacion,4221,CONECTA_CON,Ubicacion,4537,9.87,20.52
Ubicacion,4222,CONECTA_CON,Ubicacion,1258,0.78,0.99
Ubicacion,4222,CONECTA_CON,Ubicacion,4413,3.9,5.54
Ubicacion,4222,CONECTA_CON,Ubicacion,1216,2.91,5.58
Ubicacion,4223,CONECTA_CON,Ubicacion,1027,7.95,15.48
Ubicacion,4223,CONECTA_CON,Ubicacion,3046,6.87,10.5
Ubicacion,4223,CONECTA_CON,Ubicacion,3942,7.65,10.61
Ubicacion,4224,CONECTA_CON,Ubicacion,179,6.85,9.31
Ubicacion,4224,CONECTA_CON,Ubicacion,2069,6.76,12.36
Ubicacion,4224,CONECTA_CON,Ubicacion,3646,8.34,9.77
Ubicacion,4225,CONECTA_CON,Ubicacion,929,9.44,22.96
Ubicacion,4225,CONECTA_CON,Ubicacion,3464,9.69,29.02
Ubicacion,4225,CONECTA_CON,Ubicacion,326,8.71,15.68
Ubicacion,4226,CONECTA_CON,Ubicacion,4833,2.22,4.24
Ubicacion,4226,CONECTA_CON,Ubicacion,3340,5.33,6.78
Ubicacion,4226,CONECTA_CON,Ubicacion,358,8.99,21.75
Ubicacion,4227,CONECTA_CON,Ubicacion,1596,4.67,9.72
Ubicacion,4227,CONECTA_CON,Ubicacion,1254,6.35,7.03
Ubicacion,4227,CONECTA_CON,Ubicacion,3371,1.97,3.35
Ubicacion,4228,CONECTA_CON,Ubicacion,2872,5.4,5.71
Ubicacion,4228,CONECTA_CON,Ubicacion,4204,3.2,4.59
Ubicacion,4228,CONECTA_CON,Ubicacion,2688,6.45,10.89
Ubicacion,4229,CONECTA_CON,Ubicacion,1726,8.01,11.98
Ubicacion,4229,CONECTA_CON,Ubicacion,1469,3.12,5.11
Ubicacion,4229,CONECTA_CON,Ubicacion,4984,4.71,13.19
Ubicacion,4230,CONECTA_CON,Ubicacion,4633,8.17,8.24
Ubicacion,4230,CONECTA_CON,Ubicacion,4732,3.79,10.61
Ubicacion,4230,CONECTA_CON,Ubicacion,1154,8.9,18.19
Ubicacion,4231,CONECTA_CON,Ubicacion,3846,3.73,3.74
Ubicacion,4231,CONECTA_CON,Ubicacion,2524,3.44,3.95
Ubicacion,4231,CONECTA_CON,Ubicacion,4562,9.08,10.54
Ubicacion,4232,CONECTA_CON,Ubicacion,4241,5.48,5.79
Ubicacion,4232,CONECTA_CON,Ubicacion,1376,8.15,21.39
Ubicacion,4232,CONECTA_CON,Ubicacion,4533,1.05,2.16
Ubicacion,4233,CONECTA_CON,Ubicacion,1005,3.98,5.55
Ubicacion,4233,CONECTA_CON,Ubicacion,1154,1.02,1.35
Ubicacion,4233,CONECTA_CON,Ubicacion,2102,4.6,6.83
Ubicacion,4234,CONECTA_CON,Ubicacion,841,4.16,4.72
Ubicacion,4234,CONECTA_CON,Ubicacion,1807,6.47,7.11
Ubicacion,4234,CONECTA_CON,Ubicacion,748,7.45,8.52
Ubicacion,4235,CONECTA_CON,Ubicacion,889,5.65,7.45
Ubicacion,4235,CONECTA_CON,Ubicacion,1413,4.19,6.17
Ubicacion,4235,CONECTA_CON,Ubicacion,1357,4.32,5.57
Ubicacion,4236,CONECTA_CON,Ubicacion,423,1.55,1.81
Ubicacion,4236,CONECTA_CON,Ubicacion,950,3.35,9.78
Ubicacion,4236,CONECTA_CON,Ubicacion,1104,7.67,15.43
Ubicacion,4237,CONECTA_CON,Ubicacion,2103,4.72,13.53
Ubicacion,4237,CONECTA_CON,Ubicacion,1478,9.82,11.08
Ubicacion,4237,CONECTA_CON,Ubicacion,4771,8.57,16.27
Ubicacion,4238,CONECTA_CON,Ubicacion,1953,1.8,3.9
Ubicacion,4238,CONECTA_CON,Ubicacion,3617,1.09,2.67
Ubicacion,4238,CONECTA_CON,Ubicacion,768,9.0,9.02
Ubicacion,4239,CONECTA_CON,Ubicacion,247,2.79,2.8
Ubicacion,4239,CONECTA_CON,Ubicacion,3923,0.75,1.46
Ubicacion,4239,CONECTA_CON,Ubicacion,366,0.85,0.87
Ubicacion,4240,CONECTA_CON,Ubicacion,2463,9.15,19.83
Ubicacion,4240,CONECTA_CON,Ubicacion,326,0.81,0.82
Ubicacion,4240,CONECTA_CON,Ubicacion,2033,6.62,12.95
Ubicacion,4241,CONECTA_CON,Ubicacion,3351,3.3,5.69
Ubicacion,4241,CONECTA_CON,Ubicacion,1228,4.76,9.67
Ubicacion,4241,CONECTA_CON,Ubicacion,1611,7.68,15.58
Ubicacion,4242,CONECTA_CON,Ubicacion,184,1.68,2.07
Ubicacion,4242,CONECTA_CON,Ubicacion,3625,1.64,2.46
Ubicacion,4242,CONECTA_CON,Ubicacion,1779,9.97,21.17
Ubicacion,4243,CONECTA_CON,Ubicacion,4041,5.63,14.88
Ubicacion,4243,CONECTA_CON,Ubicacion,3888,2.68,2.76
Ubicacion,4243,CONECTA_CON,Ubicacion,1902,1.0,2.12
Ubicacion,4244,CONECTA_CON,Ubicacion,502,0.54,0.55
Ubicacion,4244,CONECTA_CON,Ubicacion,1206,9.37,10.67
Ubicacion,4244,CONECTA_CON,Ubicacion,4207,3.52,3.58
Ubicacion,4245,CONECTA_CON,Ubicacion,3055,0.7,1.7
Ubicacion,4245,CONECTA_CON,Ubicacion,2659,3.5,3.57
Ubicacion,4245,CONECTA_CON,Ubicacion,94,7.74,9.69
Ubicacion,4246,CONECTA_CON,Ubicacion,2724,1.26,1.83
Ubicacion,4246,CONECTA_CON,Ubicacion,2745,3.74,9.61
Ubicacion,4246,CONECTA_CON,Ubicacion,198,5.29,14.66
Ubicacion,4247,CONECTA_CON,Ubicacion,4520,3.0,5.77
Ubicacion,4247,CONECTA_CON,Ubicacion,3667,7.06,8.35
Ubicacion,4247,CONECTA_CON,Ubicacion,4506,8.28,12.22
Ubicacion,4248,CONECTA_CON,Ubicacion,2815,7.44,9.03
Ubicacion,4248,CONECTA_CON,Ubicacion,774,3.64,5.1
Ubicacion,4248,CONECTA_CON,Ubicacion,4364,6.68,16.76
Ubicacion,4249,CONECTA_CON,Ubicacion,2061,8.26,10.38
Ubicacion,4249,CONECTA_CON,Ubicacion,2691,6.66,8.86
Ubicacion,4249,CONECTA_CON,Ubicacion,3344,2.57,3.56
Ubicacion,4250,CONECTA_CON,Ubicacion,4080,5.84,7.41
Ubicacion,4250,CONECTA_CON,Ubicacion,4252,6.73,7.72
Ubicacion,4250,CONECTA_CON,Ubicacion,2704,4.38,4.61
Ubicacion,4251,CONECTA_CON,Ubicacion,3487,5.51,6.92
Ubicacion,4251,CONECTA_CON,Ubicacion,4832,4.55,6.87
Ubicacion,4251,CONECTA_CON,Ubicacion,1077,2.58,3.19
Ubicacion,4252,CONECTA_CON,Ubicacion,2009,6.15,11.2
Ubicacion,4252,CONECTA_CON,Ubicacion,1827,6.71,10.18
Ubicacion,4252,CONECTA_CON,Ubicacion,2873,2.43,4.6
Ubicacion,4253,CONECTA_CON,Ubicacion,1384,8.76,15.77
Ubicacion,4253,CONECTA_CON,Ubicacion,3427,3.56,4.03
Ubicacion,4253,CONECTA_CON,Ubicacion,153,2.52,3.05
Ubicacion,4254,CONECTA_CON,Ubicacion,807,4.67,10.5
Ubicacion,4254,CONECTA_CON,Ubicacion,4312,1.64,4.38
Ubicacion,4254,CONECTA_CON,Ubicacion,960,7.11,7.24
Ubicacion,4255,CONECTA_CON,Ubicacion,361,1.79,2.57
Ubicacion,4255,CONECTA_CON,Ubicacion,2237,7.28,9.02
Ubicacion,4255,CONECTA_CON,Ubicacion,4203,6.91,10.5
Ubicacion,4256,CONECTA_CON,Ubicacion,3117,3.96,4.75
Ubicacion,4256,CONECTA_CON,Ubicacion,4633,2.81,4.0
Ubicacion,4256,CONECTA_CON,Ubicacion,4476,7.96,9.81
Ubicacion,4257,CONECTA_CON,Ubicacion,1310,2.06,3.09
Ubicacion,4257,CONECTA_CON,Ubicacion,2471,0.71,1.24
Ubicacion,4257,CONECTA_CON,Ubicacion,2628,0.9,1.5
Ubicacion,4258,CONECTA_CON,Ubicacion,3278,3.52,4.83
Ubicacion,4258,CONECTA_CON,Ubicacion,547,6.02,7.61
Ubicacion,4258,CONECTA_CON,Ubicacion,454,9.65,15.31
Ubicacion,4259,CONECTA_CON,Ubicacion,3920,9.47,12.44
Ubicacion,4259,CONECTA_CON,Ubicacion,4020,2.64,4.64
Ubicacion,4259,CONECTA_CON,Ubicacion,2414,7.67,8.09
Ubicacion,4260,CONECTA_CON,Ubicacion,755,6.21,8.28
Ubicacion,4260,CONECTA_CON,Ubicacion,3461,5.06,5.8
Ubicacion,4260,CONECTA_CON,Ubicacion,1936,6.5,15.5
Ubicacion,4261,CONECTA_CON,Ubicacion,2463,7.81,15.66
Ubicacion,4261,CONECTA_CON,Ubicacion,1709,7.19,9.14
Ubicacion,4261,CONECTA_CON,Ubicacion,929,3.8,4.6
Ubicacion,4262,CONECTA_CON,Ubicacion,4525,8.36,9.17
Ubicacion,4262,CONECTA_CON,Ubicacion,4327,4.02,4.07
Ubicacion,4262,CONECTA_CON,Ubicacion,807,8.8,16.08
Ubicacion,4263,CONECTA_CON,Ubicacion,2989,1.74,3.32
Ubicacion,4263,CONECTA_CON,Ubicacion,723,4.11,8.05
Ubicacion,4263,CONECTA_CON,Ubicacion,552,1.47,1.68
Ubicacion,4264,CONECTA_CON,Ubicacion,1783,2.16,5.35
Ubicacion,4264,CONECTA_CON,Ubicacion,442,1.0,1.49
Ubicacion,4264,CONECTA_CON,Ubicacion,2267,8.27,11.04
Ubicacion,4265,CONECTA_CON,Ubicacion,1419,9.85,17.39
Ubicacion,4265,CONECTA_CON,Ubicacion,3888,1.13,1.27
Ubicacion,4265,CONECTA_CON,Ubicacion,854,8.21,10.63
Ubicacion,4266,CONECTA_CON,Ubicacion,4583,1.73,2.25
Ubicacion,4266,CONECTA_CON,Ubicacion,2281,5.13,8.27
Ubicacion,4266,CONECTA_CON,Ubicacion,3255,4.77,10.37
Ubicacion,4267,CONECTA_CON,Ubicacion,4986,1.64,2.16
Ubicacion,4267,CONECTA_CON,Ubicacion,473,9.48,10.78
Ubicacion,4267,CONECTA_CON,Ubicacion,464,1.27,3.29
Ubicacion,4268,CONECTA_CON,Ubicacion,606,6.58,11.39
Ubicacion,4268,CONECTA_CON,Ubicacion,2659,6.44,7.83
Ubicacion,4268,CONECTA_CON,Ubicacion,1374,3.93,6.68
Ubicacion,4269,CONECTA_CON,Ubicacion,3033,2.08,4.39
Ubicacion,4269,CONECTA_CON,Ubicacion,1647,8.17,10.88
Ubicacion,4269,CONECTA_CON,Ubicacion,3989,4.44,5.88
Ubicacion,4270,CONECTA_CON,Ubicacion,437,7.92,13.01
Ubicacion,4270,CONECTA_CON,Ubicacion,2802,5.16,10.77
Ubicacion,4270,CONECTA_CON,Ubicacion,4919,10.0,15.08
Ubicacion,4271,CONECTA_CON,Ubicacion,312,0.58,1.0
Ubicacion,4271,CONECTA_CON,Ubicacion,1118,1.99,2.7
Ubicacion,4271,CONECTA_CON,Ubicacion,3671,1.48,1.75
Ubicacion,4272,CONECTA_CON,Ubicacion,804,7.01,16.31
Ubicacion,4272,CONECTA_CON,Ubicacion,4061,4.81,5.76
Ubicacion,4272,CONECTA_CON,Ubicacion,1148,7.06,16.58
Ubicacion,4273,CONECTA_CON,Ubicacion,1258,8.74,19.65
Ubicacion,4273,CONECTA_CON,Ubicacion,80,7.96,14.42
Ubicacion,4273,CONECTA_CON,Ubicacion,86,5.29,5.51
Ubicacion,4274,CONECTA_CON,Ubicacion,4722,6.81,9.71
Ubicacion,4274,CONECTA_CON,Ubicacion,354,6.8,7.35
Ubicacion,4274,CONECTA_CON,Ubicacion,41,2.07,3.06
Ubicacion,4275,CONECTA_CON,Ubicacion,1156,5.16,6.0
Ubicacion,4275,CONECTA_CON,Ubicacion,2739,6.53,6.7
Ubicacion,4275,CONECTA_CON,Ubicacion,4824,5.96,9.74
Ubicacion,4276,CONECTA_CON,Ubicacion,913,4.5,6.09
Ubicacion,4276,CONECTA_CON,Ubicacion,4367,2.65,3.66
Ubicacion,4276,CONECTA_CON,Ubicacion,3220,3.16,5.09
Ubicacion,4277,CONECTA_CON,Ubicacion,3045,1.33,2.56
Ubicacion,4277,CONECTA_CON,Ubicacion,243,6.63,10.63
Ubicacion,4277,CONECTA_CON,Ubicacion,4984,9.18,9.49
Ubicacion,4278,CONECTA_CON,Ubicacion,4432,0.85,0.91
Ubicacion,4278,CONECTA_CON,Ubicacion,4952,7.39,8.09
Ubicacion,4278,CONECTA_CON,Ubicacion,2742,9.13,22.6
Ubicacion,4279,CONECTA_CON,Ubicacion,427,1.1,1.29
Ubicacion,4279,CONECTA_CON,Ubicacion,1887,9.89,19.87
Ubicacion,4279,CONECTA_CON,Ubicacion,3887,8.49,8.9
Ubicacion,4280,CONECTA_CON,Ubicacion,3097,5.53,6.35
Ubicacion,4280,CONECTA_CON,Ubicacion,1370,7.23,9.45
Ubicacion,4280,CONECTA_CON,Ubicacion,2004,4.71,14.05
Ubicacion,4281,CONECTA_CON,Ubicacion,3728,3.74,7.05
Ubicacion,4281,CONECTA_CON,Ubicacion,4713,4.63,7.83
Ubicacion,4281,CONECTA_CON,Ubicacion,3474,6.44,10.77
Ubicacion,4282,CONECTA_CON,Ubicacion,4034,5.78,8.13
Ubicacion,4282,CONECTA_CON,Ubicacion,4237,1.09,1.16
Ubicacion,4282,CONECTA_CON,Ubicacion,3790,8.09,16.88
Ubicacion,4283,CONECTA_CON,Ubicacion,3652,9.87,23.56
Ubicacion,4283,CONECTA_CON,Ubicacion,927,7.1,9.83
Ubicacion,4283,CONECTA_CON,Ubicacion,2355,5.19,13.1
Ubicacion,4284,CONECTA_CON,Ubicacion,2470,2.24,3.73
Ubicacion,4284,CONECTA_CON,Ubicacion,4869,7.01,14.81
Ubicacion,4284,CONECTA_CON,Ubicacion,4407,1.54,3.37
Ubicacion,4285,CONECTA_CON,Ubicacion,626,9.47,19.62
Ubicacion,4285,CONECTA_CON,Ubicacion,2417,9.69,17.13
Ubicacion,4285,CONECTA_CON,Ubicacion,1614,2.45,2.49
Ubicacion,4286,CONECTA_CON,Ubicacion,2668,6.84,9.21
Ubicacion,4286,CONECTA_CON,Ubicacion,2753,5.8,11.07
Ubicacion,4286,CONECTA_CON,Ubicacion,2923,1.17,1.27
Ubicacion,4287,CONECTA_CON,Ubicacion,4679,9.17,18.65
Ubicacion,4287,CONECTA_CON,Ubicacion,4864,8.5,25.25
Ubicacion,4287,CONECTA_CON,Ubicacion,917,2.3,2.38
Ubicacion,4288,CONECTA_CON,Ubicacion,4024,5.97,13.12
Ubicacion,4288,CONECTA_CON,Ubicacion,4082,1.33,1.34
Ubicacion,4288,CONECTA_CON,Ubicacion,1346,9.33,9.76
Ubicacion,4289,CONECTA_CON,Ubicacion,733,3.43,6.79
Ubicacion,4289,CONECTA_CON,Ubicacion,2025,8.22,9.09
Ubicacion,4289,CONECTA_CON,Ubicacion,2600,1.37,2.22
Ubicacion,4290,CONECTA_CON,Ubicacion,658,8.6,8.61
Ubicacion,4290,CONECTA_CON,Ubicacion,3805,8.58,11.56
Ubicacion,4290,CONECTA_CON,Ubicacion,2258,7.46,8.63
Ubicacion,4291,CONECTA_CON,Ubicacion,2566,2.21,3.95
Ubicacion,4291,CONECTA_CON,Ubicacion,22,4.16,4.79
Ubicacion,4291,CONECTA_CON,Ubicacion,1110,9.63,14.13
Ubicacion,4292,CONECTA_CON,Ubicacion,1895,7.93,14.68
Ubicacion,4292,CONECTA_CON,Ubicacion,4016,2.82,4.13
Ubicacion,4292,CONECTA_CON,Ubicacion,3677,4.98,5.42
Ubicacion,4293,CONECTA_CON,Ubicacion,2830,3.22,8.41
Ubicacion,4293,CONECTA_CON,Ubicacion,925,2.37,3.91
Ubicacion,4293,CONECTA_CON,Ubicacion,3941,4.3,4.72
Ubicacion,4294,CONECTA_CON,Ubicacion,3144,6.97,19.43
Ubicacion,4294,CONECTA_CON,Ubicacion,1070,2.27,4.2
Ubicacion,4294,CONECTA_CON,Ubicacion,4884,6.92,14.32
Ubicacion,4295,CONECTA_CON,Ubicacion,1262,5.6,7.54
Ubicacion,4295,CONECTA_CON,Ubicacion,3033,5.61,6.45
Ubicacion,4295,CONECTA_CON,Ubicacion,2646,9.31,13.04
Ubicacion,4296,CONECTA_CON,Ubicacion,54,5.06,12.32
Ubicacion,4296,CONECTA_CON,Ubicacion,1909,3.59,3.85
Ubicacion,4296,CONECTA_CON,Ubicacion,1440,7.95,15.21
Ubicacion,4297,CONECTA_CON,Ubicacion,4815,4.99,5.76
Ubicacion,4297,CONECTA_CON,Ubicacion,760,7.96,21.94
Ubicacion,4297,CONECTA_CON,Ubicacion,664,1.77,1.95
Ubicacion,4298,CONECTA_CON,Ubicacion,3216,1.11,1.6
Ubicacion,4298,CONECTA_CON,Ubicacion,1950,4.75,6.29
Ubicacion,4298,CONECTA_CON,Ubicacion,4667,5.78,7.81
Ubicacion,4299,CONECTA_CON,Ubicacion,3380,2.6,4.15
Ubicacion,4299,CONECTA_CON,Ubicacion,399,4.67,5.13
Ubicacion,4299,CONECTA_CON,Ubicacion,1550,8.1,23.02
Ubicacion,4300,CONECTA_CON,Ubicacion,4521,8.21,12.07
Ubicacion,4300,CONECTA_CON,Ubicacion,2050,7.41,21.34
Ubicacion,4300,CONECTA_CON,Ubicacion,1276,5.54,15.66
Ubicacion,4301,CONECTA_CON,Ubicacion,2948,5.97,6.78
Ubicacion,4301,CONECTA_CON,Ubicacion,1040,5.41,5.43
Ubicacion,4301,CONECTA_CON,Ubicacion,3402,2.6,2.6
Ubicacion,4302,CONECTA_CON,Ubicacion,3046,5.02,9.74
Ubicacion,4302,CONECTA_CON,Ubicacion,1490,4.62,11.09
Ubicacion,4302,CONECTA_CON,Ubicacion,2089,7.64,8.74
Ubicacion,4303,CONECTA_CON,Ubicacion,1703,7.81,9.03
Ubicacion,4303,CONECTA_CON,Ubicacion,4240,9.62,12.56
Ubicacion,4303,CONECTA_CON,Ubicacion,1741,8.53,16.12
Ubicacion,4304,CONECTA_CON,Ubicacion,3436,6.28,6.41
Ubicacion,4304,CONECTA_CON,Ubicacion,1456,4.15,7.75
Ubicacion,4304,CONECTA_CON,Ubicacion,2272,9.4,15.04
Ubicacion,4305,CONECTA_CON,Ubicacion,220,9.59,14.98
Ubicacion,4305,CONECTA_CON,Ubicacion,1013,7.44,14.87
Ubicacion,4305,CONECTA_CON,Ubicacion,2536,3.26,8.36
Ubicacion,4306,CONECTA_CON,Ubicacion,4292,2.87,6.95
Ubicacion,4306,CONECTA_CON,Ubicacion,1412,3.09,6.87
Ubicacion,4306,CONECTA_CON,Ubicacion,1522,8.85,22.85
Ubicacion,4307,CONECTA_CON,Ubicacion,4470,3.65,4.66
Ubicacion,4307,CONECTA_CON,Ubicacion,4845,7.21,7.61
Ubicacion,4307,CONECTA_CON,Ubicacion,2542,0.57,1.01
Ubicacion,4308,CONECTA_CON,Ubicacion,4764,1.22,1.61
Ubicacion,4308,CONECTA_CON,Ubicacion,933,9.94,13.23
Ubicacion,4308,CONECTA_CON,Ubicacion,4752,2.84,4.02
Ubicacion,4309,CONECTA_CON,Ubicacion,508,2.5,4.14
Ubicacion,4309,CONECTA_CON,Ubicacion,2025,3.1,6.38
Ubicacion,4309,CONECTA_CON,Ubicacion,897,0.85,0.95
Ubicacion,4310,CONECTA_CON,Ubicacion,2085,3.15,4.07
Ubicacion,4310,CONECTA_CON,Ubicacion,3224,5.77,10.62
Ubicacion,4310,CONECTA_CON,Ubicacion,4410,5.52,11.67
Ubicacion,4311,CONECTA_CON,Ubicacion,3596,1.94,2.11
Ubicacion,4311,CONECTA_CON,Ubicacion,171,7.84,8.75
Ubicacion,4311,CONECTA_CON,Ubicacion,610,0.58,0.93
Ubicacion,4312,CONECTA_CON,Ubicacion,3982,3.44,8.54
Ubicacion,4312,CONECTA_CON,Ubicacion,4175,3.83,6.28
Ubicacion,4312,CONECTA_CON,Ubicacion,819,1.1,2.44
Ubicacion,4313,CONECTA_CON,Ubicacion,1330,8.47,12.84
Ubicacion,4313,CONECTA_CON,Ubicacion,1411,2.5,4.82
Ubicacion,4313,CONECTA_CON,Ubicacion,3120,7.51,11.72
Ubicacion,4314,CONECTA_CON,Ubicacion,1742,8.37,15.41
Ubicacion,4314,CONECTA_CON,Ubicacion,1609,5.97,8.74
Ubicacion,4314,CONECTA_CON,Ubicacion,4556,9.75,24.56
Ubicacion,4315,CONECTA_CON,Ubicacion,3705,6.37,11.12
Ubicacion,4315,CONECTA_CON,Ubicacion,4324,5.78,9.14
Ubicacion,4315,CONECTA_CON,Ubicacion,872,0.81,0.84
Ubicacion,4316,CONECTA_CON,Ubicacion,3626,8.1,17.11
Ubicacion,4316,CONECTA_CON,Ubicacion,4613,2.24,2.3
Ubicacion,4316,CONECTA_CON,Ubicacion,3183,6.43,14.83
Ubicacion,4317,CONECTA_CON,Ubicacion,478,5.17,10.77
Ubicacion,4317,CONECTA_CON,Ubicacion,4635,3.15,5.79
Ubicacion,4317,CONECTA_CON,Ubicacion,1377,6.15,8.63
Ubicacion,4318,CONECTA_CON,Ubicacion,4544,4.4,6.16
Ubicacion,4318,CONECTA_CON,Ubicacion,1177,9.09,11.37
Ubicacion,4318,CONECTA_CON,Ubicacion,4607,0.71,2.12
Ubicacion,4319,CONECTA_CON,Ubicacion,1461,4.14,10.12
Ubicacion,4319,CONECTA_CON,Ubicacion,4126,7.54,11.06
Ubicacion,4319,CONECTA_CON,Ubicacion,1740,3.88,6.11
Ubicacion,4320,CONECTA_CON,Ubicacion,3188,5.37,15.28
Ubicacion,4320,CONECTA_CON,Ubicacion,1296,3.72,4.93
Ubicacion,4320,CONECTA_CON,Ubicacion,2148,6.64,9.49
Ubicacion,4321,CONECTA_CON,Ubicacion,1670,8.69,9.47
Ubicacion,4321,CONECTA_CON,Ubicacion,1056,4.07,7.57
Ubicacion,4321,CONECTA_CON,Ubicacion,371,3.85,4.68
Ubicacion,4322,CONECTA_CON,Ubicacion,3795,9.39,19.47
Ubicacion,4322,CONECTA_CON,Ubicacion,3309,8.55,18.77
Ubicacion,4322,CONECTA_CON,Ubicacion,344,2.43,2.95
Ubicacion,4323,CONECTA_CON,Ubicacion,3947,1.46,1.82
Ubicacion,4323,CONECTA_CON,Ubicacion,638,5.03,6.45
Ubicacion,4323,CONECTA_CON,Ubicacion,4472,5.46,6.48
Ubicacion,4324,CONECTA_CON,Ubicacion,3098,5.69,8.14
Ubicacion,4324,CONECTA_CON,Ubicacion,4908,8.97,13.82
Ubicacion,4324,CONECTA_CON,Ubicacion,4066,8.36,12.01
Ubicacion,4325,CONECTA_CON,Ubicacion,965,4.01,10.75
Ubicacion,4325,CONECTA_CON,Ubicacion,4632,7.64,11.46
Ubicacion,4325,CONECTA_CON,Ubicacion,2274,3.27,4.82
Ubicacion,4326,CONECTA_CON,Ubicacion,1489,4.64,8.51
Ubicacion,4326,CONECTA_CON,Ubicacion,1900,8.47,10.6
Ubicacion,4326,CONECTA_CON,Ubicacion,4987,9.68,10.8
Ubicacion,4327,CONECTA_CON,Ubicacion,1789,5.12,8.02
Ubicacion,4327,CONECTA_CON,Ubicacion,1239,3.03,6.43
Ubicacion,4327,CONECTA_CON,Ubicacion,757,8.31,16.4
Ubicacion,4328,CONECTA_CON,Ubicacion,2831,6.2,9.23
Ubicacion,4328,CONECTA_CON,Ubicacion,869,5.0,5.39
Ubicacion,4328,CONECTA_CON,Ubicacion,2616,1.69,1.97
Ubicacion,4329,CONECTA_CON,Ubicacion,3213,7.76,8.38
Ubicacion,4329,CONECTA_CON,Ubicacion,943,1.87,2.15
Ubicacion,4329,CONECTA_CON,Ubicacion,895,9.8,11.19
Ubicacion,4330,CONECTA_CON,Ubicacion,1699,0.72,0.73
Ubicacion,4330,CONECTA_CON,Ubicacion,1455,5.28,12.66
Ubicacion,4330,CONECTA_CON,Ubicacion,4463,8.27,9.11
Ubicacion,4331,CONECTA_CON,Ubicacion,841,5.14,5.33
Ubicacion,4331,CONECTA_CON,Ubicacion,2415,8.71,9.84
Ubicacion,4331,CONECTA_CON,Ubicacion,2205,6.01,7.4
Ubicacion,4332,CONECTA_CON,Ubicacion,1453,8.55,16.72
Ubicacion,4332,CONECTA_CON,Ubicacion,287,9.58,16.95
Ubicacion,4332,CONECTA_CON,Ubicacion,1651,3.53,8.05
Ubicacion,4333,CONECTA_CON,Ubicacion,1655,1.22,1.71
Ubicacion,4333,CONECTA_CON,Ubicacion,4200,6.48,13.65
Ubicacion,4333,CONECTA_CON,Ubicacion,131,6.18,18.48
Ubicacion,4334,CONECTA_CON,Ubicacion,2520,9.83,18.01
Ubicacion,4334,CONECTA_CON,Ubicacion,4556,5.05,7.3
Ubicacion,4334,CONECTA_CON,Ubicacion,3204,8.19,9.45
Ubicacion,4335,CONECTA_CON,Ubicacion,1401,7.67,9.36
Ubicacion,4335,CONECTA_CON,Ubicacion,3992,4.05,5.3
Ubicacion,4335,CONECTA_CON,Ubicacion,1184,9.09,24.34
Ubicacion,4336,CONECTA_CON,Ubicacion,3969,7.79,21.72
Ubicacion,4336,CONECTA_CON,Ubicacion,253,9.12,18.47
Ubicacion,4336,CONECTA_CON,Ubicacion,522,1.34,2.38
Ubicacion,4337,CONECTA_CON,Ubicacion,4107,6.39,7.55
Ubicacion,4337,CONECTA_CON,Ubicacion,3973,1.27,2.21
Ubicacion,4337,CONECTA_CON,Ubicacion,1480,1.18,1.9
Ubicacion,4338,CONECTA_CON,Ubicacion,2004,6.67,7.55
Ubicacion,4338,CONECTA_CON,Ubicacion,3083,5.3,10.51
Ubicacion,4338,CONECTA_CON,Ubicacion,1465,1.05,1.23
Ubicacion,4339,CONECTA_CON,Ubicacion,2083,0.98,1.58
Ubicacion,4339,CONECTA_CON,Ubicacion,672,1.02,1.71
Ubicacion,4339,CONECTA_CON,Ubicacion,1948,1.74,1.77
Ubicacion,4340,CONECTA_CON,Ubicacion,1445,3.14,4.8
Ubicacion,4340,CONECTA_CON,Ubicacion,4890,5.59,7.31
Ubicacion,4340,CONECTA_CON,Ubicacion,3912,7.76,22.96
Ubicacion,4341,CONECTA_CON,Ubicacion,3235,2.57,5.26
Ubicacion,4341,CONECTA_CON,Ubicacion,2351,5.01,6.42
Ubicacion,4341,CONECTA_CON,Ubicacion,1298,8.35,16.81
Ubicacion,4342,CONECTA_CON,Ubicacion,2128,2.88,6.28
Ubicacion,4342,CONECTA_CON,Ubicacion,4364,4.11,11.3
Ubicacion,4342,CONECTA_CON,Ubicacion,3807,9.91,10.75
Ubicacion,4343,CONECTA_CON,Ubicacion,2298,9.86,28.4
Ubicacion,4343,CONECTA_CON,Ubicacion,2365,8.34,11.46
Ubicacion,4343,CONECTA_CON,Ubicacion,4056,4.72,4.95
Ubicacion,4344,CONECTA_CON,Ubicacion,537,4.87,7.2
Ubicacion,4344,CONECTA_CON,Ubicacion,2651,1.98,2.31
Ubicacion,4344,CONECTA_CON,Ubicacion,935,1.1,1.14
Ubicacion,4345,CONECTA_CON,Ubicacion,1558,7.15,15.45
Ubicacion,4345,CONECTA_CON,Ubicacion,3532,9.36,10.61
Ubicacion,4345,CONECTA_CON,Ubicacion,4535,1.73,2.48
Ubicacion,4346,CONECTA_CON,Ubicacion,1374,7.21,12.65
Ubicacion,4346,CONECTA_CON,Ubicacion,3414,0.84,1.72
Ubicacion,4346,CONECTA_CON,Ubicacion,4679,3.53,9.03
Ubicacion,4347,CONECTA_CON,Ubicacion,1742,6.23,9.45
Ubicacion,4347,CONECTA_CON,Ubicacion,3463,2.12,2.96
Ubicacion,4347,CONECTA_CON,Ubicacion,2966,3.85,5.26
Ubicacion,4348,CONECTA_CON,Ubicacion,2951,7.98,8.07
Ubicacion,4348,CONECTA_CON,Ubicacion,3886,2.02,2.68
Ubicacion,4348,CONECTA_CON,Ubicacion,3857,6.27,8.18
Ubicacion,4349,CONECTA_CON,Ubicacion,4414,9.07,10.66
Ubicacion,4349,CONECTA_CON,Ubicacion,797,3.46,7.13
Ubicacion,4349,CONECTA_CON,Ubicacion,70,1.37,1.95
Ubicacion,4350,CONECTA_CON,Ubicacion,436,6.66,8.31
Ubicacion,4350,CONECTA_CON,Ubicacion,1855,7.71,13.01
Ubicacion,4350,CONECTA_CON,Ubicacion,1959,5.43,6.8
Ubicacion,4351,CONECTA_CON,Ubicacion,3755,6.57,6.78
Ubicacion,4351,CONECTA_CON,Ubicacion,3749,3.26,5.56
Ubicacion,4351,CONECTA_CON,Ubicacion,12,8.92,17.35
Ubicacion,4352,CONECTA_CON,Ubicacion,1541,9.46,13.99
Ubicacion,4352,CONECTA_CON,Ubicacion,1579,1.02,1.32
Ubicacion,4352,CONECTA_CON,Ubicacion,4367,6.14,6.27
Ubicacion,4353,CONECTA_CON,Ubicacion,1286,0.64,0.94
Ubicacion,4353,CONECTA_CON,Ubicacion,3311,3.43,5.27
Ubicacion,4353,CONECTA_CON,Ubicacion,2002,3.9,5.39
Ubicacion,4354,CONECTA_CON,Ubicacion,2493,3.3,3.35
Ubicacion,4354,CONECTA_CON,Ubicacion,4682,4.7,7.42
Ubicacion,4354,CONECTA_CON,Ubicacion,3566,4.69,10.03
Ubicacion,4355,CONECTA_CON,Ubicacion,1915,6.82,13.82
Ubicacion,4355,CONECTA_CON,Ubicacion,2056,4.08,4.36
Ubicacion,4355,CONECTA_CON,Ubicacion,471,4.68,5.6
Ubicacion,4356,CONECTA_CON,Ubicacion,3123,3.18,5.83
Ubicacion,4356,CONECTA_CON,Ubicacion,4015,8.74,16.38
Ubicacion,4356,CONECTA_CON,Ubicacion,4840,5.09,11.55
Ubicacion,4357,CONECTA_CON,Ubicacion,166,3.99,7.09
Ubicacion,4357,CONECTA_CON,Ubicacion,680,2.2,5.88
Ubicacion,4357,CONECTA_CON,Ubicacion,1515,3.67,6.92
Ubicacion,4358,CONECTA_CON,Ubicacion,4920,3.01,7.66
Ubicacion,4358,CONECTA_CON,Ubicacion,3710,9.0,10.13
Ubicacion,4358,CONECTA_CON,Ubicacion,3290,7.45,12.48
Ubicacion,4359,CONECTA_CON,Ubicacion,3708,6.19,8.73
Ubicacion,4359,CONECTA_CON,Ubicacion,1352,5.65,5.76
Ubicacion,4359,CONECTA_CON,Ubicacion,4538,1.8,2.35
Ubicacion,4360,CONECTA_CON,Ubicacion,4291,7.39,8.32
Ubicacion,4360,CONECTA_CON,Ubicacion,2655,1.15,1.63
Ubicacion,4360,CONECTA_CON,Ubicacion,3997,0.95,1.17
Ubicacion,4361,CONECTA_CON,Ubicacion,793,4.39,5.82
Ubicacion,4361,CONECTA_CON,Ubicacion,964,6.09,10.22
Ubicacion,4361,CONECTA_CON,Ubicacion,3113,2.75,6.75
Ubicacion,4362,CONECTA_CON,Ubicacion,1619,6.74,8.5
Ubicacion,4362,CONECTA_CON,Ubicacion,583,6.05,11.0
Ubicacion,4362,CONECTA_CON,Ubicacion,3586,9.34,19.6
Ubicacion,4363,CONECTA_CON,Ubicacion,4448,5.41,8.63
Ubicacion,4363,CONECTA_CON,Ubicacion,3595,0.78,1.09
Ubicacion,4363,CONECTA_CON,Ubicacion,4539,8.42,20.4
Ubicacion,4364,CONECTA_CON,Ubicacion,123,3.79,3.92
Ubicacion,4364,CONECTA_CON,Ubicacion,1243,8.62,12.93
Ubicacion,4364,CONECTA_CON,Ubicacion,1017,2.18,6.52
Ubicacion,4365,CONECTA_CON,Ubicacion,3871,5.38,11.04
Ubicacion,4365,CONECTA_CON,Ubicacion,362,7.74,11.79
Ubicacion,4365,CONECTA_CON,Ubicacion,4449,9.69,11.07
Ubicacion,4366,CONECTA_CON,Ubicacion,1639,5.46,8.08
Ubicacion,4366,CONECTA_CON,Ubicacion,1027,6.37,12.13
Ubicacion,4366,CONECTA_CON,Ubicacion,1119,7.71,18.35
Ubicacion,4367,CONECTA_CON,Ubicacion,1194,9.39,25.33
Ubicacion,4367,CONECTA_CON,Ubicacion,3417,8.55,10.42
Ubicacion,4367,CONECTA_CON,Ubicacion,4643,4.8,9.46
Ubicacion,4368,CONECTA_CON,Ubicacion,2941,7.44,9.81
Ubicacion,4368,CONECTA_CON,Ubicacion,976,5.91,8.65
Ubicacion,4368,CONECTA_CON,Ubicacion,4041,9.15,14.57
Ubicacion,4369,CONECTA_CON,Ubicacion,110,0.78,1.6
Ubicacion,4369,CONECTA_CON,Ubicacion,3103,4.19,6.28
Ubicacion,4369,CONECTA_CON,Ubicacion,3020,8.23,14.57
Ubicacion,4370,CONECTA_CON,Ubicacion,2606,8.68,17.81
Ubicacion,4370,CONECTA_CON,Ubicacion,101,7.06,9.47
Ubicacion,4370,CONECTA_CON,Ubicacion,4230,8.54,19.95
Ubicacion,4371,CONECTA_CON,Ubicacion,2551,3.97,6.89
Ubicacion,4371,CONECTA_CON,Ubicacion,2155,6.54,17.64
Ubicacion,4371,CONECTA_CON,Ubicacion,4146,7.78,16.32
Ubicacion,4372,CONECTA_CON,Ubicacion,4613,5.77,6.87
Ubicacion,4372,CONECTA_CON,Ubicacion,2103,5.11,15.07
Ubicacion,4372,CONECTA_CON,Ubicacion,4217,3.46,3.71
Ubicacion,4373,CONECTA_CON,Ubicacion,2978,8.28,10.81
Ubicacion,4373,CONECTA_CON,Ubicacion,918,1.28,1.29
Ubicacion,4373,CONECTA_CON,Ubicacion,4357,8.38,12.13
Ubicacion,4374,CONECTA_CON,Ubicacion,740,8.22,9.76
Ubicacion,4374,CONECTA_CON,Ubicacion,3593,0.92,1.0
Ubicacion,4374,CONECTA_CON,Ubicacion,3005,2.02,4.6
Ubicacion,4375,CONECTA_CON,Ubicacion,1063,6.01,10.39
Ubicacion,4375,CONECTA_CON,Ubicacion,3696,0.51,0.87
Ubicacion,4375,CONECTA_CON,Ubicacion,4890,6.91,7.51
Ubicacion,4376,CONECTA_CON,Ubicacion,1101,2.59,3.8
Ubicacion,4376,CONECTA_CON,Ubicacion,4396,2.61,3.57
Ubicacion,4376,CONECTA_CON,Ubicacion,4679,2.61,2.92
Ubicacion,4377,CONECTA_CON,Ubicacion,1854,3.04,4.32
Ubicacion,4377,CONECTA_CON,Ubicacion,4506,7.89,8.6
Ubicacion,4377,CONECTA_CON,Ubicacion,1739,8.67,11.28
Ubicacion,4378,CONECTA_CON,Ubicacion,122,9.16,12.09
Ubicacion,4378,CONECTA_CON,Ubicacion,4606,3.71,6.92
Ubicacion,4378,CONECTA_CON,Ubicacion,1754,2.4,3.43
Ubicacion,4379,CONECTA_CON,Ubicacion,4335,9.72,13.7
Ubicacion,4379,CONECTA_CON,Ubicacion,738,2.06,2.25
Ubicacion,4379,CONECTA_CON,Ubicacion,1551,1.38,1.73
Ubicacion,4380,CONECTA_CON,Ubicacion,3259,8.72,9.88
Ubicacion,4380,CONECTA_CON,Ubicacion,2533,2.57,6.44
Ubicacion,4380,CONECTA_CON,Ubicacion,4472,3.98,5.52
Ubicacion,4381,CONECTA_CON,Ubicacion,4121,9.79,26.4
Ubicacion,4381,CONECTA_CON,Ubicacion,4869,5.38,14.35
Ubicacion,4381,CONECTA_CON,Ubicacion,2280,9.86,12.54
Ubicacion,4382,CONECTA_CON,Ubicacion,2009,7.59,12.02
Ubicacion,4382,CONECTA_CON,Ubicacion,433,2.31,4.26
Ubicacion,4382,CONECTA_CON,Ubicacion,6,1.23,2.65
Ubicacion,4383,CONECTA_CON,Ubicacion,3923,7.9,10.42
Ubicacion,4383,CONECTA_CON,Ubicacion,3201,1.97,5.67
Ubicacion,4383,CONECTA_CON,Ubicacion,1427,8.87,16.46
Ubicacion,4384,CONECTA_CON,Ubicacion,2504,7.91,22.07
Ubicacion,4384,CONECTA_CON,Ubicacion,4766,5.49,15.41
Ubicacion,4384,CONECTA_CON,Ubicacion,1616,2.1,5.71
Ubicacion,4385,CONECTA_CON,Ubicacion,3027,7.5,8.81
Ubicacion,4385,CONECTA_CON,Ubicacion,1105,9.97,11.94
Ubicacion,4385,CONECTA_CON,Ubicacion,4856,7.14,12.42
Ubicacion,4386,CONECTA_CON,Ubicacion,4698,6.4,10.89
Ubicacion,4386,CONECTA_CON,Ubicacion,1171,5.3,6.31
Ubicacion,4386,CONECTA_CON,Ubicacion,2877,4.63,6.73
Ubicacion,4387,CONECTA_CON,Ubicacion,3815,6.13,10.09
Ubicacion,4387,CONECTA_CON,Ubicacion,3633,6.56,7.96
Ubicacion,4387,CONECTA_CON,Ubicacion,1933,2.53,3.53
Ubicacion,4388,CONECTA_CON,Ubicacion,4680,7.34,9.67
Ubicacion,4388,CONECTA_CON,Ubicacion,4026,7.99,8.92
Ubicacion,4388,CONECTA_CON,Ubicacion,4187,3.43,9.98
Ubicacion,4389,CONECTA_CON,Ubicacion,3105,0.73,0.84
Ubicacion,4389,CONECTA_CON,Ubicacion,1848,0.62,1.69
Ubicacion,4389,CONECTA_CON,Ubicacion,857,1.79,2.3
Ubicacion,4390,CONECTA_CON,Ubicacion,3420,9.22,12.26
Ubicacion,4390,CONECTA_CON,Ubicacion,3906,7.0,9.89
Ubicacion,4390,CONECTA_CON,Ubicacion,3672,3.62,8.57
Ubicacion,4391,CONECTA_CON,Ubicacion,1213,2.3,2.78
Ubicacion,4391,CONECTA_CON,Ubicacion,4682,3.62,7.63
Ubicacion,4391,CONECTA_CON,Ubicacion,1959,8.64,12.21
Ubicacion,4392,CONECTA_CON,Ubicacion,4221,9.05,21.93
Ubicacion,4392,CONECTA_CON,Ubicacion,2324,4.48,4.71
Ubicacion,4392,CONECTA_CON,Ubicacion,4273,6.26,10.65
Ubicacion,4393,CONECTA_CON,Ubicacion,4866,3.17,3.63
Ubicacion,4393,CONECTA_CON,Ubicacion,3660,2.88,6.62
Ubicacion,4393,CONECTA_CON,Ubicacion,562,6.46,8.57
Ubicacion,4394,CONECTA_CON,Ubicacion,3315,2.07,4.68
Ubicacion,4394,CONECTA_CON,Ubicacion,1132,4.69,8.87
Ubicacion,4394,CONECTA_CON,Ubicacion,1349,4.35,4.46
Ubicacion,4395,CONECTA_CON,Ubicacion,2445,7.22,14.18
Ubicacion,4395,CONECTA_CON,Ubicacion,1658,7.68,22.69
Ubicacion,4395,CONECTA_CON,Ubicacion,330,8.53,8.62
Ubicacion,4396,CONECTA_CON,Ubicacion,261,3.2,5.1
Ubicacion,4396,CONECTA_CON,Ubicacion,3117,2.93,4.91
Ubicacion,4396,CONECTA_CON,Ubicacion,498,7.48,22.09
Ubicacion,4397,CONECTA_CON,Ubicacion,1311,2.62,2.72
Ubicacion,4397,CONECTA_CON,Ubicacion,4295,4.65,4.72
Ubicacion,4397,CONECTA_CON,Ubicacion,2344,4.6,7.29
Ubicacion,4398,CONECTA_CON,Ubicacion,2769,9.43,10.75
Ubicacion,4398,CONECTA_CON,Ubicacion,4366,3.58,8.72
Ubicacion,4398,CONECTA_CON,Ubicacion,3420,7.8,13.92
Ubicacion,4399,CONECTA_CON,Ubicacion,979,3.64,4.15
Ubicacion,4399,CONECTA_CON,Ubicacion,4099,7.85,10.44
Ubicacion,4399,CONECTA_CON,Ubicacion,568,2.44,3.27
Ubicacion,4400,CONECTA_CON,Ubicacion,2831,8.45,12.86
Ubicacion,4400,CONECTA_CON,Ubicacion,2292,9.78,11.86
Ubicacion,4400,CONECTA_CON,Ubicacion,203,2.83,3.13
Ubicacion,4401,CONECTA_CON,Ubicacion,456,2.2,5.57
Ubicacion,4401,CONECTA_CON,Ubicacion,3904,4.01,5.57
Ubicacion,4401,CONECTA_CON,Ubicacion,1577,0.52,0.67
Ubicacion,4402,CONECTA_CON,Ubicacion,3955,3.0,4.47
Ubicacion,4402,CONECTA_CON,Ubicacion,399,2.21,3.0
Ubicacion,4402,CONECTA_CON,Ubicacion,4959,6.68,8.68
Ubicacion,4403,CONECTA_CON,Ubicacion,3541,3.65,7.15
Ubicacion,4403,CONECTA_CON,Ubicacion,3536,5.86,10.67
Ubicacion,4403,CONECTA_CON,Ubicacion,4301,7.53,20.85
Ubicacion,4404,CONECTA_CON,Ubicacion,850,8.08,21.49
Ubicacion,4404,CONECTA_CON,Ubicacion,4831,7.42,15.12
Ubicacion,4404,CONECTA_CON,Ubicacion,4802,7.46,17.36
Ubicacion,4405,CONECTA_CON,Ubicacion,3503,0.76,0.87
Ubicacion,4405,CONECTA_CON,Ubicacion,4777,0.72,1.6
Ubicacion,4405,CONECTA_CON,Ubicacion,4380,1.6,1.72
Ubicacion,4406,CONECTA_CON,Ubicacion,2652,9.67,10.96
Ubicacion,4406,CONECTA_CON,Ubicacion,1144,1.22,2.55
Ubicacion,4406,CONECTA_CON,Ubicacion,674,5.38,11.78
Ubicacion,4407,CONECTA_CON,Ubicacion,3912,9.22,9.58
Ubicacion,4407,CONECTA_CON,Ubicacion,201,3.64,4.42
Ubicacion,4407,CONECTA_CON,Ubicacion,4395,0.97,1.04
Ubicacion,4408,CONECTA_CON,Ubicacion,3688,4.84,7.02
Ubicacion,4408,CONECTA_CON,Ubicacion,509,4.53,7.5
Ubicacion,4408,CONECTA_CON,Ubicacion,4152,1.1,2.46
Ubicacion,4409,CONECTA_CON,Ubicacion,4870,1.32,2.47
Ubicacion,4409,CONECTA_CON,Ubicacion,4895,8.14,11.56
Ubicacion,4409,CONECTA_CON,Ubicacion,1604,5.4,9.81
Ubicacion,4410,CONECTA_CON,Ubicacion,1267,8.32,24.64
Ubicacion,4410,CONECTA_CON,Ubicacion,3766,4.38,4.61
Ubicacion,4410,CONECTA_CON,Ubicacion,278,6.13,7.64
Ubicacion,4411,CONECTA_CON,Ubicacion,3833,7.85,8.3
Ubicacion,4411,CONECTA_CON,Ubicacion,2698,0.94,1.26
Ubicacion,4411,CONECTA_CON,Ubicacion,3345,3.47,4.37
Ubicacion,4412,CONECTA_CON,Ubicacion,713,9.06,17.37
Ubicacion,4412,CONECTA_CON,Ubicacion,1825,5.49,6.86
Ubicacion,4412,CONECTA_CON,Ubicacion,790,4.22,7.55
Ubicacion,4413,CONECTA_CON,Ubicacion,2529,0.86,0.89
Ubicacion,4413,CONECTA_CON,Ubicacion,1223,4.15,9.06
Ubicacion,4413,CONECTA_CON,Ubicacion,1928,0.95,0.96
Ubicacion,4414,CONECTA_CON,Ubicacion,3261,1.63,2.53
Ubicacion,4414,CONECTA_CON,Ubicacion,1053,6.29,7.63
Ubicacion,4414,CONECTA_CON,Ubicacion,1361,9.67,15.17
Ubicacion,4415,CONECTA_CON,Ubicacion,3030,1.94,4.26
Ubicacion,4415,CONECTA_CON,Ubicacion,2194,3.15,4.05
Ubicacion,4415,CONECTA_CON,Ubicacion,3322,3.07,5.22
Ubicacion,4416,CONECTA_CON,Ubicacion,3854,4.8,5.15
Ubicacion,4416,CONECTA_CON,Ubicacion,3167,9.18,12.42
Ubicacion,4416,CONECTA_CON,Ubicacion,4152,4.72,5.83
Ubicacion,4417,CONECTA_CON,Ubicacion,502,4.73,4.77
Ubicacion,4417,CONECTA_CON,Ubicacion,3333,3.56,4.08
Ubicacion,4417,CONECTA_CON,Ubicacion,1896,2.3,2.41
Ubicacion,4418,CONECTA_CON,Ubicacion,3974,7.78,12.06
Ubicacion,4418,CONECTA_CON,Ubicacion,3485,4.34,6.26
Ubicacion,4418,CONECTA_CON,Ubicacion,3545,8.02,22.26
Ubicacion,4419,CONECTA_CON,Ubicacion,1653,5.38,15.23
Ubicacion,4419,CONECTA_CON,Ubicacion,2400,9.78,10.4
Ubicacion,4419,CONECTA_CON,Ubicacion,1613,3.76,6.77
Ubicacion,4420,CONECTA_CON,Ubicacion,4191,4.49,5.57
Ubicacion,4420,CONECTA_CON,Ubicacion,943,6.45,15.26
Ubicacion,4420,CONECTA_CON,Ubicacion,317,7.13,8.6
Ubicacion,4421,CONECTA_CON,Ubicacion,452,6.45,6.64
Ubicacion,4421,CONECTA_CON,Ubicacion,3361,5.98,14.15
Ubicacion,4421,CONECTA_CON,Ubicacion,852,7.78,8.81
Ubicacion,4422,CONECTA_CON,Ubicacion,4205,2.76,3.14
Ubicacion,4422,CONECTA_CON,Ubicacion,858,7.68,14.84
Ubicacion,4422,CONECTA_CON,Ubicacion,1082,3.35,3.89
Ubicacion,4423,CONECTA_CON,Ubicacion,488,6.3,7.21
Ubicacion,4423,CONECTA_CON,Ubicacion,2502,0.62,1.55
Ubicacion,4423,CONECTA_CON,Ubicacion,759,3.06,4.06
Ubicacion,4424,CONECTA_CON,Ubicacion,4938,9.1,20.27
Ubicacion,4424,CONECTA_CON,Ubicacion,1586,9.22,27.48
Ubicacion,4424,CONECTA_CON,Ubicacion,1713,0.59,1.28
Ubicacion,4425,CONECTA_CON,Ubicacion,3247,7.18,12.92
Ubicacion,4425,CONECTA_CON,Ubicacion,4858,9.96,16.85
Ubicacion,4425,CONECTA_CON,Ubicacion,1357,9.01,9.04
Ubicacion,4426,CONECTA_CON,Ubicacion,2406,8.34,23.28
Ubicacion,4426,CONECTA_CON,Ubicacion,4946,3.98,4.27
Ubicacion,4426,CONECTA_CON,Ubicacion,407,5.24,12.8
Ubicacion,4427,CONECTA_CON,Ubicacion,2499,3.61,6.86
Ubicacion,4427,CONECTA_CON,Ubicacion,730,3.62,6.49
Ubicacion,4427,CONECTA_CON,Ubicacion,1940,7.08,13.76
Ubicacion,4428,CONECTA_CON,Ubicacion,3570,8.05,11.72
Ubicacion,4428,CONECTA_CON,Ubicacion,2275,3.17,3.4
Ubicacion,4428,CONECTA_CON,Ubicacion,3322,2.6,4.28
Ubicacion,4429,CONECTA_CON,Ubicacion,1563,8.91,13.27
Ubicacion,4429,CONECTA_CON,Ubicacion,2650,0.78,1.29
Ubicacion,4429,CONECTA_CON,Ubicacion,205,1.58,1.63
Ubicacion,4430,CONECTA_CON,Ubicacion,1560,1.93,2.57
Ubicacion,4430,CONECTA_CON,Ubicacion,2201,1.06,2.2
Ubicacion,4430,CONECTA_CON,Ubicacion,4886,4.35,6.22
Ubicacion,4431,CONECTA_CON,Ubicacion,1192,7.02,7.63
Ubicacion,4431,CONECTA_CON,Ubicacion,798,5.47,5.94
Ubicacion,4431,CONECTA_CON,Ubicacion,2188,2.4,4.15
Ubicacion,4432,CONECTA_CON,Ubicacion,378,3.51,6.56
Ubicacion,4432,CONECTA_CON,Ubicacion,897,9.97,18.3
Ubicacion,4432,CONECTA_CON,Ubicacion,1079,4.79,4.81
Ubicacion,4433,CONECTA_CON,Ubicacion,3474,1.59,1.93
Ubicacion,4433,CONECTA_CON,Ubicacion,1663,2.09,4.67
Ubicacion,4433,CONECTA_CON,Ubicacion,2305,9.61,12.57
Ubicacion,4434,CONECTA_CON,Ubicacion,777,0.8,0.86
Ubicacion,4434,CONECTA_CON,Ubicacion,2161,7.1,8.72
Ubicacion,4434,CONECTA_CON,Ubicacion,497,5.17,9.71
Ubicacion,4435,CONECTA_CON,Ubicacion,3461,8.91,18.9
Ubicacion,4435,CONECTA_CON,Ubicacion,4881,0.74,0.97
Ubicacion,4435,CONECTA_CON,Ubicacion,2212,9.0,14.13
Ubicacion,4436,CONECTA_CON,Ubicacion,2129,9.32,10.15
Ubicacion,4436,CONECTA_CON,Ubicacion,2641,7.86,11.23
Ubicacion,4436,CONECTA_CON,Ubicacion,1501,5.31,11.93
Ubicacion,4437,CONECTA_CON,Ubicacion,4622,1.12,1.31
Ubicacion,4437,CONECTA_CON,Ubicacion,4565,8.11,10.23
Ubicacion,4437,CONECTA_CON,Ubicacion,2317,7.58,12.09
Ubicacion,4438,CONECTA_CON,Ubicacion,1598,1.41,2.15
Ubicacion,4438,CONECTA_CON,Ubicacion,3329,7.74,10.88
Ubicacion,4438,CONECTA_CON,Ubicacion,173,6.31,6.75
Ubicacion,4439,CONECTA_CON,Ubicacion,3144,9.84,21.56
Ubicacion,4439,CONECTA_CON,Ubicacion,223,8.94,13.95
Ubicacion,4439,CONECTA_CON,Ubicacion,4615,0.87,1.39
Ubicacion,4440,CONECTA_CON,Ubicacion,2815,5.15,7.18
Ubicacion,4440,CONECTA_CON,Ubicacion,3237,8.0,9.47
Ubicacion,4440,CONECTA_CON,Ubicacion,3963,1.66,2.63
Ubicacion,4441,CONECTA_CON,Ubicacion,3507,1.67,1.7
Ubicacion,4441,CONECTA_CON,Ubicacion,576,6.1,8.05
Ubicacion,4441,CONECTA_CON,Ubicacion,4131,3.62,6.52
Ubicacion,4442,CONECTA_CON,Ubicacion,3382,5.07,6.39
Ubicacion,4442,CONECTA_CON,Ubicacion,1989,4.41,4.51
Ubicacion,4442,CONECTA_CON,Ubicacion,309,0.93,1.01
Ubicacion,4443,CONECTA_CON,Ubicacion,2803,7.32,9.03
Ubicacion,4443,CONECTA_CON,Ubicacion,2365,5.29,11.4
Ubicacion,4443,CONECTA_CON,Ubicacion,4427,9.97,13.64
Ubicacion,4444,CONECTA_CON,Ubicacion,4012,7.29,7.33
Ubicacion,4444,CONECTA_CON,Ubicacion,2908,9.82,10.54
Ubicacion,4444,CONECTA_CON,Ubicacion,2796,5.02,12.13
Ubicacion,4445,CONECTA_CON,Ubicacion,4182,0.85,1.43
Ubicacion,4445,CONECTA_CON,Ubicacion,2081,4.91,5.91
Ubicacion,4445,CONECTA_CON,Ubicacion,2957,5.6,12.55
Ubicacion,4446,CONECTA_CON,Ubicacion,701,8.02,10.76
Ubicacion,4446,CONECTA_CON,Ubicacion,2684,9.26,14.05
Ubicacion,4446,CONECTA_CON,Ubicacion,2232,6.32,13.29
Ubicacion,4447,CONECTA_CON,Ubicacion,1887,8.23,15.11
Ubicacion,4447,CONECTA_CON,Ubicacion,340,8.39,18.3
Ubicacion,4447,CONECTA_CON,Ubicacion,491,9.21,24.38
Ubicacion,4448,CONECTA_CON,Ubicacion,466,4.94,9.91
Ubicacion,4448,CONECTA_CON,Ubicacion,808,2.48,3.08
Ubicacion,4448,CONECTA_CON,Ubicacion,1112,6.08,7.5
Ubicacion,4449,CONECTA_CON,Ubicacion,737,9.93,19.27
Ubicacion,4449,CONECTA_CON,Ubicacion,446,9.81,15.75
Ubicacion,4449,CONECTA_CON,Ubicacion,2812,5.23,7.31
Ubicacion,4450,CONECTA_CON,Ubicacion,912,0.67,0.68
Ubicacion,4450,CONECTA_CON,Ubicacion,4615,8.34,12.35
Ubicacion,4450,CONECTA_CON,Ubicacion,4076,1.2,2.8
Ubicacion,4451,CONECTA_CON,Ubicacion,1666,7.93,11.38
Ubicacion,4451,CONECTA_CON,Ubicacion,4537,9.8,11.07
Ubicacion,4451,CONECTA_CON,Ubicacion,704,4.78,8.06
Ubicacion,4452,CONECTA_CON,Ubicacion,2814,9.46,11.71
Ubicacion,4452,CONECTA_CON,Ubicacion,3450,3.0,7.47
Ubicacion,4452,CONECTA_CON,Ubicacion,176,3.78,4.59
Ubicacion,4453,CONECTA_CON,Ubicacion,3969,7.71,12.6
Ubicacion,4453,CONECTA_CON,Ubicacion,4432,4.37,4.42
Ubicacion,4453,CONECTA_CON,Ubicacion,3752,2.18,2.57
Ubicacion,4454,CONECTA_CON,Ubicacion,679,8.95,12.57
Ubicacion,4454,CONECTA_CON,Ubicacion,3672,3.03,6.49
Ubicacion,4454,CONECTA_CON,Ubicacion,2233,0.85,1.77
Ubicacion,4455,CONECTA_CON,Ubicacion,1946,6.95,10.27
Ubicacion,4455,CONECTA_CON,Ubicacion,1674,3.35,3.96
Ubicacion,4455,CONECTA_CON,Ubicacion,4079,1.22,1.61
Ubicacion,4456,CONECTA_CON,Ubicacion,4949,1.37,1.42
Ubicacion,4456,CONECTA_CON,Ubicacion,4104,6.35,6.57
Ubicacion,4456,CONECTA_CON,Ubicacion,689,4.74,7.66
Ubicacion,4457,CONECTA_CON,Ubicacion,4958,7.87,17.71
Ubicacion,4457,CONECTA_CON,Ubicacion,1847,1.66,1.68
Ubicacion,4457,CONECTA_CON,Ubicacion,3292,4.74,7.62
Ubicacion,4458,CONECTA_CON,Ubicacion,514,4.56,6.61
Ubicacion,4458,CONECTA_CON,Ubicacion,2111,3.21,8.04
Ubicacion,4458,CONECTA_CON,Ubicacion,4243,6.49,6.8
Ubicacion,4459,CONECTA_CON,Ubicacion,673,5.74,11.59
Ubicacion,4459,CONECTA_CON,Ubicacion,2275,2.73,4.63
Ubicacion,4459,CONECTA_CON,Ubicacion,2127,9.72,13.43
Ubicacion,4460,CONECTA_CON,Ubicacion,4623,2.0,3.72
Ubicacion,4460,CONECTA_CON,Ubicacion,3420,1.17,1.32
Ubicacion,4460,CONECTA_CON,Ubicacion,4399,8.06,22.18
Ubicacion,4461,CONECTA_CON,Ubicacion,1636,5.73,7.15
Ubicacion,4461,CONECTA_CON,Ubicacion,4885,3.49,4.15
Ubicacion,4461,CONECTA_CON,Ubicacion,1745,6.33,6.81
Ubicacion,4462,CONECTA_CON,Ubicacion,4260,0.79,0.85
Ubicacion,4462,CONECTA_CON,Ubicacion,2334,8.9,20.15
Ubicacion,4462,CONECTA_CON,Ubicacion,2419,8.4,10.16
Ubicacion,4463,CONECTA_CON,Ubicacion,581,4.85,5.98
Ubicacion,4463,CONECTA_CON,Ubicacion,4070,3.15,3.21
Ubicacion,4463,CONECTA_CON,Ubicacion,503,4.34,6.81
Ubicacion,4464,CONECTA_CON,Ubicacion,3021,7.14,10.07
Ubicacion,4464,CONECTA_CON,Ubicacion,1331,8.69,10.55
Ubicacion,4464,CONECTA_CON,Ubicacion,3603,8.27,10.85
Ubicacion,4465,CONECTA_CON,Ubicacion,1310,4.48,4.66
Ubicacion,4465,CONECTA_CON,Ubicacion,3839,5.9,6.21
Ubicacion,4465,CONECTA_CON,Ubicacion,4248,0.61,0.72
Ubicacion,4466,CONECTA_CON,Ubicacion,4130,4.55,5.3
Ubicacion,4466,CONECTA_CON,Ubicacion,1314,0.66,1.5
Ubicacion,4466,CONECTA_CON,Ubicacion,1667,9.35,22.02
Ubicacion,4467,CONECTA_CON,Ubicacion,581,1.92,2.92
Ubicacion,4467,CONECTA_CON,Ubicacion,313,3.02,3.58
Ubicacion,4467,CONECTA_CON,Ubicacion,1331,7.68,13.73
Ubicacion,4468,CONECTA_CON,Ubicacion,949,3.17,5.09
Ubicacion,4468,CONECTA_CON,Ubicacion,3843,2.58,3.45
Ubicacion,4468,CONECTA_CON,Ubicacion,4695,1.31,1.45
Ubicacion,4469,CONECTA_CON,Ubicacion,3306,2.78,3.16
Ubicacion,4469,CONECTA_CON,Ubicacion,2719,3.24,4.17
Ubicacion,4469,CONECTA_CON,Ubicacion,894,1.28,1.47
Ubicacion,4470,CONECTA_CON,Ubicacion,4951,9.05,12.54
Ubicacion,4470,CONECTA_CON,Ubicacion,4199,7.35,13.37
Ubicacion,4470,CONECTA_CON,Ubicacion,4807,1.38,2.78
Ubicacion,4471,CONECTA_CON,Ubicacion,4441,5.25,8.06
Ubicacion,4471,CONECTA_CON,Ubicacion,4858,0.54,0.56
Ubicacion,4471,CONECTA_CON,Ubicacion,3721,1.13,2.13
Ubicacion,4472,CONECTA_CON,Ubicacion,4976,2.33,3.1
Ubicacion,4472,CONECTA_CON,Ubicacion,182,8.4,23.72
Ubicacion,4472,CONECTA_CON,Ubicacion,2595,7.73,10.64
Ubicacion,4473,CONECTA_CON,Ubicacion,2188,8.51,13.24
Ubicacion,4473,CONECTA_CON,Ubicacion,4483,7.14,11.25
Ubicacion,4473,CONECTA_CON,Ubicacion,2128,9.35,18.0
Ubicacion,4474,CONECTA_CON,Ubicacion,692,7.25,20.6
Ubicacion,4474,CONECTA_CON,Ubicacion,3327,4.92,9.48
Ubicacion,4474,CONECTA_CON,Ubicacion,1670,4.45,4.7
Ubicacion,4475,CONECTA_CON,Ubicacion,4078,9.98,12.41
Ubicacion,4475,CONECTA_CON,Ubicacion,3845,1.4,2.79
Ubicacion,4475,CONECTA_CON,Ubicacion,2143,1.48,2.16
Ubicacion,4476,CONECTA_CON,Ubicacion,4287,2.29,2.3
Ubicacion,4476,CONECTA_CON,Ubicacion,4805,3.35,8.53
Ubicacion,4476,CONECTA_CON,Ubicacion,3029,2.51,4.28
Ubicacion,4477,CONECTA_CON,Ubicacion,2252,8.48,20.97
Ubicacion,4477,CONECTA_CON,Ubicacion,4882,7.27,21.0
Ubicacion,4477,CONECTA_CON,Ubicacion,1341,4.46,4.6
Ubicacion,4478,CONECTA_CON,Ubicacion,1535,9.28,21.01
Ubicacion,4478,CONECTA_CON,Ubicacion,298,7.55,14.89
Ubicacion,4478,CONECTA_CON,Ubicacion,4503,2.61,3.31
Ubicacion,4479,CONECTA_CON,Ubicacion,4271,2.19,5.33
Ubicacion,4479,CONECTA_CON,Ubicacion,2620,8.65,13.25
Ubicacion,4479,CONECTA_CON,Ubicacion,3221,8.0,9.29
Ubicacion,4480,CONECTA_CON,Ubicacion,277,1.37,2.82
Ubicacion,4480,CONECTA_CON,Ubicacion,480,4.91,8.04
Ubicacion,4480,CONECTA_CON,Ubicacion,1720,8.85,16.88
Ubicacion,4481,CONECTA_CON,Ubicacion,232,5.28,7.31
Ubicacion,4481,CONECTA_CON,Ubicacion,3498,2.27,3.35
Ubicacion,4481,CONECTA_CON,Ubicacion,3563,3.73,5.77
Ubicacion,4482,CONECTA_CON,Ubicacion,2756,7.05,14.26
Ubicacion,4482,CONECTA_CON,Ubicacion,1619,1.81,2.65
Ubicacion,4482,CONECTA_CON,Ubicacion,3080,8.4,12.13
Ubicacion,4483,CONECTA_CON,Ubicacion,2669,5.63,7.71
Ubicacion,4483,CONECTA_CON,Ubicacion,4106,6.62,9.45
Ubicacion,4483,CONECTA_CON,Ubicacion,658,2.83,3.06
Ubicacion,4484,CONECTA_CON,Ubicacion,4308,3.77,5.42
Ubicacion,4484,CONECTA_CON,Ubicacion,4433,1.88,3.42
Ubicacion,4484,CONECTA_CON,Ubicacion,2010,8.02,14.52
Ubicacion,4485,CONECTA_CON,Ubicacion,4401,8.0,10.17
Ubicacion,4485,CONECTA_CON,Ubicacion,4558,1.35,1.58
Ubicacion,4485,CONECTA_CON,Ubicacion,2942,7.27,14.1
Ubicacion,4486,CONECTA_CON,Ubicacion,4093,2.15,5.66
Ubicacion,4486,CONECTA_CON,Ubicacion,847,9.13,25.3
Ubicacion,4486,CONECTA_CON,Ubicacion,3868,0.63,1.81
Ubicacion,4487,CONECTA_CON,Ubicacion,182,4.38,4.8
Ubicacion,4487,CONECTA_CON,Ubicacion,2361,4.93,9.97
Ubicacion,4487,CONECTA_CON,Ubicacion,856,1.54,4.34
Ubicacion,4488,CONECTA_CON,Ubicacion,2603,7.97,9.77
Ubicacion,4488,CONECTA_CON,Ubicacion,455,6.35,8.75
Ubicacion,4488,CONECTA_CON,Ubicacion,817,1.48,1.85
Ubicacion,4489,CONECTA_CON,Ubicacion,4680,4.3,4.61
Ubicacion,4489,CONECTA_CON,Ubicacion,4358,6.61,9.46
Ubicacion,4489,CONECTA_CON,Ubicacion,2538,4.18,5.49
Ubicacion,4490,CONECTA_CON,Ubicacion,531,4.5,5.93
Ubicacion,4490,CONECTA_CON,Ubicacion,4816,7.69,9.43
Ubicacion,4490,CONECTA_CON,Ubicacion,2542,9.11,10.47
Ubicacion,4491,CONECTA_CON,Ubicacion,4378,2.8,4.06
Ubicacion,4491,CONECTA_CON,Ubicacion,2530,4.11,9.98
Ubicacion,4491,CONECTA_CON,Ubicacion,3054,3.78,9.41
Ubicacion,4492,CONECTA_CON,Ubicacion,4009,5.87,7.46
Ubicacion,4492,CONECTA_CON,Ubicacion,1562,0.84,0.91
Ubicacion,4492,CONECTA_CON,Ubicacion,3755,1.68,5.0
Ubicacion,4493,CONECTA_CON,Ubicacion,1289,5.42,7.82
Ubicacion,4493,CONECTA_CON,Ubicacion,2118,5.0,8.71
Ubicacion,4493,CONECTA_CON,Ubicacion,2839,3.29,4.31
Ubicacion,4494,CONECTA_CON,Ubicacion,1438,3.07,4.39
Ubicacion,4494,CONECTA_CON,Ubicacion,1411,7.01,16.41
Ubicacion,4494,CONECTA_CON,Ubicacion,2715,5.9,9.78
Ubicacion,4495,CONECTA_CON,Ubicacion,3068,9.32,9.61
Ubicacion,4495,CONECTA_CON,Ubicacion,1033,1.07,1.18
Ubicacion,4495,CONECTA_CON,Ubicacion,1014,8.27,12.37
Ubicacion,4496,CONECTA_CON,Ubicacion,4817,3.8,10.03
Ubicacion,4496,CONECTA_CON,Ubicacion,794,6.97,19.44
Ubicacion,4496,CONECTA_CON,Ubicacion,1548,7.69,9.34
Ubicacion,4497,CONECTA_CON,Ubicacion,65,4.55,9.27
Ubicacion,4497,CONECTA_CON,Ubicacion,2195,1.59,3.09
Ubicacion,4497,CONECTA_CON,Ubicacion,2584,6.85,8.91
Ubicacion,4498,CONECTA_CON,Ubicacion,3265,7.49,14.04
Ubicacion,4498,CONECTA_CON,Ubicacion,3479,7.56,7.59
Ubicacion,4498,CONECTA_CON,Ubicacion,3890,1.2,1.52
Ubicacion,4499,CONECTA_CON,Ubicacion,1872,4.07,5.3
Ubicacion,4499,CONECTA_CON,Ubicacion,3025,7.52,21.46
Ubicacion,4499,CONECTA_CON,Ubicacion,1431,3.45,4.89
Ubicacion,4500,CONECTA_CON,Ubicacion,160,3.61,4.78
Ubicacion,4500,CONECTA_CON,Ubicacion,176,7.17,11.74
Ubicacion,4500,CONECTA_CON,Ubicacion,780,6.07,11.09
Ubicacion,4501,CONECTA_CON,Ubicacion,2426,2.1,2.15
Ubicacion,4501,CONECTA_CON,Ubicacion,4079,2.0,4.59
Ubicacion,4501,CONECTA_CON,Ubicacion,3153,0.51,0.57
Ubicacion,4502,CONECTA_CON,Ubicacion,2872,7.58,7.7
Ubicacion,4502,CONECTA_CON,Ubicacion,3565,1.32,2.07
Ubicacion,4502,CONECTA_CON,Ubicacion,1817,6.88,11.19
Ubicacion,4503,CONECTA_CON,Ubicacion,3243,9.31,11.84
Ubicacion,4503,CONECTA_CON,Ubicacion,73,4.35,4.68
Ubicacion,4503,CONECTA_CON,Ubicacion,704,1.72,1.74
Ubicacion,4504,CONECTA_CON,Ubicacion,570,2.5,2.5
Ubicacion,4504,CONECTA_CON,Ubicacion,3214,6.81,6.88
Ubicacion,4504,CONECTA_CON,Ubicacion,590,4.01,4.63
Ubicacion,4505,CONECTA_CON,Ubicacion,1148,2.38,2.51
Ubicacion,4505,CONECTA_CON,Ubicacion,2968,5.52,6.83
Ubicacion,4505,CONECTA_CON,Ubicacion,3362,7.27,8.68
Ubicacion,4506,CONECTA_CON,Ubicacion,1104,2.97,3.79
Ubicacion,4506,CONECTA_CON,Ubicacion,4055,3.32,3.95
Ubicacion,4506,CONECTA_CON,Ubicacion,4568,5.28,13.76
Ubicacion,4507,CONECTA_CON,Ubicacion,2733,2.28,3.03
Ubicacion,4507,CONECTA_CON,Ubicacion,3409,4.16,7.4
Ubicacion,4507,CONECTA_CON,Ubicacion,418,7.72,19.1
Ubicacion,4508,CONECTA_CON,Ubicacion,3037,2.91,7.52
Ubicacion,4508,CONECTA_CON,Ubicacion,301,2.73,5.5
Ubicacion,4508,CONECTA_CON,Ubicacion,213,5.02,11.94
Ubicacion,4509,CONECTA_CON,Ubicacion,2047,9.14,22.14
Ubicacion,4509,CONECTA_CON,Ubicacion,311,9.27,16.73
Ubicacion,4509,CONECTA_CON,Ubicacion,4793,4.22,12.64
Ubicacion,4510,CONECTA_CON,Ubicacion,2754,8.04,22.3
Ubicacion,4510,CONECTA_CON,Ubicacion,4825,2.17,4.23
Ubicacion,4510,CONECTA_CON,Ubicacion,1596,8.21,22.38
Ubicacion,4511,CONECTA_CON,Ubicacion,1515,2.46,3.1
Ubicacion,4511,CONECTA_CON,Ubicacion,1537,2.24,5.85
Ubicacion,4511,CONECTA_CON,Ubicacion,4095,6.24,6.55
Ubicacion,4512,CONECTA_CON,Ubicacion,799,8.66,24.15
Ubicacion,4512,CONECTA_CON,Ubicacion,473,3.51,5.87
Ubicacion,4512,CONECTA_CON,Ubicacion,253,4.78,9.96
Ubicacion,4513,CONECTA_CON,Ubicacion,4479,1.11,1.75
Ubicacion,4513,CONECTA_CON,Ubicacion,1444,5.99,8.9
Ubicacion,4513,CONECTA_CON,Ubicacion,4231,9.0,21.65
Ubicacion,4514,CONECTA_CON,Ubicacion,2329,4.05,6.8
Ubicacion,4514,CONECTA_CON,Ubicacion,354,1.99,4.04
Ubicacion,4514,CONECTA_CON,Ubicacion,2309,8.3,10.23
Ubicacion,4515,CONECTA_CON,Ubicacion,696,1.74,3.82
Ubicacion,4515,CONECTA_CON,Ubicacion,180,2.27,2.74
Ubicacion,4515,CONECTA_CON,Ubicacion,3620,8.77,11.98
Ubicacion,4516,CONECTA_CON,Ubicacion,2718,2.18,2.79
Ubicacion,4516,CONECTA_CON,Ubicacion,631,1.97,3.3
Ubicacion,4516,CONECTA_CON,Ubicacion,818,5.29,6.99
Ubicacion,4517,CONECTA_CON,Ubicacion,2182,9.44,12.81
Ubicacion,4517,CONECTA_CON,Ubicacion,4419,1.4,3.2
Ubicacion,4517,CONECTA_CON,Ubicacion,3963,8.18,9.68
Ubicacion,4518,CONECTA_CON,Ubicacion,3334,6.52,9.88
Ubicacion,4518,CONECTA_CON,Ubicacion,3005,3.51,6.98
Ubicacion,4518,CONECTA_CON,Ubicacion,1841,9.35,15.9
Ubicacion,4519,CONECTA_CON,Ubicacion,133,2.45,2.86
Ubicacion,4519,CONECTA_CON,Ubicacion,4798,4.05,5.0
Ubicacion,4519,CONECTA_CON,Ubicacion,2778,1.36,2.02
Ubicacion,4520,CONECTA_CON,Ubicacion,610,3.5,6.01
Ubicacion,4520,CONECTA_CON,Ubicacion,2914,5.53,9.34
Ubicacion,4520,CONECTA_CON,Ubicacion,819,5.69,10.95
Ubicacion,4521,CONECTA_CON,Ubicacion,1606,4.83,6.36
Ubicacion,4521,CONECTA_CON,Ubicacion,4630,1.27,2.81
Ubicacion,4521,CONECTA_CON,Ubicacion,663,9.72,12.65
Ubicacion,4522,CONECTA_CON,Ubicacion,1774,2.48,2.85
Ubicacion,4522,CONECTA_CON,Ubicacion,185,7.28,15.5
Ubicacion,4522,CONECTA_CON,Ubicacion,1663,0.81,1.56
Ubicacion,4523,CONECTA_CON,Ubicacion,3461,1.56,2.04
Ubicacion,4523,CONECTA_CON,Ubicacion,191,1.81,2.93
Ubicacion,4523,CONECTA_CON,Ubicacion,1592,7.31,16.24
Ubicacion,4524,CONECTA_CON,Ubicacion,4312,6.33,8.56
Ubicacion,4524,CONECTA_CON,Ubicacion,4872,2.73,5.65
Ubicacion,4524,CONECTA_CON,Ubicacion,3116,5.29,6.27
Ubicacion,4525,CONECTA_CON,Ubicacion,3609,7.17,10.24
Ubicacion,4525,CONECTA_CON,Ubicacion,1717,3.77,5.78
Ubicacion,4525,CONECTA_CON,Ubicacion,1052,4.34,5.1
Ubicacion,4526,CONECTA_CON,Ubicacion,2398,3.39,4.58
Ubicacion,4526,CONECTA_CON,Ubicacion,755,2.79,2.88
Ubicacion,4526,CONECTA_CON,Ubicacion,1597,9.94,17.81
Ubicacion,4527,CONECTA_CON,Ubicacion,789,4.65,9.3
Ubicacion,4527,CONECTA_CON,Ubicacion,1584,7.82,17.36
Ubicacion,4527,CONECTA_CON,Ubicacion,2942,5.1,11.3
Ubicacion,4528,CONECTA_CON,Ubicacion,1294,4.88,5.12
Ubicacion,4528,CONECTA_CON,Ubicacion,1569,0.77,1.66
Ubicacion,4528,CONECTA_CON,Ubicacion,3149,1.28,3.64
Ubicacion,4529,CONECTA_CON,Ubicacion,2245,8.91,21.69
Ubicacion,4529,CONECTA_CON,Ubicacion,901,6.58,9.8
Ubicacion,4529,CONECTA_CON,Ubicacion,3029,4.02,5.85
Ubicacion,4530,CONECTA_CON,Ubicacion,338,5.76,8.06
Ubicacion,4530,CONECTA_CON,Ubicacion,1976,4.48,8.9
Ubicacion,4530,CONECTA_CON,Ubicacion,1901,3.29,8.11
Ubicacion,4531,CONECTA_CON,Ubicacion,4553,5.44,6.4
Ubicacion,4531,CONECTA_CON,Ubicacion,3011,9.66,16.97
Ubicacion,4531,CONECTA_CON,Ubicacion,445,6.44,9.12
Ubicacion,4532,CONECTA_CON,Ubicacion,343,3.63,9.03
Ubicacion,4532,CONECTA_CON,Ubicacion,1358,3.95,4.03
Ubicacion,4532,CONECTA_CON,Ubicacion,3906,3.0,4.69
Ubicacion,4533,CONECTA_CON,Ubicacion,1907,1.73,2.36
Ubicacion,4533,CONECTA_CON,Ubicacion,4456,6.9,7.15
Ubicacion,4533,CONECTA_CON,Ubicacion,2268,6.02,6.46
Ubicacion,4534,CONECTA_CON,Ubicacion,446,1.46,1.7
Ubicacion,4534,CONECTA_CON,Ubicacion,4054,6.34,7.9
Ubicacion,4534,CONECTA_CON,Ubicacion,2645,2.52,5.42
Ubicacion,4535,CONECTA_CON,Ubicacion,1073,4.82,10.89
Ubicacion,4535,CONECTA_CON,Ubicacion,2899,7.12,9.79
Ubicacion,4535,CONECTA_CON,Ubicacion,1606,4.84,8.18
Ubicacion,4536,CONECTA_CON,Ubicacion,150,2.58,2.81
Ubicacion,4536,CONECTA_CON,Ubicacion,570,3.21,3.35
Ubicacion,4536,CONECTA_CON,Ubicacion,4988,5.53,6.5
Ubicacion,4537,CONECTA_CON,Ubicacion,3265,7.18,8.1
Ubicacion,4537,CONECTA_CON,Ubicacion,3024,3.86,5.36
Ubicacion,4537,CONECTA_CON,Ubicacion,1214,9.57,14.82
Ubicacion,4538,CONECTA_CON,Ubicacion,2055,1.35,3.29
Ubicacion,4538,CONECTA_CON,Ubicacion,1566,4.81,10.74
Ubicacion,4538,CONECTA_CON,Ubicacion,2453,7.51,9.72
Ubicacion,4539,CONECTA_CON,Ubicacion,3168,8.59,22.16
Ubicacion,4539,CONECTA_CON,Ubicacion,2609,3.91,7.93
Ubicacion,4539,CONECTA_CON,Ubicacion,4438,7.67,11.36
Ubicacion,4540,CONECTA_CON,Ubicacion,4090,9.26,13.88
Ubicacion,4540,CONECTA_CON,Ubicacion,2211,1.59,1.8
Ubicacion,4540,CONECTA_CON,Ubicacion,1641,4.26,5.38
Ubicacion,4541,CONECTA_CON,Ubicacion,3068,1.09,2.03
Ubicacion,4541,CONECTA_CON,Ubicacion,3019,5.63,14.33
Ubicacion,4541,CONECTA_CON,Ubicacion,4936,2.94,3.65
Ubicacion,4542,CONECTA_CON,Ubicacion,3018,3.8,8.1
Ubicacion,4542,CONECTA_CON,Ubicacion,598,5.47,6.25
Ubicacion,4542,CONECTA_CON,Ubicacion,3024,3.35,6.96
Ubicacion,4543,CONECTA_CON,Ubicacion,3575,1.26,2.28
Ubicacion,4543,CONECTA_CON,Ubicacion,4174,6.59,9.26
Ubicacion,4543,CONECTA_CON,Ubicacion,3788,9.18,10.0
Ubicacion,4544,CONECTA_CON,Ubicacion,2631,7.06,19.89
Ubicacion,4544,CONECTA_CON,Ubicacion,2150,9.67,14.31
Ubicacion,4544,CONECTA_CON,Ubicacion,492,2.97,6.37
Ubicacion,4545,CONECTA_CON,Ubicacion,2046,2.75,4.09
Ubicacion,4545,CONECTA_CON,Ubicacion,270,7.16,12.88
Ubicacion,4545,CONECTA_CON,Ubicacion,1778,6.24,6.88
Ubicacion,4546,CONECTA_CON,Ubicacion,1698,8.94,19.58
Ubicacion,4546,CONECTA_CON,Ubicacion,100,4.35,8.95
Ubicacion,4546,CONECTA_CON,Ubicacion,1773,2.74,5.69
Ubicacion,4547,CONECTA_CON,Ubicacion,2834,9.04,22.41
Ubicacion,4547,CONECTA_CON,Ubicacion,2183,1.53,2.94
Ubicacion,4547,CONECTA_CON,Ubicacion,3707,3.02,5.92
Ubicacion,4548,CONECTA_CON,Ubicacion,3087,5.85,8.47
Ubicacion,4548,CONECTA_CON,Ubicacion,796,9.23,22.95
Ubicacion,4548,CONECTA_CON,Ubicacion,1552,5.33,6.95
Ubicacion,4549,CONECTA_CON,Ubicacion,166,2.52,3.23
Ubicacion,4549,CONECTA_CON,Ubicacion,4263,6.22,6.25
Ubicacion,4549,CONECTA_CON,Ubicacion,846,4.73,8.71
Ubicacion,4550,CONECTA_CON,Ubicacion,2762,1.59,1.99
Ubicacion,4550,CONECTA_CON,Ubicacion,4983,2.67,6.21
Ubicacion,4550,CONECTA_CON,Ubicacion,1101,4.54,11.68
Ubicacion,4551,CONECTA_CON,Ubicacion,1303,3.46,7.07
Ubicacion,4551,CONECTA_CON,Ubicacion,4347,7.06,8.52
Ubicacion,4551,CONECTA_CON,Ubicacion,3595,9.8,12.56
Ubicacion,4552,CONECTA_CON,Ubicacion,3942,6.72,8.26
Ubicacion,4552,CONECTA_CON,Ubicacion,3537,1.1,1.79
Ubicacion,4552,CONECTA_CON,Ubicacion,2154,1.2,1.86
Ubicacion,4553,CONECTA_CON,Ubicacion,1181,1.88,2.16
Ubicacion,4553,CONECTA_CON,Ubicacion,3021,3.51,4.17
Ubicacion,4553,CONECTA_CON,Ubicacion,2313,6.12,16.56
Ubicacion,4554,CONECTA_CON,Ubicacion,210,7.93,19.56
Ubicacion,4554,CONECTA_CON,Ubicacion,3845,5.53,7.37
Ubicacion,4554,CONECTA_CON,Ubicacion,3196,7.74,12.59
Ubicacion,4555,CONECTA_CON,Ubicacion,3761,4.24,7.15
Ubicacion,4555,CONECTA_CON,Ubicacion,678,4.59,10.12
Ubicacion,4555,CONECTA_CON,Ubicacion,2498,9.05,10.78
Ubicacion,4556,CONECTA_CON,Ubicacion,4646,2.11,5.58
Ubicacion,4556,CONECTA_CON,Ubicacion,2305,0.83,0.85
Ubicacion,4556,CONECTA_CON,Ubicacion,3317,3.09,5.98
Ubicacion,4557,CONECTA_CON,Ubicacion,3085,4.67,10.24
Ubicacion,4557,CONECTA_CON,Ubicacion,246,5.93,13.38
Ubicacion,4557,CONECTA_CON,Ubicacion,3256,7.77,12.31
Ubicacion,4558,CONECTA_CON,Ubicacion,628,4.61,13.11
Ubicacion,4558,CONECTA_CON,Ubicacion,142,6.67,9.09
Ubicacion,4558,CONECTA_CON,Ubicacion,2286,3.14,7.8
Ubicacion,4559,CONECTA_CON,Ubicacion,4190,0.97,2.53
Ubicacion,4559,CONECTA_CON,Ubicacion,4825,3.57,5.18
Ubicacion,4559,CONECTA_CON,Ubicacion,4133,4.32,4.48
Ubicacion,4560,CONECTA_CON,Ubicacion,3162,9.22,24.98
Ubicacion,4560,CONECTA_CON,Ubicacion,3885,3.31,6.91
Ubicacion,4560,CONECTA_CON,Ubicacion,4180,6.46,11.36
Ubicacion,4561,CONECTA_CON,Ubicacion,4392,5.08,7.21
Ubicacion,4561,CONECTA_CON,Ubicacion,581,5.07,8.66
Ubicacion,4561,CONECTA_CON,Ubicacion,372,2.34,3.26
Ubicacion,4562,CONECTA_CON,Ubicacion,2321,0.81,0.88
Ubicacion,4562,CONECTA_CON,Ubicacion,824,7.15,8.05
Ubicacion,4562,CONECTA_CON,Ubicacion,4252,7.28,8.37
Ubicacion,4563,CONECTA_CON,Ubicacion,2218,3.48,10.31
Ubicacion,4563,CONECTA_CON,Ubicacion,4342,4.71,11.54
Ubicacion,4563,CONECTA_CON,Ubicacion,3590,4.62,12.78
Ubicacion,4564,CONECTA_CON,Ubicacion,2582,8.16,22.83
Ubicacion,4564,CONECTA_CON,Ubicacion,2540,9.16,11.48
Ubicacion,4564,CONECTA_CON,Ubicacion,4806,2.51,6.91
Ubicacion,4565,CONECTA_CON,Ubicacion,3870,8.32,13.48
Ubicacion,4565,CONECTA_CON,Ubicacion,4317,9.25,24.36
Ubicacion,4565,CONECTA_CON,Ubicacion,4340,1.81,2.02
Ubicacion,4566,CONECTA_CON,Ubicacion,2960,5.26,8.38
Ubicacion,4566,CONECTA_CON,Ubicacion,849,6.68,11.66
Ubicacion,4566,CONECTA_CON,Ubicacion,2798,4.68,13.8
Ubicacion,4567,CONECTA_CON,Ubicacion,1683,8.69,14.45
Ubicacion,4567,CONECTA_CON,Ubicacion,17,4.0,8.12
Ubicacion,4567,CONECTA_CON,Ubicacion,2235,7.32,9.98
Ubicacion,4568,CONECTA_CON,Ubicacion,1483,6.95,9.11
Ubicacion,4568,CONECTA_CON,Ubicacion,4973,2.8,3.01
Ubicacion,4568,CONECTA_CON,Ubicacion,1383,5.15,7.51
Ubicacion,4569,CONECTA_CON,Ubicacion,1575,8.7,11.17
Ubicacion,4569,CONECTA_CON,Ubicacion,1709,9.93,21.15
Ubicacion,4569,CONECTA_CON,Ubicacion,558,4.93,9.44
Ubicacion,4570,CONECTA_CON,Ubicacion,830,3.9,5.36
Ubicacion,4570,CONECTA_CON,Ubicacion,455,4.96,6.36
Ubicacion,4570,CONECTA_CON,Ubicacion,272,7.98,12.91
Ubicacion,4571,CONECTA_CON,Ubicacion,4696,1.42,1.43
Ubicacion,4571,CONECTA_CON,Ubicacion,1899,5.52,8.38
Ubicacion,4571,CONECTA_CON,Ubicacion,4182,6.02,8.32
Ubicacion,4572,CONECTA_CON,Ubicacion,4890,2.5,3.46
Ubicacion,4572,CONECTA_CON,Ubicacion,1538,3.61,5.01
Ubicacion,4572,CONECTA_CON,Ubicacion,436,4.69,9.27
Ubicacion,4573,CONECTA_CON,Ubicacion,2951,7.03,9.9
Ubicacion,4573,CONECTA_CON,Ubicacion,3625,7.62,11.48
Ubicacion,4573,CONECTA_CON,Ubicacion,4175,4.54,4.83
Ubicacion,4574,CONECTA_CON,Ubicacion,2450,3.6,7.45
Ubicacion,4574,CONECTA_CON,Ubicacion,4802,7.83,22.62
Ubicacion,4574,CONECTA_CON,Ubicacion,4860,9.28,23.22
Ubicacion,4575,CONECTA_CON,Ubicacion,1054,7.87,10.26
Ubicacion,4575,CONECTA_CON,Ubicacion,2670,2.34,5.39
Ubicacion,4575,CONECTA_CON,Ubicacion,1326,3.42,6.38
Ubicacion,4576,CONECTA_CON,Ubicacion,4414,5.24,7.89
Ubicacion,4576,CONECTA_CON,Ubicacion,4753,4.32,5.12
Ubicacion,4576,CONECTA_CON,Ubicacion,776,7.58,12.28
Ubicacion,4577,CONECTA_CON,Ubicacion,2641,3.42,4.12
Ubicacion,4577,CONECTA_CON,Ubicacion,2716,1.42,1.92
Ubicacion,4577,CONECTA_CON,Ubicacion,4078,5.04,11.61
Ubicacion,4578,CONECTA_CON,Ubicacion,554,0.69,0.86
Ubicacion,4578,CONECTA_CON,Ubicacion,643,3.94,6.04
Ubicacion,4578,CONECTA_CON,Ubicacion,1450,6.36,11.65
Ubicacion,4579,CONECTA_CON,Ubicacion,735,7.95,18.14
Ubicacion,4579,CONECTA_CON,Ubicacion,2240,1.54,2.16
Ubicacion,4579,CONECTA_CON,Ubicacion,2401,2.29,5.71
Ubicacion,4580,CONECTA_CON,Ubicacion,2056,7.03,10.99
Ubicacion,4580,CONECTA_CON,Ubicacion,1278,6.29,6.32
Ubicacion,4580,CONECTA_CON,Ubicacion,3399,7.15,12.94
Ubicacion,4581,CONECTA_CON,Ubicacion,4274,1.74,1.93
Ubicacion,4581,CONECTA_CON,Ubicacion,2221,9.12,21.41
Ubicacion,4581,CONECTA_CON,Ubicacion,1402,2.19,5.73
Ubicacion,4582,CONECTA_CON,Ubicacion,2620,6.19,8.6
Ubicacion,4582,CONECTA_CON,Ubicacion,1299,0.99,1.18
Ubicacion,4582,CONECTA_CON,Ubicacion,700,9.59,17.9
Ubicacion,4583,CONECTA_CON,Ubicacion,4772,2.53,5.84
Ubicacion,4583,CONECTA_CON,Ubicacion,541,5.3,5.35
Ubicacion,4583,CONECTA_CON,Ubicacion,1029,6.29,8.83
Ubicacion,4584,CONECTA_CON,Ubicacion,2441,6.38,10.53
Ubicacion,4584,CONECTA_CON,Ubicacion,789,9.21,11.26
Ubicacion,4584,CONECTA_CON,Ubicacion,1901,5.81,6.47
Ubicacion,4585,CONECTA_CON,Ubicacion,2514,6.41,7.5
Ubicacion,4585,CONECTA_CON,Ubicacion,2341,7.12,8.24
Ubicacion,4585,CONECTA_CON,Ubicacion,3034,6.61,10.04
Ubicacion,4586,CONECTA_CON,Ubicacion,2516,5.95,7.94
Ubicacion,4586,CONECTA_CON,Ubicacion,2305,8.08,12.29
Ubicacion,4586,CONECTA_CON,Ubicacion,3023,3.95,9.67
Ubicacion,4587,CONECTA_CON,Ubicacion,1073,0.92,1.22
Ubicacion,4587,CONECTA_CON,Ubicacion,841,4.06,6.59
Ubicacion,4587,CONECTA_CON,Ubicacion,2263,3.65,9.92
Ubicacion,4588,CONECTA_CON,Ubicacion,4289,3.52,9.7
Ubicacion,4588,CONECTA_CON,Ubicacion,3355,6.05,6.85
Ubicacion,4588,CONECTA_CON,Ubicacion,313,3.03,4.38
Ubicacion,4589,CONECTA_CON,Ubicacion,2008,2.74,4.74
Ubicacion,4589,CONECTA_CON,Ubicacion,2559,2.42,2.49
Ubicacion,4589,CONECTA_CON,Ubicacion,4462,9.01,9.81
Ubicacion,4590,CONECTA_CON,Ubicacion,1881,5.48,9.67
Ubicacion,4590,CONECTA_CON,Ubicacion,1783,4.28,4.99
Ubicacion,4590,CONECTA_CON,Ubicacion,2189,2.91,2.94
Ubicacion,4591,CONECTA_CON,Ubicacion,582,6.42,12.43
Ubicacion,4591,CONECTA_CON,Ubicacion,4223,9.58,11.28
Ubicacion,4591,CONECTA_CON,Ubicacion,4928,4.04,10.5
Ubicacion,4592,CONECTA_CON,Ubicacion,2106,5.15,7.28
Ubicacion,4592,CONECTA_CON,Ubicacion,1177,8.89,12.47
Ubicacion,4592,CONECTA_CON,Ubicacion,4825,3.19,8.5
Ubicacion,4593,CONECTA_CON,Ubicacion,4082,2.45,6.27
Ubicacion,4593,CONECTA_CON,Ubicacion,4381,8.12,14.52
Ubicacion,4593,CONECTA_CON,Ubicacion,4609,6.07,17.81
Ubicacion,4594,CONECTA_CON,Ubicacion,1225,5.85,6.04
Ubicacion,4594,CONECTA_CON,Ubicacion,2847,1.6,3.15
Ubicacion,4594,CONECTA_CON,Ubicacion,881,7.64,19.22
Ubicacion,4595,CONECTA_CON,Ubicacion,3546,5.91,10.28
Ubicacion,4595,CONECTA_CON,Ubicacion,466,1.92,2.97
Ubicacion,4595,CONECTA_CON,Ubicacion,3333,5.43,8.66
Ubicacion,4596,CONECTA_CON,Ubicacion,1184,5.9,6.96
Ubicacion,4596,CONECTA_CON,Ubicacion,1093,6.79,9.39
Ubicacion,4596,CONECTA_CON,Ubicacion,1546,9.67,10.03
Ubicacion,4597,CONECTA_CON,Ubicacion,4358,5.55,6.5
Ubicacion,4597,CONECTA_CON,Ubicacion,4316,1.92,3.66
Ubicacion,4597,CONECTA_CON,Ubicacion,1313,5.12,10.68
Ubicacion,4598,CONECTA_CON,Ubicacion,3081,1.5,2.26
Ubicacion,4598,CONECTA_CON,Ubicacion,82,1.13,1.81
Ubicacion,4598,CONECTA_CON,Ubicacion,2032,8.44,17.57
Ubicacion,4599,CONECTA_CON,Ubicacion,2238,4.7,13.14
Ubicacion,4599,CONECTA_CON,Ubicacion,2289,8.84,10.37
Ubicacion,4599,CONECTA_CON,Ubicacion,939,9.7,14.53
Ubicacion,4600,CONECTA_CON,Ubicacion,281,5.64,6.5
Ubicacion,4600,CONECTA_CON,Ubicacion,4311,4.08,5.32
Ubicacion,4600,CONECTA_CON,Ubicacion,1655,6.4,11.96
Ubicacion,4601,CONECTA_CON,Ubicacion,1033,0.95,1.16
Ubicacion,4601,CONECTA_CON,Ubicacion,2655,9.2,17.42
Ubicacion,4601,CONECTA_CON,Ubicacion,943,2.8,5.35
Ubicacion,4602,CONECTA_CON,Ubicacion,682,9.61,21.75
Ubicacion,4602,CONECTA_CON,Ubicacion,1074,6.38,17.18
Ubicacion,4602,CONECTA_CON,Ubicacion,2820,8.18,22.55
Ubicacion,4603,CONECTA_CON,Ubicacion,4398,1.73,1.93
Ubicacion,4603,CONECTA_CON,Ubicacion,4339,1.61,3.9
Ubicacion,4603,CONECTA_CON,Ubicacion,1936,3.9,4.83
Ubicacion,4604,CONECTA_CON,Ubicacion,4765,4.97,13.2
Ubicacion,4604,CONECTA_CON,Ubicacion,2736,7.12,9.58
Ubicacion,4604,CONECTA_CON,Ubicacion,3096,3.0,5.31
Ubicacion,4605,CONECTA_CON,Ubicacion,4795,2.2,2.36
Ubicacion,4605,CONECTA_CON,Ubicacion,482,6.35,12.7
Ubicacion,4605,CONECTA_CON,Ubicacion,1447,2.13,4.05
Ubicacion,4606,CONECTA_CON,Ubicacion,4377,3.79,5.39
Ubicacion,4606,CONECTA_CON,Ubicacion,602,5.95,10.59
Ubicacion,4606,CONECTA_CON,Ubicacion,1264,1.39,1.9
Ubicacion,4607,CONECTA_CON,Ubicacion,1847,1.64,3.14
Ubicacion,4607,CONECTA_CON,Ubicacion,1260,8.28,8.49
Ubicacion,4607,CONECTA_CON,Ubicacion,3822,5.74,7.48
Ubicacion,4608,CONECTA_CON,Ubicacion,115,3.9,11.47
Ubicacion,4608,CONECTA_CON,Ubicacion,4693,9.22,14.38
Ubicacion,4608,CONECTA_CON,Ubicacion,989,1.41,4.17
Ubicacion,4609,CONECTA_CON,Ubicacion,1778,1.92,3.05
Ubicacion,4609,CONECTA_CON,Ubicacion,27,8.2,8.57
Ubicacion,4609,CONECTA_CON,Ubicacion,4152,6.72,7.09
Ubicacion,4610,CONECTA_CON,Ubicacion,4629,5.67,7.5
Ubicacion,4610,CONECTA_CON,Ubicacion,2981,7.38,14.6
Ubicacion,4610,CONECTA_CON,Ubicacion,2811,5.75,6.29
Ubicacion,4611,CONECTA_CON,Ubicacion,1898,3.29,3.45
Ubicacion,4611,CONECTA_CON,Ubicacion,3294,4.7,10.54
Ubicacion,4611,CONECTA_CON,Ubicacion,3538,6.13,12.97
Ubicacion,4612,CONECTA_CON,Ubicacion,4905,3.51,4.53
Ubicacion,4612,CONECTA_CON,Ubicacion,4375,5.34,7.05
Ubicacion,4612,CONECTA_CON,Ubicacion,4630,7.08,14.2
Ubicacion,4613,CONECTA_CON,Ubicacion,2894,2.89,6.31
Ubicacion,4613,CONECTA_CON,Ubicacion,1772,2.12,3.72
Ubicacion,4613,CONECTA_CON,Ubicacion,3590,8.31,17.25
Ubicacion,4614,CONECTA_CON,Ubicacion,582,7.33,10.05
Ubicacion,4614,CONECTA_CON,Ubicacion,22,6.06,8.79
Ubicacion,4614,CONECTA_CON,Ubicacion,793,1.58,4.57
Ubicacion,4615,CONECTA_CON,Ubicacion,2433,1.51,2.1
Ubicacion,4615,CONECTA_CON,Ubicacion,2591,3.97,4.33
Ubicacion,4615,CONECTA_CON,Ubicacion,890,2.78,3.05
Ubicacion,4616,CONECTA_CON,Ubicacion,3035,9.82,11.68
Ubicacion,4616,CONECTA_CON,Ubicacion,2095,0.51,1.11
Ubicacion,4616,CONECTA_CON,Ubicacion,270,6.97,8.23
Ubicacion,4617,CONECTA_CON,Ubicacion,226,2.46,2.99
Ubicacion,4617,CONECTA_CON,Ubicacion,2219,5.42,7.77
Ubicacion,4617,CONECTA_CON,Ubicacion,834,6.95,7.54
Ubicacion,4618,CONECTA_CON,Ubicacion,764,0.8,1.59
Ubicacion,4618,CONECTA_CON,Ubicacion,2342,3.09,4.59
Ubicacion,4618,CONECTA_CON,Ubicacion,1480,9.33,16.83
Ubicacion,4619,CONECTA_CON,Ubicacion,3038,5.54,9.96
Ubicacion,4619,CONECTA_CON,Ubicacion,4915,3.19,4.58
Ubicacion,4619,CONECTA_CON,Ubicacion,2387,6.8,12.48
Ubicacion,4620,CONECTA_CON,Ubicacion,3648,6.84,10.23
Ubicacion,4620,CONECTA_CON,Ubicacion,951,6.15,7.56
Ubicacion,4620,CONECTA_CON,Ubicacion,3735,1.32,1.86
Ubicacion,4621,CONECTA_CON,Ubicacion,2959,3.98,4.31
Ubicacion,4621,CONECTA_CON,Ubicacion,219,7.54,18.28
Ubicacion,4621,CONECTA_CON,Ubicacion,3262,3.72,4.1
Ubicacion,4622,CONECTA_CON,Ubicacion,577,1.48,1.72
Ubicacion,4622,CONECTA_CON,Ubicacion,549,3.79,10.14
Ubicacion,4622,CONECTA_CON,Ubicacion,834,1.45,1.9
Ubicacion,4623,CONECTA_CON,Ubicacion,1345,0.91,1.19
Ubicacion,4623,CONECTA_CON,Ubicacion,1518,1.58,2.41
Ubicacion,4623,CONECTA_CON,Ubicacion,656,4.98,6.18
Ubicacion,4624,CONECTA_CON,Ubicacion,1609,6.13,6.64
Ubicacion,4624,CONECTA_CON,Ubicacion,1267,4.47,13.35
Ubicacion,4624,CONECTA_CON,Ubicacion,3042,2.27,2.38
Ubicacion,4625,CONECTA_CON,Ubicacion,3389,6.17,9.14
Ubicacion,4625,CONECTA_CON,Ubicacion,4985,4.3,4.36
Ubicacion,4625,CONECTA_CON,Ubicacion,2276,1.06,2.6
Ubicacion,4626,CONECTA_CON,Ubicacion,191,7.26,8.07
Ubicacion,4626,CONECTA_CON,Ubicacion,2455,7.64,12.4
Ubicacion,4626,CONECTA_CON,Ubicacion,1188,6.2,9.32
Ubicacion,4627,CONECTA_CON,Ubicacion,3929,9.84,19.93
Ubicacion,4627,CONECTA_CON,Ubicacion,4750,1.17,1.23
Ubicacion,4627,CONECTA_CON,Ubicacion,3437,6.1,12.4
Ubicacion,4628,CONECTA_CON,Ubicacion,4128,6.12,8.15
Ubicacion,4628,CONECTA_CON,Ubicacion,116,1.25,1.29
Ubicacion,4628,CONECTA_CON,Ubicacion,4839,1.31,2.99
Ubicacion,4629,CONECTA_CON,Ubicacion,4909,8.0,9.2
Ubicacion,4629,CONECTA_CON,Ubicacion,2297,0.96,1.96
Ubicacion,4629,CONECTA_CON,Ubicacion,1733,4.81,5.25
Ubicacion,4630,CONECTA_CON,Ubicacion,1374,9.43,15.07
Ubicacion,4630,CONECTA_CON,Ubicacion,875,5.7,9.07
Ubicacion,4630,CONECTA_CON,Ubicacion,2773,5.63,6.83
Ubicacion,4631,CONECTA_CON,Ubicacion,1128,9.59,11.6
Ubicacion,4631,CONECTA_CON,Ubicacion,2421,7.06,14.62
Ubicacion,4631,CONECTA_CON,Ubicacion,5000,5.73,6.64
Ubicacion,4632,CONECTA_CON,Ubicacion,1078,9.01,15.78
Ubicacion,4632,CONECTA_CON,Ubicacion,2575,4.89,6.43
Ubicacion,4632,CONECTA_CON,Ubicacion,4022,1.24,1.54
Ubicacion,4633,CONECTA_CON,Ubicacion,1279,0.71,1.39
Ubicacion,4633,CONECTA_CON,Ubicacion,2484,3.66,10.01
Ubicacion,4633,CONECTA_CON,Ubicacion,2831,7.06,16.89
Ubicacion,4634,CONECTA_CON,Ubicacion,2989,3.25,3.38
Ubicacion,4634,CONECTA_CON,Ubicacion,3986,4.32,7.56
Ubicacion,4634,CONECTA_CON,Ubicacion,274,8.83,19.53
Ubicacion,4635,CONECTA_CON,Ubicacion,1129,5.53,11.35
Ubicacion,4635,CONECTA_CON,Ubicacion,1857,8.76,14.29
Ubicacion,4635,CONECTA_CON,Ubicacion,1362,4.55,10.34
Ubicacion,4636,CONECTA_CON,Ubicacion,375,6.11,6.84
Ubicacion,4636,CONECTA_CON,Ubicacion,1760,9.1,23.54
Ubicacion,4636,CONECTA_CON,Ubicacion,659,2.83,4.41
Ubicacion,4637,CONECTA_CON,Ubicacion,1723,3.27,4.45
Ubicacion,4637,CONECTA_CON,Ubicacion,1349,3.19,9.48
Ubicacion,4637,CONECTA_CON,Ubicacion,3032,7.54,17.18
Ubicacion,4638,CONECTA_CON,Ubicacion,4608,7.79,20.28
Ubicacion,4638,CONECTA_CON,Ubicacion,3669,2.74,6.56
Ubicacion,4638,CONECTA_CON,Ubicacion,2499,8.74,10.15
Ubicacion,4639,CONECTA_CON,Ubicacion,3833,1.37,1.62
Ubicacion,4639,CONECTA_CON,Ubicacion,2197,5.66,13.8
Ubicacion,4639,CONECTA_CON,Ubicacion,1500,6.83,8.44
Ubicacion,4640,CONECTA_CON,Ubicacion,4257,4.61,8.16
Ubicacion,4640,CONECTA_CON,Ubicacion,1449,7.24,12.48
Ubicacion,4640,CONECTA_CON,Ubicacion,1991,0.91,2.36
Ubicacion,4641,CONECTA_CON,Ubicacion,2332,2.0,5.32
Ubicacion,4641,CONECTA_CON,Ubicacion,843,9.8,11.21
Ubicacion,4641,CONECTA_CON,Ubicacion,2101,4.31,8.57
Ubicacion,4642,CONECTA_CON,Ubicacion,3004,8.64,17.98
Ubicacion,4642,CONECTA_CON,Ubicacion,2308,7.26,11.01
Ubicacion,4642,CONECTA_CON,Ubicacion,2770,0.67,0.79
Ubicacion,4643,CONECTA_CON,Ubicacion,1798,4.23,7.54
Ubicacion,4643,CONECTA_CON,Ubicacion,4095,4.53,6.1
Ubicacion,4643,CONECTA_CON,Ubicacion,2026,4.78,7.34
Ubicacion,4644,CONECTA_CON,Ubicacion,1500,5.59,6.1
Ubicacion,4644,CONECTA_CON,Ubicacion,3547,1.47,1.53
Ubicacion,4644,CONECTA_CON,Ubicacion,4978,6.2,6.8
Ubicacion,4645,CONECTA_CON,Ubicacion,3947,4.89,5.66
Ubicacion,4645,CONECTA_CON,Ubicacion,3168,9.75,17.04
Ubicacion,4645,CONECTA_CON,Ubicacion,2309,9.11,13.67
Ubicacion,4646,CONECTA_CON,Ubicacion,1978,6.28,6.43
Ubicacion,4646,CONECTA_CON,Ubicacion,1606,9.73,16.88
Ubicacion,4646,CONECTA_CON,Ubicacion,4707,1.63,2.16
Ubicacion,4647,CONECTA_CON,Ubicacion,3114,7.44,8.45
Ubicacion,4647,CONECTA_CON,Ubicacion,2775,8.52,18.74
Ubicacion,4647,CONECTA_CON,Ubicacion,4735,4.86,6.82
Ubicacion,4648,CONECTA_CON,Ubicacion,2280,5.1,6.38
Ubicacion,4648,CONECTA_CON,Ubicacion,4007,5.84,9.1
Ubicacion,4648,CONECTA_CON,Ubicacion,4103,6.75,18.25
Ubicacion,4649,CONECTA_CON,Ubicacion,2069,3.84,4.58
Ubicacion,4649,CONECTA_CON,Ubicacion,4984,9.48,9.7
Ubicacion,4649,CONECTA_CON,Ubicacion,1564,4.85,6.39
Ubicacion,4650,CONECTA_CON,Ubicacion,4794,7.28,7.73
Ubicacion,4650,CONECTA_CON,Ubicacion,2693,2.61,2.64
Ubicacion,4650,CONECTA_CON,Ubicacion,4923,5.05,5.95
Ubicacion,4651,CONECTA_CON,Ubicacion,3429,2.72,3.98
Ubicacion,4651,CONECTA_CON,Ubicacion,968,3.45,6.51
Ubicacion,4651,CONECTA_CON,Ubicacion,2274,1.02,1.74
Ubicacion,4652,CONECTA_CON,Ubicacion,2757,7.69,21.86
Ubicacion,4652,CONECTA_CON,Ubicacion,796,8.98,17.98
Ubicacion,4652,CONECTA_CON,Ubicacion,273,6.29,9.65
Ubicacion,4653,CONECTA_CON,Ubicacion,2403,6.66,7.27
Ubicacion,4653,CONECTA_CON,Ubicacion,4067,9.5,20.98
Ubicacion,4653,CONECTA_CON,Ubicacion,2406,2.79,4.46
Ubicacion,4654,CONECTA_CON,Ubicacion,2325,2.28,3.6
Ubicacion,4654,CONECTA_CON,Ubicacion,1710,6.78,20.08
Ubicacion,4654,CONECTA_CON,Ubicacion,675,6.97,9.21
Ubicacion,4655,CONECTA_CON,Ubicacion,4716,2.5,3.56
Ubicacion,4655,CONECTA_CON,Ubicacion,4364,2.43,3.39
Ubicacion,4655,CONECTA_CON,Ubicacion,172,1.23,1.33
Ubicacion,4656,CONECTA_CON,Ubicacion,3931,5.81,12.47
Ubicacion,4656,CONECTA_CON,Ubicacion,810,1.33,2.07
Ubicacion,4656,CONECTA_CON,Ubicacion,4666,7.2,20.64
Ubicacion,4657,CONECTA_CON,Ubicacion,1621,0.87,0.88
Ubicacion,4657,CONECTA_CON,Ubicacion,2351,5.53,7.72
Ubicacion,4657,CONECTA_CON,Ubicacion,2054,2.99,3.68
Ubicacion,4658,CONECTA_CON,Ubicacion,813,8.22,8.53
Ubicacion,4658,CONECTA_CON,Ubicacion,4594,4.53,7.63
Ubicacion,4658,CONECTA_CON,Ubicacion,57,1.57,1.84
Ubicacion,4659,CONECTA_CON,Ubicacion,3057,7.17,16.35
Ubicacion,4659,CONECTA_CON,Ubicacion,2673,6.93,8.37
Ubicacion,4659,CONECTA_CON,Ubicacion,3898,1.77,2.56
Ubicacion,4660,CONECTA_CON,Ubicacion,702,3.35,8.76
Ubicacion,4660,CONECTA_CON,Ubicacion,2780,8.39,14.29
Ubicacion,4660,CONECTA_CON,Ubicacion,2441,5.6,11.11
Ubicacion,4661,CONECTA_CON,Ubicacion,4107,3.03,3.78
Ubicacion,4661,CONECTA_CON,Ubicacion,3281,2.91,3.28
Ubicacion,4661,CONECTA_CON,Ubicacion,1173,9.45,16.31
Ubicacion,4662,CONECTA_CON,Ubicacion,3328,6.37,7.42
Ubicacion,4662,CONECTA_CON,Ubicacion,1458,8.39,19.03
Ubicacion,4662,CONECTA_CON,Ubicacion,891,0.82,1.4
Ubicacion,4663,CONECTA_CON,Ubicacion,3842,9.43,19.27
Ubicacion,4663,CONECTA_CON,Ubicacion,1126,1.63,1.71
Ubicacion,4663,CONECTA_CON,Ubicacion,2101,3.19,5.08
Ubicacion,4664,CONECTA_CON,Ubicacion,2504,8.64,13.37
Ubicacion,4664,CONECTA_CON,Ubicacion,4018,2.6,5.14
Ubicacion,4664,CONECTA_CON,Ubicacion,1427,3.54,4.63
Ubicacion,4665,CONECTA_CON,Ubicacion,4049,9.67,14.3
Ubicacion,4665,CONECTA_CON,Ubicacion,1696,4.21,4.54
Ubicacion,4665,CONECTA_CON,Ubicacion,2075,4.2,9.27
Ubicacion,4666,CONECTA_CON,Ubicacion,3479,9.99,19.76
Ubicacion,4666,CONECTA_CON,Ubicacion,4803,4.3,8.99
Ubicacion,4666,CONECTA_CON,Ubicacion,4313,8.4,14.26
Ubicacion,4667,CONECTA_CON,Ubicacion,3319,3.32,9.19
Ubicacion,4667,CONECTA_CON,Ubicacion,1469,8.48,14.58
Ubicacion,4667,CONECTA_CON,Ubicacion,800,0.91,1.21
Ubicacion,4668,CONECTA_CON,Ubicacion,591,3.75,4.62
Ubicacion,4668,CONECTA_CON,Ubicacion,3306,2.88,4.24
Ubicacion,4668,CONECTA_CON,Ubicacion,1278,8.78,10.79
Ubicacion,4669,CONECTA_CON,Ubicacion,3611,8.34,19.99
Ubicacion,4669,CONECTA_CON,Ubicacion,577,5.65,10.03
Ubicacion,4669,CONECTA_CON,Ubicacion,1360,7.78,18.72
Ubicacion,4670,CONECTA_CON,Ubicacion,4766,4.66,5.77
Ubicacion,4670,CONECTA_CON,Ubicacion,1451,6.99,8.02
Ubicacion,4670,CONECTA_CON,Ubicacion,652,9.33,12.62
Ubicacion,4671,CONECTA_CON,Ubicacion,1419,4.89,9.0
Ubicacion,4671,CONECTA_CON,Ubicacion,3564,8.19,10.71
Ubicacion,4671,CONECTA_CON,Ubicacion,4806,3.24,7.1
Ubicacion,4672,CONECTA_CON,Ubicacion,611,7.72,13.03
Ubicacion,4672,CONECTA_CON,Ubicacion,2207,0.65,1.66
Ubicacion,4672,CONECTA_CON,Ubicacion,2268,5.2,7.28
Ubicacion,4673,CONECTA_CON,Ubicacion,4840,3.69,8.6
Ubicacion,4673,CONECTA_CON,Ubicacion,2387,7.01,8.9
Ubicacion,4673,CONECTA_CON,Ubicacion,1007,6.72,16.62
Ubicacion,4674,CONECTA_CON,Ubicacion,3239,2.99,3.35
Ubicacion,4674,CONECTA_CON,Ubicacion,520,1.22,2.11
Ubicacion,4674,CONECTA_CON,Ubicacion,106,0.89,1.83
Ubicacion,4675,CONECTA_CON,Ubicacion,4252,0.78,1.38
Ubicacion,4675,CONECTA_CON,Ubicacion,948,1.3,2.92
Ubicacion,4675,CONECTA_CON,Ubicacion,4224,1.46,4.29
Ubicacion,4676,CONECTA_CON,Ubicacion,533,7.13,7.23
Ubicacion,4676,CONECTA_CON,Ubicacion,3533,2.01,2.48
Ubicacion,4676,CONECTA_CON,Ubicacion,1238,1.86,1.87
Ubicacion,4677,CONECTA_CON,Ubicacion,2536,2.25,3.74
Ubicacion,4677,CONECTA_CON,Ubicacion,2196,4.26,7.11
Ubicacion,4677,CONECTA_CON,Ubicacion,753,6.07,10.52
Ubicacion,4678,CONECTA_CON,Ubicacion,3391,1.26,2.81
Ubicacion,4678,CONECTA_CON,Ubicacion,2973,9.39,10.98
Ubicacion,4678,CONECTA_CON,Ubicacion,2490,1.7,1.92
Ubicacion,4679,CONECTA_CON,Ubicacion,2980,5.6,5.84
Ubicacion,4679,CONECTA_CON,Ubicacion,3006,6.38,8.81
Ubicacion,4679,CONECTA_CON,Ubicacion,4156,3.06,3.1
Ubicacion,4680,CONECTA_CON,Ubicacion,3001,1.41,1.46
Ubicacion,4680,CONECTA_CON,Ubicacion,1268,3.88,5.82
Ubicacion,4680,CONECTA_CON,Ubicacion,2396,9.72,16.12
Ubicacion,4681,CONECTA_CON,Ubicacion,3585,9.82,21.84
Ubicacion,4681,CONECTA_CON,Ubicacion,2119,3.74,9.39
Ubicacion,4681,CONECTA_CON,Ubicacion,454,3.57,7.25
Ubicacion,4682,CONECTA_CON,Ubicacion,1847,9.93,10.66
Ubicacion,4682,CONECTA_CON,Ubicacion,1652,6.8,9.34
Ubicacion,4682,CONECTA_CON,Ubicacion,3878,6.6,15.61
Ubicacion,4683,CONECTA_CON,Ubicacion,4040,7.59,9.53
Ubicacion,4683,CONECTA_CON,Ubicacion,3731,6.23,6.25
Ubicacion,4683,CONECTA_CON,Ubicacion,4061,7.62,9.1
Ubicacion,4684,CONECTA_CON,Ubicacion,2884,0.61,0.66
Ubicacion,4684,CONECTA_CON,Ubicacion,3248,2.78,2.82
Ubicacion,4684,CONECTA_CON,Ubicacion,4687,2.34,3.51
Ubicacion,4685,CONECTA_CON,Ubicacion,1350,8.35,11.95
Ubicacion,4685,CONECTA_CON,Ubicacion,2715,7.84,15.09
Ubicacion,4685,CONECTA_CON,Ubicacion,1881,3.53,4.67
Ubicacion,4686,CONECTA_CON,Ubicacion,1217,8.08,23.98
Ubicacion,4686,CONECTA_CON,Ubicacion,1950,8.07,12.76
Ubicacion,4686,CONECTA_CON,Ubicacion,449,7.22,12.35
Ubicacion,4687,CONECTA_CON,Ubicacion,462,5.31,6.22
Ubicacion,4687,CONECTA_CON,Ubicacion,2314,4.15,5.14
Ubicacion,4687,CONECTA_CON,Ubicacion,2682,7.37,11.88
Ubicacion,4688,CONECTA_CON,Ubicacion,4872,2.7,3.7
Ubicacion,4688,CONECTA_CON,Ubicacion,2449,9.36,13.19
Ubicacion,4688,CONECTA_CON,Ubicacion,84,9.84,12.81
Ubicacion,4689,CONECTA_CON,Ubicacion,4007,3.3,3.86
Ubicacion,4689,CONECTA_CON,Ubicacion,4350,1.1,2.48
Ubicacion,4689,CONECTA_CON,Ubicacion,1246,5.45,9.18
Ubicacion,4690,CONECTA_CON,Ubicacion,2909,7.6,7.67
Ubicacion,4690,CONECTA_CON,Ubicacion,1532,1.25,1.69
Ubicacion,4690,CONECTA_CON,Ubicacion,3860,1.42,2.24
Ubicacion,4691,CONECTA_CON,Ubicacion,2044,2.78,5.55
Ubicacion,4691,CONECTA_CON,Ubicacion,2767,9.62,13.94
Ubicacion,4691,CONECTA_CON,Ubicacion,4476,3.98,7.37
Ubicacion,4692,CONECTA_CON,Ubicacion,1068,6.22,14.17
Ubicacion,4692,CONECTA_CON,Ubicacion,4521,6.87,7.94
Ubicacion,4692,CONECTA_CON,Ubicacion,4727,4.25,10.23
Ubicacion,4693,CONECTA_CON,Ubicacion,4419,5.9,7.26
Ubicacion,4693,CONECTA_CON,Ubicacion,4966,5.99,7.2
Ubicacion,4693,CONECTA_CON,Ubicacion,2102,2.72,3.09
Ubicacion,4694,CONECTA_CON,Ubicacion,4506,4.53,11.09
Ubicacion,4694,CONECTA_CON,Ubicacion,2201,7.51,9.04
Ubicacion,4694,CONECTA_CON,Ubicacion,2846,0.8,1.27
Ubicacion,4695,CONECTA_CON,Ubicacion,2377,6.21,7.5
Ubicacion,4695,CONECTA_CON,Ubicacion,27,1.63,1.8
Ubicacion,4695,CONECTA_CON,Ubicacion,801,7.79,16.36
Ubicacion,4696,CONECTA_CON,Ubicacion,4278,5.59,6.36
Ubicacion,4696,CONECTA_CON,Ubicacion,4856,6.27,12.78
Ubicacion,4696,CONECTA_CON,Ubicacion,3909,6.56,10.43
Ubicacion,4697,CONECTA_CON,Ubicacion,196,6.2,14.29
Ubicacion,4697,CONECTA_CON,Ubicacion,2350,4.75,6.36
Ubicacion,4697,CONECTA_CON,Ubicacion,488,6.08,7.79
Ubicacion,4698,CONECTA_CON,Ubicacion,2665,3.75,7.6
Ubicacion,4698,CONECTA_CON,Ubicacion,3293,9.0,9.95
Ubicacion,4698,CONECTA_CON,Ubicacion,1021,6.5,6.9
Ubicacion,4699,CONECTA_CON,Ubicacion,2009,9.38,27.94
Ubicacion,4699,CONECTA_CON,Ubicacion,2966,3.7,3.98
Ubicacion,4699,CONECTA_CON,Ubicacion,2584,0.95,1.37
Ubicacion,4700,CONECTA_CON,Ubicacion,4371,6.99,19.08
Ubicacion,4700,CONECTA_CON,Ubicacion,3142,3.73,4.07
Ubicacion,4700,CONECTA_CON,Ubicacion,2502,6.16,6.34
Ubicacion,4701,CONECTA_CON,Ubicacion,1178,9.8,16.37
Ubicacion,4701,CONECTA_CON,Ubicacion,2550,2.07,4.02
Ubicacion,4701,CONECTA_CON,Ubicacion,4829,1.27,1.28
Ubicacion,4702,CONECTA_CON,Ubicacion,1133,3.05,8.93
Ubicacion,4702,CONECTA_CON,Ubicacion,4071,9.07,13.13
Ubicacion,4702,CONECTA_CON,Ubicacion,4531,9.16,13.28
Ubicacion,4703,CONECTA_CON,Ubicacion,3456,7.02,8.87
Ubicacion,4703,CONECTA_CON,Ubicacion,4258,9.61,19.91
Ubicacion,4703,CONECTA_CON,Ubicacion,1057,3.42,5.44
Ubicacion,4704,CONECTA_CON,Ubicacion,813,6.67,7.12
Ubicacion,4704,CONECTA_CON,Ubicacion,1787,6.2,6.73
Ubicacion,4704,CONECTA_CON,Ubicacion,398,2.67,3.12
Ubicacion,4705,CONECTA_CON,Ubicacion,1035,9.85,12.68
Ubicacion,4705,CONECTA_CON,Ubicacion,379,1.23,1.57
Ubicacion,4705,CONECTA_CON,Ubicacion,3353,4.67,7.83
Ubicacion,4706,CONECTA_CON,Ubicacion,2585,5.39,11.75
Ubicacion,4706,CONECTA_CON,Ubicacion,2421,3.11,5.34
Ubicacion,4706,CONECTA_CON,Ubicacion,75,4.45,6.25
Ubicacion,4707,CONECTA_CON,Ubicacion,4353,8.6,13.07
Ubicacion,4707,CONECTA_CON,Ubicacion,4156,1.27,1.93
Ubicacion,4707,CONECTA_CON,Ubicacion,4398,8.82,9.04
Ubicacion,4708,CONECTA_CON,Ubicacion,1130,6.52,16.99
Ubicacion,4708,CONECTA_CON,Ubicacion,1286,7.9,13.28
Ubicacion,4708,CONECTA_CON,Ubicacion,2831,9.83,12.01
Ubicacion,4709,CONECTA_CON,Ubicacion,3656,3.82,9.61
Ubicacion,4709,CONECTA_CON,Ubicacion,4050,3.96,8.97
Ubicacion,4709,CONECTA_CON,Ubicacion,1587,2.88,4.69
Ubicacion,4710,CONECTA_CON,Ubicacion,1957,0.97,1.66
Ubicacion,4710,CONECTA_CON,Ubicacion,2881,4.64,6.83
Ubicacion,4710,CONECTA_CON,Ubicacion,2281,3.62,5.01
Ubicacion,4711,CONECTA_CON,Ubicacion,4167,9.43,13.9
Ubicacion,4711,CONECTA_CON,Ubicacion,425,7.48,11.19
Ubicacion,4711,CONECTA_CON,Ubicacion,1689,8.18,9.16
Ubicacion,4712,CONECTA_CON,Ubicacion,4442,5.38,8.52
Ubicacion,4712,CONECTA_CON,Ubicacion,1170,6.5,12.25
Ubicacion,4712,CONECTA_CON,Ubicacion,3488,9.89,10.52
Ubicacion,4713,CONECTA_CON,Ubicacion,4040,6.52,11.86
Ubicacion,4713,CONECTA_CON,Ubicacion,2825,2.24,3.4
Ubicacion,4713,CONECTA_CON,Ubicacion,3024,8.32,16.29
Ubicacion,4714,CONECTA_CON,Ubicacion,3179,6.5,17.8
Ubicacion,4714,CONECTA_CON,Ubicacion,4013,5.87,9.73
Ubicacion,4714,CONECTA_CON,Ubicacion,2648,2.44,2.57
Ubicacion,4715,CONECTA_CON,Ubicacion,1267,9.16,18.28
Ubicacion,4715,CONECTA_CON,Ubicacion,923,5.98,8.32
Ubicacion,4715,CONECTA_CON,Ubicacion,3453,4.16,8.53
Ubicacion,4716,CONECTA_CON,Ubicacion,4820,6.73,12.12
Ubicacion,4716,CONECTA_CON,Ubicacion,2342,1.14,1.16
Ubicacion,4716,CONECTA_CON,Ubicacion,2590,4.64,10.25
Ubicacion,4717,CONECTA_CON,Ubicacion,1581,7.75,8.47
Ubicacion,4717,CONECTA_CON,Ubicacion,4276,0.66,1.73
Ubicacion,4717,CONECTA_CON,Ubicacion,711,8.46,8.48
Ubicacion,4718,CONECTA_CON,Ubicacion,2466,2.84,3.5
Ubicacion,4718,CONECTA_CON,Ubicacion,3540,9.94,17.05
Ubicacion,4718,CONECTA_CON,Ubicacion,2518,1.32,1.64
Ubicacion,4719,CONECTA_CON,Ubicacion,1358,4.23,5.39
Ubicacion,4719,CONECTA_CON,Ubicacion,1404,2.53,4.96
Ubicacion,4719,CONECTA_CON,Ubicacion,3707,7.82,11.52
Ubicacion,4720,CONECTA_CON,Ubicacion,958,4.81,7.04
Ubicacion,4720,CONECTA_CON,Ubicacion,2678,4.5,7.88
Ubicacion,4720,CONECTA_CON,Ubicacion,2411,7.02,15.59
Ubicacion,4721,CONECTA_CON,Ubicacion,3280,5.95,7.34
Ubicacion,4721,CONECTA_CON,Ubicacion,1277,4.13,8.33
Ubicacion,4721,CONECTA_CON,Ubicacion,4312,8.89,20.34
Ubicacion,4722,CONECTA_CON,Ubicacion,3562,6.28,11.32
Ubicacion,4722,CONECTA_CON,Ubicacion,4732,7.46,12.3
Ubicacion,4722,CONECTA_CON,Ubicacion,2575,4.33,11.65
Ubicacion,4723,CONECTA_CON,Ubicacion,2598,3.85,4.42
Ubicacion,4723,CONECTA_CON,Ubicacion,3018,2.36,5.72
Ubicacion,4723,CONECTA_CON,Ubicacion,1926,5.19,6.24
Ubicacion,4724,CONECTA_CON,Ubicacion,645,8.38,8.87
Ubicacion,4724,CONECTA_CON,Ubicacion,2375,6.64,10.49
Ubicacion,4724,CONECTA_CON,Ubicacion,3313,4.24,8.32
Ubicacion,4725,CONECTA_CON,Ubicacion,344,0.77,1.36
Ubicacion,4725,CONECTA_CON,Ubicacion,3291,8.19,18.0
Ubicacion,4725,CONECTA_CON,Ubicacion,3633,6.11,8.53
Ubicacion,4726,CONECTA_CON,Ubicacion,2249,2.55,5.79
Ubicacion,4726,CONECTA_CON,Ubicacion,151,4.24,10.51
Ubicacion,4726,CONECTA_CON,Ubicacion,339,1.19,2.3
Ubicacion,4727,CONECTA_CON,Ubicacion,770,3.2,3.91
Ubicacion,4727,CONECTA_CON,Ubicacion,926,9.07,22.18
Ubicacion,4727,CONECTA_CON,Ubicacion,3419,1.05,1.1
Ubicacion,4728,CONECTA_CON,Ubicacion,31,4.91,10.55
Ubicacion,4728,CONECTA_CON,Ubicacion,1007,1.96,2.85
Ubicacion,4728,CONECTA_CON,Ubicacion,674,8.86,9.87
Ubicacion,4729,CONECTA_CON,Ubicacion,4635,0.66,0.85
Ubicacion,4729,CONECTA_CON,Ubicacion,3044,1.49,3.04
Ubicacion,4729,CONECTA_CON,Ubicacion,2896,3.6,3.83
Ubicacion,4730,CONECTA_CON,Ubicacion,1720,4.23,4.63
Ubicacion,4730,CONECTA_CON,Ubicacion,746,9.48,26.49
Ubicacion,4730,CONECTA_CON,Ubicacion,103,3.49,7.64
Ubicacion,4731,CONECTA_CON,Ubicacion,1082,7.74,8.34
Ubicacion,4731,CONECTA_CON,Ubicacion,1879,0.58,0.85
Ubicacion,4731,CONECTA_CON,Ubicacion,4503,1.82,2.7
Ubicacion,4732,CONECTA_CON,Ubicacion,2607,7.77,7.92
Ubicacion,4732,CONECTA_CON,Ubicacion,1059,5.86,9.2
Ubicacion,4732,CONECTA_CON,Ubicacion,317,4.0,5.45
Ubicacion,4733,CONECTA_CON,Ubicacion,662,6.38,8.71
Ubicacion,4733,CONECTA_CON,Ubicacion,3139,5.77,7.62
Ubicacion,4733,CONECTA_CON,Ubicacion,4998,7.81,12.96
Ubicacion,4734,CONECTA_CON,Ubicacion,3967,6.68,10.59
Ubicacion,4734,CONECTA_CON,Ubicacion,678,4.25,5.68
Ubicacion,4734,CONECTA_CON,Ubicacion,4005,6.84,8.61
Ubicacion,4735,CONECTA_CON,Ubicacion,3266,7.24,14.45
Ubicacion,4735,CONECTA_CON,Ubicacion,3147,1.28,1.7
Ubicacion,4735,CONECTA_CON,Ubicacion,1142,2.6,3.7
Ubicacion,4736,CONECTA_CON,Ubicacion,1290,2.54,4.2
Ubicacion,4736,CONECTA_CON,Ubicacion,1966,6.26,8.84
Ubicacion,4736,CONECTA_CON,Ubicacion,230,9.09,9.74
Ubicacion,4737,CONECTA_CON,Ubicacion,1736,3.39,7.09
Ubicacion,4737,CONECTA_CON,Ubicacion,2877,2.59,2.67
Ubicacion,4737,CONECTA_CON,Ubicacion,4493,6.85,10.62
Ubicacion,4738,CONECTA_CON,Ubicacion,109,6.36,18.44
Ubicacion,4738,CONECTA_CON,Ubicacion,2065,1.92,3.25
Ubicacion,4738,CONECTA_CON,Ubicacion,3646,3.63,7.27
Ubicacion,4739,CONECTA_CON,Ubicacion,13,3.27,6.57
Ubicacion,4739,CONECTA_CON,Ubicacion,3038,5.99,6.47
Ubicacion,4739,CONECTA_CON,Ubicacion,2892,9.27,13.57
Ubicacion,4740,CONECTA_CON,Ubicacion,2518,0.99,1.3
Ubicacion,4740,CONECTA_CON,Ubicacion,2870,7.72,17.19
Ubicacion,4740,CONECTA_CON,Ubicacion,784,5.89,7.31
Ubicacion,4741,CONECTA_CON,Ubicacion,2129,8.14,21.26
Ubicacion,4741,CONECTA_CON,Ubicacion,147,7.18,7.62
Ubicacion,4741,CONECTA_CON,Ubicacion,1920,8.53,9.43
Ubicacion,4742,CONECTA_CON,Ubicacion,4314,3.24,6.33
Ubicacion,4742,CONECTA_CON,Ubicacion,228,3.19,5.84
Ubicacion,4742,CONECTA_CON,Ubicacion,3771,7.5,13.96
Ubicacion,4743,CONECTA_CON,Ubicacion,4094,8.4,8.86
Ubicacion,4743,CONECTA_CON,Ubicacion,4919,9.17,18.83
Ubicacion,4743,CONECTA_CON,Ubicacion,3181,6.72,8.88
Ubicacion,4744,CONECTA_CON,Ubicacion,4012,5.76,10.47
Ubicacion,4744,CONECTA_CON,Ubicacion,2878,7.21,11.58
Ubicacion,4744,CONECTA_CON,Ubicacion,2782,4.92,10.8
Ubicacion,4745,CONECTA_CON,Ubicacion,4222,7.28,12.78
Ubicacion,4745,CONECTA_CON,Ubicacion,4341,1.07,1.09
Ubicacion,4745,CONECTA_CON,Ubicacion,4982,1.2,1.46
Ubicacion,4746,CONECTA_CON,Ubicacion,4444,9.17,10.05
Ubicacion,4746,CONECTA_CON,Ubicacion,1328,0.86,0.9
Ubicacion,4746,CONECTA_CON,Ubicacion,938,1.09,1.5
Ubicacion,4747,CONECTA_CON,Ubicacion,3644,9.28,11.75
Ubicacion,4747,CONECTA_CON,Ubicacion,4272,7.26,8.34
Ubicacion,4747,CONECTA_CON,Ubicacion,2096,3.58,3.66
Ubicacion,4748,CONECTA_CON,Ubicacion,363,1.72,2.22
Ubicacion,4748,CONECTA_CON,Ubicacion,4951,5.8,6.24
Ubicacion,4748,CONECTA_CON,Ubicacion,4284,6.55,8.44
Ubicacion,4749,CONECTA_CON,Ubicacion,2006,4.39,7.11
Ubicacion,4749,CONECTA_CON,Ubicacion,615,9.84,11.36
Ubicacion,4749,CONECTA_CON,Ubicacion,1124,6.91,10.43
Ubicacion,4750,CONECTA_CON,Ubicacion,2591,5.98,7.95
Ubicacion,4750,CONECTA_CON,Ubicacion,3902,1.02,1.31
Ubicacion,4750,CONECTA_CON,Ubicacion,2792,2.53,5.91
Ubicacion,4751,CONECTA_CON,Ubicacion,1759,2.64,2.77
Ubicacion,4751,CONECTA_CON,Ubicacion,2818,7.87,11.09
Ubicacion,4751,CONECTA_CON,Ubicacion,3206,2.82,3.78
Ubicacion,4752,CONECTA_CON,Ubicacion,1904,4.31,9.57
Ubicacion,4752,CONECTA_CON,Ubicacion,4394,3.09,6.1
Ubicacion,4752,CONECTA_CON,Ubicacion,1488,0.65,1.81
Ubicacion,4753,CONECTA_CON,Ubicacion,4337,1.99,4.42
Ubicacion,4753,CONECTA_CON,Ubicacion,3329,5.77,10.22
Ubicacion,4753,CONECTA_CON,Ubicacion,1568,4.63,6.83
Ubicacion,4754,CONECTA_CON,Ubicacion,2051,4.71,10.06
Ubicacion,4754,CONECTA_CON,Ubicacion,2885,0.68,0.9
Ubicacion,4754,CONECTA_CON,Ubicacion,309,7.99,8.33
Ubicacion,4755,CONECTA_CON,Ubicacion,4919,8.06,10.06
Ubicacion,4755,CONECTA_CON,Ubicacion,4682,9.07,14.95
Ubicacion,4755,CONECTA_CON,Ubicacion,734,7.38,21.66
Ubicacion,4756,CONECTA_CON,Ubicacion,96,2.11,2.26
Ubicacion,4756,CONECTA_CON,Ubicacion,286,1.54,4.19
Ubicacion,4756,CONECTA_CON,Ubicacion,2276,9.74,11.25
Ubicacion,4757,CONECTA_CON,Ubicacion,1881,6.66,9.75
Ubicacion,4757,CONECTA_CON,Ubicacion,4811,2.46,3.86
Ubicacion,4757,CONECTA_CON,Ubicacion,172,8.41,14.78
Ubicacion,4758,CONECTA_CON,Ubicacion,2503,2.94,3.42
Ubicacion,4758,CONECTA_CON,Ubicacion,4717,4.05,6.69
Ubicacion,4758,CONECTA_CON,Ubicacion,3987,8.59,19.52
Ubicacion,4759,CONECTA_CON,Ubicacion,2000,6.06,8.07
Ubicacion,4759,CONECTA_CON,Ubicacion,2077,2.55,3.89
Ubicacion,4759,CONECTA_CON,Ubicacion,2897,8.84,18.07
Ubicacion,4760,CONECTA_CON,Ubicacion,1651,8.89,25.72
Ubicacion,4760,CONECTA_CON,Ubicacion,4536,5.46,9.76
Ubicacion,4760,CONECTA_CON,Ubicacion,1966,1.19,1.72
Ubicacion,4761,CONECTA_CON,Ubicacion,2112,7.32,9.84
Ubicacion,4761,CONECTA_CON,Ubicacion,1342,2.71,7.23
Ubicacion,4761,CONECTA_CON,Ubicacion,1807,1.17,1.49
Ubicacion,4762,CONECTA_CON,Ubicacion,2869,6.46,7.18
Ubicacion,4762,CONECTA_CON,Ubicacion,1040,2.11,5.03
Ubicacion,4762,CONECTA_CON,Ubicacion,664,9.21,10.5
Ubicacion,4763,CONECTA_CON,Ubicacion,1293,6.36,10.91
Ubicacion,4763,CONECTA_CON,Ubicacion,4455,2.23,4.29
Ubicacion,4763,CONECTA_CON,Ubicacion,3560,1.13,1.61
Ubicacion,4764,CONECTA_CON,Ubicacion,4989,0.56,0.91
Ubicacion,4764,CONECTA_CON,Ubicacion,4957,8.8,11.9
Ubicacion,4764,CONECTA_CON,Ubicacion,3989,9.38,28.13
Ubicacion,4765,CONECTA_CON,Ubicacion,3756,2.31,3.82
Ubicacion,4765,CONECTA_CON,Ubicacion,4843,2.33,2.93
Ubicacion,4765,CONECTA_CON,Ubicacion,1438,5.44,8.6
Ubicacion,4766,CONECTA_CON,Ubicacion,665,5.13,8.04
Ubicacion,4766,CONECTA_CON,Ubicacion,1940,5.65,6.23
Ubicacion,4766,CONECTA_CON,Ubicacion,4598,8.01,14.41
Ubicacion,4767,CONECTA_CON,Ubicacion,1788,7.43,11.83
Ubicacion,4767,CONECTA_CON,Ubicacion,4578,5.14,12.89
Ubicacion,4767,CONECTA_CON,Ubicacion,757,9.97,11.57
Ubicacion,4768,CONECTA_CON,Ubicacion,1317,5.14,5.32
Ubicacion,4768,CONECTA_CON,Ubicacion,3674,1.57,2.16
Ubicacion,4768,CONECTA_CON,Ubicacion,4462,7.13,10.48
Ubicacion,4769,CONECTA_CON,Ubicacion,1923,8.21,21.77
Ubicacion,4769,CONECTA_CON,Ubicacion,2634,3.64,4.61
Ubicacion,4769,CONECTA_CON,Ubicacion,4845,3.66,4.33
Ubicacion,4770,CONECTA_CON,Ubicacion,1276,2.44,2.54
Ubicacion,4770,CONECTA_CON,Ubicacion,1119,1.72,3.94
Ubicacion,4770,CONECTA_CON,Ubicacion,2547,3.72,4.06
Ubicacion,4771,CONECTA_CON,Ubicacion,3794,4.02,6.63
Ubicacion,4771,CONECTA_CON,Ubicacion,1409,8.18,9.27
Ubicacion,4771,CONECTA_CON,Ubicacion,3085,2.76,2.87
Ubicacion,4772,CONECTA_CON,Ubicacion,3965,2.63,7.84
Ubicacion,4772,CONECTA_CON,Ubicacion,1634,7.71,23.1
Ubicacion,4772,CONECTA_CON,Ubicacion,2779,1.99,3.35
Ubicacion,4773,CONECTA_CON,Ubicacion,4542,1.87,4.64
Ubicacion,4773,CONECTA_CON,Ubicacion,3393,5.84,6.78
Ubicacion,4773,CONECTA_CON,Ubicacion,3145,8.41,15.13
Ubicacion,4774,CONECTA_CON,Ubicacion,4335,7.05,13.14
Ubicacion,4774,CONECTA_CON,Ubicacion,1690,1.45,2.03
Ubicacion,4774,CONECTA_CON,Ubicacion,4178,6.01,8.7
Ubicacion,4775,CONECTA_CON,Ubicacion,4513,6.43,18.63
Ubicacion,4775,CONECTA_CON,Ubicacion,142,3.09,3.23
Ubicacion,4775,CONECTA_CON,Ubicacion,1478,6.84,13.45
Ubicacion,4776,CONECTA_CON,Ubicacion,3464,4.72,6.51
Ubicacion,4776,CONECTA_CON,Ubicacion,2824,5.47,14.54
Ubicacion,4776,CONECTA_CON,Ubicacion,3668,7.5,15.74
Ubicacion,4777,CONECTA_CON,Ubicacion,3677,9.79,11.78
Ubicacion,4777,CONECTA_CON,Ubicacion,1867,4.12,4.33
Ubicacion,4777,CONECTA_CON,Ubicacion,2181,6.18,13.33
Ubicacion,4778,CONECTA_CON,Ubicacion,3532,9.01,13.88
Ubicacion,4778,CONECTA_CON,Ubicacion,1948,4.74,4.76
Ubicacion,4778,CONECTA_CON,Ubicacion,3280,3.49,3.68
Ubicacion,4779,CONECTA_CON,Ubicacion,1604,1.45,1.83
Ubicacion,4779,CONECTA_CON,Ubicacion,4687,3.92,10.96
Ubicacion,4779,CONECTA_CON,Ubicacion,2821,2.39,5.23
Ubicacion,4780,CONECTA_CON,Ubicacion,643,3.5,4.19
Ubicacion,4780,CONECTA_CON,Ubicacion,3869,2.85,5.49
Ubicacion,4780,CONECTA_CON,Ubicacion,2154,1.88,3.17
Ubicacion,4781,CONECTA_CON,Ubicacion,2665,7.3,18.61
Ubicacion,4781,CONECTA_CON,Ubicacion,1535,8.08,15.03
Ubicacion,4781,CONECTA_CON,Ubicacion,3276,3.01,4.37
Ubicacion,4782,CONECTA_CON,Ubicacion,3720,7.4,11.99
Ubicacion,4782,CONECTA_CON,Ubicacion,4400,1.4,1.94
Ubicacion,4782,CONECTA_CON,Ubicacion,2439,2.43,2.52
Ubicacion,4783,CONECTA_CON,Ubicacion,3569,7.04,20.44
Ubicacion,4783,CONECTA_CON,Ubicacion,1330,6.44,9.51
Ubicacion,4783,CONECTA_CON,Ubicacion,314,1.67,3.75
Ubicacion,4784,CONECTA_CON,Ubicacion,3472,9.39,11.42
Ubicacion,4784,CONECTA_CON,Ubicacion,1492,4.71,12.71
Ubicacion,4784,CONECTA_CON,Ubicacion,4868,7.91,15.26
Ubicacion,4785,CONECTA_CON,Ubicacion,4719,3.33,3.33
Ubicacion,4785,CONECTA_CON,Ubicacion,1796,6.68,14.31
Ubicacion,4785,CONECTA_CON,Ubicacion,4125,9.04,9.23
Ubicacion,4786,CONECTA_CON,Ubicacion,2135,2.79,6.06
Ubicacion,4786,CONECTA_CON,Ubicacion,3994,9.7,9.79
Ubicacion,4786,CONECTA_CON,Ubicacion,3867,3.08,4.35
Ubicacion,4787,CONECTA_CON,Ubicacion,573,0.67,0.89
Ubicacion,4787,CONECTA_CON,Ubicacion,2919,4.11,5.79
Ubicacion,4787,CONECTA_CON,Ubicacion,3700,7.03,8.88
Ubicacion,4788,CONECTA_CON,Ubicacion,874,1.48,1.64
Ubicacion,4788,CONECTA_CON,Ubicacion,3818,8.44,15.48
Ubicacion,4788,CONECTA_CON,Ubicacion,4743,0.94,1.8
Ubicacion,4789,CONECTA_CON,Ubicacion,1302,2.53,3.19
Ubicacion,4789,CONECTA_CON,Ubicacion,398,9.59,20.59
Ubicacion,4789,CONECTA_CON,Ubicacion,3690,5.18,8.42
Ubicacion,4790,CONECTA_CON,Ubicacion,1527,2.37,2.43
Ubicacion,4790,CONECTA_CON,Ubicacion,2300,7.62,19.34
Ubicacion,4790,CONECTA_CON,Ubicacion,4090,10.0,13.21
Ubicacion,4791,CONECTA_CON,Ubicacion,4939,8.8,10.27
Ubicacion,4791,CONECTA_CON,Ubicacion,4793,8.18,16.97
Ubicacion,4791,CONECTA_CON,Ubicacion,929,1.9,2.32
Ubicacion,4792,CONECTA_CON,Ubicacion,804,7.85,17.06
Ubicacion,4792,CONECTA_CON,Ubicacion,2800,4.36,5.31
Ubicacion,4792,CONECTA_CON,Ubicacion,884,7.59,22.17
Ubicacion,4793,CONECTA_CON,Ubicacion,3774,3.29,3.33
Ubicacion,4793,CONECTA_CON,Ubicacion,2770,9.5,11.65
Ubicacion,4793,CONECTA_CON,Ubicacion,2763,1.89,2.13
Ubicacion,4794,CONECTA_CON,Ubicacion,670,5.8,6.3
Ubicacion,4794,CONECTA_CON,Ubicacion,2687,1.3,2.67
Ubicacion,4794,CONECTA_CON,Ubicacion,3983,2.18,3.46
Ubicacion,4795,CONECTA_CON,Ubicacion,291,5.11,8.96
Ubicacion,4795,CONECTA_CON,Ubicacion,1574,7.73,9.12
Ubicacion,4795,CONECTA_CON,Ubicacion,1246,5.46,6.05
Ubicacion,4796,CONECTA_CON,Ubicacion,4910,5.78,14.8
Ubicacion,4796,CONECTA_CON,Ubicacion,3522,5.79,9.03
Ubicacion,4796,CONECTA_CON,Ubicacion,530,9.04,16.56
Ubicacion,4797,CONECTA_CON,Ubicacion,3038,2.08,2.22
Ubicacion,4797,CONECTA_CON,Ubicacion,553,5.02,6.91
Ubicacion,4797,CONECTA_CON,Ubicacion,2986,4.1,8.57
Ubicacion,4798,CONECTA_CON,Ubicacion,1388,2.46,2.59
Ubicacion,4798,CONECTA_CON,Ubicacion,3433,3.86,8.58
Ubicacion,4798,CONECTA_CON,Ubicacion,1631,0.53,0.69
Ubicacion,4799,CONECTA_CON,Ubicacion,4936,6.52,13.06
Ubicacion,4799,CONECTA_CON,Ubicacion,372,5.5,9.48
Ubicacion,4799,CONECTA_CON,Ubicacion,2320,9.71,13.7
Ubicacion,4800,CONECTA_CON,Ubicacion,3626,3.72,3.9
Ubicacion,4800,CONECTA_CON,Ubicacion,3788,8.64,13.31
Ubicacion,4800,CONECTA_CON,Ubicacion,903,7.61,7.71
Ubicacion,4801,CONECTA_CON,Ubicacion,538,4.34,6.55
Ubicacion,4801,CONECTA_CON,Ubicacion,4929,2.12,3.65
Ubicacion,4801,CONECTA_CON,Ubicacion,4450,2.96,6.33
Ubicacion,4802,CONECTA_CON,Ubicacion,4224,0.55,0.74
Ubicacion,4802,CONECTA_CON,Ubicacion,4947,8.96,16.97
Ubicacion,4802,CONECTA_CON,Ubicacion,2454,6.26,6.94
Ubicacion,4803,CONECTA_CON,Ubicacion,3859,3.43,7.16
Ubicacion,4803,CONECTA_CON,Ubicacion,4160,6.67,10.3
Ubicacion,4803,CONECTA_CON,Ubicacion,949,9.62,24.69
Ubicacion,4804,CONECTA_CON,Ubicacion,3245,4.88,5.72
Ubicacion,4804,CONECTA_CON,Ubicacion,1164,3.81,6.74
Ubicacion,4804,CONECTA_CON,Ubicacion,4805,6.06,8.46
Ubicacion,4805,CONECTA_CON,Ubicacion,3077,4.97,10.36
Ubicacion,4805,CONECTA_CON,Ubicacion,4629,0.66,1.45
Ubicacion,4805,CONECTA_CON,Ubicacion,3886,4.3,8.69
Ubicacion,4806,CONECTA_CON,Ubicacion,3643,6.61,19.77
Ubicacion,4806,CONECTA_CON,Ubicacion,4273,8.71,21.42
Ubicacion,4806,CONECTA_CON,Ubicacion,1636,7.8,12.51
Ubicacion,4807,CONECTA_CON,Ubicacion,41,4.09,8.95
Ubicacion,4807,CONECTA_CON,Ubicacion,3328,2.68,7.26
Ubicacion,4807,CONECTA_CON,Ubicacion,198,1.71,3.07
Ubicacion,4808,CONECTA_CON,Ubicacion,3279,1.48,2.17
Ubicacion,4808,CONECTA_CON,Ubicacion,831,8.56,12.9
Ubicacion,4808,CONECTA_CON,Ubicacion,3601,8.3,9.42
Ubicacion,4809,CONECTA_CON,Ubicacion,649,9.58,10.65
Ubicacion,4809,CONECTA_CON,Ubicacion,150,6.51,9.04
Ubicacion,4809,CONECTA_CON,Ubicacion,2008,8.65,13.78
Ubicacion,4810,CONECTA_CON,Ubicacion,3896,1.8,2.96
Ubicacion,4810,CONECTA_CON,Ubicacion,338,5.09,5.12
Ubicacion,4810,CONECTA_CON,Ubicacion,4767,9.47,20.44
Ubicacion,4811,CONECTA_CON,Ubicacion,4866,1.21,1.9
Ubicacion,4811,CONECTA_CON,Ubicacion,714,4.52,4.54
Ubicacion,4811,CONECTA_CON,Ubicacion,3978,8.33,10.82
Ubicacion,4812,CONECTA_CON,Ubicacion,589,1.31,2.58
Ubicacion,4812,CONECTA_CON,Ubicacion,4444,4.16,4.49
Ubicacion,4812,CONECTA_CON,Ubicacion,360,5.21,5.73
Ubicacion,4813,CONECTA_CON,Ubicacion,3557,3.2,3.59
Ubicacion,4813,CONECTA_CON,Ubicacion,2922,8.58,8.9
Ubicacion,4813,CONECTA_CON,Ubicacion,1291,5.25,12.78
Ubicacion,4814,CONECTA_CON,Ubicacion,4885,4.91,7.08
Ubicacion,4814,CONECTA_CON,Ubicacion,1945,8.36,12.46
Ubicacion,4814,CONECTA_CON,Ubicacion,1984,8.51,10.82
Ubicacion,4815,CONECTA_CON,Ubicacion,949,5.43,5.9
Ubicacion,4815,CONECTA_CON,Ubicacion,1601,3.06,5.54
Ubicacion,4815,CONECTA_CON,Ubicacion,1353,3.92,11.2
Ubicacion,4816,CONECTA_CON,Ubicacion,2204,7.21,14.59
Ubicacion,4816,CONECTA_CON,Ubicacion,3274,8.48,15.23
Ubicacion,4816,CONECTA_CON,Ubicacion,852,0.98,1.08
Ubicacion,4817,CONECTA_CON,Ubicacion,2895,7.2,13.0
Ubicacion,4817,CONECTA_CON,Ubicacion,4276,9.97,20.79
Ubicacion,4817,CONECTA_CON,Ubicacion,3157,7.22,9.56
Ubicacion,4818,CONECTA_CON,Ubicacion,479,3.02,4.62
Ubicacion,4818,CONECTA_CON,Ubicacion,3237,8.57,19.11
Ubicacion,4818,CONECTA_CON,Ubicacion,4926,9.61,16.03
Ubicacion,4819,CONECTA_CON,Ubicacion,3743,1.45,3.28
Ubicacion,4819,CONECTA_CON,Ubicacion,1989,7.27,11.38
Ubicacion,4819,CONECTA_CON,Ubicacion,1141,8.3,8.66
Ubicacion,4820,CONECTA_CON,Ubicacion,1186,1.48,3.49
Ubicacion,4820,CONECTA_CON,Ubicacion,1580,0.58,1.35
Ubicacion,4820,CONECTA_CON,Ubicacion,3524,8.86,10.83
Ubicacion,4821,CONECTA_CON,Ubicacion,3415,9.61,23.93
Ubicacion,4821,CONECTA_CON,Ubicacion,2166,4.26,8.49
Ubicacion,4821,CONECTA_CON,Ubicacion,404,4.96,8.56
Ubicacion,4822,CONECTA_CON,Ubicacion,4908,0.56,0.81
Ubicacion,4822,CONECTA_CON,Ubicacion,477,5.27,11.68
Ubicacion,4822,CONECTA_CON,Ubicacion,4008,4.36,7.13
Ubicacion,4823,CONECTA_CON,Ubicacion,2005,5.31,7.51
Ubicacion,4823,CONECTA_CON,Ubicacion,3931,2.08,2.08
Ubicacion,4823,CONECTA_CON,Ubicacion,4977,2.58,6.43
Ubicacion,4824,CONECTA_CON,Ubicacion,180,9.09,18.61
Ubicacion,4824,CONECTA_CON,Ubicacion,2467,4.62,5.58
Ubicacion,4824,CONECTA_CON,Ubicacion,4410,3.99,4.82
Ubicacion,4825,CONECTA_CON,Ubicacion,3260,6.16,14.3
Ubicacion,4825,CONECTA_CON,Ubicacion,1393,1.06,2.15
Ubicacion,4825,CONECTA_CON,Ubicacion,466,7.42,8.58
Ubicacion,4826,CONECTA_CON,Ubicacion,1764,5.69,7.22
Ubicacion,4826,CONECTA_CON,Ubicacion,1080,4.47,5.11
Ubicacion,4826,CONECTA_CON,Ubicacion,3858,6.61,12.55
Ubicacion,4827,CONECTA_CON,Ubicacion,4257,5.97,7.76
Ubicacion,4827,CONECTA_CON,Ubicacion,2008,5.59,9.04
Ubicacion,4827,CONECTA_CON,Ubicacion,266,3.65,3.65
Ubicacion,4828,CONECTA_CON,Ubicacion,3602,6.76,11.07
Ubicacion,4828,CONECTA_CON,Ubicacion,1961,2.68,4.4
Ubicacion,4828,CONECTA_CON,Ubicacion,2579,2.49,3.17
Ubicacion,4829,CONECTA_CON,Ubicacion,3643,8.89,12.9
Ubicacion,4829,CONECTA_CON,Ubicacion,3883,1.4,1.44
Ubicacion,4829,CONECTA_CON,Ubicacion,4901,4.32,7.02
Ubicacion,4830,CONECTA_CON,Ubicacion,1561,8.66,15.2
Ubicacion,4830,CONECTA_CON,Ubicacion,681,4.16,5.83
Ubicacion,4830,CONECTA_CON,Ubicacion,4498,7.85,12.06
Ubicacion,4831,CONECTA_CON,Ubicacion,483,9.42,9.9
Ubicacion,4831,CONECTA_CON,Ubicacion,4011,4.5,13.48
Ubicacion,4831,CONECTA_CON,Ubicacion,981,6.19,7.25
Ubicacion,4832,CONECTA_CON,Ubicacion,4895,4.9,6.11
Ubicacion,4832,CONECTA_CON,Ubicacion,1231,8.31,13.45
Ubicacion,4832,CONECTA_CON,Ubicacion,3892,4.93,11.36
Ubicacion,4833,CONECTA_CON,Ubicacion,381,3.12,6.11
Ubicacion,4833,CONECTA_CON,Ubicacion,32,1.49,2.17
Ubicacion,4833,CONECTA_CON,Ubicacion,3150,7.99,17.42
Ubicacion,4834,CONECTA_CON,Ubicacion,2789,4.4,7.51
Ubicacion,4834,CONECTA_CON,Ubicacion,92,0.53,0.63
Ubicacion,4834,CONECTA_CON,Ubicacion,1567,8.22,10.25
Ubicacion,4835,CONECTA_CON,Ubicacion,3430,1.29,2.29
Ubicacion,4835,CONECTA_CON,Ubicacion,2287,6.55,13.57
Ubicacion,4835,CONECTA_CON,Ubicacion,698,8.63,9.38
Ubicacion,4836,CONECTA_CON,Ubicacion,2719,2.3,2.68
Ubicacion,4836,CONECTA_CON,Ubicacion,2086,8.36,10.08
Ubicacion,4836,CONECTA_CON,Ubicacion,3670,4.31,4.64
Ubicacion,4837,CONECTA_CON,Ubicacion,3447,3.69,9.98
Ubicacion,4837,CONECTA_CON,Ubicacion,4785,4.52,13.42
Ubicacion,4837,CONECTA_CON,Ubicacion,1908,8.99,10.25
Ubicacion,4838,CONECTA_CON,Ubicacion,4160,7.88,11.15
Ubicacion,4838,CONECTA_CON,Ubicacion,1207,1.97,2.29
Ubicacion,4838,CONECTA_CON,Ubicacion,4428,3.14,3.88
Ubicacion,4839,CONECTA_CON,Ubicacion,2682,7.34,15.41
Ubicacion,4839,CONECTA_CON,Ubicacion,400,5.3,11.31
Ubicacion,4839,CONECTA_CON,Ubicacion,4628,6.63,11.89
Ubicacion,4840,CONECTA_CON,Ubicacion,3082,1.56,2.12
Ubicacion,4840,CONECTA_CON,Ubicacion,2430,4.81,6.56
Ubicacion,4840,CONECTA_CON,Ubicacion,4736,6.14,6.23
Ubicacion,4841,CONECTA_CON,Ubicacion,176,1.68,2.67
Ubicacion,4841,CONECTA_CON,Ubicacion,2853,0.61,0.66
Ubicacion,4841,CONECTA_CON,Ubicacion,4672,2.02,3.42
Ubicacion,4842,CONECTA_CON,Ubicacion,4319,8.01,23.5
Ubicacion,4842,CONECTA_CON,Ubicacion,11,6.75,10.7
Ubicacion,4842,CONECTA_CON,Ubicacion,362,6.25,13.23
Ubicacion,4843,CONECTA_CON,Ubicacion,3220,8.75,19.64
Ubicacion,4843,CONECTA_CON,Ubicacion,3017,4.6,4.92
Ubicacion,4843,CONECTA_CON,Ubicacion,1286,8.17,17.41
Ubicacion,4844,CONECTA_CON,Ubicacion,3148,8.76,15.18
Ubicacion,4844,CONECTA_CON,Ubicacion,3021,3.06,6.77
Ubicacion,4844,CONECTA_CON,Ubicacion,1654,8.91,22.26
Ubicacion,4845,CONECTA_CON,Ubicacion,1788,2.04,2.49
Ubicacion,4845,CONECTA_CON,Ubicacion,4604,6.65,7.59
Ubicacion,4845,CONECTA_CON,Ubicacion,19,9.72,12.77
Ubicacion,4846,CONECTA_CON,Ubicacion,3216,7.88,9.51
Ubicacion,4846,CONECTA_CON,Ubicacion,2689,5.78,15.93
Ubicacion,4846,CONECTA_CON,Ubicacion,3322,5.74,15.75
Ubicacion,4847,CONECTA_CON,Ubicacion,3041,5.58,7.47
Ubicacion,4847,CONECTA_CON,Ubicacion,3044,0.53,0.91
Ubicacion,4847,CONECTA_CON,Ubicacion,2339,5.65,14.14
Ubicacion,4848,CONECTA_CON,Ubicacion,414,8.95,11.04
Ubicacion,4848,CONECTA_CON,Ubicacion,2017,3.75,9.98
Ubicacion,4848,CONECTA_CON,Ubicacion,3565,8.47,11.85
Ubicacion,4849,CONECTA_CON,Ubicacion,4491,0.77,1.81
Ubicacion,4849,CONECTA_CON,Ubicacion,4841,5.68,6.24
Ubicacion,4849,CONECTA_CON,Ubicacion,172,7.09,10.63
Ubicacion,4850,CONECTA_CON,Ubicacion,2234,2.01,5.31
Ubicacion,4850,CONECTA_CON,Ubicacion,1852,0.63,1.05
Ubicacion,4850,CONECTA_CON,Ubicacion,336,8.25,20.81
Ubicacion,4851,CONECTA_CON,Ubicacion,4573,4.3,9.21
Ubicacion,4851,CONECTA_CON,Ubicacion,1273,0.97,1.13
Ubicacion,4851,CONECTA_CON,Ubicacion,722,4.11,7.03
Ubicacion,4852,CONECTA_CON,Ubicacion,2204,7.28,10.45
Ubicacion,4852,CONECTA_CON,Ubicacion,980,5.15,7.32
Ubicacion,4852,CONECTA_CON,Ubicacion,6,8.69,18.08
Ubicacion,4853,CONECTA_CON,Ubicacion,4230,3.46,3.58
Ubicacion,4853,CONECTA_CON,Ubicacion,1976,4.23,10.89
Ubicacion,4853,CONECTA_CON,Ubicacion,482,9.62,18.16
Ubicacion,4854,CONECTA_CON,Ubicacion,1656,8.29,8.42
Ubicacion,4854,CONECTA_CON,Ubicacion,2125,6.26,8.17
Ubicacion,4854,CONECTA_CON,Ubicacion,3874,2.0,3.5
Ubicacion,4855,CONECTA_CON,Ubicacion,4568,8.59,14.76
Ubicacion,4855,CONECTA_CON,Ubicacion,1392,3.56,3.58
Ubicacion,4855,CONECTA_CON,Ubicacion,3970,2.3,6.44
Ubicacion,4856,CONECTA_CON,Ubicacion,3934,3.92,7.32
Ubicacion,4856,CONECTA_CON,Ubicacion,3154,8.31,8.35
Ubicacion,4856,CONECTA_CON,Ubicacion,1279,1.66,3.68
Ubicacion,4857,CONECTA_CON,Ubicacion,4649,1.21,2.21
Ubicacion,4857,CONECTA_CON,Ubicacion,1360,0.71,1.22
Ubicacion,4857,CONECTA_CON,Ubicacion,3184,2.37,3.98
Ubicacion,4858,CONECTA_CON,Ubicacion,2752,8.89,20.32
Ubicacion,4858,CONECTA_CON,Ubicacion,4524,8.02,18.75
Ubicacion,4858,CONECTA_CON,Ubicacion,1672,3.71,10.23
Ubicacion,4859,CONECTA_CON,Ubicacion,2708,4.23,9.3
Ubicacion,4859,CONECTA_CON,Ubicacion,1639,1.56,3.69
Ubicacion,4859,CONECTA_CON,Ubicacion,4923,8.63,8.85
Ubicacion,4860,CONECTA_CON,Ubicacion,2531,1.88,3.25
Ubicacion,4860,CONECTA_CON,Ubicacion,4309,6.17,16.6
Ubicacion,4860,CONECTA_CON,Ubicacion,3522,2.45,3.51
Ubicacion,4861,CONECTA_CON,Ubicacion,1917,6.46,11.98
Ubicacion,4861,CONECTA_CON,Ubicacion,270,7.3,7.57
Ubicacion,4861,CONECTA_CON,Ubicacion,1761,5.92,7.88
Ubicacion,4862,CONECTA_CON,Ubicacion,27,3.68,8.8
Ubicacion,4862,CONECTA_CON,Ubicacion,1273,6.49,7.53
Ubicacion,4862,CONECTA_CON,Ubicacion,2798,5.6,10.39
Ubicacion,4863,CONECTA_CON,Ubicacion,2015,9.1,9.45
Ubicacion,4863,CONECTA_CON,Ubicacion,1592,9.47,10.03
Ubicacion,4863,CONECTA_CON,Ubicacion,1049,9.28,15.14
Ubicacion,4864,CONECTA_CON,Ubicacion,4576,8.49,10.37
Ubicacion,4864,CONECTA_CON,Ubicacion,2370,9.91,25.97
Ubicacion,4864,CONECTA_CON,Ubicacion,37,0.61,0.68
Ubicacion,4865,CONECTA_CON,Ubicacion,1887,2.58,7.34
Ubicacion,4865,CONECTA_CON,Ubicacion,1448,6.33,6.88
Ubicacion,4865,CONECTA_CON,Ubicacion,4637,1.12,1.87
Ubicacion,4866,CONECTA_CON,Ubicacion,3811,7.53,8.9
Ubicacion,4866,CONECTA_CON,Ubicacion,2625,7.92,10.59
Ubicacion,4866,CONECTA_CON,Ubicacion,1780,2.51,3.05
Ubicacion,4867,CONECTA_CON,Ubicacion,3915,5.87,12.16
Ubicacion,4867,CONECTA_CON,Ubicacion,649,7.46,11.22
Ubicacion,4867,CONECTA_CON,Ubicacion,4591,4.6,9.48
Ubicacion,4868,CONECTA_CON,Ubicacion,74,8.01,11.47
Ubicacion,4868,CONECTA_CON,Ubicacion,4391,5.11,11.29
Ubicacion,4868,CONECTA_CON,Ubicacion,1587,6.97,10.41
Ubicacion,4869,CONECTA_CON,Ubicacion,1969,8.49,15.5
Ubicacion,4869,CONECTA_CON,Ubicacion,3900,1.59,3.18
Ubicacion,4869,CONECTA_CON,Ubicacion,3544,7.36,7.99
Ubicacion,4870,CONECTA_CON,Ubicacion,1082,2.42,2.9
Ubicacion,4870,CONECTA_CON,Ubicacion,1709,1.33,1.52
Ubicacion,4870,CONECTA_CON,Ubicacion,3072,9.46,13.13
Ubicacion,4871,CONECTA_CON,Ubicacion,4808,7.14,11.07
Ubicacion,4871,CONECTA_CON,Ubicacion,3842,5.28,10.94
Ubicacion,4871,CONECTA_CON,Ubicacion,1391,6.23,15.05
Ubicacion,4872,CONECTA_CON,Ubicacion,3670,5.68,10.92
Ubicacion,4872,CONECTA_CON,Ubicacion,700,4.71,5.49
Ubicacion,4872,CONECTA_CON,Ubicacion,2280,0.97,1.46
Ubicacion,4873,CONECTA_CON,Ubicacion,4590,3.76,4.37
Ubicacion,4873,CONECTA_CON,Ubicacion,1574,9.24,9.98
Ubicacion,4873,CONECTA_CON,Ubicacion,825,7.17,7.39
Ubicacion,4874,CONECTA_CON,Ubicacion,4156,3.92,5.82
Ubicacion,4874,CONECTA_CON,Ubicacion,497,9.68,10.91
Ubicacion,4874,CONECTA_CON,Ubicacion,1205,7.46,10.25
Ubicacion,4875,CONECTA_CON,Ubicacion,2404,5.0,6.6
Ubicacion,4875,CONECTA_CON,Ubicacion,160,2.66,7.52
Ubicacion,4875,CONECTA_CON,Ubicacion,3048,6.6,10.75
Ubicacion,4876,CONECTA_CON,Ubicacion,1558,7.13,9.15
Ubicacion,4876,CONECTA_CON,Ubicacion,2289,2.53,5.95
Ubicacion,4876,CONECTA_CON,Ubicacion,4341,3.47,4.8
Ubicacion,4877,CONECTA_CON,Ubicacion,3886,8.89,15.89
Ubicacion,4877,CONECTA_CON,Ubicacion,3419,8.56,18.02
Ubicacion,4877,CONECTA_CON,Ubicacion,4028,3.09,3.93
Ubicacion,4878,CONECTA_CON,Ubicacion,3246,2.15,2.32
Ubicacion,4878,CONECTA_CON,Ubicacion,735,2.27,2.83
Ubicacion,4878,CONECTA_CON,Ubicacion,2189,8.28,14.38
Ubicacion,4879,CONECTA_CON,Ubicacion,4798,5.35,14.68
Ubicacion,4879,CONECTA_CON,Ubicacion,1299,8.08,11.64
Ubicacion,4879,CONECTA_CON,Ubicacion,4819,9.99,13.61
Ubicacion,4880,CONECTA_CON,Ubicacion,3515,5.93,17.01
Ubicacion,4880,CONECTA_CON,Ubicacion,4699,9.45,20.39
Ubicacion,4880,CONECTA_CON,Ubicacion,4124,8.65,10.54
Ubicacion,4881,CONECTA_CON,Ubicacion,354,8.64,16.73
Ubicacion,4881,CONECTA_CON,Ubicacion,4794,2.1,2.87
Ubicacion,4881,CONECTA_CON,Ubicacion,533,4.9,6.29
Ubicacion,4882,CONECTA_CON,Ubicacion,1702,4.34,4.73
Ubicacion,4882,CONECTA_CON,Ubicacion,546,9.99,12.0
Ubicacion,4882,CONECTA_CON,Ubicacion,3703,7.7,10.2
Ubicacion,4883,CONECTA_CON,Ubicacion,3719,0.97,1.25
Ubicacion,4883,CONECTA_CON,Ubicacion,2549,9.8,10.09
Ubicacion,4883,CONECTA_CON,Ubicacion,2241,8.14,11.31
Ubicacion,4884,CONECTA_CON,Ubicacion,2345,3.91,4.01
Ubicacion,4884,CONECTA_CON,Ubicacion,749,7.94,8.57
Ubicacion,4884,CONECTA_CON,Ubicacion,1933,3.57,9.57
Ubicacion,4885,CONECTA_CON,Ubicacion,4357,2.32,2.99
Ubicacion,4885,CONECTA_CON,Ubicacion,4621,3.28,6.31
Ubicacion,4885,CONECTA_CON,Ubicacion,556,2.24,3.05
Ubicacion,4886,CONECTA_CON,Ubicacion,2217,3.15,6.5
Ubicacion,4886,CONECTA_CON,Ubicacion,4066,6.59,16.87
Ubicacion,4886,CONECTA_CON,Ubicacion,1496,8.75,10.22
Ubicacion,4887,CONECTA_CON,Ubicacion,3950,4.98,6.64
Ubicacion,4887,CONECTA_CON,Ubicacion,4767,3.28,4.9
Ubicacion,4887,CONECTA_CON,Ubicacion,4828,2.64,5.14
Ubicacion,4888,CONECTA_CON,Ubicacion,1006,2.08,5.86
Ubicacion,4888,CONECTA_CON,Ubicacion,1502,8.15,13.63
Ubicacion,4888,CONECTA_CON,Ubicacion,2792,8.6,18.5
Ubicacion,4889,CONECTA_CON,Ubicacion,4585,6.24,9.08
Ubicacion,4889,CONECTA_CON,Ubicacion,3947,2.13,2.57
Ubicacion,4889,CONECTA_CON,Ubicacion,4020,2.81,4.2
Ubicacion,4890,CONECTA_CON,Ubicacion,2015,0.52,0.72
Ubicacion,4890,CONECTA_CON,Ubicacion,2472,3.4,7.03
Ubicacion,4890,CONECTA_CON,Ubicacion,994,6.24,6.33
Ubicacion,4891,CONECTA_CON,Ubicacion,218,7.35,20.34
Ubicacion,4891,CONECTA_CON,Ubicacion,2848,7.06,9.82
Ubicacion,4891,CONECTA_CON,Ubicacion,2498,6.64,10.76
Ubicacion,4892,CONECTA_CON,Ubicacion,3050,8.13,9.12
Ubicacion,4892,CONECTA_CON,Ubicacion,320,6.48,11.64
Ubicacion,4892,CONECTA_CON,Ubicacion,1794,6.91,7.9
Ubicacion,4893,CONECTA_CON,Ubicacion,753,2.89,5.43
Ubicacion,4893,CONECTA_CON,Ubicacion,3876,7.64,13.39
Ubicacion,4893,CONECTA_CON,Ubicacion,3982,6.93,13.93
Ubicacion,4894,CONECTA_CON,Ubicacion,4820,2.63,6.59
Ubicacion,4894,CONECTA_CON,Ubicacion,2466,4.62,11.4
Ubicacion,4894,CONECTA_CON,Ubicacion,2473,2.45,6.73
Ubicacion,4895,CONECTA_CON,Ubicacion,831,7.15,10.38
Ubicacion,4895,CONECTA_CON,Ubicacion,3672,7.59,16.57
Ubicacion,4895,CONECTA_CON,Ubicacion,1756,1.68,1.79
Ubicacion,4896,CONECTA_CON,Ubicacion,3164,9.39,16.97
Ubicacion,4896,CONECTA_CON,Ubicacion,3114,7.26,8.36
Ubicacion,4896,CONECTA_CON,Ubicacion,2091,7.26,8.78
Ubicacion,4897,CONECTA_CON,Ubicacion,3959,3.8,10.69
Ubicacion,4897,CONECTA_CON,Ubicacion,1394,1.22,1.7
Ubicacion,4897,CONECTA_CON,Ubicacion,3284,8.2,21.83
Ubicacion,4898,CONECTA_CON,Ubicacion,2894,4.84,5.84
Ubicacion,4898,CONECTA_CON,Ubicacion,2084,7.72,9.25
Ubicacion,4898,CONECTA_CON,Ubicacion,3287,5.32,9.22
Ubicacion,4899,CONECTA_CON,Ubicacion,4546,7.37,14.34
Ubicacion,4899,CONECTA_CON,Ubicacion,3333,3.46,4.8
Ubicacion,4899,CONECTA_CON,Ubicacion,1682,7.02,8.2
Ubicacion,4900,CONECTA_CON,Ubicacion,1448,6.03,6.55
Ubicacion,4900,CONECTA_CON,Ubicacion,446,1.18,1.6
Ubicacion,4900,CONECTA_CON,Ubicacion,4297,8.99,9.92
Ubicacion,4901,CONECTA_CON,Ubicacion,445,3.67,5.0
Ubicacion,4901,CONECTA_CON,Ubicacion,916,6.01,12.37
Ubicacion,4901,CONECTA_CON,Ubicacion,915,7.44,10.22
Ubicacion,4902,CONECTA_CON,Ubicacion,1470,3.39,4.36
Ubicacion,4902,CONECTA_CON,Ubicacion,2509,2.68,5.04
Ubicacion,4902,CONECTA_CON,Ubicacion,2895,4.92,6.11
Ubicacion,4903,CONECTA_CON,Ubicacion,3014,5.76,15.24
Ubicacion,4903,CONECTA_CON,Ubicacion,3182,1.13,1.57
Ubicacion,4903,CONECTA_CON,Ubicacion,3629,5.67,9.25
Ubicacion,4904,CONECTA_CON,Ubicacion,1470,9.11,25.58
Ubicacion,4904,CONECTA_CON,Ubicacion,217,6.7,10.3
Ubicacion,4904,CONECTA_CON,Ubicacion,3013,7.16,13.78
Ubicacion,4905,CONECTA_CON,Ubicacion,1105,7.24,7.39
Ubicacion,4905,CONECTA_CON,Ubicacion,2765,4.66,5.23
Ubicacion,4905,CONECTA_CON,Ubicacion,4010,8.67,19.44
Ubicacion,4906,CONECTA_CON,Ubicacion,1622,8.27,10.12
Ubicacion,4906,CONECTA_CON,Ubicacion,2114,6.61,6.81
Ubicacion,4906,CONECTA_CON,Ubicacion,3014,1.29,1.74
Ubicacion,4907,CONECTA_CON,Ubicacion,1780,9.17,27.11
Ubicacion,4907,CONECTA_CON,Ubicacion,416,0.95,2.1
Ubicacion,4907,CONECTA_CON,Ubicacion,2813,9.84,23.67
Ubicacion,4908,CONECTA_CON,Ubicacion,659,5.33,5.84
Ubicacion,4908,CONECTA_CON,Ubicacion,368,4.41,5.03
Ubicacion,4908,CONECTA_CON,Ubicacion,4817,2.89,4.07
Ubicacion,4909,CONECTA_CON,Ubicacion,1184,1.27,2.13
Ubicacion,4909,CONECTA_CON,Ubicacion,891,4.61,6.12
Ubicacion,4909,CONECTA_CON,Ubicacion,1794,3.23,5.93
Ubicacion,4910,CONECTA_CON,Ubicacion,3205,3.09,3.31
Ubicacion,4910,CONECTA_CON,Ubicacion,1425,8.67,12.68
Ubicacion,4910,CONECTA_CON,Ubicacion,3209,1.29,1.54
Ubicacion,4911,CONECTA_CON,Ubicacion,1010,3.73,4.27
Ubicacion,4911,CONECTA_CON,Ubicacion,1454,1.31,1.8
Ubicacion,4911,CONECTA_CON,Ubicacion,2822,7.82,8.55
Ubicacion,4912,CONECTA_CON,Ubicacion,4371,0.83,1.9
Ubicacion,4912,CONECTA_CON,Ubicacion,2695,9.02,12.44
Ubicacion,4912,CONECTA_CON,Ubicacion,2981,1.9,2.38
Ubicacion,4913,CONECTA_CON,Ubicacion,4172,6.95,10.14
Ubicacion,4913,CONECTA_CON,Ubicacion,1532,7.32,15.42
Ubicacion,4913,CONECTA_CON,Ubicacion,1210,2.4,3.82
Ubicacion,4914,CONECTA_CON,Ubicacion,3198,8.24,11.31
Ubicacion,4914,CONECTA_CON,Ubicacion,3789,2.98,5.99
Ubicacion,4914,CONECTA_CON,Ubicacion,1003,9.61,13.76
Ubicacion,4915,CONECTA_CON,Ubicacion,2151,1.96,2.39
Ubicacion,4915,CONECTA_CON,Ubicacion,288,6.78,7.32
Ubicacion,4915,CONECTA_CON,Ubicacion,2271,5.81,12.94
Ubicacion,4916,CONECTA_CON,Ubicacion,1645,1.32,3.31
Ubicacion,4916,CONECTA_CON,Ubicacion,3909,2.28,6.13
Ubicacion,4916,CONECTA_CON,Ubicacion,1360,3.34,9.22
Ubicacion,4917,CONECTA_CON,Ubicacion,67,1.46,1.78
Ubicacion,4917,CONECTA_CON,Ubicacion,2105,9.51,21.85
Ubicacion,4917,CONECTA_CON,Ubicacion,344,6.33,8.43
Ubicacion,4918,CONECTA_CON,Ubicacion,1751,6.3,8.08
Ubicacion,4918,CONECTA_CON,Ubicacion,3696,4.45,6.52
Ubicacion,4918,CONECTA_CON,Ubicacion,1286,1.56,2.18
Ubicacion,4919,CONECTA_CON,Ubicacion,4677,3.12,4.4
Ubicacion,4919,CONECTA_CON,Ubicacion,4245,4.53,11.96
Ubicacion,4919,CONECTA_CON,Ubicacion,286,2.52,4.83
Ubicacion,4920,CONECTA_CON,Ubicacion,3008,6.23,9.52
Ubicacion,4920,CONECTA_CON,Ubicacion,4369,0.59,1.29
Ubicacion,4920,CONECTA_CON,Ubicacion,941,8.62,12.37
Ubicacion,4921,CONECTA_CON,Ubicacion,2665,7.63,20.79
Ubicacion,4921,CONECTA_CON,Ubicacion,186,6.04,9.34
Ubicacion,4921,CONECTA_CON,Ubicacion,1440,2.35,2.63
Ubicacion,4922,CONECTA_CON,Ubicacion,358,9.85,12.56
Ubicacion,4922,CONECTA_CON,Ubicacion,792,5.89,6.81
Ubicacion,4922,CONECTA_CON,Ubicacion,4008,3.82,5.83
Ubicacion,4923,CONECTA_CON,Ubicacion,500,1.67,3.19
Ubicacion,4923,CONECTA_CON,Ubicacion,1686,5.18,6.05
Ubicacion,4923,CONECTA_CON,Ubicacion,1738,4.42,6.43
Ubicacion,4924,CONECTA_CON,Ubicacion,1299,1.93,3.77
Ubicacion,4924,CONECTA_CON,Ubicacion,2966,9.92,11.85
Ubicacion,4924,CONECTA_CON,Ubicacion,1901,2.59,3.74
Ubicacion,4925,CONECTA_CON,Ubicacion,4722,8.85,9.64
Ubicacion,4925,CONECTA_CON,Ubicacion,1752,6.15,11.41
Ubicacion,4925,CONECTA_CON,Ubicacion,1290,6.15,9.17
Ubicacion,4926,CONECTA_CON,Ubicacion,106,8.68,9.78
Ubicacion,4926,CONECTA_CON,Ubicacion,4163,9.73,11.23
Ubicacion,4926,CONECTA_CON,Ubicacion,3306,2.22,4.43
Ubicacion,4927,CONECTA_CON,Ubicacion,928,6.85,15.41
Ubicacion,4927,CONECTA_CON,Ubicacion,4253,7.52,8.33
Ubicacion,4927,CONECTA_CON,Ubicacion,1650,8.53,10.1
Ubicacion,4928,CONECTA_CON,Ubicacion,500,1.24,1.73
Ubicacion,4928,CONECTA_CON,Ubicacion,2387,2.63,5.24
Ubicacion,4928,CONECTA_CON,Ubicacion,3927,6.39,11.97
Ubicacion,4929,CONECTA_CON,Ubicacion,2200,6.33,10.44
Ubicacion,4929,CONECTA_CON,Ubicacion,3354,8.24,11.29
Ubicacion,4929,CONECTA_CON,Ubicacion,598,1.43,1.48
Ubicacion,4930,CONECTA_CON,Ubicacion,4799,1.81,2.21
Ubicacion,4930,CONECTA_CON,Ubicacion,4065,2.93,5.31
Ubicacion,4930,CONECTA_CON,Ubicacion,285,9.45,17.44
Ubicacion,4931,CONECTA_CON,Ubicacion,1453,0.84,1.2
Ubicacion,4931,CONECTA_CON,Ubicacion,3837,5.06,6.06
Ubicacion,4931,CONECTA_CON,Ubicacion,2857,4.11,6.28
Ubicacion,4932,CONECTA_CON,Ubicacion,4431,1.42,1.57
Ubicacion,4932,CONECTA_CON,Ubicacion,2337,3.45,6.21
Ubicacion,4932,CONECTA_CON,Ubicacion,25,5.73,12.7
Ubicacion,4933,CONECTA_CON,Ubicacion,3380,1.67,1.77
Ubicacion,4933,CONECTA_CON,Ubicacion,4645,3.5,5.47
Ubicacion,4933,CONECTA_CON,Ubicacion,4261,2.84,3.26
Ubicacion,4934,CONECTA_CON,Ubicacion,1291,8.24,12.5
Ubicacion,4934,CONECTA_CON,Ubicacion,372,9.49,16.48
Ubicacion,4934,CONECTA_CON,Ubicacion,2587,8.17,8.45
Ubicacion,4935,CONECTA_CON,Ubicacion,1052,6.0,13.37
Ubicacion,4935,CONECTA_CON,Ubicacion,164,3.03,3.29
Ubicacion,4935,CONECTA_CON,Ubicacion,4054,9.01,11.45
Ubicacion,4936,CONECTA_CON,Ubicacion,3678,0.8,1.96
Ubicacion,4936,CONECTA_CON,Ubicacion,3021,1.23,1.53
Ubicacion,4936,CONECTA_CON,Ubicacion,2013,1.91,5.24
Ubicacion,4937,CONECTA_CON,Ubicacion,948,8.68,11.35
Ubicacion,4937,CONECTA_CON,Ubicacion,4322,8.72,16.19
Ubicacion,4937,CONECTA_CON,Ubicacion,3446,2.81,2.9
Ubicacion,4938,CONECTA_CON,Ubicacion,3539,4.29,8.03
Ubicacion,4938,CONECTA_CON,Ubicacion,1052,2.87,3.97
Ubicacion,4938,CONECTA_CON,Ubicacion,3455,5.57,7.39
Ubicacion,4939,CONECTA_CON,Ubicacion,3168,5.51,7.0
Ubicacion,4939,CONECTA_CON,Ubicacion,2084,5.72,6.48
Ubicacion,4939,CONECTA_CON,Ubicacion,1703,0.92,0.96
Ubicacion,4940,CONECTA_CON,Ubicacion,962,2.42,5.38
Ubicacion,4940,CONECTA_CON,Ubicacion,2897,0.52,0.81
Ubicacion,4940,CONECTA_CON,Ubicacion,3315,4.0,6.88
Ubicacion,4941,CONECTA_CON,Ubicacion,4855,2.87,3.11
Ubicacion,4941,CONECTA_CON,Ubicacion,4362,9.89,13.2
Ubicacion,4941,CONECTA_CON,Ubicacion,4655,7.72,7.99
Ubicacion,4942,CONECTA_CON,Ubicacion,2841,8.0,20.12
Ubicacion,4942,CONECTA_CON,Ubicacion,2120,4.36,6.24
Ubicacion,4942,CONECTA_CON,Ubicacion,2343,3.28,6.16
Ubicacion,4943,CONECTA_CON,Ubicacion,3556,6.75,7.51
Ubicacion,4943,CONECTA_CON,Ubicacion,3547,4.23,4.48
Ubicacion,4943,CONECTA_CON,Ubicacion,3535,6.45,12.94
Ubicacion,4944,CONECTA_CON,Ubicacion,1641,6.21,6.65
Ubicacion,4944,CONECTA_CON,Ubicacion,3013,5.11,8.78
Ubicacion,4944,CONECTA_CON,Ubicacion,2438,7.64,9.12
Ubicacion,4945,CONECTA_CON,Ubicacion,880,6.68,6.85
Ubicacion,4945,CONECTA_CON,Ubicacion,1164,9.27,26.13
Ubicacion,4945,CONECTA_CON,Ubicacion,2738,1.46,2.01
Ubicacion,4946,CONECTA_CON,Ubicacion,1684,1.34,1.41
Ubicacion,4946,CONECTA_CON,Ubicacion,3190,1.61,3.38
Ubicacion,4946,CONECTA_CON,Ubicacion,1621,2.72,3.27
Ubicacion,4947,CONECTA_CON,Ubicacion,2305,7.71,10.89
Ubicacion,4947,CONECTA_CON,Ubicacion,2965,6.98,13.88
Ubicacion,4947,CONECTA_CON,Ubicacion,3950,5.55,5.87
Ubicacion,4948,CONECTA_CON,Ubicacion,838,9.74,16.26
Ubicacion,4948,CONECTA_CON,Ubicacion,3382,6.73,19.17
Ubicacion,4948,CONECTA_CON,Ubicacion,4028,5.47,16.03
Ubicacion,4949,CONECTA_CON,Ubicacion,3761,4.38,8.15
Ubicacion,4949,CONECTA_CON,Ubicacion,2284,7.22,10.87
Ubicacion,4949,CONECTA_CON,Ubicacion,2709,5.53,12.02
Ubicacion,4950,CONECTA_CON,Ubicacion,4526,4.9,4.94
Ubicacion,4950,CONECTA_CON,Ubicacion,4138,9.15,19.02
Ubicacion,4950,CONECTA_CON,Ubicacion,3297,2.26,5.21
Ubicacion,4951,CONECTA_CON,Ubicacion,1925,5.92,8.21
Ubicacion,4951,CONECTA_CON,Ubicacion,914,3.78,7.5
Ubicacion,4951,CONECTA_CON,Ubicacion,1076,7.61,9.65
Ubicacion,4952,CONECTA_CON,Ubicacion,1075,4.01,4.7
Ubicacion,4952,CONECTA_CON,Ubicacion,4778,4.76,8.02
Ubicacion,4952,CONECTA_CON,Ubicacion,789,4.78,12.19
Ubicacion,4953,CONECTA_CON,Ubicacion,2787,1.16,1.47
Ubicacion,4953,CONECTA_CON,Ubicacion,4759,2.33,4.65
Ubicacion,4953,CONECTA_CON,Ubicacion,1804,7.11,8.9
Ubicacion,4954,CONECTA_CON,Ubicacion,1207,2.17,4.58
Ubicacion,4954,CONECTA_CON,Ubicacion,3209,7.21,9.93
Ubicacion,4954,CONECTA_CON,Ubicacion,4540,6.21,11.68
Ubicacion,4955,CONECTA_CON,Ubicacion,3393,3.74,4.56
Ubicacion,4955,CONECTA_CON,Ubicacion,4401,9.6,12.3
Ubicacion,4955,CONECTA_CON,Ubicacion,4643,5.21,9.4
Ubicacion,4956,CONECTA_CON,Ubicacion,1657,0.51,0.53
Ubicacion,4956,CONECTA_CON,Ubicacion,1469,5.32,5.35
Ubicacion,4956,CONECTA_CON,Ubicacion,3400,2.16,3.43
Ubicacion,4957,CONECTA_CON,Ubicacion,2415,6.4,9.12
Ubicacion,4957,CONECTA_CON,Ubicacion,4295,1.63,2.33
Ubicacion,4957,CONECTA_CON,Ubicacion,3175,3.98,9.06
Ubicacion,4958,CONECTA_CON,Ubicacion,3314,9.57,13.83
Ubicacion,4958,CONECTA_CON,Ubicacion,94,4.78,5.51
Ubicacion,4958,CONECTA_CON,Ubicacion,459,8.96,14.1
Ubicacion,4959,CONECTA_CON,Ubicacion,3850,4.48,6.34
Ubicacion,4959,CONECTA_CON,Ubicacion,2427,5.49,8.35
Ubicacion,4959,CONECTA_CON,Ubicacion,1235,0.61,1.5
Ubicacion,4960,CONECTA_CON,Ubicacion,4764,5.31,11.92
Ubicacion,4960,CONECTA_CON,Ubicacion,4934,4.86,6.27
Ubicacion,4960,CONECTA_CON,Ubicacion,551,4.05,4.14
Ubicacion,4961,CONECTA_CON,Ubicacion,4426,6.48,7.35
Ubicacion,4961,CONECTA_CON,Ubicacion,2509,3.52,6.77
Ubicacion,4961,CONECTA_CON,Ubicacion,3296,9.33,10.23
Ubicacion,4962,CONECTA_CON,Ubicacion,2340,1.21,1.37
Ubicacion,4962,CONECTA_CON,Ubicacion,4277,1.53,3.14
Ubicacion,4962,CONECTA_CON,Ubicacion,2684,2.76,4.18
Ubicacion,4963,CONECTA_CON,Ubicacion,3218,2.28,4.06
Ubicacion,4963,CONECTA_CON,Ubicacion,3809,1.59,2.63
Ubicacion,4963,CONECTA_CON,Ubicacion,4827,2.19,4.26
Ubicacion,4964,CONECTA_CON,Ubicacion,2245,3.56,7.32
Ubicacion,4964,CONECTA_CON,Ubicacion,3174,7.03,7.13
Ubicacion,4964,CONECTA_CON,Ubicacion,412,0.79,1.87
Ubicacion,4965,CONECTA_CON,Ubicacion,3760,1.2,1.91
Ubicacion,4965,CONECTA_CON,Ubicacion,4588,9.55,10.03
Ubicacion,4965,CONECTA_CON,Ubicacion,3482,9.84,13.4
Ubicacion,4966,CONECTA_CON,Ubicacion,4712,1.06,1.24
Ubicacion,4966,CONECTA_CON,Ubicacion,2409,8.83,10.05
Ubicacion,4966,CONECTA_CON,Ubicacion,2659,5.04,12.59
Ubicacion,4967,CONECTA_CON,Ubicacion,3943,5.61,11.67
Ubicacion,4967,CONECTA_CON,Ubicacion,1651,4.27,8.04
Ubicacion,4967,CONECTA_CON,Ubicacion,2442,8.27,14.22
Ubicacion,4968,CONECTA_CON,Ubicacion,4877,6.88,11.99
Ubicacion,4968,CONECTA_CON,Ubicacion,1483,2.32,5.72
Ubicacion,4968,CONECTA_CON,Ubicacion,740,6.34,18.49
Ubicacion,4969,CONECTA_CON,Ubicacion,1245,0.93,1.47
Ubicacion,4969,CONECTA_CON,Ubicacion,3937,3.57,5.08
Ubicacion,4969,CONECTA_CON,Ubicacion,3310,8.45,15.43
Ubicacion,4970,CONECTA_CON,Ubicacion,4825,7.11,12.36
Ubicacion,4970,CONECTA_CON,Ubicacion,817,2.58,2.96
Ubicacion,4970,CONECTA_CON,Ubicacion,469,6.74,7.32
Ubicacion,4971,CONECTA_CON,Ubicacion,3734,4.32,5.19
Ubicacion,4971,CONECTA_CON,Ubicacion,1525,1.41,2.32
Ubicacion,4971,CONECTA_CON,Ubicacion,4890,8.53,10.26
Ubicacion,4972,CONECTA_CON,Ubicacion,3650,4.93,5.21
Ubicacion,4972,CONECTA_CON,Ubicacion,352,8.96,18.8
Ubicacion,4972,CONECTA_CON,Ubicacion,3124,6.34,11.95
Ubicacion,4973,CONECTA_CON,Ubicacion,2053,7.31,7.91
Ubicacion,4973,CONECTA_CON,Ubicacion,2177,8.94,12.92
Ubicacion,4973,CONECTA_CON,Ubicacion,3889,8.98,18.38
Ubicacion,4974,CONECTA_CON,Ubicacion,927,3.23,5.03
Ubicacion,4974,CONECTA_CON,Ubicacion,1242,6.31,7.25
Ubicacion,4974,CONECTA_CON,Ubicacion,3541,4.38,9.77
Ubicacion,4975,CONECTA_CON,Ubicacion,3282,9.71,27.43
Ubicacion,4975,CONECTA_CON,Ubicacion,1883,6.29,8.75
Ubicacion,4975,CONECTA_CON,Ubicacion,1940,9.15,15.78
Ubicacion,4976,CONECTA_CON,Ubicacion,4843,5.5,5.64
Ubicacion,4976,CONECTA_CON,Ubicacion,3058,6.44,12.51
Ubicacion,4976,CONECTA_CON,Ubicacion,1871,5.53,14.83
Ubicacion,4977,CONECTA_CON,Ubicacion,2331,4.87,8.21
Ubicacion,4977,CONECTA_CON,Ubicacion,1535,1.09,1.3
Ubicacion,4977,CONECTA_CON,Ubicacion,2850,5.6,5.66
Ubicacion,4978,CONECTA_CON,Ubicacion,225,7.43,11.54
Ubicacion,4978,CONECTA_CON,Ubicacion,3116,1.85,3.9
Ubicacion,4978,CONECTA_CON,Ubicacion,768,4.22,4.97
Ubicacion,4979,CONECTA_CON,Ubicacion,711,6.89,13.34
Ubicacion,4979,CONECTA_CON,Ubicacion,4048,8.66,11.37
Ubicacion,4979,CONECTA_CON,Ubicacion,129,5.23,8.34
Ubicacion,4980,CONECTA_CON,Ubicacion,1383,0.98,2.63
Ubicacion,4980,CONECTA_CON,Ubicacion,4343,8.11,13.19
Ubicacion,4980,CONECTA_CON,Ubicacion,4624,8.66,9.93
Ubicacion,4981,CONECTA_CON,Ubicacion,1015,9.2,13.52
Ubicacion,4981,CONECTA_CON,Ubicacion,3633,1.56,1.74
Ubicacion,4981,CONECTA_CON,Ubicacion,3706,4.82,5.27
Ubicacion,4982,CONECTA_CON,Ubicacion,1206,3.24,5.91
Ubicacion,4982,CONECTA_CON,Ubicacion,3704,4.97,13.55
Ubicacion,4982,CONECTA_CON,Ubicacion,1544,9.11,9.39
Ubicacion,4983,CONECTA_CON,Ubicacion,4977,2.32,4.01
Ubicacion,4983,CONECTA_CON,Ubicacion,3585,3.32,8.23
Ubicacion,4983,CONECTA_CON,Ubicacion,4887,2.04,2.64
Ubicacion,4984,CONECTA_CON,Ubicacion,628,1.27,2.59
Ubicacion,4984,CONECTA_CON,Ubicacion,349,5.1,7.11
Ubicacion,4984,CONECTA_CON,Ubicacion,1940,2.24,4.99
Ubicacion,4985,CONECTA_CON,Ubicacion,2146,4.95,7.99
Ubicacion,4985,CONECTA_CON,Ubicacion,3475,9.45,21.01
Ubicacion,4985,CONECTA_CON,Ubicacion,2575,4.34,7.07
Ubicacion,4986,CONECTA_CON,Ubicacion,845,7.7,19.98
Ubicacion,4986,CONECTA_CON,Ubicacion,239,5.4,12.5
Ubicacion,4986,CONECTA_CON,Ubicacion,953,2.18,2.22
Ubicacion,4987,CONECTA_CON,Ubicacion,83,3.07,3.62
Ubicacion,4987,CONECTA_CON,Ubicacion,2673,8.77,9.99
Ubicacion,4987,CONECTA_CON,Ubicacion,2046,7.65,13.42
Ubicacion,4988,CONECTA_CON,Ubicacion,1747,9.92,23.61
Ubicacion,4988,CONECTA_CON,Ubicacion,3911,4.99,7.14
Ubicacion,4988,CONECTA_CON,Ubicacion,1686,1.99,2.22
Ubicacion,4989,CONECTA_CON,Ubicacion,788,7.37,17.62
Ubicacion,4989,CONECTA_CON,Ubicacion,3717,7.18,7.45
Ubicacion,4989,CONECTA_CON,Ubicacion,2321,7.73,16.19
Ubicacion,4990,CONECTA_CON,Ubicacion,641,2.14,2.15
Ubicacion,4990,CONECTA_CON,Ubicacion,905,5.64,7.85
Ubicacion,4990,CONECTA_CON,Ubicacion,2826,2.71,7.37
Ubicacion,4991,CONECTA_CON,Ubicacion,988,8.42,11.72
Ubicacion,4991,CONECTA_CON,Ubicacion,3776,6.11,9.5
Ubicacion,4991,CONECTA_CON,Ubicacion,3496,7.73,8.97
Ubicacion,4992,CONECTA_CON,Ubicacion,4979,1.07,1.11
Ubicacion,4992,CONECTA_CON,Ubicacion,3379,3.28,3.8
Ubicacion,4992,CONECTA_CON,Ubicacion,4287,6.05,10.55
Ubicacion,4993,CONECTA_CON,Ubicacion,396,8.5,20.18
Ubicacion,4993,CONECTA_CON,Ubicacion,4994,2.83,2.87
Ubicacion,4993,CONECTA_CON,Ubicacion,3191,6.84,7.74
Ubicacion,4994,CONECTA_CON,Ubicacion,3271,8.05,18.16
Ubicacion,4994,CONECTA_CON,Ubicacion,533,6.89,11.49
Ubicacion,4994,CONECTA_CON,Ubicacion,1345,2.77,3.88
Ubicacion,4995,CONECTA_CON,Ubicacion,3821,2.79,3.32
Ubicacion,4995,CONECTA_CON,Ubicacion,4766,6.72,10.03
Ubicacion,4995,CONECTA_CON,Ubicacion,977,9.98,11.26
Ubicacion,4996,CONECTA_CON,Ubicacion,855,5.11,5.11
Ubicacion,4996,CONECTA_CON,Ubicacion,2425,1.48,1.64
Ubicacion,4996,CONECTA_CON,Ubicacion,2287,2.48,6.82
Ubicacion,4997,CONECTA_CON,Ubicacion,3866,7.78,11.29
Ubicacion,4997,CONECTA_CON,Ubicacion,1986,2.01,2.17
Ubicacion,4997,CONECTA_CON,Ubicacion,1013,1.55,3.43
Ubicacion,4998,CONECTA_CON,Ubicacion,3484,7.6,14.4
Ubicacion,4998,CONECTA_CON,Ubicacion,4478,2.51,3.35
Ubicacion,4998,CONECTA_CON,Ubicacion,315,0.61,1.76
Ubicacion,4999,CONECTA_CON,Ubicacion,4392,1.87,2.03
Ubicacion,4999,CONECTA_CON,Ubicacion,1930,0.62,0.99
Ubicacion,4999,CONECTA_CON,Ubicacion,1940,8.8,14.44
Ubicacion,5000,CONECTA_CON,Ubicacion,1993,2.64,3.72
Ubicacion,5000,CONECTA_CON,Ubicacion,1123,9.69,13.77
Ubicacion,5000,CONECTA_CON,Ubicacion,2401,5.29,9.77
