id,nombre,lat,lon
1,Ubicacion1,9.808722,-84.248586
2,Ubicacion2,9.727725,-83.882815
3,Ubicacion3,9.949794,-83.905331
4,Ubicacion4,10.168474,-84.237343
5,Ubicacion5,9.721381,-84.199805
6,Ubicacion6,9.737879,-84.230239
7,Ubicacion7,9.772529,-84.150136
8,Ubicacion8,10.184561,-84.372828
9,Ubicacion9,9.61431,-84.250587
10,Ubicacion10,9.684428,-84.154719
11,Ubicacion11,9.823655,-84.069702
12,Ubicacion12,10.071037,-84.092798
13,Ubicacion13,9.738479,-83.861804
14,Ubicacion14,9.650801,-83.974863
15,Ubicacion15,9.935762,-84.142668
16,Ubicacion16,9.96012,-84.37066
17,Ubicacion17,9.781074,-84.297668
18,Ubicacion18,9.977713,-84.396312
19,Ubicacion19,10.171052,-83.829613
20,Ubicacion20,9.817374,-83.815642
21,Ubicacion21,10.068964,-84.151805
22,Ubicacion22,9.641439,-84.375551
23,Ubicacion23,9.733755,-84.10743
24,Ubicacion24,10.079688,-84.192934
25,Ubicacion25,10.123217,-83.851677
26,Ubicacion26,10.035714,-83.949755
27,Ubicacion27,10.067787,-84.242056
28,Ubicacion28,10.144006,-84.359415
29,Ubicacion29,9.679408,-84.026075
30,Ubicacion30,9.818425,-84.235433
31,Ubicacion31,9.921473,-84.172388
32,Ubicacion32,9.603873,-83.802285
33,Ubicacion33,9.961314,-83.842311
34,Ubicacion34,9.672641,-83.864534
35,Ubicacion35,9.842703,-84.096584
36,Ubicacion36,10.03156,-83.866732
37,Ubicacion37,9.722778,-84.287924
38,Ubicacion38,9.967188,-84.132666
39,Ubicacion39,9.654583,-84.024815
40,Ubicacion40,9.819875,-84.077766
41,Ubicacion41,9.964674,-84.180807
42,Ubicacion42,9.788299,-83.951213
43,Ubicacion43,9.659376,-84.179244
44,Ubicacion44,9.847213,-84.109827
45,Ubicacion45,9.678428,-84.333205
46,Ubicacion46,9.999115,-83.976942
47,Ubicacion47,9.812811,-83.812845
48,Ubicacion48,10.104282,-84.39939
49,Ubicacion49,10.125525,-84.062368
50,Ubicacion50,9.656064,-84.071206
51,Ubicacion51,9.991016,-83.815554
52,Ubicacion52,9.642151,-83.999862
53,Ubicacion53,10.052697,-83.910668
54,Ubicacion54,9.704936,-84.086665
55,Ubicacion55,9.621625,-83.911701
56,Ubicacion56,10.101669,-84.141454
57,Ubicacion57,10.124825,-83.971766
58,Ubicacion58,9.924917,-84.010978
59,Ubicacion59,10.106815,-83.827416
60,Ubicacion60,9.793424,-84.305813
61,Ubicacion61,9.787472,-83.850679
62,Ubicacion62,10.046783,-84.164843
63,Ubicacion63,9.812628,-84.12016
64,Ubicacion64,9.723003,-84.224894
65,Ubicacion65,9.858671,-83.993573
66,Ubicacion66,9.731522,-84.238918
67,Ubicacion67,9.869238,-84.339121
68,Ubicacion68,9.818131,-84.308812
69,Ubicacion69,10.046242,-84.191304
70,Ubicacion70,9.652737,-83.892743
71,Ubicacion71,9.894868,-84.028308
72,Ubicacion72,10.165073,-84.198668
73,Ubicacion73,10.132469,-84.084113
74,Ubicacion74,9.850738,-83.814432
75,Ubicacion75,9.910221,-84.051041
76,Ubicacion76,10.064577,-83.977928
77,Ubicacion77,9.609212,-84.094719
78,Ubicacion78,10.051277,-83.86803
79,Ubicacion79,9.834417,-84.15927
80,Ubicacion80,9.880215,-84.076757
81,Ubicacion81,9.798378,-83.962164
82,Ubicacion82,9.816301,-83.863599
83,Ubicacion83,9.62628,-84.145881
84,Ubicacion84,10.142448,-84.253752
85,Ubicacion85,10.195971,-83.862867
86,Ubicacion86,9.650056,-83.825767
87,Ubicacion87,9.744589,-84.183742
88,Ubicacion88,9.935754,-84.072927
89,Ubicacion89,9.883388,-84.167052
90,Ubicacion90,9.866776,-83.864941
91,Ubicacion91,9.65571,-84.050745
92,Ubicacion92,10.052403,-83.960893
93,Ubicacion93,10.139545,-83.935115
94,Ubicacion94,10.196944,-83.978493
95,Ubicacion95,10.095705,-84.337232
96,Ubicacion96,9.974212,-84.230278
97,Ubicacion97,10.072402,-83.896789
98,Ubicacion98,9.99957,-84.376193
99,Ubicacion99,10.07182,-83.91017
100,Ubicacion100,9.644978,-83.978155
101,Ubicacion101,9.812712,-84.097849
102,Ubicacion102,9.775297,-84.162673
103,Ubicacion103,9.688101,-84.088068
104,Ubicacion104,9.891402,-84.26336
105,Ubicacion105,9.837381,-84.32697
106,Ubicacion106,9.752941,-83.971451
107,Ubicacion107,9.851311,-84.279196
108,Ubicacion108,9.692222,-84.080154
109,Ubicacion109,9.969215,-83.801795
110,Ubicacion110,10.115167,-83.906082
111,Ubicacion111,10.159811,-83.876801
112,Ubicacion112,10.125677,-84.236711
113,Ubicacion113,10.015884,-83.812993
114,Ubicacion114,10.130141,-84.041711
115,Ubicacion115,9.882742,-83.971016
116,Ubicacion116,10.113146,-84.217365
117,Ubicacion117,9.743424,-84.320532
118,Ubicacion118,10.041936,-84.075825
119,Ubicacion119,9.772694,-84.271715
120,Ubicacion120,10.132751,-84.099932
121,Ubicacion121,10.087316,-83.929572
122,Ubicacion122,10.074499,-83.851436
123,Ubicacion123,10.156942,-83.982465
124,Ubicacion124,9.617718,-83.952178
125,Ubicacion125,9.944976,-83.925803
126,Ubicacion126,9.65163,-84.112862
127,Ubicacion127,9.900162,-84.103142
128,Ubicacion128,10.083974,-84.394906
129,Ubicacion129,10.194358,-83.841858
130,Ubicacion130,10.001054,-84.310683
131,Ubicacion131,10.130835,-84.355246
132,Ubicacion132,9.614453,-84.211081
133,Ubicacion133,9.64535,-84.062513
134,Ubicacion134,10.144678,-84.361816
135,Ubicacion135,10.003483,-84.109209
136,Ubicacion136,9.795246,-84.105845
137,Ubicacion137,9.857481,-84.108545
138,Ubicacion138,10.125433,-84.062891
139,Ubicacion139,9.703763,-83.92127
140,Ubicacion140,9.940217,-83.870817
141,Ubicacion141,9.683648,-83.865021
142,Ubicacion142,9.779021,-84.1339
143,Ubicacion143,10.037579,-83.935723
144,Ubicacion144,9.75704,-83.8352
145,Ubicacion145,9.739937,-83.980226
146,Ubicacion146,9.600075,-83.952431
147,Ubicacion147,9.954297,-84.288052
148,Ubicacion148,9.784359,-83.892861
149,Ubicacion149,9.670733,-84.093528
150,Ubicacion150,9.980105,-83.853576
151,Ubicacion151,9.915257,-84.389004
152,Ubicacion152,10.076431,-84.263529
153,Ubicacion153,9.639872,-84.0584
154,Ubicacion154,9.608003,-83.97353
155,Ubicacion155,10.002513,-84.11522
156,Ubicacion156,9.80871,-83.963092
157,Ubicacion157,9.914608,-84.197858
158,Ubicacion158,9.717232,-83.8904
159,Ubicacion159,10.066497,-84.334002
160,Ubicacion160,9.865144,-84.393585
161,Ubicacion161,9.800709,-83.824565
162,Ubicacion162,9.741658,-83.925578
163,Ubicacion163,10.035319,-84.263837
164,Ubicacion164,10.18624,-84.356909
165,Ubicacion165,10.161581,-84.042253
166,Ubicacion166,10.115382,-84.061003
167,Ubicacion167,9.906573,-84.135651
168,Ubicacion168,9.844854,-83.893944
169,Ubicacion169,9.752933,-84.021286
170,Ubicacion170,9.698194,-83.8405
171,Ubicacion171,9.90858,-83.827031
172,Ubicacion172,9.823958,-83.833994
173,Ubicacion173,9.792867,-84.274602
174,Ubicacion174,9.96566,-83.840542
175,Ubicacion175,9.645686,-84.130311
176,Ubicacion176,9.705259,-84.025644
177,Ubicacion177,10.088391,-83.907965
178,Ubicacion178,9.604562,-84.020064
179,Ubicacion179,10.193369,-83.80828
180,Ubicacion180,9.945423,-83.971219
181,Ubicacion181,9.611376,-84.117524
182,Ubicacion182,9.682781,-84.291595
183,Ubicacion183,9.660547,-83.967619
184,Ubicacion184,9.908268,-83.912775
185,Ubicacion185,9.825942,-84.397903
186,Ubicacion186,9.735913,-84.277799
187,Ubicacion187,10.0276,-84.379821
188,Ubicacion188,9.892711,-83.977418
189,Ubicacion189,9.87687,-83.921779
190,Ubicacion190,9.756093,-84.052054
191,Ubicacion191,10.114785,-84.161768
192,Ubicacion192,10.042044,-84.063186
193,Ubicacion193,9.975521,-83.903239
194,Ubicacion194,9.688915,-83.918942
195,Ubicacion195,10.012702,-84.229706
196,Ubicacion196,9.994356,-84.288468
197,Ubicacion197,9.702107,-84.197627
198,Ubicacion198,9.768029,-84.393477
199,Ubicacion199,10.199331,-83.974887
200,Ubicacion200,10.06165,-83.829639
201,Ubicacion201,9.775768,-83.825263
202,Ubicacion202,9.72616,-84.316134
203,Ubicacion203,10.059775,-83.848905
204,Ubicacion204,10.062816,-84.040695
205,Ubicacion205,9.643867,-84.281511
206,Ubicacion206,10.135369,-83.959978
207,Ubicacion207,9.63911,-84.3599
208,Ubicacion208,9.805983,-83.992165
209,Ubicacion209,10.068687,-84.289282
210,Ubicacion210,10.124972,-84.311004
211,Ubicacion211,9.798417,-84.350832
212,Ubicacion212,10.18431,-84.072553
213,Ubicacion213,10.051427,-84.052682
214,Ubicacion214,10.089651,-84.181499
215,Ubicacion215,9.604048,-84.002407
216,Ubicacion216,9.957241,-84.239294
217,Ubicacion217,9.894112,-84.064591
218,Ubicacion218,10.138072,-84.142591
219,Ubicacion219,9.710632,-83.895558
220,Ubicacion220,10.178141,-83.808195
221,Ubicacion221,10.064937,-84.371387
222,Ubicacion222,10.12113,-83.910392
223,Ubicacion223,10.129339,-84.143951
224,Ubicacion224,10.126766,-84.134602
225,Ubicacion225,9.658173,-83.978558
226,Ubicacion226,9.736117,-83.804436
227,Ubicacion227,9.681595,-84.336509
228,Ubicacion228,9.86718,-84.293575
229,Ubicacion229,9.836058,-83.974065
230,Ubicacion230,10.07916,-84.14129
231,Ubicacion231,9.766621,-84.035031
232,Ubicacion232,9.8506,-84.082549
233,Ubicacion233,9.774919,-84.247594
234,Ubicacion234,9.929796,-84.006295
235,Ubicacion235,10.153813,-84.023344
236,Ubicacion236,9.874673,-84.176864
237,Ubicacion237,10.06758,-84.152503
238,Ubicacion238,9.601988,-84.237936
239,Ubicacion239,9.91162,-83.995253
240,Ubicacion240,9.819196,-83.904225
241,Ubicacion241,9.68229,-83.896436
242,Ubicacion242,9.809965,-83.842995
243,Ubicacion243,9.962691,-84.338311
244,Ubicacion244,9.627504,-84.338507
245,Ubicacion245,9.756529,-84.135623
246,Ubicacion246,9.714119,-84.005467
247,Ubicacion247,10.065019,-84.132511
248,Ubicacion248,9.660697,-84.019482
249,Ubicacion249,9.707738,-83.83671
250,Ubicacion250,10.068948,-83.973855
251,Ubicacion251,10.132475,-84.068431
252,Ubicacion252,9.72893,-84.051539
253,Ubicacion253,10.103615,-84.003815
254,Ubicacion254,9.917773,-84.081336
255,Ubicacion255,9.681767,-84.072866
256,Ubicacion256,10.069687,-84.292245
257,Ubicacion257,10.064421,-84.092252
258,Ubicacion258,9.664182,-84.068683
259,Ubicacion259,10.121908,-83.811914
260,Ubicacion260,9.6415,-84.197647
261,Ubicacion261,10.073847,-84.157884
262,Ubicacion262,9.920976,-83.847989
263,Ubicacion263,9.665007,-84.114254
264,Ubicacion264,10.14503,-84.334811
265,Ubicacion265,9.650896,-83.974121
266,Ubicacion266,9.892062,-83.800835
267,Ubicacion267,9.79646,-83.92614
268,Ubicacion268,10.16795,-83.862616
269,Ubicacion269,9.902135,-84.390159
270,Ubicacion270,10.172956,-83.911269
271,Ubicacion271,9.877006,-84.017553
272,Ubicacion272,9.897952,-84.093413
273,Ubicacion273,9.789215,-84.374768
274,Ubicacion274,9.644861,-84.131672
275,Ubicacion275,9.601227,-84.22165
276,Ubicacion276,10.130653,-83.85706
277,Ubicacion277,10.131276,-83.877754
278,Ubicacion278,9.653732,-84.256497
279,Ubicacion279,9.971759,-83.844947
280,Ubicacion280,10.103612,-84.369125
281,Ubicacion281,9.858134,-83.951986
282,Ubicacion282,9.859462,-84.241052
283,Ubicacion283,10.183008,-83.939047
284,Ubicacion284,9.926897,-84.363496
285,Ubicacion285,9.960812,-84.217421
286,Ubicacion286,9.719537,-83.896237
287,Ubicacion287,9.967111,-83.911645
288,Ubicacion288,10.01926,-83.828732
289,Ubicacion289,9.630057,-84.071073
290,Ubicacion290,9.738605,-83.942952
291,Ubicacion291,9.838927,-84.122462
292,Ubicacion292,9.662404,-84.236288
293,Ubicacion293,10.076402,-84.237791
294,Ubicacion294,9.926371,-84.138327
295,Ubicacion295,9.899514,-84.321081
296,Ubicacion296,9.881217,-84.116269
297,Ubicacion297,9.813815,-84.140624
298,Ubicacion298,9.953836,-84.039942
299,Ubicacion299,9.958487,-83.82607
300,Ubicacion300,9.893167,-84.381655
301,Ubicacion301,9.926266,-84.157037
302,Ubicacion302,9.875866,-84.130931
303,Ubicacion303,9.706071,-84.348202
304,Ubicacion304,9.97584,-84.049551
305,Ubicacion305,9.61886,-84.329196
306,Ubicacion306,9.846553,-84.174029
307,Ubicacion307,9.768493,-84.224373
308,Ubicacion308,9.783331,-84.182936
309,Ubicacion309,9.763783,-83.872523
310,Ubicacion310,9.758015,-84.171083
311,Ubicacion311,10.093802,-84.194753
312,Ubicacion312,9.779345,-84.256838
313,Ubicacion313,10.034468,-83.880866
314,Ubicacion314,9.919748,-84.290517
315,Ubicacion315,9.797689,-83.958624
316,Ubicacion316,9.977967,-84.151722
317,Ubicacion317,10.079381,-84.371033
318,Ubicacion318,9.851446,-84.374767
319,Ubicacion319,9.650082,-83.882565
320,Ubicacion320,10.075647,-84.141677
321,Ubicacion321,9.73964,-84.202253
322,Ubicacion322,9.824346,-84.172675
323,Ubicacion323,9.920375,-84.268192
324,Ubicacion324,10.091809,-84.336395
325,Ubicacion325,9.956424,-84.247693
326,Ubicacion326,10.154985,-84.284054
327,Ubicacion327,9.770715,-83.987463
328,Ubicacion328,9.903264,-83.851723
329,Ubicacion329,10.145741,-83.837387
330,Ubicacion330,10.033308,-84.208768
331,Ubicacion331,9.736019,-83.98432
332,Ubicacion332,10.056125,-83.827147
333,Ubicacion333,10.133255,-83.955584
334,Ubicacion334,9.698455,-84.166162
335,Ubicacion335,9.68958,-84.208879
336,Ubicacion336,10.118722,-83.979364
337,Ubicacion337,10.177005,-84.134952
338,Ubicacion338,9.782921,-84.379341
339,Ubicacion339,9.707891,-83.81455
340,Ubicacion340,10.147472,-83.849043
341,Ubicacion341,9.971685,-83.827681
342,Ubicacion342,9.650878,-84.330504
343,Ubicacion343,10.061723,-84.314911
344,Ubicacion344,9.803678,-83.944156
345,Ubicacion345,9.602014,-84.3273
346,Ubicacion346,10.16543,-84.319583
347,Ubicacion347,10.192542,-83.954315
348,Ubicacion348,9.947534,-84.27185
349,Ubicacion349,9.847238,-84.331635
350,Ubicacion350,10.060772,-84.146006
351,Ubicacion351,9.722146,-84.171542
352,Ubicacion352,10.012136,-83.92146
353,Ubicacion353,9.708565,-84.26774
354,Ubicacion354,10.146219,-84.27672
355,Ubicacion355,9.829954,-83.917335
356,Ubicacion356,10.178631,-83.894651
357,Ubicacion357,9.76205,-84.355003
358,Ubicacion358,9.642186,-83.806851
359,Ubicacion359,9.847857,-84.265419
360,Ubicacion360,10.195605,-84.187206
361,Ubicacion361,9.998967,-84.064132
362,Ubicacion362,9.625019,-84.172365
363,Ubicacion363,10.003686,-83.942636
364,Ubicacion364,10.016714,-84.385369
365,Ubicacion365,10.003962,-84.017219
366,Ubicacion366,9.780366,-83.831898
367,Ubicacion367,9.718584,-84.268644
368,Ubicacion368,9.743185,-84.144837
369,Ubicacion369,9.860243,-83.995887
370,Ubicacion370,9.65639,-83.811187
371,Ubicacion371,9.732535,-84.07291
372,Ubicacion372,9.644789,-84.366179
373,Ubicacion373,9.909119,-83.961133
374,Ubicacion374,9.633062,-84.358145
375,Ubicacion375,9.686713,-84.188663
376,Ubicacion376,10.1456,-84.021002
377,Ubicacion377,10.11113,-84.315858
378,Ubicacion378,10.108449,-83.910113
379,Ubicacion379,10.015671,-84.30197
380,Ubicacion380,9.881747,-84.384412
381,Ubicacion381,9.691081,-83.893022
382,Ubicacion382,9.744923,-84.110725
383,Ubicacion383,9.957778,-84.02495
384,Ubicacion384,10.191461,-83.970166
385,Ubicacion385,9.756846,-84.078614
386,Ubicacion386,9.681434,-84.034229
387,Ubicacion387,9.982475,-84.119532
388,Ubicacion388,9.732303,-83.840545
389,Ubicacion389,9.797492,-84.339426
390,Ubicacion390,10.067558,-84.347967
391,Ubicacion391,10.090015,-83.812855
392,Ubicacion392,10.093365,-84.262942
393,Ubicacion393,10.139047,-84.28029
394,Ubicacion394,10.103076,-84.074991
395,Ubicacion395,9.909772,-84.119683
396,Ubicacion396,10.115486,-84.27343
397,Ubicacion397,10.16446,-83.862074
398,Ubicacion398,9.685525,-83.835877
399,Ubicacion399,10.08346,-84.26894
400,Ubicacion400,10.10889,-84.225429
401,Ubicacion401,9.917361,-84.377043
402,Ubicacion402,9.725468,-84.34546
403,Ubicacion403,9.655162,-84.194095
404,Ubicacion404,9.696711,-84.324013
405,Ubicacion405,9.81087,-84.31526
406,Ubicacion406,9.616244,-84.144417
407,Ubicacion407,9.868023,-83.875265
408,Ubicacion408,9.849913,-83.866319
409,Ubicacion409,10.047629,-84.39314
410,Ubicacion410,9.760787,-84.107357
411,Ubicacion411,9.699969,-84.198285
412,Ubicacion412,10.049474,-83.815329
413,Ubicacion413,9.788705,-83.801
414,Ubicacion414,9.976292,-84.096606
415,Ubicacion415,9.801986,-83.957684
416,Ubicacion416,9.641585,-83.9137
417,Ubicacion417,9.669525,-83.802573
418,Ubicacion418,9.913465,-84.22754
419,Ubicacion419,9.643283,-83.811077
420,Ubicacion420,9.933843,-84.194554
421,Ubicacion421,10.014897,-83.853974
422,Ubicacion422,9.61895,-84.102322
423,Ubicacion423,9.695418,-83.871854
424,Ubicacion424,9.747272,-83.910631
425,Ubicacion425,9.954922,-84.241429
426,Ubicacion426,9.728321,-84.328436
427,Ubicacion427,10.10638,-83.989478
428,Ubicacion428,10.142607,-83.834811
429,Ubicacion429,10.10379,-84.240392
430,Ubicacion430,9.651736,-84.0139
431,Ubicacion431,9.70906,-84.095863
432,Ubicacion432,9.948555,-84.039337
433,Ubicacion433,9.843135,-83.950135
434,Ubicacion434,9.775912,-84.113714
435,Ubicacion435,9.967952,-84.158282
436,Ubicacion436,9.647866,-84.26472
437,Ubicacion437,9.607352,-84.295009
438,Ubicacion438,9.844025,-84.189361
439,Ubicacion439,9.977977,-84.075278
440,Ubicacion440,10.028556,-84.202653
441,Ubicacion441,9.951234,-83.919819
442,Ubicacion442,9.81084,-84.173672
443,Ubicacion443,10.127742,-84.17819
444,Ubicacion444,10.075842,-83.930883
445,Ubicacion445,9.98838,-84.360912
446,Ubicacion446,10.186172,-84.046721
447,Ubicacion447,9.724143,-83.919133
448,Ubicacion448,9.83719,-83.916903
449,Ubicacion449,9.811244,-84.133168
450,Ubicacion450,9.847367,-83.903878
451,Ubicacion451,9.646265,-84.302972
452,Ubicacion452,9.793823,-84.01234
453,Ubicacion453,9.98035,-84.22055
454,Ubicacion454,9.813915,-84.278242
455,Ubicacion455,9.930287,-84.202615
456,Ubicacion456,10.036175,-84.041001
457,Ubicacion457,9.740398,-84.129561
458,Ubicacion458,9.940782,-83.939589
459,Ubicacion459,9.705099,-84.390585
460,Ubicacion460,9.830966,-83.948697
461,Ubicacion461,10.056011,-84.312244
462,Ubicacion462,9.776186,-84.214277
463,Ubicacion463,10.063709,-84.094546
464,Ubicacion464,9.673255,-84.280235
465,Ubicacion465,10.030332,-83.856775
466,Ubicacion466,10.008316,-83.914159
467,Ubicacion467,9.926548,-84.273765
468,Ubicacion468,9.798382,-84.39185
469,Ubicacion469,10.11155,-83.978138
470,Ubicacion470,10.106906,-84.10124
471,Ubicacion471,9.821607,-84.157615
472,Ubicacion472,9.682731,-84.356089
473,Ubicacion473,10.154799,-84.041563
474,Ubicacion474,10.198855,-84.277006
475,Ubicacion475,10.112005,-83.871727
476,Ubicacion476,9.669534,-83.819765
477,Ubicacion477,10.169046,-84.019343
478,Ubicacion478,9.652684,-84.382709
479,Ubicacion479,10.100153,-84.228895
480,Ubicacion480,9.905349,-84.086817
481,Ubicacion481,9.857505,-84.035204
482,Ubicacion482,9.85782,-83.994147
483,Ubicacion483,10.042604,-83.818719
484,Ubicacion484,10.082247,-84.002338
485,Ubicacion485,9.686172,-83.884929
486,Ubicacion486,9.929279,-84.210334
487,Ubicacion487,9.829896,-84.270047
488,Ubicacion488,9.624693,-83.963731
489,Ubicacion489,9.92824,-84.168953
490,Ubicacion490,9.777482,-84.2064
491,Ubicacion491,10.136383,-84.263506
492,Ubicacion492,10.034482,-83.90877
493,Ubicacion493,10.052253,-84.329387
494,Ubicacion494,9.843029,-84.003841
495,Ubicacion495,9.689963,-84.10306
496,Ubicacion496,9.806561,-83.897545
497,Ubicacion497,10.184049,-84.391814
498,Ubicacion498,9.772288,-84.067658
499,Ubicacion499,9.723661,-83.955026
500,Ubicacion500,10.109721,-84.142586
501,Ubicacion501,9.862436,-84.08199
502,Ubicacion502,9.723369,-83.806225
503,Ubicacion503,10.121832,-84.138682
504,Ubicacion504,9.656881,-83.804992
505,Ubicacion505,9.991388,-83.903846
506,Ubicacion506,9.978,-83.8139
507,Ubicacion507,9.851412,-84.118076
508,Ubicacion508,10.034373,-84.340208
509,Ubicacion509,9.813335,-84.15286
510,Ubicacion510,9.717543,-83.95244
511,Ubicacion511,10.130717,-84.086655
512,Ubicacion512,9.697179,-84.314292
513,Ubicacion513,9.83775,-84.231816
514,Ubicacion514,10.033698,-83.802152
515,Ubicacion515,10.113837,-84.274276
516,Ubicacion516,9.880434,-84.212514
517,Ubicacion517,10.040529,-84.345448
518,Ubicacion518,9.831318,-84.275116
519,Ubicacion519,10.066201,-84.323437
520,Ubicacion520,9.753337,-84.180526
521,Ubicacion521,9.808239,-83.994225
522,Ubicacion522,10.181402,-84.178058
523,Ubicacion523,10.165201,-84.373983
524,Ubicacion524,9.947761,-83.821757
525,Ubicacion525,10.19504,-84.323956
526,Ubicacion526,10.063791,-83.811572
527,Ubicacion527,9.701735,-84.295447
528,Ubicacion528,10.013666,-84.290989
529,Ubicacion529,9.910575,-84.337437
530,Ubicacion530,10.058485,-84.122788
531,Ubicacion531,9.605265,-83.864681
532,Ubicacion532,9.772874,-84.384839
533,Ubicacion533,9.829605,-84.199179
534,Ubicacion534,9.802773,-83.912647
535,Ubicacion535,10.181303,-83.807321
536,Ubicacion536,9.662579,-84.315895
537,Ubicacion537,10.028145,-84.000647
538,Ubicacion538,9.662132,-84.052249
539,Ubicacion539,9.893483,-84.034877
540,Ubicacion540,10.166018,-83.823993
541,Ubicacion541,9.680969,-84.090817
542,Ubicacion542,10.022154,-83.892511
543,Ubicacion543,10.191553,-84.303342
544,Ubicacion544,9.904347,-84.327256
545,Ubicacion545,9.879267,-84.038719
546,Ubicacion546,9.828897,-83.959985
547,Ubicacion547,9.690158,-84.226668
548,Ubicacion548,10.011916,-84.126268
549,Ubicacion549,10.081492,-83.894024
550,Ubicacion550,9.770731,-84.014055
551,Ubicacion551,10.112909,-84.2967
552,Ubicacion552,9.815307,-83.956924
553,Ubicacion553,9.768649,-84.046222
554,Ubicacion554,10.002201,-83.958741
555,Ubicacion555,9.963664,-84.197258
556,Ubicacion556,9.727598,-83.851645
557,Ubicacion557,9.879614,-84.380775
558,Ubicacion558,10.148024,-83.837743
559,Ubicacion559,10.136061,-84.190647
560,Ubicacion560,9.960559,-83.98068
561,Ubicacion561,10.190243,-84.375866
562,Ubicacion562,10.10929,-84.01962
563,Ubicacion563,9.873916,-84.317671
564,Ubicacion564,10.055366,-84.118864
565,Ubicacion565,9.841548,-84.265675
566,Ubicacion566,9.994582,-84.332535
567,Ubicacion567,9.79366,-84.139252
568,Ubicacion568,9.711909,-83.979961
569,Ubicacion569,9.936944,-83.870753
570,Ubicacion570,10.007913,-84.036339
571,Ubicacion571,9.737796,-83.947009
572,Ubicacion572,9.92237,-84.248991
573,Ubicacion573,9.899485,-84.317862
574,Ubicacion574,9.698272,-84.09359
575,Ubicacion575,9.825634,-84.096154
576,Ubicacion576,9.959954,-84.04225
577,Ubicacion577,9.633263,-84.107947
578,Ubicacion578,10.140821,-83.805456
579,Ubicacion579,9.939267,-84.199719
580,Ubicacion580,9.746479,-84.171139
581,Ubicacion581,9.971893,-83.962846
582,Ubicacion582,10.105599,-83.921955
583,Ubicacion583,10.162546,-84.387377
584,Ubicacion584,10.024008,-84.263072
585,Ubicacion585,9.9676,-84.317303
586,Ubicacion586,10.134221,-84.28163
587,Ubicacion587,10.182853,-84.377844
588,Ubicacion588,10.059175,-84.125491
589,Ubicacion589,9.927722,-83.913885
590,Ubicacion590,9.953386,-84.205454
591,Ubicacion591,10.144759,-84.066546
592,Ubicacion592,9.989774,-83.978241
593,Ubicacion593,9.959934,-84.067348
594,Ubicacion594,9.879984,-84.389278
595,Ubicacion595,9.889756,-84.282241
596,Ubicacion596,9.653258,-84.21094
597,Ubicacion597,10.028497,-84.324088
598,Ubicacion598,9.614892,-83.96925
599,Ubicacion599,9.622301,-84.196237
600,Ubicacion600,9.657736,-84.342747
601,Ubicacion601,9.755191,-84.007581
602,Ubicacion602,10.084001,-84.380113
603,Ubicacion603,9.819356,-84.282139
604,Ubicacion604,9.820926,-84.160946
605,Ubicacion605,10.127693,-83.83088
606,Ubicacion606,10.121139,-84.244074
607,Ubicacion607,9.800736,-84.049217
608,Ubicacion608,9.777445,-84.16584
609,Ubicacion609,9.687191,-83.833517
610,Ubicacion610,10.155091,-83.896271
611,Ubicacion611,9.971368,-83.808583
612,Ubicacion612,9.927051,-83.956809
613,Ubicacion613,9.756371,-84.105232
614,Ubicacion614,10.032731,-83.904297
615,Ubicacion615,9.904145,-84.244752
616,Ubicacion616,10.019939,-84.05699
617,Ubicacion617,9.734374,-84.133686
618,Ubicacion618,10.189507,-83.956389
619,Ubicacion619,9.783776,-84.237623
620,Ubicacion620,9.990349,-83.821984
621,Ubicacion621,10.145713,-83.946471
622,Ubicacion622,9.715176,-84.137942
623,Ubicacion623,9.77046,-84.103028
624,Ubicacion624,10.102606,-84.084137
625,Ubicacion625,10.054842,-83.842495
626,Ubicacion626,10.042841,-84.095393
627,Ubicacion627,10.111053,-83.983621
628,Ubicacion628,9.74191,-84.30077
629,Ubicacion629,9.680978,-84.272901
630,Ubicacion630,9.622158,-83.905408
631,Ubicacion631,9.889972,-84.391586
632,Ubicacion632,10.145243,-84.382466
633,Ubicacion633,9.605975,-83.919383
634,Ubicacion634,9.879534,-83.916986
635,Ubicacion635,9.698068,-83.867553
636,Ubicacion636,9.672646,-83.928735
637,Ubicacion637,9.807684,-84.335115
638,Ubicacion638,10.062067,-83.831975
639,Ubicacion639,9.705759,-84.081062
640,Ubicacion640,9.860768,-84.31848
641,Ubicacion641,10.091834,-84.252931
642,Ubicacion642,9.790655,-84.180834
643,Ubicacion643,10.061423,-84.294728
644,Ubicacion644,9.889481,-84.265356
645,Ubicacion645,9.910158,-83.871446
646,Ubicacion646,9.714636,-83.865241
647,Ubicacion647,9.649819,-84.3359
648,Ubicacion648,9.826224,-84.290845
649,Ubicacion649,9.709207,-83.808592
650,Ubicacion650,10.139106,-83.900788
651,Ubicacion651,9.817322,-84.35947
652,Ubicacion652,9.955146,-84.162687
653,Ubicacion653,10.159501,-83.830686
654,Ubicacion654,10.102167,-84.123364
655,Ubicacion655,9.937752,-83.866802
656,Ubicacion656,9.946152,-83.91134
657,Ubicacion657,10.026857,-84.062559
658,Ubicacion658,9.9954,-83.901198
659,Ubicacion659,10.080445,-84.191995
660,Ubicacion660,9.727687,-83.994873
661,Ubicacion661,10.112858,-84.192767
662,Ubicacion662,9.827276,-84.063802
663,Ubicacion663,9.941848,-84.226527
664,Ubicacion664,10.151822,-84.192236
665,Ubicacion665,10.188985,-83.961129
666,Ubicacion666,9.723358,-84.259177
667,Ubicacion667,9.850862,-83.89389
668,Ubicacion668,10.060238,-84.387454
669,Ubicacion669,9.920142,-84.147458
670,Ubicacion670,9.88344,-83.933147
671,Ubicacion671,9.61163,-84.029267
672,Ubicacion672,10.072012,-84.27342
673,Ubicacion673,10.135006,-84.154632
674,Ubicacion674,10.070901,-83.950753
675,Ubicacion675,9.897133,-84.034759
676,Ubicacion676,9.741149,-84.052694
677,Ubicacion677,9.956856,-84.001967
678,Ubicacion678,9.997465,-84.052931
679,Ubicacion679,9.902479,-84.307262
680,Ubicacion680,9.835639,-84.187545
681,Ubicacion681,9.730121,-83.885626
682,Ubicacion682,9.868795,-84.023427
683,Ubicacion683,10.166028,-83.86182
684,Ubicacion684,10.169739,-83.899941
685,Ubicacion685,9.664858,-84.181701
686,Ubicacion686,9.750005,-84.086977
687,Ubicacion687,9.624894,-84.009056
688,Ubicacion688,9.783598,-84.302251
689,Ubicacion689,10.091243,-84.02293
690,Ubicacion690,9.786764,-84.37876
691,Ubicacion691,10.117768,-84.276447
692,Ubicacion692,9.740151,-84.059039
693,Ubicacion693,9.881151,-84.090699
694,Ubicacion694,9.75835,-84.233427
695,Ubicacion695,10.164893,-83.884813
696,Ubicacion696,9.627283,-84.39255
697,Ubicacion697,9.93849,-84.08711
698,Ubicacion698,9.918631,-84.034905
699,Ubicacion699,10.140971,-83.917055
700,Ubicacion700,9.834952,-84.023895
701,Ubicacion701,9.879581,-84.356332
702,Ubicacion702,10.165582,-83.936173
703,Ubicacion703,10.017543,-84.117664
704,Ubicacion704,9.933785,-83.900663
705,Ubicacion705,10.170497,-83.894626
706,Ubicacion706,9.928473,-83.985912
707,Ubicacion707,9.756861,-83.894667
708,Ubicacion708,9.616133,-84.20536
709,Ubicacion709,9.750997,-83.998171
710,Ubicacion710,10.117706,-83.811959
711,Ubicacion711,9.854976,-84.146223
712,Ubicacion712,10.008897,-84.158104
713,Ubicacion713,9.79416,-83.862279
714,Ubicacion714,10.004672,-84.204664
715,Ubicacion715,9.670178,-84.3436
716,Ubicacion716,9.901906,-84.167868
717,Ubicacion717,9.742808,-84.31395
718,Ubicacion718,9.880973,-83.929688
719,Ubicacion719,9.920589,-83.849717
720,Ubicacion720,9.634658,-84.294214
721,Ubicacion721,9.981765,-83.9403
722,Ubicacion722,9.842256,-84.071681
723,Ubicacion723,9.901337,-84.369726
724,Ubicacion724,9.831015,-84.322617
725,Ubicacion725,10.026778,-83.801482
726,Ubicacion726,10.193218,-84.153195
727,Ubicacion727,10.117279,-84.207562
728,Ubicacion728,9.851986,-83.97544
729,Ubicacion729,10.16671,-84.286217
730,Ubicacion730,9.879371,-84.015195
731,Ubicacion731,9.678762,-84.306284
732,Ubicacion732,9.788849,-83.908306
733,Ubicacion733,10.043902,-84.27134
734,Ubicacion734,10.198701,-84.173329
735,Ubicacion735,9.610427,-84.274405
736,Ubicacion736,9.702065,-84.263264
737,Ubicacion737,10.047258,-83.879116
738,Ubicacion738,10.003909,-84.124127
739,Ubicacion739,9.752237,-84.030838
740,Ubicacion740,9.819077,-83.850289
741,Ubicacion741,9.882617,-84.094251
742,Ubicacion742,10.007324,-84.067958
743,Ubicacion743,9.630869,-84.38885
744,Ubicacion744,9.944832,-84.14733
745,Ubicacion745,9.878127,-84.016636
746,Ubicacion746,10.167554,-83.825099
747,Ubicacion747,9.675797,-84.135078
748,Ubicacion748,9.652128,-84.197188
749,Ubicacion749,10.070041,-84.195865
750,Ubicacion750,9.958536,-84.312232
751,Ubicacion751,9.863868,-84.205008
752,Ubicacion752,10.044456,-83.814722
753,Ubicacion753,10.187567,-83.847959
754,Ubicacion754,10.172607,-84.094596
755,Ubicacion755,9.675325,-83.966939
756,Ubicacion756,9.723805,-83.825642
757,Ubicacion757,10.16479,-84.17206
758,Ubicacion758,9.942518,-84.250068
759,Ubicacion759,9.99951,-84.214253
760,Ubicacion760,9.692957,-84.263869
761,Ubicacion761,9.93772,-84.282646
762,Ubicacion762,9.752679,-83.973113
763,Ubicacion763,9.709675,-83.966429
764,Ubicacion764,10.099041,-83.943677
765,Ubicacion765,9.673437,-84.114741
766,Ubicacion766,10.056132,-84.114076
767,Ubicacion767,10.137973,-84.14827
768,Ubicacion768,10.142937,-83.849571
769,Ubicacion769,9.918493,-83.818702
770,Ubicacion770,10.134832,-84.136137
771,Ubicacion771,10.182395,-84.139997
772,Ubicacion772,10.188125,-84.397634
773,Ubicacion773,10.13722,-83.856916
774,Ubicacion774,10.186815,-83.897798
775,Ubicacion775,9.796159,-83.953181
776,Ubicacion776,9.834062,-84.283317
777,Ubicacion777,10.116088,-84.165085
778,Ubicacion778,10.155312,-84.346449
779,Ubicacion779,9.951095,-84.096108
780,Ubicacion780,9.843519,-84.18961
781,Ubicacion781,9.988587,-83.858415
782,Ubicacion782,9.81178,-84.025407
783,Ubicacion783,9.915066,-84.252479
784,Ubicacion784,9.741285,-84.232578
785,Ubicacion785,9.939773,-83.949382
786,Ubicacion786,10.063761,-83.947306
787,Ubicacion787,9.641531,-83.970851
788,Ubicacion788,9.825123,-83.805034
789,Ubicacion789,9.817157,-83.928061
790,Ubicacion790,9.75388,-83.937811
791,Ubicacion791,10.182393,-84.212411
792,Ubicacion792,9.84158,-84.216868
793,Ubicacion793,9.986879,-84.058732
794,Ubicacion794,10.021712,-83.959256
795,Ubicacion795,10.089253,-84.032416
796,Ubicacion796,9.794464,-83.855522
797,Ubicacion797,10.039832,-83.905242
798,Ubicacion798,9.987197,-83.945462
799,Ubicacion799,10.021096,-84.22721
800,Ubicacion800,9.683396,-83.994256
801,Ubicacion801,9.750516,-84.253816
802,Ubicacion802,9.897227,-83.844339
803,Ubicacion803,9.937271,-84.178043
804,Ubicacion804,9.604856,-83.817784
805,Ubicacion805,10.190457,-83.881453
806,Ubicacion806,9.622742,-84.172267
807,Ubicacion807,9.98387,-84.173293
808,Ubicacion808,10.013897,-83.913904
809,Ubicacion809,9.920124,-83.927941
810,Ubicacion810,10.039727,-84.088581
811,Ubicacion811,10.024355,-84.385196
812,Ubicacion812,9.935369,-83.977687
813,Ubicacion813,9.972986,-84.297567
814,Ubicacion814,10.15564,-84.123131
815,Ubicacion815,9.741514,-84.256124
816,Ubicacion816,10.115061,-83.933962
817,Ubicacion817,9.683219,-83.967622
818,Ubicacion818,9.717419,-84.214792
819,Ubicacion819,9.689871,-83.813825
820,Ubicacion820,10.143934,-84.088252
821,Ubicacion821,9.804294,-83.912305
822,Ubicacion822,9.847024,-84.378764
823,Ubicacion823,9.681541,-84.271631
824,Ubicacion824,9.761452,-84.193953
825,Ubicacion825,9.761413,-83.903194
826,Ubicacion826,9.849524,-84.023545
827,Ubicacion827,9.984333,-84.232286
828,Ubicacion828,9.993744,-84.150653
829,Ubicacion829,10.151879,-84.097934
830,Ubicacion830,10.077315,-84.052851
831,Ubicacion831,9.682041,-84.000753
832,Ubicacion832,10.063087,-84.009216
833,Ubicacion833,9.842291,-84.198305
834,Ubicacion834,9.971334,-83.947125
835,Ubicacion835,9.970291,-84.275527
836,Ubicacion836,9.790088,-84.083798
837,Ubicacion837,9.666452,-83.830516
838,Ubicacion838,9.906983,-84.186501
839,Ubicacion839,10.084046,-84.377906
840,Ubicacion840,9.828624,-84.195171
841,Ubicacion841,9.679909,-84.154702
842,Ubicacion842,9.968007,-84.291744
843,Ubicacion843,9.647317,-84.091572
844,Ubicacion844,10.015469,-83.866102
845,Ubicacion845,9.846421,-84.188929
846,Ubicacion846,9.970563,-84.152861
847,Ubicacion847,10.182559,-84.220186
848,Ubicacion848,9.665305,-83.88149
849,Ubicacion849,9.767902,-83.903252
850,Ubicacion850,9.773109,-84.290114
851,Ubicacion851,9.915939,-84.008032
852,Ubicacion852,9.831158,-84.248435
853,Ubicacion853,9.800671,-84.036597
854,Ubicacion854,9.630784,-84.223797
855,Ubicacion855,9.600967,-83.988926
856,Ubicacion856,10.083736,-84.01817
857,Ubicacion857,9.850688,-83.930295
858,Ubicacion858,9.923963,-84.264637
859,Ubicacion859,10.046291,-84.276155
860,Ubicacion860,9.716593,-83.826671
861,Ubicacion861,9.661512,-84.02179
862,Ubicacion862,10.149113,-83.895924
863,Ubicacion863,9.608268,-83.945805
864,Ubicacion864,9.971439,-83.928022
865,Ubicacion865,9.653023,-83.809966
866,Ubicacion866,9.644141,-83.987062
867,Ubicacion867,9.791846,-84.050726
868,Ubicacion868,10.180309,-83.902645
869,Ubicacion869,9.938869,-83.943419
870,Ubicacion870,9.908159,-83.888329
871,Ubicacion871,9.678265,-84.212856
872,Ubicacion872,10.083773,-83.924452
873,Ubicacion873,9.90956,-83.869288
874,Ubicacion874,9.704052,-84.362476
875,Ubicacion875,9.841513,-84.191225
876,Ubicacion876,10.186296,-83.980056
877,Ubicacion877,9.683997,-83.957826
878,Ubicacion878,10.089135,-84.193993
879,Ubicacion879,10.068091,-84.003145
880,Ubicacion880,9.807137,-84.281511
881,Ubicacion881,9.894055,-83.872197
882,Ubicacion882,9.96669,-84.353851
883,Ubicacion883,9.883065,-83.96459
884,Ubicacion884,9.658948,-84.282354
885,Ubicacion885,9.772455,-83.932346
886,Ubicacion886,10.046704,-84.386227
887,Ubicacion887,9.738028,-84.353042
888,Ubicacion888,9.796905,-84.062222
889,Ubicacion889,9.746441,-84.344818
890,Ubicacion890,9.612778,-84.255598
891,Ubicacion891,9.78077,-84.349777
892,Ubicacion892,9.826834,-84.112438
893,Ubicacion893,9.625496,-84.333559
894,Ubicacion894,9.94412,-83.9727
895,Ubicacion895,9.676997,-83.814569
896,Ubicacion896,9.636934,-84.253338
897,Ubicacion897,10.14315,-84.072277
898,Ubicacion898,10.021781,-84.225396
899,Ubicacion899,9.604788,-83.832022
900,Ubicacion900,9.800849,-84.019217
901,Ubicacion901,9.959901,-84.223072
902,Ubicacion902,9.783666,-84.277237
903,Ubicacion903,9.663191,-84.386025
904,Ubicacion904,9.791412,-83.976227
905,Ubicacion905,9.774006,-84.119493
906,Ubicacion906,9.858737,-84.194275
907,Ubicacion907,10.125713,-84.368117
908,Ubicacion908,9.744493,-84.335598
909,Ubicacion909,9.932893,-84.351411
910,Ubicacion910,9.872812,-84.233899
911,Ubicacion911,9.901461,-83.891963
912,Ubicacion912,10.180678,-83.989596
913,Ubicacion913,9.972396,-84.198511
914,Ubicacion914,9.962355,-84.2472
915,Ubicacion915,10.007008,-84.027973
916,Ubicacion916,10.141364,-83.890628
917,Ubicacion917,10.150023,-84.103129
918,Ubicacion918,9.652665,-84.144115
919,Ubicacion919,9.839074,-84.011405
920,Ubicacion920,10.163575,-84.320047
921,Ubicacion921,9.961153,-84.240296
922,Ubicacion922,10.098567,-84.136798
923,Ubicacion923,9.9621,-84.140201
924,Ubicacion924,10.051486,-83.99871
925,Ubicacion925,9.748231,-83.897854
926,Ubicacion926,9.634564,-83.949422
927,Ubicacion927,9.707674,-84.15242
928,Ubicacion928,9.761734,-83.968297
929,Ubicacion929,9.727752,-84.265357
930,Ubicacion930,10.021709,-84.020294
931,Ubicacion931,9.787402,-84.35276
932,Ubicacion932,10.078326,-84.081422
933,Ubicacion933,9.639036,-84.266668
934,Ubicacion934,9.676141,-84.196251
935,Ubicacion935,9.780729,-84.392211
936,Ubicacion936,9.949109,-83.843097
937,Ubicacion937,9.89066,-83.96221
938,Ubicacion938,9.781859,-84.090699
939,Ubicacion939,9.871368,-84.321034
940,Ubicacion940,10.127179,-84.280444
941,Ubicacion941,9.957194,-83.888471
942,Ubicacion942,9.749778,-83.990672
943,Ubicacion943,9.750685,-84.049786
944,Ubicacion944,9.766403,-84.067786
945,Ubicacion945,9.804237,-84.159706
946,Ubicacion946,9.921388,-84.075624
947,Ubicacion947,10.167451,-84.075649
948,Ubicacion948,9.802078,-83.849048
949,Ubicacion949,9.904929,-84.064754
950,Ubicacion950,9.948924,-83.855937
951,Ubicacion951,10.199142,-84.002159
952,Ubicacion952,9.772906,-83.861324
953,Ubicacion953,10.052696,-83.874565
954,Ubicacion954,9.787079,-84.196692
955,Ubicacion955,9.751788,-84.069334
956,Ubicacion956,9.670622,-84.135503
957,Ubicacion957,9.97796,-84.374141
958,Ubicacion958,9.687746,-84.278207
959,Ubicacion959,10.07825,-83.841855
960,Ubicacion960,9.981646,-84.350426
961,Ubicacion961,10.126098,-84.224739
962,Ubicacion962,9.645471,-83.856793
963,Ubicacion963,10.060146,-84.058964
964,Ubicacion964,10.16701,-84.287724
965,Ubicacion965,9.842044,-84.392824
966,Ubicacion966,10.163535,-84.206728
967,Ubicacion967,9.950828,-83.924457
968,Ubicacion968,9.701099,-83.922394
969,Ubicacion969,10.079388,-83.904474
970,Ubicacion970,9.810518,-84.075167
971,Ubicacion971,9.647983,-84.11258
972,Ubicacion972,10.162369,-84.161919
973,Ubicacion973,10.134249,-84.39318
974,Ubicacion974,9.703835,-83.811746
975,Ubicacion975,10.03807,-83.905415
976,Ubicacion976,9.95057,-83.811128
977,Ubicacion977,9.93018,-83.831478
978,Ubicacion978,9.916788,-84.191538
979,Ubicacion979,9.711889,-84.127279
980,Ubicacion980,9.702139,-84.304486
981,Ubicacion981,9.759013,-84.374937
982,Ubicacion982,10.077631,-84.276987
983,Ubicacion983,10.179577,-84.011934
984,Ubicacion984,9.999624,-83.885127
985,Ubicacion985,9.760253,-84.024558
986,Ubicacion986,9.752718,-84.392956
987,Ubicacion987,9.648123,-83.810097
988,Ubicacion988,9.87782,-84.063122
989,Ubicacion989,9.8024,-84.026017
990,Ubicacion990,9.767353,-83.936251
991,Ubicacion991,9.920956,-83.993956
992,Ubicacion992,9.637908,-83.856468
993,Ubicacion993,10.103996,-84.107371
994,Ubicacion994,10.02592,-84.36777
995,Ubicacion995,10.137704,-83.81347
996,Ubicacion996,9.866202,-84.282902
997,Ubicacion997,9.809846,-83.865076
998,Ubicacion998,10.029171,-83.878618
999,Ubicacion999,10.065139,-84.312085
1000,Ubicacion1000,9.816308,-84.204605
1001,Ubicacion1001,9.771712,-84.075999
1002,Ubicacion1002,10.133982,-84.071096
1003,Ubicacion1003,10.023488,-84.381715
1004,Ubicacion1004,9.649888,-83.817021
1005,Ubicacion1005,9.84419,-84.26291
1006,Ubicacion1006,10.025462,-84.378345
1007,Ubicacion1007,9.967367,-84.012486
1008,Ubicacion1008,10.054887,-84.121471
1009,Ubicacion1009,10.191255,-84.217363
1010,Ubicacion1010,9.657022,-84.222192
1011,Ubicacion1011,9.648926,-83.849235
1012,Ubicacion1012,9.897677,-84.321912
1013,Ubicacion1013,9.642469,-83.978332
1014,Ubicacion1014,10.051733,-84.143995
1015,Ubicacion1015,9.828202,-83.804833
1016,Ubicacion1016,9.706585,-83.948299
1017,Ubicacion1017,9.687288,-84.182165
1018,Ubicacion1018,10.148851,-83.834267
1019,Ubicacion1019,9.98272,-84.188748
1020,Ubicacion1020,9.895192,-83.809447
1021,Ubicacion1021,9.641529,-83.864825
1022,Ubicacion1022,9.704014,-84.116468
1023,Ubicacion1023,10.066436,-83.846169
1024,Ubicacion1024,9.90125,-83.856938
1025,Ubicacion1025,9.792259,-83.983243
1026,Ubicacion1026,9.944908,-84.346486
1027,Ubicacion1027,9.954461,-84.184797
1028,Ubicacion1028,9.987909,-83.868762
1029,Ubicacion1029,9.771712,-83.908567
1030,Ubicacion1030,9.857404,-83.932721
1031,Ubicacion1031,9.887572,-83.919138
1032,Ubicacion1032,9.643694,-84.02124
1033,Ubicacion1033,9.941945,-83.850223
1034,Ubicacion1034,10.150623,-84.207091
1035,Ubicacion1035,9.727749,-84.206553
1036,Ubicacion1036,9.758692,-84.049405
1037,Ubicacion1037,10.105862,-84.395318
1038,Ubicacion1038,10.097041,-84.338587
1039,Ubicacion1039,9.823633,-83.845089
1040,Ubicacion1040,10.086826,-84.35439
1041,Ubicacion1041,9.779473,-84.167472
1042,Ubicacion1042,9.652925,-83.872451
1043,Ubicacion1043,10.098288,-83.908064
1044,Ubicacion1044,9.93336,-83.933911
1045,Ubicacion1045,10.012023,-84.131368
1046,Ubicacion1046,10.039466,-83.844899
1047,Ubicacion1047,9.916437,-83.98809
1048,Ubicacion1048,9.650321,-84.344392
1049,Ubicacion1049,9.761002,-84.015509
1050,Ubicacion1050,9.775044,-84.017487
1051,Ubicacion1051,9.723797,-84.344622
1052,Ubicacion1052,9.937449,-84.277642
1053,Ubicacion1053,10.188965,-84.344709
1054,Ubicacion1054,9.908294,-84.111651
1055,Ubicacion1055,10.144937,-83.917115
1056,Ubicacion1056,10.022788,-83.870158
1057,Ubicacion1057,10.051909,-83.813509
1058,Ubicacion1058,9.611708,-84.336418
1059,Ubicacion1059,10.145611,-84.004723
1060,Ubicacion1060,9.619423,-83.953801
1061,Ubicacion1061,9.884908,-84.266872
1062,Ubicacion1062,10.078129,-83.921991
1063,Ubicacion1063,9.608198,-84.362514
1064,Ubicacion1064,9.758571,-84.032129
1065,Ubicacion1065,9.799166,-84.349001
1066,Ubicacion1066,9.780846,-84.151552
1067,Ubicacion1067,10.081464,-84.342513
1068,Ubicacion1068,10.187054,-83.926847
1069,Ubicacion1069,10.176521,-84.187213
1070,Ubicacion1070,9.826836,-83.902561
1071,Ubicacion1071,9.700502,-84.278002
1072,Ubicacion1072,9.808189,-84.260512
1073,Ubicacion1073,9.663729,-84.030174
1074,Ubicacion1074,10.120747,-84.345798
1075,Ubicacion1075,9.870764,-84.034734
1076,Ubicacion1076,10.001608,-84.363374
1077,Ubicacion1077,9.635814,-84.107113
1078,Ubicacion1078,9.673408,-83.808986
1079,Ubicacion1079,9.883154,-84.020781
1080,Ubicacion1080,9.959351,-83.832206
1081,Ubicacion1081,9.980315,-83.832973
1082,Ubicacion1082,9.681282,-84.30112
1083,Ubicacion1083,9.86473,-84.065586
1084,Ubicacion1084,9.604988,-83.8207
1085,Ubicacion1085,10.109718,-84.078317
1086,Ubicacion1086,9.8331,-84.351096
1087,Ubicacion1087,9.647418,-84.26759
1088,Ubicacion1088,9.839044,-84.304113
1089,Ubicacion1089,9.973559,-83.80529
1090,Ubicacion1090,9.753415,-84.154181
1091,Ubicacion1091,10.180956,-83.924385
1092,Ubicacion1092,9.753941,-84.021623
1093,Ubicacion1093,9.739139,-84.397909
1094,Ubicacion1094,9.993775,-83.856633
1095,Ubicacion1095,9.857857,-83.953547
1096,Ubicacion1096,9.857045,-84.035621
1097,Ubicacion1097,10.1549,-83.804553
1098,Ubicacion1098,9.795936,-84.364719
1099,Ubicacion1099,9.827059,-84.331024
1100,Ubicacion1100,9.881879,-84.009098
1101,Ubicacion1101,10.085019,-84.299526
1102,Ubicacion1102,10.015279,-84.187645
1103,Ubicacion1103,9.988031,-84.365688
1104,Ubicacion1104,10.185757,-83.850303
1105,Ubicacion1105,10.107378,-84.279118
1106,Ubicacion1106,9.772319,-83.982497
1107,Ubicacion1107,10.044918,-83.844689
1108,Ubicacion1108,9.883845,-83.923523
1109,Ubicacion1109,9.762591,-84.268594
1110,Ubicacion1110,10.043902,-84.011815
1111,Ubicacion1111,9.672747,-84.072488
1112,Ubicacion1112,9.889471,-83.870626
1113,Ubicacion1113,9.601978,-83.873154
1114,Ubicacion1114,9.933671,-83.879073
1115,Ubicacion1115,9.794639,-84.145089
1116,Ubicacion1116,9.844453,-84.194032
1117,Ubicacion1117,9.840345,-83.970177
1118,Ubicacion1118,10.044206,-84.394269
1119,Ubicacion1119,9.932546,-84.145373
1120,Ubicacion1120,9.662889,-83.859374
1121,Ubicacion1121,9.746868,-83.848454
1122,Ubicacion1122,9.986423,-84.000411
1123,Ubicacion1123,10.022082,-84.325421
1124,Ubicacion1124,10.175851,-84.294359
1125,Ubicacion1125,9.742777,-83.86256
1126,Ubicacion1126,9.832744,-84.252094
1127,Ubicacion1127,9.630518,-84.302067
1128,Ubicacion1128,9.732311,-83.863192
1129,Ubicacion1129,10.178811,-84.095108
1130,Ubicacion1130,9.689615,-84.052769
1131,Ubicacion1131,9.806876,-83.988985
1132,Ubicacion1132,9.879834,-83.811849
1133,Ubicacion1133,10.125495,-84.335502
1134,Ubicacion1134,10.144284,-84.237578
1135,Ubicacion1135,10.074577,-84.185517
1136,Ubicacion1136,9.736108,-84.269595
1137,Ubicacion1137,9.784714,-84.310395
1138,Ubicacion1138,10.169009,-84.389583
1139,Ubicacion1139,9.748054,-84.22068
1140,Ubicacion1140,10.003952,-83.96266
1141,Ubicacion1141,9.81823,-84.346541
1142,Ubicacion1142,9.755681,-83.899809
1143,Ubicacion1143,10.0892,-84.258014
1144,Ubicacion1144,9.655179,-84.089253
1145,Ubicacion1145,9.870408,-83.839584
1146,Ubicacion1146,10.15325,-84.139939
1147,Ubicacion1147,9.677837,-84.296558
1148,Ubicacion1148,9.712151,-84.058033
1149,Ubicacion1149,9.902246,-84.278519
1150,Ubicacion1150,10.135709,-84.017743
1151,Ubicacion1151,9.822787,-83.863829
1152,Ubicacion1152,9.67496,-84.253588
1153,Ubicacion1153,9.751265,-83.946746
1154,Ubicacion1154,9.656083,-84.212439
1155,Ubicacion1155,9.684585,-83.981224
1156,Ubicacion1156,9.83711,-83.880354
1157,Ubicacion1157,9.703655,-84.306101
1158,Ubicacion1158,10.000349,-83.871401
1159,Ubicacion1159,9.762262,-84.177328
1160,Ubicacion1160,10.088805,-84.15701
1161,Ubicacion1161,9.604996,-84.206757
1162,Ubicacion1162,9.699214,-83.803139
1163,Ubicacion1163,9.912167,-84.086089
1164,Ubicacion1164,10.05145,-84.235704
1165,Ubicacion1165,9.90592,-83.896945
1166,Ubicacion1166,9.906008,-84.230941
1167,Ubicacion1167,10.170769,-84.343247
1168,Ubicacion1168,10.180447,-84.259451
1169,Ubicacion1169,9.912173,-84.312274
1170,Ubicacion1170,9.671094,-84.364974
1171,Ubicacion1171,9.993136,-84.020002
1172,Ubicacion1172,9.874328,-84.365592
1173,Ubicacion1173,10.139094,-83.879171
1174,Ubicacion1174,9.790089,-84.391599
1175,Ubicacion1175,10.131887,-84.278749
1176,Ubicacion1176,9.638995,-84.084857
1177,Ubicacion1177,9.96886,-83.946772
1178,Ubicacion1178,9.997102,-84.189546
1179,Ubicacion1179,10.040829,-84.109098
1180,Ubicacion1180,10.155894,-84.032533
1181,Ubicacion1181,9.757486,-84.055624
1182,Ubicacion1182,10.152651,-83.943252
1183,Ubicacion1183,9.738613,-83.832675
1184,Ubicacion1184,10.199819,-84.33722
1185,Ubicacion1185,9.632948,-84.217762
1186,Ubicacion1186,9.663102,-84.351138
1187,Ubicacion1187,10.181931,-83.977174
1188,Ubicacion1188,9.917535,-84.26966
1189,Ubicacion1189,10.172352,-84.107064
1190,Ubicacion1190,9.910447,-83.901734
1191,Ubicacion1191,9.944526,-84.228359
1192,Ubicacion1192,9.881764,-84.027701
1193,Ubicacion1193,9.693836,-84.278653
1194,Ubicacion1194,9.814908,-83.915118
1195,Ubicacion1195,9.61041,-84.332647
1196,Ubicacion1196,10.181261,-83.902641
1197,Ubicacion1197,10.159881,-83.813182
1198,Ubicacion1198,9.979729,-83.862171
1199,Ubicacion1199,10.07404,-83.863352
1200,Ubicacion1200,9.64334,-84.149909
1201,Ubicacion1201,9.804803,-84.053228
1202,Ubicacion1202,9.991724,-83.879586
1203,Ubicacion1203,10.006838,-84.175982
1204,Ubicacion1204,10.163194,-84.190094
1205,Ubicacion1205,9.759951,-84.219603
1206,Ubicacion1206,9.930631,-84.03957
1207,Ubicacion1207,9.902244,-83.882782
1208,Ubicacion1208,9.778602,-84.385584
1209,Ubicacion1209,9.800505,-83.90741
1210,Ubicacion1210,10.046163,-83.874253
1211,Ubicacion1211,10.027484,-83.812542
1212,Ubicacion1212,9.864262,-83.998155
1213,Ubicacion1213,9.818393,-84.083311
1214,Ubicacion1214,9.60779,-84.247581
1215,Ubicacion1215,9.930975,-84.002185
1216,Ubicacion1216,10.029407,-84.375801
1217,Ubicacion1217,9.995682,-83.953004
1218,Ubicacion1218,9.983784,-83.872447
1219,Ubicacion1219,9.671568,-84.305769
1220,Ubicacion1220,10.154003,-84.371702
1221,Ubicacion1221,9.937289,-84.265473
1222,Ubicacion1222,10.090697,-84.079735
1223,Ubicacion1223,9.952775,-83.838988
1224,Ubicacion1224,9.725653,-84.384212
1225,Ubicacion1225,9.913021,-83.917712
1226,Ubicacion1226,9.836606,-83.944427
1227,Ubicacion1227,10.176889,-84.288318
1228,Ubicacion1228,10.116242,-84.258058
1229,Ubicacion1229,9.791395,-84.109605
1230,Ubicacion1230,9.723488,-84.039637
1231,Ubicacion1231,9.781486,-84.160872
1232,Ubicacion1232,9.744371,-84.283461
1233,Ubicacion1233,9.858512,-84.228343
1234,Ubicacion1234,9.933528,-84.367767
1235,Ubicacion1235,10.142819,-83.930953
1236,Ubicacion1236,10.188681,-84.172222
1237,Ubicacion1237,9.810847,-84.126674
1238,Ubicacion1238,9.941747,-84.131794
1239,Ubicacion1239,9.65418,-84.223145
1240,Ubicacion1240,9.954766,-84.040265
1241,Ubicacion1241,9.656027,-83.803109
1242,Ubicacion1242,10.16509,-84.274997
1243,Ubicacion1243,9.839939,-84.079409
1244,Ubicacion1244,10.024006,-84.003265
1245,Ubicacion1245,9.91607,-83.997708
1246,Ubicacion1246,9.641989,-83.977669
1247,Ubicacion1247,10.139318,-84.38822
1248,Ubicacion1248,9.957439,-84.101407
1249,Ubicacion1249,9.839668,-83.811563
1250,Ubicacion1250,10.037675,-84.292576
1251,Ubicacion1251,10.044671,-84.248271
1252,Ubicacion1252,10.156265,-84.020058
1253,Ubicacion1253,9.825751,-84.351719
1254,Ubicacion1254,9.973945,-84.303705
1255,Ubicacion1255,10.049689,-84.302253
1256,Ubicacion1256,9.908863,-83.858892
1257,Ubicacion1257,10.180955,-84.271253
1258,Ubicacion1258,10.127887,-84.092614
1259,Ubicacion1259,9.633655,-83.90988
1260,Ubicacion1260,9.716883,-84.233719
1261,Ubicacion1261,10.122198,-84.33209
1262,Ubicacion1262,9.796263,-83.972844
1263,Ubicacion1263,9.762655,-84.041319
1264,Ubicacion1264,9.814106,-84.25138
1265,Ubicacion1265,9.745041,-83.954716
1266,Ubicacion1266,9.936806,-84.18652
1267,Ubicacion1267,10.162859,-84.042671
1268,Ubicacion1268,10.106388,-84.337916
1269,Ubicacion1269,10.032605,-84.024736
1270,Ubicacion1270,10.05785,-84.082334
1271,Ubicacion1271,10.119773,-83.895049
1272,Ubicacion1272,9.913247,-84.313772
1273,Ubicacion1273,9.956875,-84.346828
1274,Ubicacion1274,10.161127,-83.98009
1275,Ubicacion1275,9.970433,-83.975847
1276,Ubicacion1276,10.032368,-83.827104
1277,Ubicacion1277,10.070069,-84.066965
1278,Ubicacion1278,9.771781,-84.229887
1279,Ubicacion1279,9.657083,-83.819892
1280,Ubicacion1280,10.130258,-84.368102
1281,Ubicacion1281,10.078347,-84.212844
1282,Ubicacion1282,10.139745,-83.992646
1283,Ubicacion1283,9.663705,-83.878976
1284,Ubicacion1284,10.084971,-84.078158
1285,Ubicacion1285,9.622244,-84.197899
1286,Ubicacion1286,9.863686,-84.125004
1287,Ubicacion1287,9.666436,-84.394787
1288,Ubicacion1288,10.146304,-84.033477
1289,Ubicacion1289,9.904697,-84.031824
1290,Ubicacion1290,9.796764,-83.89835
1291,Ubicacion1291,9.697892,-84.395305
1292,Ubicacion1292,9.643983,-84.010811
1293,Ubicacion1293,9.978646,-84.089774
1294,Ubicacion1294,10.196452,-84.048116
1295,Ubicacion1295,9.612754,-84.21032
1296,Ubicacion1296,9.936593,-83.930345
1297,Ubicacion1297,9.85461,-83.875867
1298,Ubicacion1298,10.01824,-84.363916
1299,Ubicacion1299,10.199329,-84.169429
1300,Ubicacion1300,9.968957,-83.902556
1301,Ubicacion1301,10.035258,-84.070928
1302,Ubicacion1302,10.065425,-84.375255
1303,Ubicacion1303,9.625602,-83.837676
1304,Ubicacion1304,9.807919,-84.380026
1305,Ubicacion1305,10.038927,-84.260539
1306,Ubicacion1306,9.872537,-84.294903
1307,Ubicacion1307,9.641244,-84.212974
1308,Ubicacion1308,10.119382,-83.821741
1309,Ubicacion1309,10.194827,-83.933822
1310,Ubicacion1310,9.821796,-83.856678
1311,Ubicacion1311,9.879611,-84.291928
1312,Ubicacion1312,10.074388,-84.26947
1313,Ubicacion1313,9.85706,-84.118589
1314,Ubicacion1314,9.651113,-84.139707
1315,Ubicacion1315,9.911069,-84.341717
1316,Ubicacion1316,10.1162,-84.328154
1317,Ubicacion1317,9.891612,-84.129111
1318,Ubicacion1318,9.60878,-84.327802
1319,Ubicacion1319,9.684355,-84.235313
1320,Ubicacion1320,9.887895,-83.892354
1321,Ubicacion1321,9.714436,-84.095599
1322,Ubicacion1322,9.630158,-84.279762
1323,Ubicacion1323,9.806378,-84.234243
1324,Ubicacion1324,10.150119,-83.862297
1325,Ubicacion1325,10.018484,-83.859958
1326,Ubicacion1326,9.94892,-84.138705
1327,Ubicacion1327,9.732932,-84.232878
1328,Ubicacion1328,9.930446,-84.391838
1329,Ubicacion1329,10.015157,-84.2019
1330,Ubicacion1330,9.81014,-83.812856
1331,Ubicacion1331,9.991731,-83.878069
1332,Ubicacion1332,9.883761,-83.916285
1333,Ubicacion1333,9.812529,-84.079141
1334,Ubicacion1334,9.842456,-84.390771
1335,Ubicacion1335,9.986225,-84.318327
1336,Ubicacion1336,10.050994,-84.298759
1337,Ubicacion1337,10.019118,-83.882475
1338,Ubicacion1338,9.71475,-84.323523
1339,Ubicacion1339,10.018839,-84.294285
1340,Ubicacion1340,9.819237,-83.982217
1341,Ubicacion1341,9.911999,-84.016134
1342,Ubicacion1342,9.873031,-84.14831
1343,Ubicacion1343,10.099137,-84.322104
1344,Ubicacion1344,9.671473,-83.893083
1345,Ubicacion1345,10.157236,-84.163317
1346,Ubicacion1346,10.008149,-83.841705
1347,Ubicacion1347,10.165771,-84.299094
1348,Ubicacion1348,9.755235,-84.200612
1349,Ubicacion1349,9.751688,-84.254086
1350,Ubicacion1350,9.65731,-83.923656
1351,Ubicacion1351,10.150132,-83.861709
1352,Ubicacion1352,10.056789,-84.108071
1353,Ubicacion1353,10.063666,-84.079081
1354,Ubicacion1354,9.797098,-84.175618
1355,Ubicacion1355,9.781154,-83.964024
1356,Ubicacion1356,9.733113,-83.996051
1357,Ubicacion1357,9.901268,-83.853537
1358,Ubicacion1358,10.060592,-83.809525
1359,Ubicacion1359,10.194308,-84.260576
1360,Ubicacion1360,9.910448,-84.398925
1361,Ubicacion1361,9.709409,-84.261955
1362,Ubicacion1362,10.130395,-83.877548
1363,Ubicacion1363,10.176606,-83.829296
1364,Ubicacion1364,10.095618,-84.266981
1365,Ubicacion1365,10.076955,-84.358865
1366,Ubicacion1366,9.906768,-84.097547
1367,Ubicacion1367,9.679659,-83.914091
1368,Ubicacion1368,10.181172,-84.317021
1369,Ubicacion1369,10.197131,-84.20216
1370,Ubicacion1370,10.108604,-84.343196
1371,Ubicacion1371,9.766282,-84.327304
1372,Ubicacion1372,10.153197,-84.331146
1373,Ubicacion1373,9.923332,-83.90726
1374,Ubicacion1374,9.718348,-84.275536
1375,Ubicacion1375,10.032925,-83.915078
1376,Ubicacion1376,9.90009,-84.277402
1377,Ubicacion1377,9.640685,-84.13332
1378,Ubicacion1378,9.906257,-83.960786
1379,Ubicacion1379,10.11796,-83.938029
1380,Ubicacion1380,10.080684,-84.334924
1381,Ubicacion1381,9.822831,-84.051942
1382,Ubicacion1382,9.625441,-83.994682
1383,Ubicacion1383,10.196735,-84.011631
1384,Ubicacion1384,9.891519,-83.828478
1385,Ubicacion1385,9.779337,-83.824535
1386,Ubicacion1386,10.15188,-84.158525
1387,Ubicacion1387,10.180493,-84.210092
1388,Ubicacion1388,10.172829,-84.189287
1389,Ubicacion1389,9.610914,-83.827822
1390,Ubicacion1390,9.713047,-84.168692
1391,Ubicacion1391,9.984332,-84.242115
1392,Ubicacion1392,9.619169,-84.265207
1393,Ubicacion1393,9.975468,-84.040545
1394,Ubicacion1394,9.929325,-83.845938
1395,Ubicacion1395,9.776249,-84.087872
1396,Ubicacion1396,9.64689,-84.157732
1397,Ubicacion1397,10.01147,-83.969902
1398,Ubicacion1398,10.005444,-84.126819
1399,Ubicacion1399,10.085612,-84.303606
1400,Ubicacion1400,9.893552,-84.284544
1401,Ubicacion1401,10.134507,-84.315606
1402,Ubicacion1402,10.14543,-84.293263
1403,Ubicacion1403,9.748435,-84.025155
1404,Ubicacion1404,9.691281,-84.081539
1405,Ubicacion1405,10.017269,-84.252276
1406,Ubicacion1406,9.936035,-84.184238
1407,Ubicacion1407,9.637172,-84.097749
1408,Ubicacion1408,9.699546,-84.29113
1409,Ubicacion1409,9.62407,-83.846635
1410,Ubicacion1410,10.124546,-83.829243
1411,Ubicacion1411,10.017371,-84.133669
1412,Ubicacion1412,9.884628,-83.808243
1413,Ubicacion1413,9.652008,-84.250886
1414,Ubicacion1414,10.062484,-84.055289
1415,Ubicacion1415,9.803265,-84.318129
1416,Ubicacion1416,9.892607,-84.151847
1417,Ubicacion1417,9.883846,-84.08886
1418,Ubicacion1418,9.955088,-83.902459
1419,Ubicacion1419,9.81696,-84.244149
1420,Ubicacion1420,9.795434,-84.033723
1421,Ubicacion1421,9.638682,-84.021197
1422,Ubicacion1422,9.76538,-83.869783
1423,Ubicacion1423,9.97261,-83.899838
1424,Ubicacion1424,10.066541,-84.276576
1425,Ubicacion1425,10.196044,-83.857809
1426,Ubicacion1426,9.688102,-84.128561
1427,Ubicacion1427,9.724199,-84.193034
1428,Ubicacion1428,9.946514,-83.917899
1429,Ubicacion1429,10.160226,-83.803985
1430,Ubicacion1430,10.129666,-84.221468
1431,Ubicacion1431,9.817828,-84.273803
1432,Ubicacion1432,10.080086,-84.346023
1433,Ubicacion1433,9.730317,-83.907933
1434,Ubicacion1434,9.8038,-84.294826
1435,Ubicacion1435,9.648082,-83.93716
1436,Ubicacion1436,9.911684,-84.313471
1437,Ubicacion1437,9.749901,-83.807213
1438,Ubicacion1438,10.106221,-83.85551
1439,Ubicacion1439,9.787766,-83.878285
1440,Ubicacion1440,9.924433,-84.377713
1441,Ubicacion1441,10.190486,-84.307806
1442,Ubicacion1442,9.757485,-84.053568
1443,Ubicacion1443,9.966337,-84.070224
1444,Ubicacion1444,9.770371,-83.941886
1445,Ubicacion1445,9.942814,-84.141
1446,Ubicacion1446,9.629988,-84.035423
1447,Ubicacion1447,9.671309,-84.283858
1448,Ubicacion1448,9.871682,-84.167881
1449,Ubicacion1449,9.951579,-84.051702
1450,Ubicacion1450,9.992381,-83.868491
1451,Ubicacion1451,10.087744,-84.326481
1452,Ubicacion1452,9.683094,-83.902553
1453,Ubicacion1453,10.196098,-84.135002
1454,Ubicacion1454,9.603318,-84.003501
1455,Ubicacion1455,10.09414,-84.06326
1456,Ubicacion1456,9.75836,-84.309388
1457,Ubicacion1457,9.622768,-84.170737
1458,Ubicacion1458,9.848326,-84.043512
1459,Ubicacion1459,9.60734,-83.898977
1460,Ubicacion1460,9.895509,-84.286798
1461,Ubicacion1461,9.752935,-83.984137
1462,Ubicacion1462,9.634797,-83.92321
1463,Ubicacion1463,10.066256,-83.878645
1464,Ubicacion1464,10.063679,-84.324572
1465,Ubicacion1465,9.779194,-83.810686
1466,Ubicacion1466,9.753083,-83.820681
1467,Ubicacion1467,10.100703,-84.248222
1468,Ubicacion1468,10.194641,-83.990726
1469,Ubicacion1469,9.755981,-83.840529
1470,Ubicacion1470,9.978763,-83.969842
1471,Ubicacion1471,10.047138,-84.087667
1472,Ubicacion1472,9.657615,-84.171086
1473,Ubicacion1473,10.12713,-83.937928
1474,Ubicacion1474,10.132941,-83.804605
1475,Ubicacion1475,9.979954,-84.222798
1476,Ubicacion1476,9.756406,-83.805952
1477,Ubicacion1477,9.615918,-84.345858
1478,Ubicacion1478,9.675232,-83.917236
1479,Ubicacion1479,9.930421,-83.89591
1480,Ubicacion1480,9.989536,-84.084807
1481,Ubicacion1481,10.093918,-84.338071
1482,Ubicacion1482,10.107616,-84.308825
1483,Ubicacion1483,10.051717,-84.178074
1484,Ubicacion1484,10.085425,-84.186454
1485,Ubicacion1485,9.742976,-84.287244
1486,Ubicacion1486,10.192474,-84.275914
1487,Ubicacion1487,10.175145,-83.924659
1488,Ubicacion1488,9.843779,-83.800129
1489,Ubicacion1489,9.889594,-84.014245
1490,Ubicacion1490,9.624494,-84.074619
1491,Ubicacion1491,9.942688,-83.893714
1492,Ubicacion1492,10.031637,-84.121251
1493,Ubicacion1493,10.056127,-84.34442
1494,Ubicacion1494,9.853171,-84.189562
1495,Ubicacion1495,9.96798,-84.202346
1496,Ubicacion1496,9.687284,-84.220474
1497,Ubicacion1497,9.790646,-83.956665
1498,Ubicacion1498,9.794779,-84.031541
1499,Ubicacion1499,9.760526,-83.991723
1500,Ubicacion1500,9.952344,-83.932149
1501,Ubicacion1501,9.691325,-84.276584
1502,Ubicacion1502,9.619664,-84.379505
1503,Ubicacion1503,9.838899,-83.804831
1504,Ubicacion1504,9.698514,-83.810547
1505,Ubicacion1505,9.978905,-83.840136
1506,Ubicacion1506,9.980476,-83.808993
1507,Ubicacion1507,10.02583,-84.21151
1508,Ubicacion1508,10.046631,-84.038128
1509,Ubicacion1509,9.651176,-83.936855
1510,Ubicacion1510,9.99687,-84.211338
1511,Ubicacion1511,9.762225,-83.832446
1512,Ubicacion1512,10.035196,-83.995246
1513,Ubicacion1513,10.103529,-83.916167
1514,Ubicacion1514,9.642329,-84.280011
1515,Ubicacion1515,10.000967,-84.008396
1516,Ubicacion1516,9.70262,-84.017359
1517,Ubicacion1517,9.99283,-83.994093
1518,Ubicacion1518,9.62451,-83.896546
1519,Ubicacion1519,10.012346,-84.039011
1520,Ubicacion1520,10.008497,-83.837367
1521,Ubicacion1521,10.043651,-84.132822
1522,Ubicacion1522,10.100054,-84.123349
1523,Ubicacion1523,9.992193,-84.261837
1524,Ubicacion1524,9.761119,-84.09239
1525,Ubicacion1525,9.619488,-84.382002
1526,Ubicacion1526,9.612895,-83.849115
1527,Ubicacion1527,9.639493,-84.310877
1528,Ubicacion1528,9.757571,-83.956774
1529,Ubicacion1529,10.136082,-84.305914
1530,Ubicacion1530,10.02612,-84.121339
1531,Ubicacion1531,9.969815,-84.325833
1532,Ubicacion1532,9.637428,-83.888566
1533,Ubicacion1533,9.703081,-83.987381
1534,Ubicacion1534,9.788644,-84.161462
1535,Ubicacion1535,9.625124,-84.160157
1536,Ubicacion1536,9.861448,-84.172899
1537,Ubicacion1537,9.678832,-84.1413
1538,Ubicacion1538,10.107689,-84.243209
1539,Ubicacion1539,10.122359,-83.911379
1540,Ubicacion1540,10.123468,-84.237256
1541,Ubicacion1541,10.085625,-83.974489
1542,Ubicacion1542,9.90567,-84.377107
1543,Ubicacion1543,9.63275,-84.020814
1544,Ubicacion1544,10.072415,-83.855531
1545,Ubicacion1545,9.646448,-84.242551
1546,Ubicacion1546,9.639056,-84.162383
1547,Ubicacion1547,9.928788,-84.079921
1548,Ubicacion1548,10.187814,-84.177135
1549,Ubicacion1549,9.879879,-84.191865
1550,Ubicacion1550,10.17471,-84.181275
1551,Ubicacion1551,9.885469,-84.242758
1552,Ubicacion1552,9.852782,-84.294507
1553,Ubicacion1553,9.699445,-84.31469
1554,Ubicacion1554,9.686769,-83.802335
1555,Ubicacion1555,9.840972,-83.916116
1556,Ubicacion1556,9.678417,-84.004169
1557,Ubicacion1557,9.663121,-84.346942
1558,Ubicacion1558,9.642491,-84.328466
1559,Ubicacion1559,9.788326,-83.947995
1560,Ubicacion1560,10.124365,-83.979453
1561,Ubicacion1561,9.633231,-84.232847
1562,Ubicacion1562,9.863253,-84.208796
1563,Ubicacion1563,9.851207,-83.926843
1564,Ubicacion1564,10.114458,-84.222301
1565,Ubicacion1565,9.735609,-84.144154
1566,Ubicacion1566,10.054221,-84.024124
1567,Ubicacion1567,9.983502,-83.873807
1568,Ubicacion1568,9.838327,-84.19668
1569,Ubicacion1569,9.84035,-84.344856
1570,Ubicacion1570,10.104914,-83.816826
1571,Ubicacion1571,9.934589,-84.317207
1572,Ubicacion1572,9.84037,-83.826302
1573,Ubicacion1573,9.78656,-84.069631
1574,Ubicacion1574,9.717175,-84.057433
1575,Ubicacion1575,10.079816,-83.892976
1576,Ubicacion1576,9.700102,-84.39779
1577,Ubicacion1577,10.013051,-84.142981
1578,Ubicacion1578,9.969334,-84.12651
1579,Ubicacion1579,9.753288,-83.885795
1580,Ubicacion1580,9.695406,-83.802578
1581,Ubicacion1581,9.647132,-84.385919
1582,Ubicacion1582,10.111185,-84.03243
1583,Ubicacion1583,9.786842,-84.085432
1584,Ubicacion1584,9.73245,-84.284609
1585,Ubicacion1585,10.122625,-84.179054
1586,Ubicacion1586,9.662523,-84.144678
1587,Ubicacion1587,9.815637,-84.290126
1588,Ubicacion1588,9.854854,-84.372107
1589,Ubicacion1589,9.92283,-84.041028
1590,Ubicacion1590,10.037846,-84.279737
1591,Ubicacion1591,10.110256,-83.801557
1592,Ubicacion1592,9.787477,-83.914351
1593,Ubicacion1593,9.663289,-84.177119
1594,Ubicacion1594,9.900637,-84.380293
1595,Ubicacion1595,9.696128,-84.026476
1596,Ubicacion1596,9.793761,-84.071562
1597,Ubicacion1597,9.865276,-83.911148
1598,Ubicacion1598,9.789794,-84.248918
1599,Ubicacion1599,10.022144,-84.10384
1600,Ubicacion1600,9.841639,-84.16548
1601,Ubicacion1601,9.649476,-83.889304
1602,Ubicacion1602,10.136527,-84.097022
1603,Ubicacion1603,10.117714,-84.272536
1604,Ubicacion1604,10.070569,-84.045669
1605,Ubicacion1605,10.178568,-84.180073
1606,Ubicacion1606,9.886187,-84.142951
1607,Ubicacion1607,9.972736,-83.861053
1608,Ubicacion1608,9.6157,-83.993696
1609,Ubicacion1609,9.704947,-84.060053
1610,Ubicacion1610,9.739429,-84.174402
1611,Ubicacion1611,10.075403,-84.183785
1612,Ubicacion1612,10.008887,-84.11647
1613,Ubicacion1613,9.906533,-84.177858
1614,Ubicacion1614,9.62732,-84.256678
1615,Ubicacion1615,10.005478,-84.078572
1616,Ubicacion1616,9.684387,-83.935415
1617,Ubicacion1617,10.036033,-84.094362
1618,Ubicacion1618,9.839548,-84.054794
1619,Ubicacion1619,10.013295,-83.993623
1620,Ubicacion1620,10.079539,-83.994396
1621,Ubicacion1621,10.098963,-84.008668
1622,Ubicacion1622,9.61056,-84.36432
1623,Ubicacion1623,9.904763,-84.208295
1624,Ubicacion1624,9.815867,-84.176234
1625,Ubicacion1625,10.111947,-84.396279
1626,Ubicacion1626,9.854072,-84.38513
1627,Ubicacion1627,10.095695,-83.957156
1628,Ubicacion1628,9.902868,-83.958082
1629,Ubicacion1629,10.015471,-84.108095
1630,Ubicacion1630,10.19839,-84.123012
1631,Ubicacion1631,10.0511,-83.99498
1632,Ubicacion1632,10.120508,-84.031222
1633,Ubicacion1633,9.774683,-84.200309
1634,Ubicacion1634,9.7177,-84.111284
1635,Ubicacion1635,9.90146,-83.84395
1636,Ubicacion1636,9.695295,-84.20923
1637,Ubicacion1637,10.111536,-84.205566
1638,Ubicacion1638,10.14481,-83.807262
1639,Ubicacion1639,9.843511,-84.300458
1640,Ubicacion1640,9.625495,-84.149521
1641,Ubicacion1641,9.775666,-84.217154
1642,Ubicacion1642,9.882811,-83.905446
1643,Ubicacion1643,9.755437,-83.974024
1644,Ubicacion1644,9.721025,-83.92007
1645,Ubicacion1645,10.005903,-84.258654
1646,Ubicacion1646,9.916239,-83.823174
1647,Ubicacion1647,9.699321,-84.10728
1648,Ubicacion1648,9.713346,-84.05259
1649,Ubicacion1649,9.626437,-84.150525
1650,Ubicacion1650,10.140472,-84.354017
1651,Ubicacion1651,9.807654,-84.217298
1652,Ubicacion1652,9.627295,-83.858271
1653,Ubicacion1653,9.933096,-84.241814
1654,Ubicacion1654,10.153043,-84.3309
1655,Ubicacion1655,9.872115,-84.172053
1656,Ubicacion1656,9.806687,-84.21793
1657,Ubicacion1657,9.954425,-84.206116
1658,Ubicacion1658,9.746401,-83.898098
1659,Ubicacion1659,9.742389,-83.967049
1660,Ubicacion1660,10.139747,-84.065072
1661,Ubicacion1661,9.894192,-84.088916
1662,Ubicacion1662,9.779217,-84.060813
1663,Ubicacion1663,10.166315,-84.197977
1664,Ubicacion1664,9.600779,-84.010491
1665,Ubicacion1665,10.068041,-84.397933
1666,Ubicacion1666,10.054057,-84.219697
1667,Ubicacion1667,9.70795,-84.03836
1668,Ubicacion1668,10.055868,-84.142691
1669,Ubicacion1669,9.922966,-84.398938
1670,Ubicacion1670,9.746107,-84.209737
1671,Ubicacion1671,10.16863,-84.323451
1672,Ubicacion1672,9.854647,-83.90045
1673,Ubicacion1673,9.853273,-83.882218
1674,Ubicacion1674,10.165801,-84.002587
1675,Ubicacion1675,9.614444,-84.026122
1676,Ubicacion1676,9.722232,-84.171846
1677,Ubicacion1677,9.786463,-84.004941
1678,Ubicacion1678,10.135258,-83.820293
1679,Ubicacion1679,9.781489,-83.994705
1680,Ubicacion1680,10.078889,-84.352616
1681,Ubicacion1681,9.687386,-83.800022
1682,Ubicacion1682,9.943135,-84.070176
1683,Ubicacion1683,9.617882,-83.891107
1684,Ubicacion1684,9.80221,-84.277649
1685,Ubicacion1685,9.891222,-83.9049
1686,Ubicacion1686,9.845313,-83.922999
1687,Ubicacion1687,9.640214,-84.229154
1688,Ubicacion1688,9.94888,-83.996392
1689,Ubicacion1689,9.796479,-84.215834
1690,Ubicacion1690,10.127971,-84.10896
1691,Ubicacion1691,10.056712,-84.097283
1692,Ubicacion1692,9.774372,-84.065853
1693,Ubicacion1693,10.005614,-84.328886
1694,Ubicacion1694,9.648946,-84.105879
1695,Ubicacion1695,9.967108,-84.302368
1696,Ubicacion1696,10.194204,-84.356894
1697,Ubicacion1697,9.692997,-84.31262
1698,Ubicacion1698,10.08718,-83.91175
1699,Ubicacion1699,10.168537,-84.139102
1700,Ubicacion1700,10.036406,-84.068303
1701,Ubicacion1701,10.110899,-84.017723
1702,Ubicacion1702,10.130883,-84.052634
1703,Ubicacion1703,9.64909,-84.16026
1704,Ubicacion1704,10.013937,-84.117256
1705,Ubicacion1705,9.907433,-84.024577
1706,Ubicacion1706,9.922073,-83.997325
1707,Ubicacion1707,9.968544,-84.30568
1708,Ubicacion1708,9.894932,-84.216036
1709,Ubicacion1709,10.022981,-83.821792
1710,Ubicacion1710,9.725422,-84.210911
1711,Ubicacion1711,9.957575,-84.237618
1712,Ubicacion1712,9.849855,-84.304791
1713,Ubicacion1713,9.794709,-84.271324
1714,Ubicacion1714,9.843419,-83.916054
1715,Ubicacion1715,10.150045,-84.267801
1716,Ubicacion1716,10.02102,-84.043269
1717,Ubicacion1717,9.665984,-83.838244
1718,Ubicacion1718,9.916467,-83.939459
1719,Ubicacion1719,9.912018,-84.170164
1720,Ubicacion1720,10.056276,-83.8539
1721,Ubicacion1721,9.772794,-84.157858
1722,Ubicacion1722,10.186588,-84.165833
1723,Ubicacion1723,9.689512,-84.111116
1724,Ubicacion1724,9.839028,-84.206051
1725,Ubicacion1725,10.01521,-84.209526
1726,Ubicacion1726,9.965862,-84.025962
1727,Ubicacion1727,9.764075,-84.336139
1728,Ubicacion1728,9.928655,-84.344608
1729,Ubicacion1729,9.611052,-84.074059
1730,Ubicacion1730,10.160778,-84.325758
1731,Ubicacion1731,9.807966,-84.309882
1732,Ubicacion1732,10.097796,-83.860202
1733,Ubicacion1733,9.603236,-84.176216
1734,Ubicacion1734,9.898202,-83.89931
1735,Ubicacion1735,9.60662,-84.291329
1736,Ubicacion1736,10.032157,-84.148282
1737,Ubicacion1737,9.611132,-84.259309
1738,Ubicacion1738,9.661376,-84.100029
1739,Ubicacion1739,9.950299,-84.392392
1740,Ubicacion1740,9.931378,-84.277803
1741,Ubicacion1741,10.092064,-84.285608
1742,Ubicacion1742,9.67216,-84.170561
1743,Ubicacion1743,9.917,-84.017289
1744,Ubicacion1744,9.671717,-83.9016
1745,Ubicacion1745,9.710199,-83.95245
1746,Ubicacion1746,9.855588,-84.043607
1747,Ubicacion1747,9.929616,-84.04496
1748,Ubicacion1748,10.034464,-84.052756
1749,Ubicacion1749,10.013313,-84.189041
1750,Ubicacion1750,9.986056,-84.20412
1751,Ubicacion1751,9.956854,-84.21434
1752,Ubicacion1752,9.865896,-84.206721
1753,Ubicacion1753,9.92907,-84.210208
1754,Ubicacion1754,9.900885,-84.061009
1755,Ubicacion1755,10.128712,-84.350245
1756,Ubicacion1756,9.618242,-84.296474
1757,Ubicacion1757,9.744953,-83.858539
1758,Ubicacion1758,9.610199,-84.381262
1759,Ubicacion1759,9.900399,-84.298557
1760,Ubicacion1760,9.634518,-84.107593
1761,Ubicacion1761,10.1803,-84.344029
1762,Ubicacion1762,9.90684,-83.854081
1763,Ubicacion1763,9.641741,-83.872579
1764,Ubicacion1764,9.768874,-84.115095
1765,Ubicacion1765,9.767249,-84.261647
1766,Ubicacion1766,9.975586,-83.872346
1767,Ubicacion1767,9.946518,-83.945493
1768,Ubicacion1768,10.175539,-83.896424
1769,Ubicacion1769,10.109187,-84.376299
1770,Ubicacion1770,10.092683,-83.905301
1771,Ubicacion1771,10.063414,-84.189308
1772,Ubicacion1772,10.060839,-84.07034
1773,Ubicacion1773,9.894863,-83.80301
1774,Ubicacion1774,10.12544,-83.84482
1775,Ubicacion1775,9.827599,-84.307947
1776,Ubicacion1776,9.943094,-84.199022
1777,Ubicacion1777,9.653125,-84.34335
1778,Ubicacion1778,10.175717,-84.326919
1779,Ubicacion1779,10.038736,-83.939744
1780,Ubicacion1780,9.841169,-84.146283
1781,Ubicacion1781,9.628573,-83.818782
1782,Ubicacion1782,9.76354,-84.177964
1783,Ubicacion1783,10.101147,-84.317028
1784,Ubicacion1784,10.087723,-84.390597
1785,Ubicacion1785,10.002442,-84.115563
1786,Ubicacion1786,9.877884,-84.005288
1787,Ubicacion1787,9.852303,-83.981845
1788,Ubicacion1788,9.642982,-84.09254
1789,Ubicacion1789,9.88771,-84.190227
1790,Ubicacion1790,10.079983,-83.978562
1791,Ubicacion1791,9.719215,-84.24924
1792,Ubicacion1792,10.150035,-84.179091
1793,Ubicacion1793,9.897209,-83.939355
1794,Ubicacion1794,9.814087,-84.034168
1795,Ubicacion1795,9.872239,-83.9098
1796,Ubicacion1796,9.902639,-84.1562
1797,Ubicacion1797,9.638488,-83.94545
1798,Ubicacion1798,9.776917,-84.256551
1799,Ubicacion1799,9.604356,-83.822176
1800,Ubicacion1800,9.713513,-84.159844
1801,Ubicacion1801,10.133625,-84.154751
1802,Ubicacion1802,9.724919,-84.265794
1803,Ubicacion1803,9.98275,-84.205523
1804,Ubicacion1804,10.135363,-84.371288
1805,Ubicacion1805,10.064121,-83.814444
1806,Ubicacion1806,10.141835,-83.920006
1807,Ubicacion1807,9.904129,-83.961321
1808,Ubicacion1808,9.856326,-84.172783
1809,Ubicacion1809,9.903546,-84.057616
1810,Ubicacion1810,9.849313,-84.343989
1811,Ubicacion1811,10.17652,-84.070158
1812,Ubicacion1812,9.690108,-84.144626
1813,Ubicacion1813,9.805583,-84.210314
1814,Ubicacion1814,9.902915,-83.943881
1815,Ubicacion1815,9.879864,-84.25527
1816,Ubicacion1816,9.765914,-83.997843
1817,Ubicacion1817,10.148195,-83.859927
1818,Ubicacion1818,9.79659,-84.3511
1819,Ubicacion1819,9.619248,-84.210609
1820,Ubicacion1820,9.660403,-84.333839
1821,Ubicacion1821,9.923921,-84.33074
1822,Ubicacion1822,9.995761,-83.971773
1823,Ubicacion1823,9.762734,-83.822676
1824,Ubicacion1824,9.860778,-83.836539
1825,Ubicacion1825,9.634469,-83.945215
1826,Ubicacion1826,9.68256,-84.217482
1827,Ubicacion1827,9.824152,-84.362495
1828,Ubicacion1828,9.835188,-83.886134
1829,Ubicacion1829,10.054757,-84.094697
1830,Ubicacion1830,9.832062,-83.871991
1831,Ubicacion1831,10.147021,-84.194054
1832,Ubicacion1832,9.714554,-84.264869
1833,Ubicacion1833,10.056499,-84.355968
1834,Ubicacion1834,9.911824,-84.344173
1835,Ubicacion1835,10.059791,-84.389533
1836,Ubicacion1836,10.086856,-83.931327
1837,Ubicacion1837,9.690717,-84.14186
1838,Ubicacion1838,9.841644,-83.880586
1839,Ubicacion1839,9.712218,-83.833893
1840,Ubicacion1840,10.11838,-84.07618
1841,Ubicacion1841,10.016005,-84.034628
1842,Ubicacion1842,9.816902,-83.807288
1843,Ubicacion1843,9.908617,-84.152423
1844,Ubicacion1844,9.667178,-84.298279
1845,Ubicacion1845,9.628327,-84.183293
1846,Ubicacion1846,10.171025,-84.003745
1847,Ubicacion1847,9.755259,-84.04381
1848,Ubicacion1848,10.042798,-84.082698
1849,Ubicacion1849,10.112519,-84.232162
1850,Ubicacion1850,9.74132,-83.956912
1851,Ubicacion1851,9.859291,-84.239
1852,Ubicacion1852,9.975439,-84.281683
1853,Ubicacion1853,9.628345,-83.969699
1854,Ubicacion1854,9.885533,-84.244473
1855,Ubicacion1855,10.007247,-84.198256
1856,Ubicacion1856,9.74629,-84.110361
1857,Ubicacion1857,9.764158,-84.20944
1858,Ubicacion1858,10.12994,-83.877331
1859,Ubicacion1859,9.721077,-83.977736
1860,Ubicacion1860,9.666585,-84.368176
1861,Ubicacion1861,9.805248,-83.876749
1862,Ubicacion1862,9.726929,-84.288142
1863,Ubicacion1863,9.759356,-83.868488
1864,Ubicacion1864,9.947182,-84.222806
1865,Ubicacion1865,10.102312,-84.062538
1866,Ubicacion1866,10.193163,-83.983664
1867,Ubicacion1867,10.030348,-84.072148
1868,Ubicacion1868,10.198668,-84.292988
1869,Ubicacion1869,9.893376,-84.184709
1870,Ubicacion1870,9.917841,-84.26795
1871,Ubicacion1871,9.845433,-84.043028
1872,Ubicacion1872,10.074217,-83.950344
1873,Ubicacion1873,9.618825,-84.203721
1874,Ubicacion1874,10.028273,-83.975978
1875,Ubicacion1875,10.036755,-84.087394
1876,Ubicacion1876,9.680246,-84.133789
1877,Ubicacion1877,9.761659,-84.221192
1878,Ubicacion1878,10.113844,-83.973334
1879,Ubicacion1879,9.934148,-83.997538
1880,Ubicacion1880,9.824058,-84.085238
1881,Ubicacion1881,10.131195,-84.317093
1882,Ubicacion1882,10.023744,-83.928562
1883,Ubicacion1883,9.656317,-84.069057
1884,Ubicacion1884,9.92271,-83.908511
1885,Ubicacion1885,10.009021,-84.245503
1886,Ubicacion1886,9.955039,-84.320353
1887,Ubicacion1887,9.913587,-84.17109
1888,Ubicacion1888,9.705302,-84.267074
1889,Ubicacion1889,10.061393,-84.379287
1890,Ubicacion1890,9.712971,-84.107664
1891,Ubicacion1891,10.18664,-83.937481
1892,Ubicacion1892,9.992343,-84.208851
1893,Ubicacion1893,9.659712,-84.249695
1894,Ubicacion1894,9.664569,-84.060126
1895,Ubicacion1895,10.139932,-84.12645
1896,Ubicacion1896,9.630286,-84.395096
1897,Ubicacion1897,10.057459,-84.011609
1898,Ubicacion1898,9.989564,-84.242616
1899,Ubicacion1899,9.603412,-84.305958
1900,Ubicacion1900,10.060249,-84.185213
1901,Ubicacion1901,10.085634,-84.104199
1902,Ubicacion1902,9.772573,-84.206096
1903,Ubicacion1903,9.791102,-84.339022
1904,Ubicacion1904,10.118897,-84.314839
1905,Ubicacion1905,9.72413,-83.817789
1906,Ubicacion1906,10.15023,-84.025907
1907,Ubicacion1907,9.63815,-83.961802
1908,Ubicacion1908,9.821457,-84.296504
1909,Ubicacion1909,9.841414,-84.299588
1910,Ubicacion1910,10.104187,-84.181332
1911,Ubicacion1911,9.704784,-83.911107
1912,Ubicacion1912,10.143854,-84.067362
1913,Ubicacion1913,9.923693,-84.292418
1914,Ubicacion1914,9.942991,-83.896846
1915,Ubicacion1915,9.621947,-83.892892
1916,Ubicacion1916,9.689277,-84.137689
1917,Ubicacion1917,9.787701,-84.020097
1918,Ubicacion1918,9.976871,-84.223388
1919,Ubicacion1919,9.82934,-83.82866
1920,Ubicacion1920,9.997762,-84.034616
1921,Ubicacion1921,9.859404,-84.217636
1922,Ubicacion1922,10.12946,-83.90445
1923,Ubicacion1923,10.028807,-84.134681
1924,Ubicacion1924,9.667208,-83.823189
1925,Ubicacion1925,9.642286,-84.34682
1926,Ubicacion1926,10.058741,-84.024702
1927,Ubicacion1927,10.145179,-83.844064
1928,Ubicacion1928,9.68017,-83.867217
1929,Ubicacion1929,9.806249,-84.162191
1930,Ubicacion1930,10.04001,-84.385227
1931,Ubicacion1931,9.964006,-84.187126
1932,Ubicacion1932,9.655681,-83.991371
1933,Ubicacion1933,10.108395,-84.326389
1934,Ubicacion1934,10.132166,-84.271939
1935,Ubicacion1935,10.026786,-84.063134
1936,Ubicacion1936,9.701113,-84.349182
1937,Ubicacion1937,10.019206,-84.176795
1938,Ubicacion1938,10.161263,-84.051934
1939,Ubicacion1939,9.882153,-83.886311
1940,Ubicacion1940,9.834355,-84.25528
1941,Ubicacion1941,9.865038,-84.123666
1942,Ubicacion1942,9.637272,-84.354157
1943,Ubicacion1943,10.161087,-84.249347
1944,Ubicacion1944,10.096981,-84.145381
1945,Ubicacion1945,10.023593,-84.13111
1946,Ubicacion1946,9.774007,-84.032705
1947,Ubicacion1947,9.946821,-83.928868
1948,Ubicacion1948,9.862006,-83.835999
1949,Ubicacion1949,9.61935,-83.818647
1950,Ubicacion1950,9.721977,-84.302179
1951,Ubicacion1951,10.01866,-83.928561
1952,Ubicacion1952,9.785885,-83.880174
1953,Ubicacion1953,9.8862,-83.864702
1954,Ubicacion1954,9.779606,-84.13023
1955,Ubicacion1955,9.806025,-84.02404
1956,Ubicacion1956,9.972198,-84.228837
1957,Ubicacion1957,10.007788,-84.237724
1958,Ubicacion1958,10.136553,-84.325544
1959,Ubicacion1959,9.780845,-84.231229
1960,Ubicacion1960,9.816382,-84.385495
1961,Ubicacion1961,10.09965,-84.252663
1962,Ubicacion1962,10.115916,-84.180546
1963,Ubicacion1963,9.629073,-84.386843
1964,Ubicacion1964,9.661391,-84.085981
1965,Ubicacion1965,10.028279,-84.3877
1966,Ubicacion1966,9.927618,-84.096529
1967,Ubicacion1967,9.864357,-84.116548
1968,Ubicacion1968,9.742743,-84.312152
1969,Ubicacion1969,10.092336,-83.801022
1970,Ubicacion1970,10.140864,-84.20577
1971,Ubicacion1971,9.928806,-83.806545
1972,Ubicacion1972,9.729427,-84.246244
1973,Ubicacion1973,9.835592,-83.824461
1974,Ubicacion1974,10.049927,-84.046647
1975,Ubicacion1975,9.607241,-83.818986
1976,Ubicacion1976,9.881895,-83.815681
1977,Ubicacion1977,9.851928,-84.1319
1978,Ubicacion1978,9.707379,-83.938143
1979,Ubicacion1979,10.15946,-84.134443
1980,Ubicacion1980,10.116225,-84.386661
1981,Ubicacion1981,10.093517,-84.33501
1982,Ubicacion1982,9.731684,-83.902765
1983,Ubicacion1983,9.877318,-84.098777
1984,Ubicacion1984,9.645229,-84.256417
1985,Ubicacion1985,9.740697,-84.160178
1986,Ubicacion1986,9.903961,-84.214525
1987,Ubicacion1987,9.986128,-83.898
1988,Ubicacion1988,9.761084,-84.372895
1989,Ubicacion1989,10.167631,-84.037438
1990,Ubicacion1990,9.776838,-84.326082
1991,Ubicacion1991,10.180464,-84.121363
1992,Ubicacion1992,9.864266,-84.045828
1993,Ubicacion1993,9.789165,-83.844609
1994,Ubicacion1994,10.155328,-84.32164
1995,Ubicacion1995,9.756019,-84.153151
1996,Ubicacion1996,9.681583,-84.37287
1997,Ubicacion1997,10.054241,-84.031689
1998,Ubicacion1998,9.611943,-83.986079
1999,Ubicacion1999,9.80791,-84.167135
2000,Ubicacion2000,10.194315,-83.812958
2001,Ubicacion2001,9.95198,-84.359247
2002,Ubicacion2002,10.107511,-84.236576
2003,Ubicacion2003,10.126886,-84.342542
2004,Ubicacion2004,10.006334,-83.91211
2005,Ubicacion2005,9.751091,-83.805401
2006,Ubicacion2006,10.105033,-84.153169
2007,Ubicacion2007,9.836988,-84.215843
2008,Ubicacion2008,10.133336,-84.182643
2009,Ubicacion2009,10.177518,-83.971165
2010,Ubicacion2010,9.64529,-83.997453
2011,Ubicacion2011,9.734333,-83.845142
2012,Ubicacion2012,9.853376,-84.020918
2013,Ubicacion2013,10.150533,-84.204563
2014,Ubicacion2014,9.608083,-84.25997
2015,Ubicacion2015,10.094735,-84.172
2016,Ubicacion2016,9.880983,-84.247061
2017,Ubicacion2017,9.676242,-84.329639
2018,Ubicacion2018,9.642196,-84.129032
2019,Ubicacion2019,9.65366,-83.906306
2020,Ubicacion2020,10.145742,-83.852417
2021,Ubicacion2021,10.026513,-84.331397
2022,Ubicacion2022,9.959804,-84.12536
2023,Ubicacion2023,10.191768,-84.242315
2024,Ubicacion2024,9.858384,-84.375496
2025,Ubicacion2025,9.818474,-83.849891
2026,Ubicacion2026,9.703493,-83.8671
2027,Ubicacion2027,10.116969,-84.229276
2028,Ubicacion2028,10.074539,-84.340593
2029,Ubicacion2029,9.707922,-83.923862
2030,Ubicacion2030,9.84043,-83.961685
2031,Ubicacion2031,10.186775,-84.121663
2032,Ubicacion2032,9.843447,-84.068628
2033,Ubicacion2033,9.764829,-83.919212
2034,Ubicacion2034,10.085614,-84.282491
2035,Ubicacion2035,10.116109,-83.865162
2036,Ubicacion2036,9.938729,-84.264105
2037,Ubicacion2037,9.634383,-84.182506
2038,Ubicacion2038,9.870662,-83.867296
2039,Ubicacion2039,9.892817,-83.961347
2040,Ubicacion2040,9.688888,-83.869639
2041,Ubicacion2041,9.978297,-83.853703
2042,Ubicacion2042,10.172915,-83.822404
2043,Ubicacion2043,9.743837,-84.058383
2044,Ubicacion2044,9.631998,-84.341635
2045,Ubicacion2045,9.990552,-83.96637
2046,Ubicacion2046,9.603934,-84.118101
2047,Ubicacion2047,9.705385,-84.156355
2048,Ubicacion2048,9.667483,-84.045297
2049,Ubicacion2049,9.887533,-84.317796
2050,Ubicacion2050,9.789148,-84.142182
2051,Ubicacion2051,9.953134,-84.035587
2052,Ubicacion2052,9.842452,-84.106054
2053,Ubicacion2053,10.002808,-84.015668
2054,Ubicacion2054,10.080769,-84.258679
2055,Ubicacion2055,9.87056,-83.86945
2056,Ubicacion2056,10.069593,-84.359246
2057,Ubicacion2057,10.117478,-83.899356
2058,Ubicacion2058,9.641204,-84.077982
2059,Ubicacion2059,10.054602,-83.878169
2060,Ubicacion2060,9.668198,-83.825182
2061,Ubicacion2061,9.699092,-84.130172
2062,Ubicacion2062,10.013089,-83.977014
2063,Ubicacion2063,10.172166,-84.27702
2064,Ubicacion2064,10.04403,-83.915795
2065,Ubicacion2065,9.709671,-84.331907
2066,Ubicacion2066,9.796567,-84.221817
2067,Ubicacion2067,10.104514,-83.864833
2068,Ubicacion2068,9.67911,-84.149678
2069,Ubicacion2069,9.91916,-83.840696
2070,Ubicacion2070,10.178557,-83.83761
2071,Ubicacion2071,9.919605,-83.87766
2072,Ubicacion2072,9.763886,-83.849243
2073,Ubicacion2073,9.828461,-84.158182
2074,Ubicacion2074,9.863685,-83.980155
2075,Ubicacion2075,9.945627,-83.945792
2076,Ubicacion2076,9.737074,-83.847956
2077,Ubicacion2077,10.196397,-84.17606
2078,Ubicacion2078,10.015838,-84.301462
2079,Ubicacion2079,9.924649,-83.803592
2080,Ubicacion2080,9.99991,-83.887629
2081,Ubicacion2081,9.801574,-84.023062
2082,Ubicacion2082,10.1975,-84.379705
2083,Ubicacion2083,9.966171,-84.31588
2084,Ubicacion2084,9.659826,-83.983261
2085,Ubicacion2085,9.776117,-84.146335
2086,Ubicacion2086,9.940504,-84.010744
2087,Ubicacion2087,9.958576,-83.871984
2088,Ubicacion2088,9.910629,-84.115785
2089,Ubicacion2089,9.740853,-84.217595
2090,Ubicacion2090,9.848786,-83.919386
2091,Ubicacion2091,10.164045,-84.336594
2092,Ubicacion2092,9.801536,-84.193591
2093,Ubicacion2093,10.182201,-84.320742
2094,Ubicacion2094,9.702683,-84.339235
2095,Ubicacion2095,10.107834,-84.385961
2096,Ubicacion2096,9.985314,-83.839305
2097,Ubicacion2097,10.093926,-84.010189
2098,Ubicacion2098,9.858547,-83.946423
2099,Ubicacion2099,10.151595,-84.336049
2100,Ubicacion2100,9.68228,-83.959488
2101,Ubicacion2101,10.046425,-84.031413
2102,Ubicacion2102,10.017084,-84.174979
2103,Ubicacion2103,9.686741,-84.217688
2104,Ubicacion2104,10.063698,-84.020075
2105,Ubicacion2105,9.740268,-84.270744
2106,Ubicacion2106,10.145803,-84.1458
2107,Ubicacion2107,9.726706,-83.826543
2108,Ubicacion2108,9.639468,-84.187778
2109,Ubicacion2109,9.892905,-83.831002
2110,Ubicacion2110,9.629666,-84.060676
2111,Ubicacion2111,9.930682,-84.112894
2112,Ubicacion2112,9.871128,-84.216773
2113,Ubicacion2113,9.636863,-84.237502
2114,Ubicacion2114,9.986021,-84.079452
2115,Ubicacion2115,9.734137,-84.082911
2116,Ubicacion2116,10.058464,-83.911325
2117,Ubicacion2117,9.613803,-84.151544
2118,Ubicacion2118,10.030131,-84.208808
2119,Ubicacion2119,9.60135,-83.909431
2120,Ubicacion2120,9.630824,-84.281183
2121,Ubicacion2121,9.971697,-84.171553
2122,Ubicacion2122,10.040219,-83.975904
2123,Ubicacion2123,9.753764,-84.168453
2124,Ubicacion2124,9.930341,-84.265947
2125,Ubicacion2125,10.100401,-83.822186
2126,Ubicacion2126,10.025602,-84.072239
2127,Ubicacion2127,9.603135,-84.389279
2128,Ubicacion2128,10.166515,-84.212577
2129,Ubicacion2129,10.133114,-84.076694
2130,Ubicacion2130,9.648967,-84.058565
2131,Ubicacion2131,9.728875,-83.905096
2132,Ubicacion2132,10.083179,-83.82015
2133,Ubicacion2133,10.136459,-84.21675
2134,Ubicacion2134,9.631892,-84.362037
2135,Ubicacion2135,9.978329,-84.171759
2136,Ubicacion2136,10.083737,-84.362472
2137,Ubicacion2137,9.75762,-84.191644
2138,Ubicacion2138,9.94115,-83.943778
2139,Ubicacion2139,9.61823,-83.800332
2140,Ubicacion2140,9.74299,-83.945784
2141,Ubicacion2141,10.013469,-83.805162
2142,Ubicacion2142,9.960658,-84.170206
2143,Ubicacion2143,9.842269,-84.235025
2144,Ubicacion2144,9.814962,-84.351609
2145,Ubicacion2145,9.918261,-84.156329
2146,Ubicacion2146,10.091876,-83.982846
2147,Ubicacion2147,10.01276,-84.320821
2148,Ubicacion2148,9.605961,-83.920699
2149,Ubicacion2149,10.0734,-84.357292
2150,Ubicacion2150,10.056004,-83.854579
2151,Ubicacion2151,9.841243,-83.947668
2152,Ubicacion2152,10.17659,-83.921628
2153,Ubicacion2153,10.010846,-83.998362
2154,Ubicacion2154,9.932912,-83.891802
2155,Ubicacion2155,10.160181,-84.229686
2156,Ubicacion2156,10.014361,-84.304922
2157,Ubicacion2157,9.833264,-84.384351
2158,Ubicacion2158,10.188499,-83.989021
2159,Ubicacion2159,9.689891,-83.998857
2160,Ubicacion2160,9.96746,-84.357772
2161,Ubicacion2161,9.630614,-83.852785
2162,Ubicacion2162,9.977641,-84.072535
2163,Ubicacion2163,10.171486,-84.281877
2164,Ubicacion2164,9.908305,-83.912398
2165,Ubicacion2165,9.987453,-84.13248
2166,Ubicacion2166,9.663649,-84.027033
2167,Ubicacion2167,10.134896,-84.194269
2168,Ubicacion2168,9.986149,-84.36566
2169,Ubicacion2169,9.768764,-83.878969
2170,Ubicacion2170,9.946033,-83.966802
2171,Ubicacion2171,9.600635,-84.051449
2172,Ubicacion2172,10.190432,-83.940056
2173,Ubicacion2173,9.840734,-83.878198
2174,Ubicacion2174,9.843035,-84.107201
2175,Ubicacion2175,9.666617,-84.050719
2176,Ubicacion2176,10.143313,-84.336049
2177,Ubicacion2177,9.871523,-84.150868
2178,Ubicacion2178,9.722153,-83.834161
2179,Ubicacion2179,9.721264,-83.845241
2180,Ubicacion2180,9.954297,-83.891296
2181,Ubicacion2181,9.835538,-84.052194
2182,Ubicacion2182,10.076895,-83.98396
2183,Ubicacion2183,10.067835,-84.39684
2184,Ubicacion2184,9.662734,-84.096346
2185,Ubicacion2185,9.758303,-84.358215
2186,Ubicacion2186,9.918079,-84.129565
2187,Ubicacion2187,9.665849,-84.193735
2188,Ubicacion2188,10.119202,-83.954288
2189,Ubicacion2189,9.6426,-84.101285
2190,Ubicacion2190,10.020533,-84.243757
2191,Ubicacion2191,10.014983,-84.266844
2192,Ubicacion2192,9.6698,-84.265026
2193,Ubicacion2193,9.883394,-83.964146
2194,Ubicacion2194,9.980333,-83.992805
2195,Ubicacion2195,9.733019,-84.232446
2196,Ubicacion2196,9.993648,-84.320041
2197,Ubicacion2197,9.96314,-84.383607
2198,Ubicacion2198,9.788373,-84.108402
2199,Ubicacion2199,9.668264,-84.351751
2200,Ubicacion2200,9.707465,-84.169901
2201,Ubicacion2201,9.72459,-83.931629
2202,Ubicacion2202,9.880221,-84.256072
2203,Ubicacion2203,9.821656,-83.821248
2204,Ubicacion2204,9.883443,-84.04006
2205,Ubicacion2205,10.120732,-83.824165
2206,Ubicacion2206,10.065583,-84.079505
2207,Ubicacion2207,9.715795,-83.988628
2208,Ubicacion2208,9.62697,-83.9889
2209,Ubicacion2209,9.894292,-84.168373
2210,Ubicacion2210,9.894984,-84.260809
2211,Ubicacion2211,9.994594,-84.365436
2212,Ubicacion2212,9.942005,-84.131285
2213,Ubicacion2213,10.084459,-84.246323
2214,Ubicacion2214,9.680107,-84.137383
2215,Ubicacion2215,9.92143,-83.937222
2216,Ubicacion2216,9.763945,-84.136756
2217,Ubicacion2217,9.983531,-83.85399
2218,Ubicacion2218,9.91279,-84.161157
2219,Ubicacion2219,9.805262,-84.282919
2220,Ubicacion2220,9.607285,-84.034827
2221,Ubicacion2221,9.765222,-84.23713
2222,Ubicacion2222,9.962425,-83.876168
2223,Ubicacion2223,9.670558,-84.055689
2224,Ubicacion2224,9.63898,-83.970996
2225,Ubicacion2225,9.935508,-83.867924
2226,Ubicacion2226,10.00142,-84.024409
2227,Ubicacion2227,9.668659,-83.99608
2228,Ubicacion2228,9.912915,-84.062641
2229,Ubicacion2229,9.860004,-84.070166
2230,Ubicacion2230,9.635073,-84.29647
2231,Ubicacion2231,9.63366,-83.819637
2232,Ubicacion2232,10.038018,-84.372781
2233,Ubicacion2233,9.681881,-83.929543
2234,Ubicacion2234,10.033687,-84.121985
2235,Ubicacion2235,10.192874,-84.210949
2236,Ubicacion2236,9.902152,-84.176109
2237,Ubicacion2237,9.79196,-84.349247
2238,Ubicacion2238,9.982864,-84.063667
2239,Ubicacion2239,9.870628,-84.336433
2240,Ubicacion2240,9.915709,-84.031668
2241,Ubicacion2241,9.983535,-83.828672
2242,Ubicacion2242,9.62663,-84.203516
2243,Ubicacion2243,10.153594,-83.983631
2244,Ubicacion2244,10.05928,-83.814229
2245,Ubicacion2245,10.057985,-84.003986
2246,Ubicacion2246,9.955359,-83.931843
2247,Ubicacion2247,10.126635,-84.226233
2248,Ubicacion2248,10.068891,-83.966324
2249,Ubicacion2249,9.811407,-84.100622
2250,Ubicacion2250,9.983347,-84.3543
2251,Ubicacion2251,10.04044,-84.069462
2252,Ubicacion2252,9.643258,-83.828803
2253,Ubicacion2253,9.627567,-84.201513
2254,Ubicacion2254,9.697761,-83.840578
2255,Ubicacion2255,10.147289,-84.115171
2256,Ubicacion2256,10.01086,-83.971868
2257,Ubicacion2257,9.862235,-84.050151
2258,Ubicacion2258,9.75185,-84.07778
2259,Ubicacion2259,9.620355,-84.093434
2260,Ubicacion2260,9.750974,-84.223215
2261,Ubicacion2261,9.852071,-84.099194
2262,Ubicacion2262,9.712179,-83.969124
2263,Ubicacion2263,9.850914,-84.105925
2264,Ubicacion2264,9.907396,-84.088115
2265,Ubicacion2265,9.992656,-83.882973
2266,Ubicacion2266,9.839266,-84.31593
2267,Ubicacion2267,9.750291,-83.958431
2268,Ubicacion2268,10.047022,-83.968588
2269,Ubicacion2269,9.815402,-83.808403
2270,Ubicacion2270,9.860357,-83.839314
2271,Ubicacion2271,9.987107,-84.136227
2272,Ubicacion2272,10.110589,-83.881667
2273,Ubicacion2273,9.960851,-84.051488
2274,Ubicacion2274,9.776259,-84.261925
2275,Ubicacion2275,10.04999,-84.364371
2276,Ubicacion2276,9.909432,-84.332671
2277,Ubicacion2277,9.950778,-83.832499
2278,Ubicacion2278,9.783041,-84.186495
2279,Ubicacion2279,10.112196,-84.131633
2280,Ubicacion2280,9.71284,-83.887774
2281,Ubicacion2281,9.643634,-83.981459
2282,Ubicacion2282,10.125799,-83.954578
2283,Ubicacion2283,9.612035,-84.170928
2284,Ubicacion2284,9.648133,-84.387545
2285,Ubicacion2285,10.111128,-83.921351
2286,Ubicacion2286,10.122964,-83.863411
2287,Ubicacion2287,9.690004,-84.046306
2288,Ubicacion2288,10.013427,-84.222583
2289,Ubicacion2289,10.052545,-84.392045
2290,Ubicacion2290,9.719164,-83.811802
2291,Ubicacion2291,9.716624,-84.256667
2292,Ubicacion2292,9.938993,-83.848846
2293,Ubicacion2293,9.704871,-84.365896
2294,Ubicacion2294,9.715887,-84.129788
2295,Ubicacion2295,9.815544,-84.13747
2296,Ubicacion2296,10.102031,-84.052775
2297,Ubicacion2297,9.980912,-83.944552
2298,Ubicacion2298,9.675665,-83.9643
2299,Ubicacion2299,9.676112,-83.95782
2300,Ubicacion2300,9.928586,-84.306293
2301,Ubicacion2301,9.694116,-84.013392
2302,Ubicacion2302,9.667127,-84.010194
2303,Ubicacion2303,10.001179,-84.373853
2304,Ubicacion2304,10.079765,-83.801274
2305,Ubicacion2305,10.177705,-84.274191
2306,Ubicacion2306,9.764935,-83.81021
2307,Ubicacion2307,10.088909,-83.876683
2308,Ubicacion2308,9.848328,-84.181079
2309,Ubicacion2309,9.876532,-84.139113
2310,Ubicacion2310,9.671475,-84.243546
2311,Ubicacion2311,9.680355,-83.907749
2312,Ubicacion2312,9.874646,-84.319204
2313,Ubicacion2313,9.65214,-84.053335
2314,Ubicacion2314,10.055395,-84.111314
2315,Ubicacion2315,9.742999,-84.35179
2316,Ubicacion2316,9.716587,-84.291626
2317,Ubicacion2317,9.735064,-83.968029
2318,Ubicacion2318,9.877611,-84.137498
2319,Ubicacion2319,9.878287,-84.291498
2320,Ubicacion2320,9.606262,-84.008321
2321,Ubicacion2321,9.900437,-83.900287
2322,Ubicacion2322,10.120191,-84.340186
2323,Ubicacion2323,10.011252,-83.847973
2324,Ubicacion2324,10.086875,-84.112848
2325,Ubicacion2325,9.717581,-83.941701
2326,Ubicacion2326,9.823829,-84.39087
2327,Ubicacion2327,9.862603,-84.386
2328,Ubicacion2328,9.822883,-84.262995
2329,Ubicacion2329,10.081702,-84.388066
2330,Ubicacion2330,10.057374,-84.064608
2331,Ubicacion2331,10.19201,-84.23528
2332,Ubicacion2332,10.188106,-84.122818
2333,Ubicacion2333,10.191599,-84.211695
2334,Ubicacion2334,10.102443,-83.817115
2335,Ubicacion2335,9.996812,-83.855996
2336,Ubicacion2336,9.613116,-84.257102
2337,Ubicacion2337,9.800553,-84.291785
2338,Ubicacion2338,9.649367,-84.269709
2339,Ubicacion2339,9.848646,-83.879602
2340,Ubicacion2340,9.698694,-84.232676
2341,Ubicacion2341,9.966966,-83.838535
2342,Ubicacion2342,9.808322,-84.031553
2343,Ubicacion2343,9.705196,-84.285827
2344,Ubicacion2344,9.607792,-83.873697
2345,Ubicacion2345,9.694419,-83.975789
2346,Ubicacion2346,9.707834,-84.333927
2347,Ubicacion2347,9.910236,-84.111311
2348,Ubicacion2348,9.887007,-83.836249
2349,Ubicacion2349,9.858363,-84.198205
2350,Ubicacion2350,9.709149,-84.165944
2351,Ubicacion2351,9.704923,-84.216109
2352,Ubicacion2352,10.01643,-83.994936
2353,Ubicacion2353,10.136687,-84.262957
2354,Ubicacion2354,9.620372,-83.965222
2355,Ubicacion2355,9.833887,-83.972808
2356,Ubicacion2356,9.699442,-84.307539
2357,Ubicacion2357,10.141393,-83.806682
2358,Ubicacion2358,9.778673,-84.061097
2359,Ubicacion2359,10.001215,-84.361766
2360,Ubicacion2360,9.658323,-83.940569
2361,Ubicacion2361,9.780746,-84.376433
2362,Ubicacion2362,9.788395,-84.221004
2363,Ubicacion2363,9.739954,-83.895856
2364,Ubicacion2364,9.861798,-83.894569
2365,Ubicacion2365,9.762391,-84.324268
2366,Ubicacion2366,10.164628,-84.318478
2367,Ubicacion2367,9.83038,-84.152218
2368,Ubicacion2368,9.925304,-83.901715
2369,Ubicacion2369,9.900789,-84.384794
2370,Ubicacion2370,10.134135,-84.113079
2371,Ubicacion2371,10.064168,-84.194605
2372,Ubicacion2372,9.775,-84.091669
2373,Ubicacion2373,10.194165,-84.274327
2374,Ubicacion2374,9.99902,-83.805947
2375,Ubicacion2375,10.078928,-84.355484
2376,Ubicacion2376,9.826714,-84.368141
2377,Ubicacion2377,9.722005,-84.234338
2378,Ubicacion2378,10.172332,-84.104694
2379,Ubicacion2379,9.971842,-84.155399
2380,Ubicacion2380,9.954032,-83.997653
2381,Ubicacion2381,10.13057,-83.995579
2382,Ubicacion2382,9.68044,-83.925615
2383,Ubicacion2383,9.959003,-84.153162
2384,Ubicacion2384,9.704971,-83.944167
2385,Ubicacion2385,10.081094,-83.973566
2386,Ubicacion2386,9.90242,-84.094404
2387,Ubicacion2387,9.998153,-84.224134
2388,Ubicacion2388,9.82086,-84.265735
2389,Ubicacion2389,9.751892,-83.940391
2390,Ubicacion2390,9.793837,-84.092602
2391,Ubicacion2391,9.682499,-84.215111
2392,Ubicacion2392,9.892658,-84.031442
2393,Ubicacion2393,10.14219,-84.236055
2394,Ubicacion2394,9.984053,-84.029943
2395,Ubicacion2395,9.656092,-84.000934
2396,Ubicacion2396,9.692409,-83.829832
2397,Ubicacion2397,9.662296,-84.264758
2398,Ubicacion2398,9.917313,-83.985717
2399,Ubicacion2399,9.769068,-84.065604
2400,Ubicacion2400,9.63503,-84.203171
2401,Ubicacion2401,9.870756,-84.367943
2402,Ubicacion2402,10.126285,-84.176237
2403,Ubicacion2403,9.845665,-84.072363
2404,Ubicacion2404,9.85564,-84.040469
2405,Ubicacion2405,9.64466,-84.23311
2406,Ubicacion2406,10.082045,-84.178251
2407,Ubicacion2407,9.909026,-84.120757
2408,Ubicacion2408,10.111232,-83.914982
2409,Ubicacion2409,9.751945,-84.041242
2410,Ubicacion2410,10.193443,-84.022985
2411,Ubicacion2411,9.806318,-84.21227
2412,Ubicacion2412,9.90273,-83.955941
2413,Ubicacion2413,9.718866,-84.282917
2414,Ubicacion2414,10.056758,-83.981305
2415,Ubicacion2415,9.882449,-83.835251
2416,Ubicacion2416,9.725129,-84.253042
2417,Ubicacion2417,9.984757,-84.138531
2418,Ubicacion2418,9.783162,-84.267898
2419,Ubicacion2419,9.734263,-83.988339
2420,Ubicacion2420,9.75899,-84.274845
2421,Ubicacion2421,9.601512,-83.94936
2422,Ubicacion2422,9.936038,-84.118814
2423,Ubicacion2423,10.020244,-84.101745
2424,Ubicacion2424,10.150671,-84.076682
2425,Ubicacion2425,10.080063,-84.003184
2426,Ubicacion2426,10.137508,-83.808277
2427,Ubicacion2427,9.86839,-84.092343
2428,Ubicacion2428,10.167179,-83.979676
2429,Ubicacion2429,10.041409,-83.995228
2430,Ubicacion2430,9.955153,-84.215108
2431,Ubicacion2431,9.856174,-84.164207
2432,Ubicacion2432,9.73515,-83.942681
2433,Ubicacion2433,10.168365,-83.928224
2434,Ubicacion2434,9.928308,-84.187085
2435,Ubicacion2435,9.931511,-83.919088
2436,Ubicacion2436,9.715198,-84.117071
2437,Ubicacion2437,9.87546,-84.301225
2438,Ubicacion2438,9.927968,-83.984851
2439,Ubicacion2439,9.911541,-83.939916
2440,Ubicacion2440,9.839109,-83.848792
2441,Ubicacion2441,9.956309,-84.371974
2442,Ubicacion2442,9.962401,-83.995808
2443,Ubicacion2443,9.751725,-83.83869
2444,Ubicacion2444,9.760785,-83.913843
2445,Ubicacion2445,10.001599,-83.868106
2446,Ubicacion2446,10.125667,-84.027691
2447,Ubicacion2447,9.813234,-84.043897
2448,Ubicacion2448,9.767956,-83.823209
2449,Ubicacion2449,10.020828,-84.005549
2450,Ubicacion2450,9.802495,-84.394265
2451,Ubicacion2451,10.194985,-83.934078
2452,Ubicacion2452,10.075308,-84.392806
2453,Ubicacion2453,9.878373,-84.021377
2454,Ubicacion2454,9.761877,-83.873265
2455,Ubicacion2455,10.193898,-84.125903
2456,Ubicacion2456,9.970183,-84.327573
2457,Ubicacion2457,9.843929,-84.371526
2458,Ubicacion2458,9.722937,-84.130759
2459,Ubicacion2459,10.159515,-84.085096
2460,Ubicacion2460,9.793494,-83.959053
2461,Ubicacion2461,9.622892,-83.804761
2462,Ubicacion2462,9.762855,-84.191025
2463,Ubicacion2463,9.808379,-84.008418
2464,Ubicacion2464,9.631428,-84.165873
2465,Ubicacion2465,9.961037,-83.975058
2466,Ubicacion2466,10.071064,-84.091486
2467,Ubicacion2467,9.742075,-84.059946
2468,Ubicacion2468,10.176598,-83.96339
2469,Ubicacion2469,9.676318,-83.905677
2470,Ubicacion2470,10.151067,-84.010232
2471,Ubicacion2471,9.791608,-83.984232
2472,Ubicacion2472,10.038636,-84.35148
2473,Ubicacion2473,10.026002,-84.35427
2474,Ubicacion2474,9.926614,-83.894948
2475,Ubicacion2475,9.89025,-84.09675
2476,Ubicacion2476,9.944363,-84.118895
2477,Ubicacion2477,9.721903,-84.348684
2478,Ubicacion2478,10.140352,-83.929747
2479,Ubicacion2479,9.992841,-83.806724
2480,Ubicacion2480,10.038223,-84.136485
2481,Ubicacion2481,10.103104,-83.84541
2482,Ubicacion2482,9.746368,-84.064503
2483,Ubicacion2483,10.069718,-84.287019
2484,Ubicacion2484,10.142538,-84.104257
2485,Ubicacion2485,10.097812,-84.083469
2486,Ubicacion2486,9.602538,-83.824141
2487,Ubicacion2487,9.978985,-83.892827
2488,Ubicacion2488,10.103445,-83.923899
2489,Ubicacion2489,9.791915,-84.177438
2490,Ubicacion2490,9.996769,-84.006894
2491,Ubicacion2491,10.079401,-84.107887
2492,Ubicacion2492,9.899086,-84.263236
2493,Ubicacion2493,9.793712,-84.021132
2494,Ubicacion2494,10.148404,-84.184207
2495,Ubicacion2495,9.723282,-84.145358
2496,Ubicacion2496,9.861113,-83.990427
2497,Ubicacion2497,9.680963,-84.186594
2498,Ubicacion2498,9.633853,-83.878154
2499,Ubicacion2499,10.026226,-83.992593
2500,Ubicacion2500,10.076113,-83.955157
2501,Ubicacion2501,9.859557,-83.971142
2502,Ubicacion2502,9.685411,-83.952622
2503,Ubicacion2503,9.60235,-84.380532
2504,Ubicacion2504,10.169124,-84.009075
2505,Ubicacion2505,9.723667,-84.233687
2506,Ubicacion2506,10.157782,-83.954159
2507,Ubicacion2507,10.009013,-84.276643
2508,Ubicacion2508,9.804605,-84.267426
2509,Ubicacion2509,10.044446,-83.832804
2510,Ubicacion2510,9.90106,-83.913701
2511,Ubicacion2511,10.131279,-84.149975
2512,Ubicacion2512,9.783158,-84.055676
2513,Ubicacion2513,10.071177,-84.088361
2514,Ubicacion2514,10.119598,-84.29336
2515,Ubicacion2515,9.642294,-84.060845
2516,Ubicacion2516,9.827187,-83.942241
2517,Ubicacion2517,10.008846,-84.31854
2518,Ubicacion2518,9.991987,-84.084181
2519,Ubicacion2519,10.05979,-84.009504
2520,Ubicacion2520,9.933748,-84.028263
2521,Ubicacion2521,9.885759,-83.884179
2522,Ubicacion2522,10.118106,-83.852832
2523,Ubicacion2523,9.904725,-84.188477
2524,Ubicacion2524,10.051878,-83.825548
2525,Ubicacion2525,9.884224,-84.00903
2526,Ubicacion2526,9.806257,-84.120918
2527,Ubicacion2527,9.693605,-83.833344
2528,Ubicacion2528,9.891045,-84.200084
2529,Ubicacion2529,9.954206,-83.822237
2530,Ubicacion2530,9.660195,-83.921041
2531,Ubicacion2531,9.952156,-83.9799
2532,Ubicacion2532,10.088771,-83.825007
2533,Ubicacion2533,10.190457,-84.075884
2534,Ubicacion2534,9.727548,-84.033869
2535,Ubicacion2535,9.974044,-84.317458
2536,Ubicacion2536,9.906831,-84.399664
2537,Ubicacion2537,10.105089,-83.934483
2538,Ubicacion2538,9.895459,-83.845777
2539,Ubicacion2539,9.820789,-83.829735
2540,Ubicacion2540,10.196444,-84.16985
2541,Ubicacion2541,9.904438,-84.231163
2542,Ubicacion2542,9.871989,-84.339702
2543,Ubicacion2543,9.716463,-84.333148
2544,Ubicacion2544,9.639998,-83.932589
2545,Ubicacion2545,9.970085,-83.946967
2546,Ubicacion2546,10.034064,-83.931676
2547,Ubicacion2547,10.109249,-83.875618
2548,Ubicacion2548,9.930076,-84.371336
2549,Ubicacion2549,9.759695,-83.921483
2550,Ubicacion2550,9.864903,-84.195616
2551,Ubicacion2551,9.700512,-83.870377
2552,Ubicacion2552,10.17455,-84.389817
2553,Ubicacion2553,9.620632,-83.801777
2554,Ubicacion2554,10.12704,-84.109182
2555,Ubicacion2555,10.192218,-84.013831
2556,Ubicacion2556,9.757496,-84.310998
2557,Ubicacion2557,9.633778,-84.240352
2558,Ubicacion2558,9.716763,-83.849777
2559,Ubicacion2559,9.970664,-84.349577
2560,Ubicacion2560,9.872379,-84.166657
2561,Ubicacion2561,10.089795,-83.889037
2562,Ubicacion2562,10.018235,-84.015093
2563,Ubicacion2563,10.097614,-84.36317
2564,Ubicacion2564,9.655388,-84.040833
2565,Ubicacion2565,9.600072,-83.975481
2566,Ubicacion2566,10.108766,-84.101433
2567,Ubicacion2567,9.923175,-84.089677
2568,Ubicacion2568,10.165859,-84.216944
2569,Ubicacion2569,10.046292,-83.885973
2570,Ubicacion2570,10.065688,-83.839986
2571,Ubicacion2571,10.154048,-84.126683
2572,Ubicacion2572,9.639012,-84.194678
2573,Ubicacion2573,9.748075,-84.241613
2574,Ubicacion2574,9.748712,-84.27158
2575,Ubicacion2575,9.889871,-84.206067
2576,Ubicacion2576,9.608772,-84.062183
2577,Ubicacion2577,9.7088,-84.27009
2578,Ubicacion2578,9.92907,-84.394501
2579,Ubicacion2579,9.893043,-84.282814
2580,Ubicacion2580,10.199463,-83.839389
2581,Ubicacion2581,9.716981,-84.392461
2582,Ubicacion2582,9.670195,-83.907249
2583,Ubicacion2583,9.704627,-84.249583
2584,Ubicacion2584,9.753928,-84.21996
2585,Ubicacion2585,9.616731,-84.172964
2586,Ubicacion2586,9.954307,-83.914739
2587,Ubicacion2587,10.103992,-84.101542
2588,Ubicacion2588,10.055224,-84.091092
2589,Ubicacion2589,9.811262,-84.123307
2590,Ubicacion2590,9.854697,-84.116736
2591,Ubicacion2591,9.800074,-83.919809
2592,Ubicacion2592,9.63771,-83.940699
2593,Ubicacion2593,10.042618,-84.370406
2594,Ubicacion2594,9.750547,-84.24616
2595,Ubicacion2595,9.971741,-84.337334
2596,Ubicacion2596,10.066003,-83.863958
2597,Ubicacion2597,10.191313,-84.217395
2598,Ubicacion2598,9.965295,-84.237125
2599,Ubicacion2599,9.673111,-84.089979
2600,Ubicacion2600,9.799381,-83.8439
2601,Ubicacion2601,9.758679,-84.396215
2602,Ubicacion2602,9.923068,-84.127957
2603,Ubicacion2603,9.797608,-84.311549
2604,Ubicacion2604,10.078338,-84.311989
2605,Ubicacion2605,10.114287,-84.241631
2606,Ubicacion2606,10.143045,-83.866104
2607,Ubicacion2607,10.042143,-83.816204
2608,Ubicacion2608,9.773653,-84.259736
2609,Ubicacion2609,10.03887,-84.096169
2610,Ubicacion2610,9.909494,-84.221248
2611,Ubicacion2611,10.053522,-84.1135
2612,Ubicacion2612,10.045792,-83.814986
2613,Ubicacion2613,9.696173,-83.840974
2614,Ubicacion2614,10.107069,-84.182271
2615,Ubicacion2615,10.039591,-83.848
2616,Ubicacion2616,10.137369,-84.131649
2617,Ubicacion2617,10.069507,-84.357553
2618,Ubicacion2618,9.980441,-83.936735
2619,Ubicacion2619,10.007814,-84.221567
2620,Ubicacion2620,9.937475,-84.098493
2621,Ubicacion2621,10.130534,-84.19327
2622,Ubicacion2622,9.69811,-84.344785
2623,Ubicacion2623,10.165727,-83.816412
2624,Ubicacion2624,9.918153,-84.344226
2625,Ubicacion2625,9.992515,-83.89853
2626,Ubicacion2626,10.051087,-83.871079
2627,Ubicacion2627,10.16274,-83.850059
2628,Ubicacion2628,9.931398,-83.881966
2629,Ubicacion2629,9.876359,-84.174803
2630,Ubicacion2630,9.763404,-84.121098
2631,Ubicacion2631,9.702928,-83.881325
2632,Ubicacion2632,9.653133,-84.296652
2633,Ubicacion2633,9.761034,-83.856964
2634,Ubicacion2634,9.948722,-84.037962
2635,Ubicacion2635,9.98635,-84.329544
2636,Ubicacion2636,9.62236,-84.149369
2637,Ubicacion2637,9.800818,-84.031464
2638,Ubicacion2638,9.621165,-84.382952
2639,Ubicacion2639,9.889208,-83.818676
2640,Ubicacion2640,9.990541,-83.926492
2641,Ubicacion2641,10.021308,-84.080274
2642,Ubicacion2642,9.695762,-83.894402
2643,Ubicacion2643,9.814131,-84.132991
2644,Ubicacion2644,9.794779,-84.278267
2645,Ubicacion2645,9.925852,-83.871958
2646,Ubicacion2646,9.709475,-83.862391
2647,Ubicacion2647,9.725529,-84.139955
2648,Ubicacion2648,10.095579,-84.351335
2649,Ubicacion2649,10.080414,-83.869368
2650,Ubicacion2650,10.04686,-84.048217
2651,Ubicacion2651,9.61516,-84.207206
2652,Ubicacion2652,10.145185,-83.867604
2653,Ubicacion2653,10.085918,-83.876871
2654,Ubicacion2654,9.714156,-84.176965
2655,Ubicacion2655,9.900323,-83.825143
2656,Ubicacion2656,9.780318,-84.270112
2657,Ubicacion2657,9.691121,-84.265856
2658,Ubicacion2658,9.984491,-83.926512
2659,Ubicacion2659,9.616276,-83.887516
2660,Ubicacion2660,10.052175,-83.856513
2661,Ubicacion2661,10.025223,-84.204381
2662,Ubicacion2662,9.960666,-83.908725
2663,Ubicacion2663,9.857943,-84.168864
2664,Ubicacion2664,9.87199,-84.106762
2665,Ubicacion2665,9.723067,-84.289324
2666,Ubicacion2666,9.699852,-84.17774
2667,Ubicacion2667,9.952683,-84.260615
2668,Ubicacion2668,10.039533,-84.375526
2669,Ubicacion2669,9.79715,-83.906407
2670,Ubicacion2670,9.647925,-84.177672
2671,Ubicacion2671,9.891844,-84.264582
2672,Ubicacion2672,9.738088,-84.252591
2673,Ubicacion2673,9.782089,-83.983834
2674,Ubicacion2674,10.03995,-84.338214
2675,Ubicacion2675,9.768889,-84.182656
2676,Ubicacion2676,9.726462,-84.071503
2677,Ubicacion2677,9.791561,-84.186001
2678,Ubicacion2678,9.949111,-84.276117
2679,Ubicacion2679,9.720994,-84.382941
2680,Ubicacion2680,9.909883,-83.834888
2681,Ubicacion2681,10.191071,-83.838275
2682,Ubicacion2682,9.84282,-84.109077
2683,Ubicacion2683,9.903944,-84.086622
2684,Ubicacion2684,9.651645,-83.932875
2685,Ubicacion2685,9.926337,-83.889928
2686,Ubicacion2686,9.99208,-84.255507
2687,Ubicacion2687,10.060814,-84.140306
2688,Ubicacion2688,9.973204,-84.257916
2689,Ubicacion2689,9.760778,-83.869089
2690,Ubicacion2690,9.973925,-83.866895
2691,Ubicacion2691,10.025625,-83.84562
2692,Ubicacion2692,9.737351,-83.981277
2693,Ubicacion2693,9.808269,-84.161691
2694,Ubicacion2694,9.662885,-84.087909
2695,Ubicacion2695,9.697247,-84.299101
2696,Ubicacion2696,10.191294,-84.347022
2697,Ubicacion2697,9.615406,-83.810023
2698,Ubicacion2698,9.928372,-84.327595
2699,Ubicacion2699,9.807251,-83.941145
2700,Ubicacion2700,10.069596,-83.862582
2701,Ubicacion2701,10.151947,-84.175515
2702,Ubicacion2702,9.728963,-84.02253
2703,Ubicacion2703,9.621334,-84.100358
2704,Ubicacion2704,9.777748,-83.928451
2705,Ubicacion2705,9.877334,-84.323759
2706,Ubicacion2706,10.17642,-84.121261
2707,Ubicacion2707,9.91379,-83.896931
2708,Ubicacion2708,10.117187,-84.227173
2709,Ubicacion2709,10.002547,-84.010472
2710,Ubicacion2710,9.799559,-84.351166
2711,Ubicacion2711,10.020678,-83.857901
2712,Ubicacion2712,9.610514,-84.053256
2713,Ubicacion2713,10.076901,-84.25483
2714,Ubicacion2714,9.97668,-84.221631
2715,Ubicacion2715,9.850871,-84.116013
2716,Ubicacion2716,9.848443,-84.394147
2717,Ubicacion2717,9.986673,-84.029168
2718,Ubicacion2718,9.98236,-84.278228
2719,Ubicacion2719,9.645449,-84.0791
2720,Ubicacion2720,9.947491,-83.850674
2721,Ubicacion2721,9.946893,-83.855343
2722,Ubicacion2722,10.071997,-84.027041
2723,Ubicacion2723,10.063199,-84.002205
2724,Ubicacion2724,9.78677,-84.340149
2725,Ubicacion2725,9.968332,-83.986828
2726,Ubicacion2726,9.892493,-84.353396
2727,Ubicacion2727,9.744613,-83.991831
2728,Ubicacion2728,9.968519,-83.908978
2729,Ubicacion2729,10.058258,-84.211874
2730,Ubicacion2730,10.093705,-84.359707
2731,Ubicacion2731,9.860709,-84.29302
2732,Ubicacion2732,10.149975,-83.991574
2733,Ubicacion2733,9.93734,-84.042419
2734,Ubicacion2734,9.810065,-84.304323
2735,Ubicacion2735,9.806954,-84.371251
2736,Ubicacion2736,9.7932,-84.149536
2737,Ubicacion2737,9.69044,-83.801002
2738,Ubicacion2738,9.760175,-84.199793
2739,Ubicacion2739,9.71048,-84.297222
2740,Ubicacion2740,9.865902,-84.042609
2741,Ubicacion2741,9.963215,-84.081335
2742,Ubicacion2742,10.13572,-83.982658
2743,Ubicacion2743,9.994201,-84.084431
2744,Ubicacion2744,9.643585,-84.382371
2745,Ubicacion2745,10.039247,-83.913708
2746,Ubicacion2746,9.781601,-84.119665
2747,Ubicacion2747,9.971575,-84.285519
2748,Ubicacion2748,9.718605,-84.123372
2749,Ubicacion2749,9.686769,-84.012177
2750,Ubicacion2750,9.914492,-83.825953
2751,Ubicacion2751,9.815012,-84.387557
2752,Ubicacion2752,9.941263,-84.014299
2753,Ubicacion2753,9.858771,-83.919547
2754,Ubicacion2754,10.046128,-83.886787
2755,Ubicacion2755,9.714683,-84.09292
2756,Ubicacion2756,9.778218,-84.082777
2757,Ubicacion2757,9.80981,-84.390827
2758,Ubicacion2758,10.015994,-83.852318
2759,Ubicacion2759,9.653735,-84.320871
2760,Ubicacion2760,10.05202,-84.191031
2761,Ubicacion2761,9.875925,-83.822993
2762,Ubicacion2762,9.980694,-83.806428
2763,Ubicacion2763,9.776308,-84.269957
2764,Ubicacion2764,9.881846,-83.997534
2765,Ubicacion2765,9.851981,-83.975054
2766,Ubicacion2766,9.694716,-84.206657
2767,Ubicacion2767,9.779707,-84.02553
2768,Ubicacion2768,10.172699,-84.271238
2769,Ubicacion2769,9.798447,-83.912199
2770,Ubicacion2770,9.90083,-84.303531
2771,Ubicacion2771,9.703987,-84.133627
2772,Ubicacion2772,9.832718,-83.914787
2773,Ubicacion2773,10.183549,-84.089405
2774,Ubicacion2774,10.058901,-83.978111
2775,Ubicacion2775,9.72582,-84.196796
2776,Ubicacion2776,9.862441,-84.366277
2777,Ubicacion2777,9.650207,-84.091112
2778,Ubicacion2778,9.707124,-83.880259
2779,Ubicacion2779,9.654834,-84.041587
2780,Ubicacion2780,9.729945,-83.850998
2781,Ubicacion2781,10.13038,-83.99834
2782,Ubicacion2782,9.889301,-84.127297
2783,Ubicacion2783,9.805983,-84.178851
2784,Ubicacion2784,9.808818,-84.37021
2785,Ubicacion2785,10.081736,-84.279005
2786,Ubicacion2786,9.999162,-84.374786
2787,Ubicacion2787,9.681136,-84.366439
2788,Ubicacion2788,9.880263,-84.372525
2789,Ubicacion2789,10.001345,-83.894519
2790,Ubicacion2790,10.182442,-84.366394
2791,Ubicacion2791,9.886477,-84.376302
2792,Ubicacion2792,10.124406,-84.374381
2793,Ubicacion2793,9.829889,-84.03856
2794,Ubicacion2794,9.997385,-84.292618
2795,Ubicacion2795,10.014329,-84.153119
2796,Ubicacion2796,9.601258,-84.398493
2797,Ubicacion2797,9.731358,-84.161465
2798,Ubicacion2798,9.624402,-84.141749
2799,Ubicacion2799,9.8364,-84.217487
2800,Ubicacion2800,9.85874,-84.305542
2801,Ubicacion2801,10.079142,-84.299447
2802,Ubicacion2802,10.003485,-83.891363
2803,Ubicacion2803,10.055129,-84.046263
2804,Ubicacion2804,10.119648,-83.846747
2805,Ubicacion2805,9.742612,-84.191922
2806,Ubicacion2806,10.071542,-83.853303
2807,Ubicacion2807,9.626707,-84.196524
2808,Ubicacion2808,9.839525,-84.246218
2809,Ubicacion2809,9.602031,-84.038951
2810,Ubicacion2810,10.076501,-84.252709
2811,Ubicacion2811,9.733623,-83.936192
2812,Ubicacion2812,10.177792,-84.130645
2813,Ubicacion2813,10.038115,-83.86124
2814,Ubicacion2814,9.668363,-84.121017
2815,Ubicacion2815,9.857045,-83.939215
2816,Ubicacion2816,10.049806,-84.016596
2817,Ubicacion2817,10.077116,-84.015963
2818,Ubicacion2818,9.963032,-84.253609
2819,Ubicacion2819,9.941813,-83.911162
2820,Ubicacion2820,9.619087,-84.167137
2821,Ubicacion2821,10.001691,-84.300615
2822,Ubicacion2822,9.642018,-83.981575
2823,Ubicacion2823,10.053343,-84.382587
2824,Ubicacion2824,10.081362,-83.887746
2825,Ubicacion2825,9.832691,-83.93806
2826,Ubicacion2826,9.927741,-84.19033
2827,Ubicacion2827,9.93269,-83.989345
2828,Ubicacion2828,9.9405,-84.157379
2829,Ubicacion2829,10.107279,-84.007913
2830,Ubicacion2830,9.717674,-84.327
2831,Ubicacion2831,9.852546,-84.001386
2832,Ubicacion2832,9.805917,-84.337589
2833,Ubicacion2833,9.727315,-83.891724
2834,Ubicacion2834,10.139496,-83.979573
2835,Ubicacion2835,9.967714,-84.191969
2836,Ubicacion2836,9.908053,-84.270227
2837,Ubicacion2837,10.02917,-84.252153
2838,Ubicacion2838,10.183779,-84.296293
2839,Ubicacion2839,9.733362,-84.361877
2840,Ubicacion2840,10.171883,-83.868461
2841,Ubicacion2841,9.826193,-83.849554
2842,Ubicacion2842,10.000087,-83.833594
2843,Ubicacion2843,9.96862,-84.171382
2844,Ubicacion2844,9.806526,-83.918242
2845,Ubicacion2845,10.090651,-83.979514
2846,Ubicacion2846,9.741905,-83.817437
2847,Ubicacion2847,9.899755,-84.356733
2848,Ubicacion2848,10.118548,-84.181949
2849,Ubicacion2849,9.682567,-84.074212
2850,Ubicacion2850,9.641596,-83.928485
2851,Ubicacion2851,9.849938,-83.923641
2852,Ubicacion2852,9.887485,-84.207021
2853,Ubicacion2853,10.061154,-83.872922
2854,Ubicacion2854,9.681799,-84.010384
2855,Ubicacion2855,10.15002,-84.392821
2856,Ubicacion2856,9.610119,-84.154601
2857,Ubicacion2857,9.743122,-83.810098
2858,Ubicacion2858,9.601584,-84.209057
2859,Ubicacion2859,10.197297,-83.875118
2860,Ubicacion2860,9.847658,-83.951671
2861,Ubicacion2861,10.139553,-84.200101
2862,Ubicacion2862,10.153977,-83.937489
2863,Ubicacion2863,9.709202,-84.192142
2864,Ubicacion2864,9.97136,-83.864995
2865,Ubicacion2865,9.666819,-84.139021
2866,Ubicacion2866,10.096388,-84.114442
2867,Ubicacion2867,10.100053,-84.377736
2868,Ubicacion2868,9.804468,-84.224544
2869,Ubicacion2869,10.175759,-84.226063
2870,Ubicacion2870,9.79671,-83.921873
2871,Ubicacion2871,9.740232,-84.201819
2872,Ubicacion2872,10.104311,-84.141154
2873,Ubicacion2873,9.760633,-84.252656
2874,Ubicacion2874,9.749617,-84.383446
2875,Ubicacion2875,9.636466,-84.110282
2876,Ubicacion2876,9.745718,-84.138105
2877,Ubicacion2877,9.6455,-84.277867
2878,Ubicacion2878,9.883393,-84.256905
2879,Ubicacion2879,9.843528,-84.05075
2880,Ubicacion2880,9.907811,-84.34029
2881,Ubicacion2881,9.975289,-84.260988
2882,Ubicacion2882,9.732946,-84.220046
2883,Ubicacion2883,9.965058,-84.353195
2884,Ubicacion2884,9.791481,-84.293917
2885,Ubicacion2885,10.025997,-84.081348
2886,Ubicacion2886,9.630669,-83.842958
2887,Ubicacion2887,10.135257,-84.128417
2888,Ubicacion2888,9.787395,-83.818838
2889,Ubicacion2889,9.666501,-84.145787
2890,Ubicacion2890,9.72381,-84.122328
2891,Ubicacion2891,9.729183,-84.177286
2892,Ubicacion2892,9.73884,-84.033187
2893,Ubicacion2893,9.975737,-84.07596
2894,Ubicacion2894,9.757419,-83.889303
2895,Ubicacion2895,9.655705,-84.297143
2896,Ubicacion2896,9.678089,-83.942587
2897,Ubicacion2897,9.776665,-84.091378
2898,Ubicacion2898,9.702516,-84.011338
2899,Ubicacion2899,10.027274,-84.03374
2900,Ubicacion2900,9.690729,-84.149373
2901,Ubicacion2901,9.925201,-84.288096
2902,Ubicacion2902,10.02033,-84.160231
2903,Ubicacion2903,9.839189,-84.308052
2904,Ubicacion2904,9.604129,-84.09713
2905,Ubicacion2905,10.071324,-84.120713
2906,Ubicacion2906,9.912294,-84.08256
2907,Ubicacion2907,9.835022,-84.155636
2908,Ubicacion2908,10.036639,-84.20461
2909,Ubicacion2909,9.652792,-84.018715
2910,Ubicacion2910,10.123406,-84.113916
2911,Ubicacion2911,9.960268,-84.086052
2912,Ubicacion2912,10.034334,-84.037494
2913,Ubicacion2913,9.703707,-83.971501
2914,Ubicacion2914,10.104282,-84.136697
2915,Ubicacion2915,9.755105,-84.123559
2916,Ubicacion2916,9.860628,-84.105835
2917,Ubicacion2917,9.643194,-83.923529
2918,Ubicacion2918,9.965601,-83.927142
2919,Ubicacion2919,9.977116,-83.885312
2920,Ubicacion2920,10.166712,-84.394912
2921,Ubicacion2921,10.176833,-84.234829
2922,Ubicacion2922,9.871271,-83.946538
2923,Ubicacion2923,9.889021,-83.935041
2924,Ubicacion2924,9.797109,-83.936739
2925,Ubicacion2925,9.641578,-83.828991
2926,Ubicacion2926,9.782721,-84.043175
2927,Ubicacion2927,9.928111,-83.977427
2928,Ubicacion2928,10.062551,-83.907886
2929,Ubicacion2929,9.768793,-84.145777
2930,Ubicacion2930,9.645391,-83.833813
2931,Ubicacion2931,10.131428,-84.368829
2932,Ubicacion2932,9.676278,-83.920463
2933,Ubicacion2933,10.125242,-84.383793
2934,Ubicacion2934,9.61571,-84.262367
2935,Ubicacion2935,9.720718,-84.372188
2936,Ubicacion2936,10.001846,-83.842175
2937,Ubicacion2937,9.866641,-84.259358
2938,Ubicacion2938,10.048144,-83.918843
2939,Ubicacion2939,9.618508,-84.266547
2940,Ubicacion2940,9.849252,-84.378806
2941,Ubicacion2941,9.913397,-84.097325
2942,Ubicacion2942,9.798328,-84.199437
2943,Ubicacion2943,10.003884,-84.123544
2944,Ubicacion2944,9.683929,-84.295326
2945,Ubicacion2945,9.713003,-84.226508
2946,Ubicacion2946,10.074651,-84.134469
2947,Ubicacion2947,10.193208,-84.331739
2948,Ubicacion2948,9.95379,-83.90375
2949,Ubicacion2949,9.812795,-84.04747
2950,Ubicacion2950,9.814798,-84.319993
2951,Ubicacion2951,9.740954,-84.047003
2952,Ubicacion2952,9.695761,-84.350962
2953,Ubicacion2953,10.05911,-83.843051
2954,Ubicacion2954,9.609745,-84.238543
2955,Ubicacion2955,9.608434,-84.104172
2956,Ubicacion2956,9.730047,-84.341007
2957,Ubicacion2957,9.678437,-83.829947
2958,Ubicacion2958,9.631846,-84.179195
2959,Ubicacion2959,9.628173,-83.994477
2960,Ubicacion2960,9.749709,-84.326433
2961,Ubicacion2961,9.63416,-84.038675
2962,Ubicacion2962,10.017696,-83.943272
2963,Ubicacion2963,9.711158,-84.216935
2964,Ubicacion2964,9.943115,-84.146823
2965,Ubicacion2965,9.890801,-84.310258
2966,Ubicacion2966,9.645098,-83.974011
2967,Ubicacion2967,9.862269,-84.079202
2968,Ubicacion2968,9.984385,-84.222866
2969,Ubicacion2969,9.891993,-83.899604
2970,Ubicacion2970,9.860349,-84.264403
2971,Ubicacion2971,9.864577,-84.23767
2972,Ubicacion2972,10.124357,-83.993035
2973,Ubicacion2973,9.833556,-84.118087
2974,Ubicacion2974,9.679567,-84.226604
2975,Ubicacion2975,9.838424,-84.142057
2976,Ubicacion2976,9.986475,-83.94748
2977,Ubicacion2977,9.67374,-83.822591
2978,Ubicacion2978,10.098669,-84.170702
2979,Ubicacion2979,9.665947,-84.290074
2980,Ubicacion2980,9.740323,-83.921498
2981,Ubicacion2981,10.194974,-84.352067
2982,Ubicacion2982,9.812093,-83.923851
2983,Ubicacion2983,9.856715,-83.82616
2984,Ubicacion2984,9.689411,-84.309109
2985,Ubicacion2985,9.739194,-84.339009
2986,Ubicacion2986,9.998009,-84.236089
2987,Ubicacion2987,9.883175,-84.342485
2988,Ubicacion2988,9.865288,-84.181324
2989,Ubicacion2989,9.858603,-83.974613
2990,Ubicacion2990,9.635564,-83.930542
2991,Ubicacion2991,10.018891,-83.894394
2992,Ubicacion2992,10.082097,-83.877278
2993,Ubicacion2993,10.005867,-83.889674
2994,Ubicacion2994,10.10919,-84.184024
2995,Ubicacion2995,9.870029,-83.904171
2996,Ubicacion2996,9.860523,-84.040218
2997,Ubicacion2997,9.673064,-84.217319
2998,Ubicacion2998,10.087606,-83.809097
2999,Ubicacion2999,10.022471,-83.908079
3000,Ubicacion3000,9.983824,-83.829172
3001,Ubicacion3001,10.031617,-84.270401
3002,Ubicacion3002,9.726095,-84.156129
3003,Ubicacion3003,9.756608,-84.396376
3004,Ubicacion3004,9.721667,-83.857761
3005,Ubicacion3005,9.724026,-84.221647
3006,Ubicacion3006,9.932625,-84.364352
3007,Ubicacion3007,9.803086,-84.025791
3008,Ubicacion3008,9.953213,-84.146672
3009,Ubicacion3009,9.792196,-84.157828
3010,Ubicacion3010,10.119603,-84.076508
3011,Ubicacion3011,9.887343,-83.90838
3012,Ubicacion3012,9.736513,-83.983414
3013,Ubicacion3013,9.908202,-84.100994
3014,Ubicacion3014,9.637581,-84.005366
3015,Ubicacion3015,9.839614,-83.995116
3016,Ubicacion3016,9.741752,-84.052661
3017,Ubicacion3017,10.047056,-84.328393
3018,Ubicacion3018,9.956452,-84.341223
3019,Ubicacion3019,9.604785,-84.285751
3020,Ubicacion3020,10.166558,-84.197301
3021,Ubicacion3021,9.76408,-84.395386
3022,Ubicacion3022,9.664808,-84.260116
3023,Ubicacion3023,10.057559,-84.077219
3024,Ubicacion3024,9.863052,-83.956202
3025,Ubicacion3025,10.180669,-84.135467
3026,Ubicacion3026,9.994964,-84.273525
3027,Ubicacion3027,10.117952,-83.863871
3028,Ubicacion3028,9.916331,-84.01801
3029,Ubicacion3029,9.86173,-83.891944
3030,Ubicacion3030,10.168155,-84.043188
3031,Ubicacion3031,9.769178,-83.912442
3032,Ubicacion3032,10.187296,-83.968185
3033,Ubicacion3033,9.876792,-84.157918
3034,Ubicacion3034,9.660549,-83.899672
3035,Ubicacion3035,10.155094,-83.884932
3036,Ubicacion3036,10.185738,-83.914386
3037,Ubicacion3037,9.895709,-84.099587
3038,Ubicacion3038,10.047898,-84.048958
3039,Ubicacion3039,9.643213,-83.918956
3040,Ubicacion3040,10.046339,-83.901054
3041,Ubicacion3041,9.926878,-84.089766
3042,Ubicacion3042,9.769774,-83.840772
3043,Ubicacion3043,10.101842,-84.000441
3044,Ubicacion3044,9.786259,-84.346687
3045,Ubicacion3045,9.787291,-83.88094
3046,Ubicacion3046,10.19683,-83.975264
3047,Ubicacion3047,10.11876,-84.113403
3048,Ubicacion3048,9.736077,-84.070662
3049,Ubicacion3049,9.722699,-83.893297
3050,Ubicacion3050,10.047755,-84.028486
3051,Ubicacion3051,9.913521,-83.94486
3052,Ubicacion3052,9.862738,-84.145484
3053,Ubicacion3053,9.616495,-84.072705
3054,Ubicacion3054,9.611786,-83.973952
3055,Ubicacion3055,9.908039,-84.219218
3056,Ubicacion3056,9.787282,-84.223881
3057,Ubicacion3057,10.094751,-84.198644
3058,Ubicacion3058,9.811219,-83.893048
3059,Ubicacion3059,9.645754,-84.180385
3060,Ubicacion3060,9.624621,-84.20642
3061,Ubicacion3061,10.024731,-84.324216
3062,Ubicacion3062,9.865795,-84.097189
3063,Ubicacion3063,9.639373,-84.049639
3064,Ubicacion3064,9.829873,-84.204789
3065,Ubicacion3065,9.766927,-84.166349
3066,Ubicacion3066,10.05647,-84.003576
3067,Ubicacion3067,9.711926,-83.824527
3068,Ubicacion3068,9.63476,-83.828465
3069,Ubicacion3069,9.712153,-84.390891
3070,Ubicacion3070,9.670848,-84.23221
3071,Ubicacion3071,10.022547,-83.976338
3072,Ubicacion3072,9.654208,-84.25148
3073,Ubicacion3073,9.648408,-83.97634
3074,Ubicacion3074,9.7748,-84.299058
3075,Ubicacion3075,10.024306,-83.925186
3076,Ubicacion3076,10.066421,-84.044621
3077,Ubicacion3077,9.911381,-83.854471
3078,Ubicacion3078,10.187708,-84.394972
3079,Ubicacion3079,9.720513,-83.990866
3080,Ubicacion3080,9.967185,-84.389281
3081,Ubicacion3081,9.824562,-83.821617
3082,Ubicacion3082,9.658025,-84.224091
3083,Ubicacion3083,9.636399,-84.308601
3084,Ubicacion3084,9.678818,-84.120065
3085,Ubicacion3085,10.072191,-83.821579
3086,Ubicacion3086,9.729317,-84.242763
3087,Ubicacion3087,10.022418,-83.898318
3088,Ubicacion3088,9.886166,-84.242791
3089,Ubicacion3089,9.674463,-84.04905
3090,Ubicacion3090,10.034857,-84.327466
3091,Ubicacion3091,9.661362,-84.25731
3092,Ubicacion3092,9.700466,-84.017024
3093,Ubicacion3093,9.626619,-84.120878
3094,Ubicacion3094,10.104011,-83.871188
3095,Ubicacion3095,9.929704,-84.147245
3096,Ubicacion3096,9.954964,-84.022696
3097,Ubicacion3097,9.89322,-84.311896
3098,Ubicacion3098,10.03015,-83.980434
3099,Ubicacion3099,9.703236,-83.9861
3100,Ubicacion3100,9.966205,-83.902584
3101,Ubicacion3101,10.078813,-84.128311
3102,Ubicacion3102,10.138338,-84.259354
3103,Ubicacion3103,9.910752,-83.956358
3104,Ubicacion3104,9.800344,-84.372857
3105,Ubicacion3105,9.854944,-84.329952
3106,Ubicacion3106,9.663473,-84.099869
3107,Ubicacion3107,10.197761,-83.848897
3108,Ubicacion3108,10.16655,-84.378664
3109,Ubicacion3109,9.629959,-83.802234
3110,Ubicacion3110,9.729497,-84.062107
3111,Ubicacion3111,9.797201,-84.20526
3112,Ubicacion3112,10.159079,-83.801271
3113,Ubicacion3113,9.732722,-84.370029
3114,Ubicacion3114,10.162403,-84.191906
3115,Ubicacion3115,9.751758,-84.277398
3116,Ubicacion3116,9.989073,-84.075741
3117,Ubicacion3117,9.854521,-84.256513
3118,Ubicacion3118,10.02983,-83.9042
3119,Ubicacion3119,9.612633,-84.1892
3120,Ubicacion3120,9.992888,-83.891201
3121,Ubicacion3121,10.086431,-83.99919
3122,Ubicacion3122,9.603147,-84.109298
3123,Ubicacion3123,9.953901,-84.213533
3124,Ubicacion3124,9.866102,-84.098062
3125,Ubicacion3125,9.935554,-83.955074
3126,Ubicacion3126,10.059787,-84.30969
3127,Ubicacion3127,9.922154,-83.875459
3128,Ubicacion3128,9.75968,-84.277649
3129,Ubicacion3129,9.741358,-84.281513
3130,Ubicacion3130,9.741405,-84.148112
3131,Ubicacion3131,9.967746,-83.864371
3132,Ubicacion3132,9.939525,-84.283245
3133,Ubicacion3133,9.950772,-84.09832
3134,Ubicacion3134,10.078642,-84.273344
3135,Ubicacion3135,9.858413,-84.382795
3136,Ubicacion3136,9.919156,-83.983657
3137,Ubicacion3137,9.919543,-83.992174
3138,Ubicacion3138,9.839121,-84.343234
3139,Ubicacion3139,9.92306,-84.391597
3140,Ubicacion3140,10.027462,-84.149525
3141,Ubicacion3141,9.68153,-84.346356
3142,Ubicacion3142,10.184893,-84.107698
3143,Ubicacion3143,9.640517,-84.156436
3144,Ubicacion3144,10.15447,-84.185318
3145,Ubicacion3145,9.964928,-84.040117
3146,Ubicacion3146,9.859359,-83.897682
3147,Ubicacion3147,9.62018,-84.229859
3148,Ubicacion3148,9.875745,-84.387164
3149,Ubicacion3149,9.689186,-83.889457
3150,Ubicacion3150,9.863664,-83.967347
3151,Ubicacion3151,10.021363,-83.994194
3152,Ubicacion3152,9.614541,-84.041453
3153,Ubicacion3153,9.794217,-83.940761
3154,Ubicacion3154,10.086109,-84.266715
3155,Ubicacion3155,9.730789,-84.235365
3156,Ubicacion3156,9.931509,-84.050042
3157,Ubicacion3157,9.900539,-83.890389
3158,Ubicacion3158,9.693248,-83.921368
3159,Ubicacion3159,10.041093,-83.897625
3160,Ubicacion3160,9.711143,-84.019815
3161,Ubicacion3161,9.87361,-84.132234
3162,Ubicacion3162,10.103304,-83.999632
3163,Ubicacion3163,9.668236,-83.83453
3164,Ubicacion3164,10.12763,-84.063171
3165,Ubicacion3165,10.158587,-84.159354
3166,Ubicacion3166,9.89181,-84.373797
3167,Ubicacion3167,9.616342,-83.834135
3168,Ubicacion3168,9.881676,-84.378587
3169,Ubicacion3169,10.093737,-83.812498
3170,Ubicacion3170,9.656906,-83.979834
3171,Ubicacion3171,9.617088,-84.01425
3172,Ubicacion3172,9.889337,-84.351672
3173,Ubicacion3173,9.68007,-84.218423
3174,Ubicacion3174,10.095065,-84.399025
3175,Ubicacion3175,10.191342,-84.385886
3176,Ubicacion3176,9.616487,-84.070182
3177,Ubicacion3177,9.974326,-83.846846
3178,Ubicacion3178,9.615225,-83.928221
3179,Ubicacion3179,10.169235,-84.132471
3180,Ubicacion3180,10.102673,-83.925684
3181,Ubicacion3181,9.619324,-84.029166
3182,Ubicacion3182,9.623509,-84.382514
3183,Ubicacion3183,10.062361,-84.247563
3184,Ubicacion3184,9.696826,-84.15761
3185,Ubicacion3185,9.85577,-84.173927
3186,Ubicacion3186,9.879513,-84.199479
3187,Ubicacion3187,9.829092,-84.095036
3188,Ubicacion3188,10.092181,-83.863767
3189,Ubicacion3189,9.616604,-84.158906
3190,Ubicacion3190,9.82241,-84.201538
3191,Ubicacion3191,9.870588,-83.899968
3192,Ubicacion3192,9.709193,-84.151834
3193,Ubicacion3193,9.859613,-83.833061
3194,Ubicacion3194,10.068649,-84.245468
3195,Ubicacion3195,9.652812,-84.000964
3196,Ubicacion3196,9.802844,-84.211573
3197,Ubicacion3197,9.769379,-83.806529
3198,Ubicacion3198,10.004801,-84.115445
3199,Ubicacion3199,9.800298,-84.140866
3200,Ubicacion3200,9.776556,-84.074721
3201,Ubicacion3201,9.745123,-84.209364
3202,Ubicacion3202,9.775085,-84.097351
3203,Ubicacion3203,9.663941,-83.85513
3204,Ubicacion3204,10.064688,-83.845196
3205,Ubicacion3205,10.163057,-83.987801
3206,Ubicacion3206,9.928668,-84.232607
3207,Ubicacion3207,9.653752,-83.924493
3208,Ubicacion3208,9.741698,-83.842144
3209,Ubicacion3209,10.183537,-83.983636
3210,Ubicacion3210,9.969094,-83.866633
3211,Ubicacion3211,9.999426,-83.801049
3212,Ubicacion3212,9.654076,-83.923203
3213,Ubicacion3213,9.787843,-83.950188
3214,Ubicacion3214,10.037909,-83.843383
3215,Ubicacion3215,9.757779,-84.114057
3216,Ubicacion3216,9.640387,-84.083114
3217,Ubicacion3217,9.822831,-84.073574
3218,Ubicacion3218,10.109652,-83.84057
3219,Ubicacion3219,9.898998,-84.381673
3220,Ubicacion3220,9.603949,-84.130248
3221,Ubicacion3221,9.739431,-84.248019
3222,Ubicacion3222,9.613727,-84.265393
3223,Ubicacion3223,9.757017,-84.281652
3224,Ubicacion3224,9.807365,-84.065357
3225,Ubicacion3225,9.71663,-83.914423
3226,Ubicacion3226,10.113293,-84.181696
3227,Ubicacion3227,10.121379,-84.086034
3228,Ubicacion3228,9.964413,-84.146363
3229,Ubicacion3229,9.702703,-84.120682
3230,Ubicacion3230,10.137442,-83.916308
3231,Ubicacion3231,9.753922,-83.872168
3232,Ubicacion3232,9.640566,-83.935725
3233,Ubicacion3233,9.841705,-84.132328
3234,Ubicacion3234,9.721094,-83.877135
3235,Ubicacion3235,9.652311,-83.968414
3236,Ubicacion3236,10.013334,-84.074736
3237,Ubicacion3237,9.747876,-84.135075
3238,Ubicacion3238,9.690462,-83.988908
3239,Ubicacion3239,10.191808,-84.212549
3240,Ubicacion3240,10.023427,-84.244612
3241,Ubicacion3241,9.712151,-83.921053
3242,Ubicacion3242,9.654041,-84.233047
3243,Ubicacion3243,10.194685,-84.321905
3244,Ubicacion3244,9.874657,-83.804528
3245,Ubicacion3245,9.911494,-84.052296
3246,Ubicacion3246,9.825389,-83.863937
3247,Ubicacion3247,10.090352,-83.928252
3248,Ubicacion3248,10.014712,-83.807416
3249,Ubicacion3249,10.151352,-84.153451
3250,Ubicacion3250,10.121189,-83.974852
3251,Ubicacion3251,9.856052,-84.082819
3252,Ubicacion3252,9.707437,-84.009338
3253,Ubicacion3253,9.645647,-83.872811
3254,Ubicacion3254,10.14288,-84.149095
3255,Ubicacion3255,10.041253,-84.2255
3256,Ubicacion3256,9.727938,-84.29974
3257,Ubicacion3257,9.761258,-83.83985
3258,Ubicacion3258,9.865079,-83.937228
3259,Ubicacion3259,9.76886,-84.066228
3260,Ubicacion3260,9.769406,-84.094029
3261,Ubicacion3261,10.056854,-83.928348
3262,Ubicacion3262,10.05597,-84.193802
3263,Ubicacion3263,9.660804,-84.271035
3264,Ubicacion3264,10.002537,-84.30709
3265,Ubicacion3265,10.061743,-84.057884
3266,Ubicacion3266,10.066531,-84.257513
3267,Ubicacion3267,9.841242,-84.173761
3268,Ubicacion3268,10.000053,-84.356069
3269,Ubicacion3269,10.053274,-84.152872
3270,Ubicacion3270,9.793548,-84.054023
3271,Ubicacion3271,9.691758,-83.807289
3272,Ubicacion3272,9.997207,-83.972501
3273,Ubicacion3273,9.738907,-83.878226
3274,Ubicacion3274,9.603475,-84.363704
3275,Ubicacion3275,9.646525,-83.888361
3276,Ubicacion3276,10.057828,-83.919218
3277,Ubicacion3277,9.610711,-84.119337
3278,Ubicacion3278,9.642408,-84.086911
3279,Ubicacion3279,9.880458,-84.207216
3280,Ubicacion3280,9.743101,-83.85308
3281,Ubicacion3281,9.944914,-83.903677
3282,Ubicacion3282,9.662555,-84.027592
3283,Ubicacion3283,9.909272,-84.114897
3284,Ubicacion3284,9.983687,-84.11018
3285,Ubicacion3285,9.994796,-83.864859
3286,Ubicacion3286,10.006735,-84.152402
3287,Ubicacion3287,9.689344,-83.952446
3288,Ubicacion3288,10.027455,-84.151135
3289,Ubicacion3289,9.992199,-83.992226
3290,Ubicacion3290,9.703205,-84.2284
3291,Ubicacion3291,9.944837,-84.032345
3292,Ubicacion3292,10.005225,-84.195166
3293,Ubicacion3293,10.155737,-83.922922
3294,Ubicacion3294,10.140836,-83.918542
3295,Ubicacion3295,10.129351,-83.876871
3296,Ubicacion3296,9.969071,-84.109659
3297,Ubicacion3297,9.636324,-84.266103
3298,Ubicacion3298,10.12019,-84.001965
3299,Ubicacion3299,9.954724,-84.34846
3300,Ubicacion3300,9.905304,-84.154041
3301,Ubicacion3301,9.982068,-84.220585
3302,Ubicacion3302,10.001333,-84.239925
3303,Ubicacion3303,9.777048,-83.94016
3304,Ubicacion3304,9.777826,-84.271856
3305,Ubicacion3305,10.093616,-84.275351
3306,Ubicacion3306,9.90925,-84.294038
3307,Ubicacion3307,9.667832,-83.894869
3308,Ubicacion3308,9.790565,-83.99542
3309,Ubicacion3309,10.194757,-84.092012
3310,Ubicacion3310,9.777957,-84.153362
3311,Ubicacion3311,10.006263,-83.855895
3312,Ubicacion3312,9.703996,-83.802674
3313,Ubicacion3313,9.608153,-84.049414
3314,Ubicacion3314,10.186436,-83.998875
3315,Ubicacion3315,10.108889,-84.393098
3316,Ubicacion3316,9.604338,-83.907771
3317,Ubicacion3317,9.851297,-83.867669
3318,Ubicacion3318,9.858338,-84.327537
3319,Ubicacion3319,9.663571,-83.903873
3320,Ubicacion3320,10.084309,-84.263552
3321,Ubicacion3321,9.962062,-84.21217
3322,Ubicacion3322,10.037442,-83.825274
3323,Ubicacion3323,9.826526,-83.951139
3324,Ubicacion3324,9.973166,-83.808122
3325,Ubicacion3325,9.740231,-84.009768
3326,Ubicacion3326,10.191364,-83.964853
3327,Ubicacion3327,10.06673,-83.80791
3328,Ubicacion3328,10.161874,-84.195097
3329,Ubicacion3329,9.920002,-84.052085
3330,Ubicacion3330,9.845855,-84.328246
3331,Ubicacion3331,9.633607,-84.285268
3332,Ubicacion3332,10.135274,-83.966447
3333,Ubicacion3333,9.894211,-84.346005
3334,Ubicacion3334,9.783633,-84.387067
3335,Ubicacion3335,9.790703,-84.0108
3336,Ubicacion3336,9.957687,-84.236402
3337,Ubicacion3337,9.811808,-84.38597
3338,Ubicacion3338,10.119108,-84.169628
3339,Ubicacion3339,9.689394,-84.029052
3340,Ubicacion3340,9.645539,-83.822956
3341,Ubicacion3341,9.841869,-84.368822
3342,Ubicacion3342,10.187044,-84.372483
3343,Ubicacion3343,10.114054,-83.904058
3344,Ubicacion3344,9.902693,-84.33784
3345,Ubicacion3345,9.895468,-84.051525
3346,Ubicacion3346,9.874721,-83.872078
3347,Ubicacion3347,9.882792,-83.956119
3348,Ubicacion3348,10.047553,-84.342911
3349,Ubicacion3349,9.935222,-84.045786
3350,Ubicacion3350,9.826619,-83.944374
3351,Ubicacion3351,10.026687,-83.826898
3352,Ubicacion3352,10.050469,-84.09165
3353,Ubicacion3353,9.764489,-84.102774
3354,Ubicacion3354,10.157284,-84.226693
3355,Ubicacion3355,9.654464,-84.226103
3356,Ubicacion3356,9.917568,-84.230427
3357,Ubicacion3357,9.739252,-84.169176
3358,Ubicacion3358,9.755201,-83.936968
3359,Ubicacion3359,9.916754,-83.898748
3360,Ubicacion3360,10.184801,-84.044518
3361,Ubicacion3361,9.943802,-84.000182
3362,Ubicacion3362,9.859251,-83.9792
3363,Ubicacion3363,9.89411,-84.251109
3364,Ubicacion3364,9.761393,-83.930399
3365,Ubicacion3365,9.709651,-84.008492
3366,Ubicacion3366,9.938918,-84.025826
3367,Ubicacion3367,9.995777,-84.33505
3368,Ubicacion3368,9.805894,-83.976212
3369,Ubicacion3369,10.045489,-84.274037
3370,Ubicacion3370,10.11511,-84.130413
3371,Ubicacion3371,9.723118,-83.909652
3372,Ubicacion3372,10.094394,-84.345783
3373,Ubicacion3373,10.198121,-83.90511
3374,Ubicacion3374,9.653399,-84.070549
3375,Ubicacion3375,9.714111,-84.088974
3376,Ubicacion3376,9.695811,-84.268266
3377,Ubicacion3377,9.702556,-84.202759
3378,Ubicacion3378,9.991674,-84.083399
3379,Ubicacion3379,9.646979,-83.902415
3380,Ubicacion3380,10.066429,-84.350526
3381,Ubicacion3381,9.713435,-84.129765
3382,Ubicacion3382,9.844375,-83.990615
3383,Ubicacion3383,9.632932,-84.177314
3384,Ubicacion3384,9.601571,-83.886214
3385,Ubicacion3385,10.078648,-84.079264
3386,Ubicacion3386,10.09029,-83.81437
3387,Ubicacion3387,9.994543,-84.087742
3388,Ubicacion3388,9.648126,-83.936343
3389,Ubicacion3389,10.198399,-84.022319
3390,Ubicacion3390,10.19359,-83.971359
3391,Ubicacion3391,9.87575,-83.851792
3392,Ubicacion3392,10.169774,-84.028236
3393,Ubicacion3393,10.096467,-84.097957
3394,Ubicacion3394,9.993244,-84.287618
3395,Ubicacion3395,9.837585,-84.269453
3396,Ubicacion3396,9.766829,-84.187536
3397,Ubicacion3397,10.062895,-83.803653
3398,Ubicacion3398,10.137565,-84.129072
3399,Ubicacion3399,10.00823,-84.22101
3400,Ubicacion3400,10.098897,-84.095997
3401,Ubicacion3401,10.045212,-83.908714
3402,Ubicacion3402,10.123901,-83.995355
3403,Ubicacion3403,10.153749,-84.156772
3404,Ubicacion3404,9.69739,-84.362588
3405,Ubicacion3405,9.601364,-83.99157
3406,Ubicacion3406,10.009716,-84.291126
3407,Ubicacion3407,10.169373,-84.078431
3408,Ubicacion3408,9.7143,-84.028233
3409,Ubicacion3409,10.023241,-84.259261
3410,Ubicacion3410,10.077399,-84.363584
3411,Ubicacion3411,9.781333,-83.949003
3412,Ubicacion3412,10.12764,-83.907336
3413,Ubicacion3413,9.648099,-84.145673
3414,Ubicacion3414,9.844047,-83.832086
3415,Ubicacion3415,10.127426,-84.036722
3416,Ubicacion3416,9.857717,-84.149535
3417,Ubicacion3417,9.922319,-84.385587
3418,Ubicacion3418,9.876616,-84.000722
3419,Ubicacion3419,9.607597,-83.916631
3420,Ubicacion3420,10.024613,-83.821069
3421,Ubicacion3421,9.676383,-84.040678
3422,Ubicacion3422,9.685054,-84.106354
3423,Ubicacion3423,9.641949,-83.812666
3424,Ubicacion3424,9.884857,-84.297022
3425,Ubicacion3425,9.863303,-84.210591
3426,Ubicacion3426,9.878349,-83.957815
3427,Ubicacion3427,9.666068,-83.966388
3428,Ubicacion3428,9.714243,-84.374944
3429,Ubicacion3429,9.777452,-83.997486
3430,Ubicacion3430,9.963476,-84.313513
3431,Ubicacion3431,9.92449,-84.362701
3432,Ubicacion3432,10.144998,-83.971894
3433,Ubicacion3433,10.061046,-83.957507
3434,Ubicacion3434,10.128398,-84.206874
3435,Ubicacion3435,9.600649,-84.258916
3436,Ubicacion3436,9.76542,-84.011127
3437,Ubicacion3437,9.741079,-83.934097
3438,Ubicacion3438,10.023773,-84.284154
3439,Ubicacion3439,10.100064,-83.847767
3440,Ubicacion3440,9.959689,-83.932471
3441,Ubicacion3441,10.0074,-84.208987
3442,Ubicacion3442,9.81068,-83.860985
3443,Ubicacion3443,10.140312,-84.036055
3444,Ubicacion3444,9.652596,-84.320178
3445,Ubicacion3445,10.191804,-84.004298
3446,Ubicacion3446,9.701371,-84.263499
3447,Ubicacion3447,9.671352,-84.282732
3448,Ubicacion3448,9.707305,-84.055484
3449,Ubicacion3449,9.968068,-84.234545
3450,Ubicacion3450,9.661222,-84.117093
3451,Ubicacion3451,9.918374,-83.987018
3452,Ubicacion3452,9.934927,-84.253955
3453,Ubicacion3453,9.815939,-84.239758
3454,Ubicacion3454,9.968725,-84.079143
3455,Ubicacion3455,9.985363,-83.96757
3456,Ubicacion3456,10.019042,-84.05449
3457,Ubicacion3457,9.99536,-84.394535
3458,Ubicacion3458,9.652972,-84.30936
3459,Ubicacion3459,9.600117,-83.848652
3460,Ubicacion3460,9.718547,-84.205913
3461,Ubicacion3461,10.156787,-83.81905
3462,Ubicacion3462,9.644444,-83.972821
3463,Ubicacion3463,10.151126,-84.236251
3464,Ubicacion3464,10.127734,-84.117088
3465,Ubicacion3465,10.184162,-84.064737
3466,Ubicacion3466,10.163159,-83.831439
3467,Ubicacion3467,10.142327,-84.168334
3468,Ubicacion3468,9.848931,-83.979693
3469,Ubicacion3469,9.794617,-84.247945
3470,Ubicacion3470,9.653161,-84.206615
3471,Ubicacion3471,9.739499,-84.066135
3472,Ubicacion3472,9.684584,-84.387702
3473,Ubicacion3473,9.811202,-84.360778
3474,Ubicacion3474,10.180911,-84.177809
3475,Ubicacion3475,9.949426,-83.996438
3476,Ubicacion3476,9.958283,-84.233048
3477,Ubicacion3477,10.161277,-84.375514
3478,Ubicacion3478,10.181501,-83.934012
3479,Ubicacion3479,9.824498,-84.239405
3480,Ubicacion3480,9.795355,-83.869373
3481,Ubicacion3481,9.638049,-84.124927
3482,Ubicacion3482,9.960921,-83.899885
3483,Ubicacion3483,10.177242,-84.2304
3484,Ubicacion3484,10.160047,-84.178765
3485,Ubicacion3485,10.051111,-84.299773
3486,Ubicacion3486,10.005448,-83.951623
3487,Ubicacion3487,9.869318,-84.252054
3488,Ubicacion3488,9.926649,-84.122998
3489,Ubicacion3489,10.17017,-84.210159
3490,Ubicacion3490,9.860153,-84.093787
3491,Ubicacion3491,9.915698,-84.373603
3492,Ubicacion3492,9.929732,-84.381514
3493,Ubicacion3493,10.171968,-84.381457
3494,Ubicacion3494,9.775801,-84.030916
3495,Ubicacion3495,10.019559,-84.351529
3496,Ubicacion3496,10.153388,-83.93613
3497,Ubicacion3497,9.793725,-84.309006
3498,Ubicacion3498,9.788486,-83.940704
3499,Ubicacion3499,10.163742,-84.116644
3500,Ubicacion3500,10.145874,-84.258843
3501,Ubicacion3501,9.745253,-84.370844
3502,Ubicacion3502,9.701761,-83.870709
3503,Ubicacion3503,9.672906,-84.257717
3504,Ubicacion3504,9.784885,-84.055582
3505,Ubicacion3505,9.836473,-83.804927
3506,Ubicacion3506,10.015827,-84.313367
3507,Ubicacion3507,9.670503,-84.215437
3508,Ubicacion3508,9.656781,-83.834419
3509,Ubicacion3509,10.183263,-83.934795
3510,Ubicacion3510,9.653405,-83.814162
3511,Ubicacion3511,10.061421,-83.9336
3512,Ubicacion3512,9.925241,-84.319313
3513,Ubicacion3513,9.719594,-84.388339
3514,Ubicacion3514,10.174499,-83.833286
3515,Ubicacion3515,9.907325,-84.006873
3516,Ubicacion3516,10.156282,-84.214008
3517,Ubicacion3517,9.631491,-83.967741
3518,Ubicacion3518,9.89761,-84.366196
3519,Ubicacion3519,9.8332,-83.9144
3520,Ubicacion3520,10.094766,-83.899099
3521,Ubicacion3521,9.723253,-84.398229
3522,Ubicacion3522,10.140443,-83.928386
3523,Ubicacion3523,10.013128,-83.957096
3524,Ubicacion3524,9.612815,-83.846105
3525,Ubicacion3525,9.738426,-83.954644
3526,Ubicacion3526,9.869377,-84.059429
3527,Ubicacion3527,10.176006,-84.333201
3528,Ubicacion3528,10.063912,-83.874667
3529,Ubicacion3529,10.013815,-84.218776
3530,Ubicacion3530,9.696204,-84.300227
3531,Ubicacion3531,10.164331,-84.137793
3532,Ubicacion3532,9.646552,-84.098785
3533,Ubicacion3533,10.121925,-83.867071
3534,Ubicacion3534,9.617788,-84.274401
3535,Ubicacion3535,9.971048,-84.31291
3536,Ubicacion3536,9.92789,-84.39633
3537,Ubicacion3537,9.815323,-83.918214
3538,Ubicacion3538,9.636983,-84.301795
3539,Ubicacion3539,9.84336,-84.198911
3540,Ubicacion3540,9.899035,-84.047934
3541,Ubicacion3541,10.142132,-84.200664
3542,Ubicacion3542,10.042025,-84.21997
3543,Ubicacion3543,10.108377,-83.943133
3544,Ubicacion3544,9.752471,-84.046505
3545,Ubicacion3545,9.820839,-84.202724
3546,Ubicacion3546,9.991195,-84.303858
3547,Ubicacion3547,9.966954,-84.021053
3548,Ubicacion3548,10.183212,-84.205801
3549,Ubicacion3549,9.699114,-84.35035
3550,Ubicacion3550,9.910799,-84.006587
3551,Ubicacion3551,10.11001,-83.93218
3552,Ubicacion3552,9.847519,-84.218082
3553,Ubicacion3553,9.998618,-84.165831
3554,Ubicacion3554,10.130727,-84.222428
3555,Ubicacion3555,9.734634,-83.981217
3556,Ubicacion3556,9.743717,-83.962611
3557,Ubicacion3557,10.015668,-83.895209
3558,Ubicacion3558,10.068828,-84.229436
3559,Ubicacion3559,9.677782,-84.377768
3560,Ubicacion3560,9.658145,-83.995914
3561,Ubicacion3561,9.847917,-83.945387
3562,Ubicacion3562,9.938135,-83.848929
3563,Ubicacion3563,9.969258,-84.164003
3564,Ubicacion3564,9.838972,-84.155061
3565,Ubicacion3565,9.665621,-84.373637
3566,Ubicacion3566,9.744725,-84.284846
3567,Ubicacion3567,10.09013,-83.892816
3568,Ubicacion3568,10.065916,-84.256578
3569,Ubicacion3569,9.785933,-84.234225
3570,Ubicacion3570,9.69462,-84.39268
3571,Ubicacion3571,9.698527,-83.975
3572,Ubicacion3572,9.767082,-84.385032
3573,Ubicacion3573,9.819339,-84.003009
3574,Ubicacion3574,10.088496,-84.050624
3575,Ubicacion3575,9.771949,-83.836191
3576,Ubicacion3576,9.692503,-83.920387
3577,Ubicacion3577,9.640663,-84.00644
3578,Ubicacion3578,9.703428,-84.208817
3579,Ubicacion3579,10.112594,-84.229131
3580,Ubicacion3580,10.097651,-84.021724
3581,Ubicacion3581,9.961972,-84.014688
3582,Ubicacion3582,10.174998,-84.332805
3583,Ubicacion3583,9.648882,-84.156278
3584,Ubicacion3584,9.753681,-84.147769
3585,Ubicacion3585,9.920131,-83.926761
3586,Ubicacion3586,9.929424,-84.28818
3587,Ubicacion3587,9.68483,-84.225095
3588,Ubicacion3588,10.058748,-84.229056
3589,Ubicacion3589,10.132698,-84.321343
3590,Ubicacion3590,9.953228,-83.808955
3591,Ubicacion3591,9.892877,-83.830813
3592,Ubicacion3592,9.785089,-83.977004
3593,Ubicacion3593,10.143573,-84.160691
3594,Ubicacion3594,10.047312,-84.140291
3595,Ubicacion3595,9.757051,-84.009289
3596,Ubicacion3596,9.660652,-83.974342
3597,Ubicacion3597,10.024393,-84.359095
3598,Ubicacion3598,10.108212,-84.076035
3599,Ubicacion3599,9.649338,-84.026342
3600,Ubicacion3600,9.822282,-84.170733
3601,Ubicacion3601,9.998219,-84.211061
3602,Ubicacion3602,10.172828,-84.049852
3603,Ubicacion3603,9.8282,-84.179015
3604,Ubicacion3604,9.640272,-84.210032
3605,Ubicacion3605,9.85641,-83.971073
3606,Ubicacion3606,9.918242,-84.180463
3607,Ubicacion3607,10.036095,-84.325797
3608,Ubicacion3608,9.601042,-83.861139
3609,Ubicacion3609,9.862282,-84.293426
3610,Ubicacion3610,9.989599,-83.934751
3611,Ubicacion3611,9.709702,-84.279505
3612,Ubicacion3612,10.135298,-84.332898
3613,Ubicacion3613,9.747665,-83.852238
3614,Ubicacion3614,9.603891,-83.922892
3615,Ubicacion3615,9.713438,-84.279701
3616,Ubicacion3616,9.677751,-84.260611
3617,Ubicacion3617,10.061583,-83.918277
3618,Ubicacion3618,9.749386,-84.30997
3619,Ubicacion3619,9.756953,-84.316106
3620,Ubicacion3620,9.809405,-83.941062
3621,Ubicacion3621,9.743501,-84.081833
3622,Ubicacion3622,9.698983,-84.24621
3623,Ubicacion3623,9.952872,-84.109628
3624,Ubicacion3624,10.024709,-84.085368
3625,Ubicacion3625,10.040372,-84.076092
3626,Ubicacion3626,10.010593,-84.070715
3627,Ubicacion3627,10.07265,-83.850069
3628,Ubicacion3628,10.017546,-83.854785
3629,Ubicacion3629,9.812063,-83.901712
3630,Ubicacion3630,10.127481,-83.958938
3631,Ubicacion3631,9.645049,-84.149926
3632,Ubicacion3632,10.199655,-84.077332
3633,Ubicacion3633,10.130955,-84.060038
3634,Ubicacion3634,9.605603,-84.244397
3635,Ubicacion3635,10.073219,-84.142121
3636,Ubicacion3636,9.694663,-84.101358
3637,Ubicacion3637,10.012992,-83.999045
3638,Ubicacion3638,10.180639,-83.897589
3639,Ubicacion3639,9.605401,-84.318588
3640,Ubicacion3640,9.642312,-84.384411
3641,Ubicacion3641,9.894219,-84.139441
3642,Ubicacion3642,9.941611,-83.998777
3643,Ubicacion3643,10.012941,-84.073992
3644,Ubicacion3644,9.922577,-84.072372
3645,Ubicacion3645,9.674964,-83.824679
3646,Ubicacion3646,9.985004,-83.994549
3647,Ubicacion3647,10.012291,-84.132823
3648,Ubicacion3648,10.109295,-84.21213
3649,Ubicacion3649,9.627993,-84.386945
3650,Ubicacion3650,9.634232,-84.063657
3651,Ubicacion3651,9.9099,-84.309855
3652,Ubicacion3652,9.684218,-84.10648
3653,Ubicacion3653,9.9516,-84.196982
3654,Ubicacion3654,9.881969,-84.316436
3655,Ubicacion3655,10.130009,-84.240905
3656,Ubicacion3656,9.949589,-84.379005
3657,Ubicacion3657,9.738452,-83.995051
3658,Ubicacion3658,10.063876,-83.806689
3659,Ubicacion3659,10.036904,-84.072616
3660,Ubicacion3660,9.630301,-84.138484
3661,Ubicacion3661,9.95162,-84.3651
3662,Ubicacion3662,9.645409,-84.340378
3663,Ubicacion3663,9.604566,-84.378257
3664,Ubicacion3664,9.677609,-84.315783
3665,Ubicacion3665,9.679396,-83.918925
3666,Ubicacion3666,9.718489,-84.265574
3667,Ubicacion3667,9.783605,-84.298573
3668,Ubicacion3668,9.943561,-84.375966
3669,Ubicacion3669,10.121322,-84.116216
3670,Ubicacion3670,10.184954,-84.227361
3671,Ubicacion3671,9.692421,-84.000483
3672,Ubicacion3672,9.859645,-84.130725
3673,Ubicacion3673,9.854024,-84.257991
3674,Ubicacion3674,9.671186,-84.115012
3675,Ubicacion3675,9.682423,-84.19606
3676,Ubicacion3676,10.130117,-84.060351
3677,Ubicacion3677,9.679827,-84.133505
3678,Ubicacion3678,9.845822,-84.065054
3679,Ubicacion3679,9.930972,-83.852776
3680,Ubicacion3680,9.647433,-83.982439
3681,Ubicacion3681,9.905891,-84.126546
3682,Ubicacion3682,9.814833,-84.006547
3683,Ubicacion3683,9.925497,-83.830121
3684,Ubicacion3684,9.822452,-84.247014
3685,Ubicacion3685,10.054685,-84.243116
3686,Ubicacion3686,9.888733,-83.94329
3687,Ubicacion3687,9.966267,-83.990324
3688,Ubicacion3688,9.998607,-83.947154
3689,Ubicacion3689,9.989794,-84.046646
3690,Ubicacion3690,9.779117,-84.018077
3691,Ubicacion3691,9.833847,-84.152045
3692,Ubicacion3692,10.07139,-83.979634
3693,Ubicacion3693,9.908221,-84.335066
3694,Ubicacion3694,9.900539,-84.367034
3695,Ubicacion3695,10.139656,-83.954675
3696,Ubicacion3696,9.60718,-84.028682
3697,Ubicacion3697,9.73309,-84.069494
3698,Ubicacion3698,10.15227,-83.846222
3699,Ubicacion3699,9.870692,-84.120541
3700,Ubicacion3700,10.191981,-84.213752
3701,Ubicacion3701,10.006834,-84.361224
3702,Ubicacion3702,9.954788,-84.050332
3703,Ubicacion3703,10.024718,-84.040864
3704,Ubicacion3704,9.618326,-84.34173
3705,Ubicacion3705,9.905132,-83.911393
3706,Ubicacion3706,10.121479,-84.170098
3707,Ubicacion3707,9.907978,-84.169655
3708,Ubicacion3708,9.690784,-83.864627
3709,Ubicacion3709,9.68012,-84.302221
3710,Ubicacion3710,10.112371,-83.819917
3711,Ubicacion3711,9.628226,-83.941651
3712,Ubicacion3712,9.910621,-83.968613
3713,Ubicacion3713,9.645686,-84.394295
3714,Ubicacion3714,9.65041,-83.810294
3715,Ubicacion3715,10.030428,-84.031123
3716,Ubicacion3716,9.821118,-83.925833
3717,Ubicacion3717,9.685931,-83.811928
3718,Ubicacion3718,10.096746,-83.884174
3719,Ubicacion3719,10.15251,-83.848839
3720,Ubicacion3720,10.059643,-83.951047
3721,Ubicacion3721,10.026923,-84.370964
3722,Ubicacion3722,10.139138,-83.916558
3723,Ubicacion3723,9.902465,-83.954412
3724,Ubicacion3724,9.705462,-83.84537
3725,Ubicacion3725,9.605465,-84.377728
3726,Ubicacion3726,10.092505,-84.024683
3727,Ubicacion3727,10.06476,-84.365702
3728,Ubicacion3728,10.055799,-83.944927
3729,Ubicacion3729,9.682029,-84.249125
3730,Ubicacion3730,10.005247,-84.084777
3731,Ubicacion3731,9.845586,-84.17964
3732,Ubicacion3732,9.842757,-84.385342
3733,Ubicacion3733,10.174886,-83.864766
3734,Ubicacion3734,9.818447,-84.02373
3735,Ubicacion3735,10.027317,-83.973194
3736,Ubicacion3736,10.133626,-84.196515
3737,Ubicacion3737,9.945299,-83.900355
3738,Ubicacion3738,9.635383,-83.840617
3739,Ubicacion3739,10.03122,-83.87714
3740,Ubicacion3740,9.987667,-84.067683
3741,Ubicacion3741,10.097524,-83.800697
3742,Ubicacion3742,9.951056,-84.040833
3743,Ubicacion3743,10.036957,-84.001545
3744,Ubicacion3744,9.913198,-83.998304
3745,Ubicacion3745,9.741924,-83.871833
3746,Ubicacion3746,9.933441,-84.189724
3747,Ubicacion3747,10.046614,-83.854876
3748,Ubicacion3748,9.764286,-84.2121
3749,Ubicacion3749,9.895088,-84.125975
3750,Ubicacion3750,10.080691,-83.867493
3751,Ubicacion3751,10.15327,-84.365689
3752,Ubicacion3752,9.68892,-84.129305
3753,Ubicacion3753,9.919648,-84.016779
3754,Ubicacion3754,9.806361,-83.974567
3755,Ubicacion3755,10.143318,-84.340876
3756,Ubicacion3756,9.988162,-83.922307
3757,Ubicacion3757,9.81951,-84.298654
3758,Ubicacion3758,9.600009,-83.814477
3759,Ubicacion3759,10.063198,-84.302106
3760,Ubicacion3760,10.195794,-84.313703
3761,Ubicacion3761,9.6439,-83.877898
3762,Ubicacion3762,10.04103,-84.209248
3763,Ubicacion3763,9.964974,-84.163511
3764,Ubicacion3764,10.133231,-84.251347
3765,Ubicacion3765,9.652059,-83.825414
3766,Ubicacion3766,10.194661,-84.039518
3767,Ubicacion3767,9.932153,-84.206051
3768,Ubicacion3768,10.098079,-84.296818
3769,Ubicacion3769,9.607953,-84.25922
3770,Ubicacion3770,9.787287,-84.143172
3771,Ubicacion3771,10.016646,-83.818117
3772,Ubicacion3772,9.647919,-83.875649
3773,Ubicacion3773,9.621041,-84.371203
3774,Ubicacion3774,10.106217,-84.216864
3775,Ubicacion3775,10.106186,-84.138436
3776,Ubicacion3776,10.04397,-83.957434
3777,Ubicacion3777,10.07844,-84.270083
3778,Ubicacion3778,9.76727,-83.881356
3779,Ubicacion3779,9.728941,-83.963738
3780,Ubicacion3780,9.724369,-83.828041
3781,Ubicacion3781,10.16505,-84.095317
3782,Ubicacion3782,10.199138,-83.961844
3783,Ubicacion3783,9.989177,-83.802561
3784,Ubicacion3784,9.612302,-84.109165
3785,Ubicacion3785,10.185824,-83.945304
3786,Ubicacion3786,9.655965,-83.943954
3787,Ubicacion3787,9.644392,-84.204559
3788,Ubicacion3788,9.889062,-84.027242
3789,Ubicacion3789,9.640502,-83.861913
3790,Ubicacion3790,10.069593,-83.934083
3791,Ubicacion3791,10.174384,-84.154171
3792,Ubicacion3792,10.132371,-83.83935
3793,Ubicacion3793,10.148258,-84.370331
3794,Ubicacion3794,10.145693,-84.197691
3795,Ubicacion3795,10.06115,-84.091403
3796,Ubicacion3796,9.991097,-83.871622
3797,Ubicacion3797,10.000819,-84.323411
3798,Ubicacion3798,9.917148,-84.178342
3799,Ubicacion3799,10.04189,-83.817589
3800,Ubicacion3800,10.149523,-84.376883
3801,Ubicacion3801,9.945041,-84.355559
3802,Ubicacion3802,9.834017,-83.860804
3803,Ubicacion3803,10.005115,-84.28605
3804,Ubicacion3804,9.880282,-83.849121
3805,Ubicacion3805,9.987798,-84.228594
3806,Ubicacion3806,9.850531,-84.195882
3807,Ubicacion3807,9.939851,-84.327638
3808,Ubicacion3808,10.122564,-84.224939
3809,Ubicacion3809,9.942824,-83.910594
3810,Ubicacion3810,10.127219,-83.965962
3811,Ubicacion3811,9.893507,-84.270209
3812,Ubicacion3812,9.714073,-84.312275
3813,Ubicacion3813,9.759329,-84.018049
3814,Ubicacion3814,10.00109,-83.87513
3815,Ubicacion3815,9.709118,-84.132473
3816,Ubicacion3816,10.153271,-84.347421
3817,Ubicacion3817,9.61187,-84.277439
3818,Ubicacion3818,10.165124,-83.999405
3819,Ubicacion3819,10.169695,-83.820978
3820,Ubicacion3820,9.65434,-84.035126
3821,Ubicacion3821,10.099022,-84.246923
3822,Ubicacion3822,9.719465,-84.037425
3823,Ubicacion3823,9.962923,-83.915139
3824,Ubicacion3824,9.919688,-83.948732
3825,Ubicacion3825,10.015215,-84.21969
3826,Ubicacion3826,10.117886,-84.347069
3827,Ubicacion3827,10.145515,-84.276395
3828,Ubicacion3828,9.605593,-83.966415
3829,Ubicacion3829,9.723168,-84.139161
3830,Ubicacion3830,9.79946,-84.106085
3831,Ubicacion3831,10.181229,-84.052031
3832,Ubicacion3832,9.87599,-84.197605
3833,Ubicacion3833,9.727372,-84.039694
3834,Ubicacion3834,9.826417,-84.273272
3835,Ubicacion3835,9.93936,-83.923097
3836,Ubicacion3836,9.729885,-84.389832
3837,Ubicacion3837,9.744215,-84.317819
3838,Ubicacion3838,10.136963,-84.094099
3839,Ubicacion3839,9.826993,-83.952057
3840,Ubicacion3840,9.818305,-83.861333
3841,Ubicacion3841,10.01824,-83.844926
3842,Ubicacion3842,10.106322,-84.207691
3843,Ubicacion3843,9.631608,-83.894149
3844,Ubicacion3844,9.776196,-84.110185
3845,Ubicacion3845,9.869361,-84.117847
3846,Ubicacion3846,10.090894,-84.010905
3847,Ubicacion3847,9.62388,-84.302551
3848,Ubicacion3848,9.769862,-83.994795
3849,Ubicacion3849,9.799077,-84.135355
3850,Ubicacion3850,9.768563,-83.915869
3851,Ubicacion3851,10.132457,-84.254631
3852,Ubicacion3852,9.809557,-84.302245
3853,Ubicacion3853,9.604705,-84.23864
3854,Ubicacion3854,9.968981,-84.178839
3855,Ubicacion3855,9.881747,-84.021084
3856,Ubicacion3856,9.769801,-84.009477
3857,Ubicacion3857,9.722352,-84.147952
3858,Ubicacion3858,10.131542,-84.046117
3859,Ubicacion3859,9.711516,-84.249386
3860,Ubicacion3860,9.954318,-84.246936
3861,Ubicacion3861,9.885585,-84.345865
3862,Ubicacion3862,9.653796,-84.129921
3863,Ubicacion3863,9.741362,-84.206116
3864,Ubicacion3864,9.804428,-84.242277
3865,Ubicacion3865,9.918292,-84.2488
3866,Ubicacion3866,10.091531,-84.013822
3867,Ubicacion3867,9.693659,-84.10411
3868,Ubicacion3868,9.682787,-84.319603
3869,Ubicacion3869,9.809468,-84.133238
3870,Ubicacion3870,10.046764,-83.893486
3871,Ubicacion3871,10.022185,-84.042018
3872,Ubicacion3872,9.823378,-83.845632
3873,Ubicacion3873,10.148483,-83.980345
3874,Ubicacion3874,9.756881,-84.300961
3875,Ubicacion3875,10.161898,-84.182644
3876,Ubicacion3876,9.8026,-83.935888
3877,Ubicacion3877,10.049898,-84.270823
3878,Ubicacion3878,9.621852,-84.365045
3879,Ubicacion3879,9.711233,-84.393727
3880,Ubicacion3880,10.164594,-84.162931
3881,Ubicacion3881,9.798366,-84.001545
3882,Ubicacion3882,9.631447,-84.132276
3883,Ubicacion3883,9.734605,-83.801916
3884,Ubicacion3884,10.130912,-84.181788
3885,Ubicacion3885,9.723147,-84.279026
3886,Ubicacion3886,9.851841,-84.19665
3887,Ubicacion3887,9.741996,-84.058581
3888,Ubicacion3888,10.056011,-84.046992
3889,Ubicacion3889,9.931057,-83.982414
3890,Ubicacion3890,9.704532,-83.867788
3891,Ubicacion3891,9.881422,-84.212786
3892,Ubicacion3892,10.122924,-84.025097
3893,Ubicacion3893,10.070196,-83.880599
3894,Ubicacion3894,9.784434,-84.034628
3895,Ubicacion3895,9.965284,-84.364699
3896,Ubicacion3896,9.785569,-84.200407
3897,Ubicacion3897,9.911073,-84.159281
3898,Ubicacion3898,9.796224,-84.213867
3899,Ubicacion3899,9.854199,-84.052234
3900,Ubicacion3900,10.006154,-84.137139
3901,Ubicacion3901,10.006471,-83.897145
3902,Ubicacion3902,9.703983,-84.361632
3903,Ubicacion3903,9.875101,-83.851122
3904,Ubicacion3904,9.927343,-83.935325
3905,Ubicacion3905,9.916432,-84.262779
3906,Ubicacion3906,10.041016,-84.267511
3907,Ubicacion3907,10.108236,-84.359745
3908,Ubicacion3908,9.909756,-84.231567
3909,Ubicacion3909,9.95542,-84.14949
3910,Ubicacion3910,9.608393,-84.11815
3911,Ubicacion3911,10.121955,-84.100867
3912,Ubicacion3912,10.07236,-84.127722
3913,Ubicacion3913,10.134172,-84.275842
3914,Ubicacion3914,10.18913,-84.286896
3915,Ubicacion3915,9.758426,-84.243657
3916,Ubicacion3916,9.705124,-83.927709
3917,Ubicacion3917,9.617054,-83.800271
3918,Ubicacion3918,9.913085,-84.10129
3919,Ubicacion3919,9.953534,-84.297703
3920,Ubicacion3920,9.662399,-83.966023
3921,Ubicacion3921,10.124227,-84.286068
3922,Ubicacion3922,10.191145,-84.088406
3923,Ubicacion3923,9.980332,-84.086966
3924,Ubicacion3924,9.616843,-83.80249
3925,Ubicacion3925,9.96749,-84.027136
3926,Ubicacion3926,9.907751,-83.822181
3927,Ubicacion3927,9.768268,-84.249301
3928,Ubicacion3928,9.61347,-84.1938
3929,Ubicacion3929,9.750081,-84.306992
3930,Ubicacion3930,9.863939,-83.936019
3931,Ubicacion3931,9.865671,-83.945378
3932,Ubicacion3932,9.929023,-84.205912
3933,Ubicacion3933,9.646098,-84.01594
3934,Ubicacion3934,10.035086,-83.884749
3935,Ubicacion3935,10.191128,-84.006034
3936,Ubicacion3936,10.114316,-84.27032
3937,Ubicacion3937,9.60951,-84.078401
3938,Ubicacion3938,9.686825,-84.113915
3939,Ubicacion3939,9.790534,-84.039821
3940,Ubicacion3940,10.027582,-83.900285
3941,Ubicacion3941,9.994481,-84.2192
3942,Ubicacion3942,10.184509,-84.241779
3943,Ubicacion3943,9.866715,-84.21612
3944,Ubicacion3944,9.612794,-84.308465
3945,Ubicacion3945,10.15473,-84.355444
3946,Ubicacion3946,10.044248,-84.187875
3947,Ubicacion3947,9.704627,-84.154519
3948,Ubicacion3948,9.767644,-84.259307
3949,Ubicacion3949,10.056417,-84.377682
3950,Ubicacion3950,9.980435,-84.371283
3951,Ubicacion3951,9.688501,-84.109579
3952,Ubicacion3952,9.602683,-84.097252
3953,Ubicacion3953,10.12189,-84.03892
3954,Ubicacion3954,10.041486,-83.915802
3955,Ubicacion3955,9.921384,-84.384185
3956,Ubicacion3956,10.086871,-84.163204
3957,Ubicacion3957,9.955505,-83.916429
3958,Ubicacion3958,9.902778,-84.025828
3959,Ubicacion3959,9.690914,-84.266358
3960,Ubicacion3960,9.621917,-84.389028
3961,Ubicacion3961,9.808198,-84.275193
3962,Ubicacion3962,10.062848,-83.829306
3963,Ubicacion3963,9.741235,-83.860786
3964,Ubicacion3964,10.133693,-83.849816
3965,Ubicacion3965,9.70319,-84.066897
3966,Ubicacion3966,9.950357,-84.113345
3967,Ubicacion3967,10.016262,-83.83554
3968,Ubicacion3968,9.717208,-83.98316
3969,Ubicacion3969,9.838444,-84.204774
3970,Ubicacion3970,10.17305,-84.172255
3971,Ubicacion3971,10.141046,-84.141354
3972,Ubicacion3972,9.771646,-84.219884
3973,Ubicacion3973,9.88229,-83.927155
3974,Ubicacion3974,9.709845,-84.331213
3975,Ubicacion3975,9.782572,-83.967614
3976,Ubicacion3976,9.676762,-84.083427
3977,Ubicacion3977,10.189214,-84.025365
3978,Ubicacion3978,9.91686,-84.299904
3979,Ubicacion3979,9.952689,-84.095721
3980,Ubicacion3980,10.157722,-84.058795
3981,Ubicacion3981,9.749209,-84.110683
3982,Ubicacion3982,10.100536,-84.390106
3983,Ubicacion3983,9.826868,-84.306162
3984,Ubicacion3984,9.836874,-84.035174
3985,Ubicacion3985,9.975258,-84.230343
3986,Ubicacion3986,10.073003,-83.905929
3987,Ubicacion3987,9.894086,-84.343313
3988,Ubicacion3988,9.895386,-84.303281
3989,Ubicacion3989,9.814836,-84.152281
3990,Ubicacion3990,9.855717,-84.320753
3991,Ubicacion3991,9.925188,-84.027685
3992,Ubicacion3992,10.049622,-84.147235
3993,Ubicacion3993,10.104466,-84.037923
3994,Ubicacion3994,9.624974,-83.900731
3995,Ubicacion3995,9.63597,-84.346515
3996,Ubicacion3996,9.719151,-84.087217
3997,Ubicacion3997,9.896029,-83.873297
3998,Ubicacion3998,9.756502,-84.027462
3999,Ubicacion3999,9.709196,-84.264342
4000,Ubicacion4000,9.683614,-83.983141
4001,Ubicacion4001,10.0828,-83.910236
4002,Ubicacion4002,9.83326,-84.094724
4003,Ubicacion4003,10.101149,-84.225696
4004,Ubicacion4004,9.768981,-83.810602
4005,Ubicacion4005,9.777842,-84.315511
4006,Ubicacion4006,9.844551,-83.968733
4007,Ubicacion4007,9.896243,-84.221355
4008,Ubicacion4008,9.916921,-84.163873
4009,Ubicacion4009,9.926662,-84.389384
4010,Ubicacion4010,9.963579,-84.078911
4011,Ubicacion4011,9.673521,-84.122832
4012,Ubicacion4012,10.138921,-84.173636
4013,Ubicacion4013,9.679426,-84.037281
4014,Ubicacion4014,9.661513,-84.3439
4015,Ubicacion4015,9.858333,-84.324999
4016,Ubicacion4016,10.015701,-83.984434
4017,Ubicacion4017,10.134221,-84.004174
4018,Ubicacion4018,9.617148,-84.218696
4019,Ubicacion4019,9.818514,-84.175427
4020,Ubicacion4020,9.697847,-83.992637
4021,Ubicacion4021,10.053708,-84.399392
4022,Ubicacion4022,10.021044,-84.05335
4023,Ubicacion4023,9.609237,-83.86196
4024,Ubicacion4024,10.178682,-84.276836
4025,Ubicacion4025,10.131607,-84.359111
4026,Ubicacion4026,10.113884,-84.287059
4027,Ubicacion4027,10.131909,-84.264722
4028,Ubicacion4028,9.967261,-83.82337
4029,Ubicacion4029,10.006615,-84.371922
4030,Ubicacion4030,10.102321,-84.03781
4031,Ubicacion4031,9.936901,-84.045234
4032,Ubicacion4032,9.719215,-84.352522
4033,Ubicacion4033,9.807446,-84.282522
4034,Ubicacion4034,10.100308,-84.044363
4035,Ubicacion4035,9.975086,-83.894145
4036,Ubicacion4036,9.980014,-84.399872
4037,Ubicacion4037,9.747859,-84.074037
4038,Ubicacion4038,9.868444,-83.803205
4039,Ubicacion4039,10.091734,-83.922821
4040,Ubicacion4040,9.656018,-84.31308
4041,Ubicacion4041,9.896685,-84.329813
4042,Ubicacion4042,9.728525,-83.908541
4043,Ubicacion4043,9.6891,-84.125414
4044,Ubicacion4044,10.074916,-84.019715
4045,Ubicacion4045,10.098655,-84.336392
4046,Ubicacion4046,9.642704,-84.30811
4047,Ubicacion4047,9.79483,-84.349564
4048,Ubicacion4048,9.612426,-83.947311
4049,Ubicacion4049,9.730489,-84.32796
4050,Ubicacion4050,9.65947,-84.119719
4051,Ubicacion4051,9.66753,-84.229736
4052,Ubicacion4052,9.787453,-84.08376
4053,Ubicacion4053,9.849536,-84.136895
4054,Ubicacion4054,10.026178,-83.907465
4055,Ubicacion4055,9.913599,-84.23546
4056,Ubicacion4056,9.62529,-84.012421
4057,Ubicacion4057,9.670626,-83.924379
4058,Ubicacion4058,9.943504,-84.34579
4059,Ubicacion4059,9.98814,-84.34945
4060,Ubicacion4060,9.892479,-84.288689
4061,Ubicacion4061,10.185441,-83.994661
4062,Ubicacion4062,9.947262,-83.861985
4063,Ubicacion4063,9.868841,-84.239617
4064,Ubicacion4064,10.150461,-83.939654
4065,Ubicacion4065,9.633275,-84.002506
4066,Ubicacion4066,9.781349,-83.854206
4067,Ubicacion4067,9.948513,-83.856981
4068,Ubicacion4068,9.950985,-84.293412
4069,Ubicacion4069,9.826585,-83.934171
4070,Ubicacion4070,9.987765,-84.374633
4071,Ubicacion4071,9.656864,-83.944439
4072,Ubicacion4072,10.052071,-84.30971
4073,Ubicacion4073,10.126389,-84.175877
4074,Ubicacion4074,10.196723,-84.073675
4075,Ubicacion4075,9.848795,-83.902221
4076,Ubicacion4076,10.174942,-83.947717
4077,Ubicacion4077,9.691484,-83.992202
4078,Ubicacion4078,10.071572,-84.005897
4079,Ubicacion4079,10.022191,-83.972016
4080,Ubicacion4080,10.121346,-84.247705
4081,Ubicacion4081,10.174365,-83.937011
4082,Ubicacion4082,9.630994,-84.0754
4083,Ubicacion4083,9.688462,-83.848151
4084,Ubicacion4084,9.940567,-83.901478
4085,Ubicacion4085,9.686133,-84.285387
4086,Ubicacion4086,9.760391,-84.232961
4087,Ubicacion4087,10.083425,-84.272866
4088,Ubicacion4088,9.618664,-84.183465
4089,Ubicacion4089,9.837496,-84.172623
4090,Ubicacion4090,9.620294,-84.060146
4091,Ubicacion4091,9.711387,-84.298107
4092,Ubicacion4092,9.697892,-84.105882
4093,Ubicacion4093,9.666324,-83.807248
4094,Ubicacion4094,9.712617,-84.070538
4095,Ubicacion4095,9.922918,-84.279503
4096,Ubicacion4096,9.78737,-83.926725
4097,Ubicacion4097,9.849324,-83.843337
4098,Ubicacion4098,9.698742,-84.286446
4099,Ubicacion4099,10.194529,-84.008108
4100,Ubicacion4100,9.805375,-83.834208
4101,Ubicacion4101,9.605655,-84.127633
4102,Ubicacion4102,9.713021,-84.11793
4103,Ubicacion4103,9.844073,-84.243035
4104,Ubicacion4104,9.904964,-84.394472
4105,Ubicacion4105,9.830568,-83.950241
4106,Ubicacion4106,10.178654,-84.335534
4107,Ubicacion4107,10.001886,-83.807638
4108,Ubicacion4108,9.63641,-84.146159
4109,Ubicacion4109,9.952292,-84.381681
4110,Ubicacion4110,9.975556,-84.271277
4111,Ubicacion4111,9.974003,-84.075909
4112,Ubicacion4112,10.08687,-84.232929
4113,Ubicacion4113,9.828449,-84.161824
4114,Ubicacion4114,9.951098,-84.167442
4115,Ubicacion4115,10.031999,-83.920095
4116,Ubicacion4116,9.940287,-84.181818
4117,Ubicacion4117,9.857506,-84.043403
4118,Ubicacion4118,9.96818,-84.215027
4119,Ubicacion4119,9.975423,-84.053574
4120,Ubicacion4120,10.166877,-84.17301
4121,Ubicacion4121,10.120282,-84.05985
4122,Ubicacion4122,9.767116,-84.362628
4123,Ubicacion4123,10.00167,-83.873696
4124,Ubicacion4124,9.999041,-83.911613
4125,Ubicacion4125,10.038624,-84.328881
4126,Ubicacion4126,10.006065,-84.155844
4127,Ubicacion4127,9.818795,-84.230581
4128,Ubicacion4128,10.166161,-84.087348
4129,Ubicacion4129,9.941474,-84.134734
4130,Ubicacion4130,9.812796,-84.101157
4131,Ubicacion4131,9.92076,-84.122315
4132,Ubicacion4132,9.798643,-83.975195
4133,Ubicacion4133,10.128312,-83.879859
4134,Ubicacion4134,9.818929,-84.252517
4135,Ubicacion4135,9.882619,-84.094311
4136,Ubicacion4136,10.001018,-84.221341
4137,Ubicacion4137,9.854099,-83.910674
4138,Ubicacion4138,9.646913,-84.250634
4139,Ubicacion4139,10.18171,-84.369989
4140,Ubicacion4140,9.636312,-84.115063
4141,Ubicacion4141,9.851139,-84.069084
4142,Ubicacion4142,9.66247,-84.171508
4143,Ubicacion4143,9.954878,-83.800017
4144,Ubicacion4144,9.831945,-83.838911
4145,Ubicacion4145,9.99506,-83.908056
4146,Ubicacion4146,9.909281,-84.178442
4147,Ubicacion4147,9.883301,-84.030023
4148,Ubicacion4148,10.094114,-84.169515
4149,Ubicacion4149,9.977978,-83.871271
4150,Ubicacion4150,9.936772,-84.2469
4151,Ubicacion4151,9.684535,-84.039116
4152,Ubicacion4152,9.605105,-84.293583
4153,Ubicacion4153,10.015938,-84.079564
4154,Ubicacion4154,9.658893,-83.819571
4155,Ubicacion4155,10.000959,-84.006975
4156,Ubicacion4156,10.066217,-84.097955
4157,Ubicacion4157,9.985211,-84.098594
4158,Ubicacion4158,9.784313,-83.937584
4159,Ubicacion4159,9.700686,-84.380607
4160,Ubicacion4160,9.751186,-83.933556
4161,Ubicacion4161,9.661669,-84.348002
4162,Ubicacion4162,9.827138,-83.977935
4163,Ubicacion4163,9.705587,-84.299879
4164,Ubicacion4164,9.996295,-84.092276
4165,Ubicacion4165,10.156093,-83.996122
4166,Ubicacion4166,9.735058,-84.077924
4167,Ubicacion4167,9.621107,-84.049926
4168,Ubicacion4168,10.078477,-84.193104
4169,Ubicacion4169,10.168653,-84.09639
4170,Ubicacion4170,10.126962,-84.305438
4171,Ubicacion4171,9.795338,-84.072533
4172,Ubicacion4172,9.665481,-84.280098
4173,Ubicacion4173,9.950078,-83.852372
4174,Ubicacion4174,10.052268,-84.182392
4175,Ubicacion4175,9.699607,-83.809099
4176,Ubicacion4176,9.804532,-83.935376
4177,Ubicacion4177,10.186223,-83.986588
4178,Ubicacion4178,9.73418,-84.083993
4179,Ubicacion4179,9.989348,-84.033274
4180,Ubicacion4180,10.193331,-83.977877
4181,Ubicacion4181,9.635046,-84.099438
4182,Ubicacion4182,10.130382,-83.939519
4183,Ubicacion4183,9.731695,-83.914422
4184,Ubicacion4184,9.927014,-83.841041
4185,Ubicacion4185,9.728094,-84.235568
4186,Ubicacion4186,9.670902,-83.949005
4187,Ubicacion4187,9.633988,-84.152284
4188,Ubicacion4188,9.747006,-84.323996
4189,Ubicacion4189,9.722086,-83.913162
4190,Ubicacion4190,9.791171,-84.326073
4191,Ubicacion4191,9.704576,-84.177027
4192,Ubicacion4192,9.797273,-84.325962
4193,Ubicacion4193,10.082516,-84.374857
4194,Ubicacion4194,9.714325,-83.826128
4195,Ubicacion4195,10.172331,-84.25809
4196,Ubicacion4196,9.634531,-83.87863
4197,Ubicacion4197,9.653556,-84.165918
4198,Ubicacion4198,9.723807,-83.927674
4199,Ubicacion4199,9.872238,-83.99109
4200,Ubicacion4200,9.659945,-84.335723
4201,Ubicacion4201,9.690583,-83.900192
4202,Ubicacion4202,9.697206,-83.820758
4203,Ubicacion4203,9.803952,-83.809832
4204,Ubicacion4204,10.181047,-84.349037
4205,Ubicacion4205,9.941977,-84.265443
4206,Ubicacion4206,10.05654,-84.024252
4207,Ubicacion4207,9.719696,-84.347808
4208,Ubicacion4208,9.689958,-83.847621
4209,Ubicacion4209,10.013921,-84.280689
4210,Ubicacion4210,10.193388,-83.84956
4211,Ubicacion4211,9.918818,-84.018825
4212,Ubicacion4212,9.715818,-83.971946
4213,Ubicacion4213,9.671317,-84.097975
4214,Ubicacion4214,9.969705,-83.960766
4215,Ubicacion4215,9.858964,-84.063068
4216,Ubicacion4216,9.847247,-84.044665
4217,Ubicacion4217,9.915932,-84.349269
4218,Ubicacion4218,9.711221,-84.080209
4219,Ubicacion4219,9.80144,-84.010796
4220,Ubicacion4220,10.113061,-84.393158
4221,Ubicacion4221,9.838416,-84.26083
4222,Ubicacion4222,9.605086,-84.219943
4223,Ubicacion4223,9.748489,-84.154103
4224,Ubicacion4224,10.093525,-84.079438
4225,Ubicacion4225,9.603327,-84.255165
4226,Ubicacion4226,9.741833,-84.323941
4227,Ubicacion4227,9.736039,-84.262797
4228,Ubicacion4228,9.888418,-83.816826
4229,Ubicacion4229,9.971632,-83.892491
4230,Ubicacion4230,9.875865,-83.914889
4231,Ubicacion4231,9.758601,-83.964375
4232,Ubicacion4232,9.815548,-84.118528
4233,Ubicacion4233,9.723529,-84.208387
4234,Ubicacion4234,9.678747,-84.344722
4235,Ubicacion4235,9.866079,-84.283271
4236,Ubicacion4236,9.958133,-84.37965
4237,Ubicacion4237,9.75861,-83.905597
4238,Ubicacion4238,10.066589,-83.904959
4239,Ubicacion4239,10.066836,-84.146749
4240,Ubicacion4240,10.071096,-84.086162
4241,Ubicacion4241,9.980922,-84.384273
4242,Ubicacion4242,10.189908,-84.225172
4243,Ubicacion4243,9.944019,-83.916528
4244,Ubicacion4244,9.748915,-83.854553
4245,Ubicacion4245,10.127994,-84.166929
4246,Ubicacion4246,10.108461,-84.348202
4247,Ubicacion4247,9.994332,-83.816107
4248,Ubicacion4248,9.815837,-84.17469
4249,Ubicacion4249,9.826869,-84.046822
4250,Ubicacion4250,9.703455,-84.03338
4251,Ubicacion4251,10.059109,-84.04051
4252,Ubicacion4252,9.600888,-83.88806
4253,Ubicacion4253,9.733727,-84.067371
4254,Ubicacion4254,9.780053,-84.16586
4255,Ubicacion4255,10.198744,-84.323676
4256,Ubicacion4256,9.946317,-83.874784
4257,Ubicacion4257,10.00536,-84.0991
4258,Ubicacion4258,9.936465,-84.159673
4259,Ubicacion4259,9.617519,-84.246291
4260,Ubicacion4260,9.73738,-83.944458
4261,Ubicacion4261,9.683341,-84.32143
4262,Ubicacion4262,9.661577,-83.995655
4263,Ubicacion4263,9.942306,-84.288678
4264,Ubicacion4264,9.81124,-84.210769
4265,Ubicacion4265,9.610963,-84.079746
4266,Ubicacion4266,9.926469,-84.252234
4267,Ubicacion4267,10.005759,-84.377438
4268,Ubicacion4268,10.014249,-84.331237
4269,Ubicacion4269,9.900222,-84.129444
4270,Ubicacion4270,10.066645,-83.974798
4271,Ubicacion4271,10.153307,-84.3875
4272,Ubicacion4272,9.745306,-84.049299
4273,Ubicacion4273,10.184398,-83.96302
4274,Ubicacion4274,10.16598,-84.094368
4275,Ubicacion4275,9.726125,-83.860744
4276,Ubicacion4276,9.825973,-83.90746
4277,Ubicacion4277,9.914754,-84.284562
4278,Ubicacion4278,9.769182,-84.263276
4279,Ubicacion4279,10.175935,-84.204391
4280,Ubicacion4280,9.788419,-84.359742
4281,Ubicacion4281,9.97271,-84.190246
4282,Ubicacion4282,9.639344,-83.838066
4283,Ubicacion4283,10.001979,-84.289472
4284,Ubicacion4284,10.041493,-84.336779
4285,Ubicacion4285,9.835633,-84.158082
4286,Ubicacion4286,10.047348,-84.172157
4287,Ubicacion4287,9.687964,-84.111547
4288,Ubicacion4288,9.917408,-84.280553
4289,Ubicacion4289,9.644051,-84.053674
4290,Ubicacion4290,10.083953,-83.993092
4291,Ubicacion4291,10.023187,-83.944395
4292,Ubicacion4292,9.627069,-83.933179
4293,Ubicacion4293,9.946439,-83.874466
4294,Ubicacion4294,9.741532,-84.260777
4295,Ubicacion4295,10.14632,-84.384878
4296,Ubicacion4296,9.804087,-84.002346
4297,Ubicacion4297,10.038619,-83.938917
4298,Ubicacion4298,9.704501,-84.082214
4299,Ubicacion4299,10.081798,-84.035569
4300,Ubicacion4300,9.909324,-83.99422
4301,Ubicacion4301,9.859397,-84.027498
4302,Ubicacion4302,10.095048,-84.056658
4303,Ubicacion4303,9.687068,-84.230683
4304,Ubicacion4304,9.780104,-84.247033
4305,Ubicacion4305,10.155028,-83.918069
4306,Ubicacion4306,10.017796,-84.38438
4307,Ubicacion4307,10.110869,-84.050794
4308,Ubicacion4308,9.674723,-84.277129
4309,Ubicacion4309,9.647259,-83.825348
4310,Ubicacion4310,9.857671,-84.397002
4311,Ubicacion4311,10.143227,-84.220733
4312,Ubicacion4312,9.851859,-84.236398
4313,Ubicacion4313,10.153347,-84.325833
4314,Ubicacion4314,10.190101,-84.067269
4315,Ubicacion4315,10.056555,-84.342093
4316,Ubicacion4316,9.86657,-84.064381
4317,Ubicacion4317,9.81145,-83.979691
4318,Ubicacion4318,9.611778,-83.987782
4319,Ubicacion4319,10.082341,-84.222511
4320,Ubicacion4320,9.722489,-84.251947
4321,Ubicacion4321,10.027155,-83.917508
4322,Ubicacion4322,9.701192,-84.385707
4323,Ubicacion4323,10.031284,-83.922281
4324,Ubicacion4324,10.174378,-84.375132
4325,Ubicacion4325,9.776928,-84.007408
4326,Ubicacion4326,10.121391,-84.239356
4327,Ubicacion4327,9.746713,-83.914724
4328,Ubicacion4328,10.091452,-84.355177
4329,Ubicacion4329,9.867487,-84.359259
4330,Ubicacion4330,9.750197,-84.18563
4331,Ubicacion4331,10.051536,-83.985864
4332,Ubicacion4332,9.929018,-84.204135
4333,Ubicacion4333,9.788413,-84.200753
4334,Ubicacion4334,9.90799,-84.380873
4335,Ubicacion4335,9.955224,-84.079663
4336,Ubicacion4336,9.8671,-84.072937
4337,Ubicacion4337,9.878576,-84.138614
4338,Ubicacion4338,9.80338,-84.291286
4339,Ubicacion4339,9.811114,-84.389553
4340,Ubicacion4340,9.997189,-84.28677
4341,Ubicacion4341,10.133149,-83.882256
4342,Ubicacion4342,9.805167,-84.234113
4343,Ubicacion4343,9.978514,-83.876843
4344,Ubicacion4344,9.816658,-83.963809
4345,Ubicacion4345,9.802356,-84.348618
4346,Ubicacion4346,9.76176,-83.994583
4347,Ubicacion4347,9.697242,-83.920126
4348,Ubicacion4348,9.860568,-84.388311
4349,Ubicacion4349,9.732939,-83.958922
4350,Ubicacion4350,9.718169,-83.888572
4351,Ubicacion4351,9.950837,-83.853526
4352,Ubicacion4352,10.001837,-83.832033
4353,Ubicacion4353,9.600194,-84.039389
4354,Ubicacion4354,10.043841,-84.21082
4355,Ubicacion4355,9.655108,-84.166446
4356,Ubicacion4356,9.673074,-83.96701
4357,Ubicacion4357,9.913943,-84.378235
4358,Ubicacion4358,10.122746,-84.132787
4359,Ubicacion4359,9.891247,-84.169389
4360,Ubicacion4360,9.954147,-83.955248
4361,Ubicacion4361,10.167628,-84.09669
4362,Ubicacion4362,9.918748,-83.817076
4363,Ubicacion4363,9.746265,-83.88668
4364,Ubicacion4364,9.982512,-84.032008
4365,Ubicacion4365,10.105197,-84.381596
4366,Ubicacion4366,10.17235,-84.368338
4367,Ubicacion4367,9.766393,-84.13483
4368,Ubicacion4368,9.659497,-84.19123
4369,Ubicacion4369,9.712651,-84.155972
4370,Ubicacion4370,9.696217,-84.155571
4371,Ubicacion4371,9.630324,-84.36369
4372,Ubicacion4372,9.920543,-84.16639
4373,Ubicacion4373,9.620426,-84.36636
4374,Ubicacion4374,9.972592,-84.029259
4375,Ubicacion4375,10.196998,-84.396422
4376,Ubicacion4376,9.683421,-83.810682
4377,Ubicacion4377,10.040923,-83.98952
4378,Ubicacion4378,10.087175,-83.932045
4379,Ubicacion4379,10.196378,-84.257874
4380,Ubicacion4380,9.634504,-83.892158
4381,Ubicacion4381,10.133143,-84.339374
4382,Ubicacion4382,9.88969,-84.112888
4383,Ubicacion4383,9.630748,-84.398356
4384,Ubicacion4384,10.195663,-84.022508
4385,Ubicacion4385,10.161161,-83.803447
4386,Ubicacion4386,9.605984,-84.250257
4387,Ubicacion4387,9.987126,-83.901005
4388,Ubicacion4388,10.113233,-83.83539
4389,Ubicacion4389,9.747947,-84.382595
4390,Ubicacion4390,9.961335,-83.867477
4391,Ubicacion4391,10.071486,-84.333997
4392,Ubicacion4392,9.784441,-83.928082
4393,Ubicacion4393,9.740967,-84.081039
4394,Ubicacion4394,10.093208,-83.842292
4395,Ubicacion4395,9.646535,-84.211307
4396,Ubicacion4396,9.997703,-84.304847
4397,Ubicacion4397,9.76418,-83.990824
4398,Ubicacion4398,9.82429,-84.335397
4399,Ubicacion4399,9.821971,-84.250901
4400,Ubicacion4400,9.647929,-83.927314
4401,Ubicacion4401,9.86386,-84.016984
4402,Ubicacion4402,10.133105,-83.972957
4403,Ubicacion4403,9.947331,-84.155838
4404,Ubicacion4404,10.023576,-83.998177
4405,Ubicacion4405,9.986345,-84.156442
4406,Ubicacion4406,10.050051,-84.288538
4407,Ubicacion4407,10.173954,-84.386583
4408,Ubicacion4408,9.889193,-84.029314
4409,Ubicacion4409,9.640797,-84.255359
4410,Ubicacion4410,9.662312,-84.369833
4411,Ubicacion4411,9.848121,-84.322603
4412,Ubicacion4412,10.086558,-84.17108
4413,Ubicacion4413,10.063334,-84.241402
4414,Ubicacion4414,9.659954,-83.94667
4415,Ubicacion4415,9.913691,-84.259602
4416,Ubicacion4416,9.648202,-84.240458
4417,Ubicacion4417,9.981683,-83.904365
4418,Ubicacion4418,10.093201,-83.828365
4419,Ubicacion4419,10.036962,-84.015582
4420,Ubicacion4420,9.771762,-84.35566
4421,Ubicacion4421,9.600202,-84.018509
4422,Ubicacion4422,10.097062,-84.386377
4423,Ubicacion4423,9.682042,-84.128586
4424,Ubicacion4424,9.641043,-84.24948
4425,Ubicacion4425,9.705864,-84.263507
4426,Ubicacion4426,10.060804,-84.299121
4427,Ubicacion4427,9.931959,-83.845331
4428,Ubicacion4428,10.182034,-84.124398
4429,Ubicacion4429,10.062366,-84.342163
4430,Ubicacion4430,10.094258,-84.146152
4431,Ubicacion4431,10.091006,-83.865386
4432,Ubicacion4432,10.042561,-84.003304
4433,Ubicacion4433,9.638134,-84.376602
4434,Ubicacion4434,9.803835,-84.221564
4435,Ubicacion4435,10.170065,-84.174303
4436,Ubicacion4436,10.1594,-83.864427
4437,Ubicacion4437,10.15395,-84.087376
4438,Ubicacion4438,9.988769,-84.210095
4439,Ubicacion4439,9.864966,-84.208709
4440,Ubicacion4440,10.150933,-83.822143
4441,Ubicacion4441,9.680878,-84.034409
4442,Ubicacion4442,9.635696,-84.204254
4443,Ubicacion4443,10.030908,-84.075365
4444,Ubicacion4444,9.981885,-84.068882
4445,Ubicacion4445,9.738348,-83.927605
4446,Ubicacion4446,9.897841,-84.217466
4447,Ubicacion4447,10.075084,-84.270538
4448,Ubicacion4448,9.830807,-84.259635
4449,Ubicacion4449,10.095994,-84.00556
4450,Ubicacion4450,9.650446,-84.285074
4451,Ubicacion4451,9.716577,-84.103955
4452,Ubicacion4452,10.145086,-83.971113
4453,Ubicacion4453,10.032198,-83.959736
4454,Ubicacion4454,10.153837,-84.200047
4455,Ubicacion4455,10.033582,-84.281191
4456,Ubicacion4456,9.675856,-84.211492
4457,Ubicacion4457,9.953659,-84.311713
4458,Ubicacion4458,10.091315,-84.261538
4459,Ubicacion4459,9.73468,-84.074323
4460,Ubicacion4460,9.929409,-84.084301
4461,Ubicacion4461,10.038369,-83.899918
4462,Ubicacion4462,9.806208,-84.377393
4463,Ubicacion4463,9.77252,-84.170564
4464,Ubicacion4464,10.171776,-83.96004
4465,Ubicacion4465,9.629699,-84.076062
4466,Ubicacion4466,9.902063,-84.204222
4467,Ubicacion4467,10.198542,-84.223987
4468,Ubicacion4468,9.614,-84.143219
4469,Ubicacion4469,10.03388,-83.86046
4470,Ubicacion4470,9.941696,-84.30162
4471,Ubicacion4471,10.183447,-83.910194
4472,Ubicacion4472,9.766528,-83.874781
4473,Ubicacion4473,9.720442,-84.224644
4474,Ubicacion4474,10.06984,-84.094718
4475,Ubicacion4475,9.696533,-84.062481
4476,Ubicacion4476,9.674074,-84.216152
4477,Ubicacion4477,10.154187,-84.039079
4478,Ubicacion4478,9.682892,-84.221407
4479,Ubicacion4479,9.618452,-83.886981
4480,Ubicacion4480,9.640081,-84.358096
4481,Ubicacion4481,9.662021,-83.969001
4482,Ubicacion4482,10.051134,-84.129661
4483,Ubicacion4483,9.908324,-84.230589
4484,Ubicacion4484,10.042063,-84.162037
4485,Ubicacion4485,9.683451,-84.159525
4486,Ubicacion4486,9.671418,-83.877863
4487,Ubicacion4487,10.013239,-84.143121
4488,Ubicacion4488,9.652661,-84.049336
4489,Ubicacion4489,9.666243,-84.305966
4490,Ubicacion4490,10.085663,-84.341812
4491,Ubicacion4491,9.939999,-84.37508
4492,Ubicacion4492,10.08202,-84.055342
4493,Ubicacion4493,9.716468,-84.065926
4494,Ubicacion4494,9.795698,-84.12252
4495,Ubicacion4495,9.989381,-84.31022
4496,Ubicacion4496,9.905889,-84.380048
4497,Ubicacion4497,9.807757,-84.158301
4498,Ubicacion4498,9.967445,-83.914716
4499,Ubicacion4499,9.715202,-84.004129
4500,Ubicacion4500,9.886453,-83.84941
4501,Ubicacion4501,10.19785,-83.998656
4502,Ubicacion4502,9.828238,-83.853793
4503,Ubicacion4503,9.706301,-83.976153
4504,Ubicacion4504,9.724955,-83.902948
4505,Ubicacion4505,9.662723,-84.044382
4506,Ubicacion4506,9.944149,-84.384334
4507,Ubicacion4507,10.14763,-84.018453
4508,Ubicacion4508,9.850383,-84.027246
4509,Ubicacion4509,10.010164,-83.888588
4510,Ubicacion4510,9.90617,-84.298585
4511,Ubicacion4511,9.711712,-84.040656
4512,Ubicacion4512,10.129124,-83.828522
4513,Ubicacion4513,9.762951,-84.389682
4514,Ubicacion4514,9.812622,-84.064716
4515,Ubicacion4515,10.043903,-83.992004
4516,Ubicacion4516,10.082575,-84.069688
4517,Ubicacion4517,10.013808,-84.200814
4518,Ubicacion4518,9.74683,-84.379808
4519,Ubicacion4519,10.081919,-83.842458
4520,Ubicacion4520,10.063601,-84.075564
4521,Ubicacion4521,10.188782,-83.889716
4522,Ubicacion4522,9.889897,-83.944921
4523,Ubicacion4523,9.688161,-83.919972
4524,Ubicacion4524,9.653246,-84.011508
4525,Ubicacion4525,9.930385,-83.876779
4526,Ubicacion4526,9.912752,-83.97593
4527,Ubicacion4527,9.81555,-84.197047
4528,Ubicacion4528,9.666149,-84.165735
4529,Ubicacion4529,9.854678,-83.923375
4530,Ubicacion4530,9.820356,-83.983512
4531,Ubicacion4531,9.757352,-84.082296
4532,Ubicacion4532,9.918483,-84.295774
4533,Ubicacion4533,10.107446,-83.915659
4534,Ubicacion4534,10.174948,-83.818239
4535,Ubicacion4535,10.078516,-83.894744
4536,Ubicacion4536,10.073076,-83.983366
4537,Ubicacion4537,9.625531,-84.145384
4538,Ubicacion4538,9.732609,-84.272818
4539,Ubicacion4539,10.180846,-84.364552
4540,Ubicacion4540,10.017011,-84.161563
4541,Ubicacion4541,10.033044,-83.977036
4542,Ubicacion4542,9.881235,-84.350463
4543,Ubicacion4543,9.887061,-83.868228
4544,Ubicacion4544,10.076308,-84.109158
4545,Ubicacion4545,9.981365,-84.375541
4546,Ubicacion4546,9.659185,-84.136401
4547,Ubicacion4547,9.986577,-84.014834
4548,Ubicacion4548,9.732562,-84.355785
4549,Ubicacion4549,9.76175,-84.282927
4550,Ubicacion4550,9.895782,-84.105666
4551,Ubicacion4551,10.047779,-84.277257
4552,Ubicacion4552,10.092803,-83.944183
4553,Ubicacion4553,10.108681,-83.85259
4554,Ubicacion4554,10.151297,-83.911497
4555,Ubicacion4555,10.119423,-84.057021
4556,Ubicacion4556,9.994341,-84.31755
4557,Ubicacion4557,9.869573,-84.276693
4558,Ubicacion4558,9.701204,-84.350415
4559,Ubicacion4559,10.087079,-84.111767
4560,Ubicacion4560,10.151581,-84.217171
4561,Ubicacion4561,9.747123,-83.939338
4562,Ubicacion4562,9.600451,-83.853199
4563,Ubicacion4563,9.750472,-83.987393
4564,Ubicacion4564,10.030741,-84.008793
4565,Ubicacion4565,9.647579,-83.942867
4566,Ubicacion4566,9.842057,-83.913448
4567,Ubicacion4567,10.154392,-84.324809
4568,Ubicacion4568,9.692093,-84.275904
4569,Ubicacion4569,9.882851,-84.187202
4570,Ubicacion4570,10.185085,-84.313202
4571,Ubicacion4571,9.773993,-84.082481
4572,Ubicacion4572,9.794535,-83.990113
4573,Ubicacion4573,9.696715,-84.250287
4574,Ubicacion4574,10.157724,-83.858949
4575,Ubicacion4575,9.915942,-84.314771
4576,Ubicacion4576,10.054844,-84.332413
4577,Ubicacion4577,10.168427,-83.99821
4578,Ubicacion4578,9.838375,-83.932352
4579,Ubicacion4579,10.186757,-84.382212
4580,Ubicacion4580,10.042947,-83.941351
4581,Ubicacion4581,10.103282,-84.01809
4582,Ubicacion4582,10.021655,-84.042816
4583,Ubicacion4583,9.843828,-84.275304
4584,Ubicacion4584,9.741106,-84.069334
4585,Ubicacion4585,9.768257,-84.057064
4586,Ubicacion4586,9.728296,-84.068538
4587,Ubicacion4587,9.855884,-83.880504
4588,Ubicacion4588,9.748097,-84.160374
4589,Ubicacion4589,10.188412,-84.218958
4590,Ubicacion4590,9.611949,-83.862427
4591,Ubicacion4591,10.159216,-83.815144
4592,Ubicacion4592,9.646681,-84.168859
4593,Ubicacion4593,9.727412,-84.066203
4594,Ubicacion4594,9.764594,-84.167805
4595,Ubicacion4595,9.800835,-84.383745
4596,Ubicacion4596,9.918826,-84.272386
4597,Ubicacion4597,9.747542,-84.21998
4598,Ubicacion4598,9.63114,-84.185955
4599,Ubicacion4599,9.992666,-84.223671
4600,Ubicacion4600,9.700958,-84.092503
4601,Ubicacion4601,9.940459,-84.166219
4602,Ubicacion4602,10.122836,-83.968507
4603,Ubicacion4603,9.951065,-83.907119
4604,Ubicacion4604,9.88102,-83.942981
4605,Ubicacion4605,10.115209,-84.161511
4606,Ubicacion4606,10.051122,-83.823885
4607,Ubicacion4607,9.757028,-84.251435
4608,Ubicacion4608,9.947753,-84.300303
4609,Ubicacion4609,9.785072,-84.124428
4610,Ubicacion4610,9.984569,-84.33014
4611,Ubicacion4611,9.832273,-84.154992
4612,Ubicacion4612,9.93211,-83.923224
4613,Ubicacion4613,9.675271,-83.818906
4614,Ubicacion4614,9.711744,-84.122927
4615,Ubicacion4615,9.876384,-84.202213
4616,Ubicacion4616,10.025018,-84.06652
4617,Ubicacion4617,9.827595,-83.821871
4618,Ubicacion4618,9.957244,-84.180459
4619,Ubicacion4619,9.646479,-83.872506
4620,Ubicacion4620,10.003268,-84.145062
4621,Ubicacion4621,9.885483,-83.99189
4622,Ubicacion4622,9.750472,-83.851358
4623,Ubicacion4623,9.811981,-84.325506
4624,Ubicacion4624,9.664003,-84.090899
4625,Ubicacion4625,10.119702,-84.388316
4626,Ubicacion4626,10.130732,-84.072888
4627,Ubicacion4627,9.9237,-84.158966
4628,Ubicacion4628,9.634576,-84.210266
4629,Ubicacion4629,9.722448,-84.01803
4630,Ubicacion4630,9.928345,-84.38445
4631,Ubicacion4631,9.689889,-84.252698
4632,Ubicacion4632,9.957751,-83.948959
4633,Ubicacion4633,9.843768,-83.845287
4634,Ubicacion4634,9.703789,-84.170043
4635,Ubicacion4635,9.639938,-84.130024
4636,Ubicacion4636,9.831298,-83.828775
4637,Ubicacion4637,9.986537,-83.859817
4638,Ubicacion4638,9.622542,-84.18101
4639,Ubicacion4639,9.853273,-84.043366
4640,Ubicacion4640,9.666482,-84.135262
4641,Ubicacion4641,9.845333,-84.38499
4642,Ubicacion4642,10.162211,-83.89618
4643,Ubicacion4643,9.604651,-83.876365
4644,Ubicacion4644,10.191278,-84.323193
4645,Ubicacion4645,9.852522,-84.085848
4646,Ubicacion4646,9.78744,-83.966896
4647,Ubicacion4647,9.84961,-84.052017
4648,Ubicacion4648,9.601271,-84.016488
4649,Ubicacion4649,9.680601,-83.991974
4650,Ubicacion4650,9.949075,-83.858142
4651,Ubicacion4651,9.696226,-84.382561
4652,Ubicacion4652,9.636734,-84.193917
4653,Ubicacion4653,10.074562,-84.330127
4654,Ubicacion4654,10.044148,-84.270694
4655,Ubicacion4655,10.1567,-83.995064
4656,Ubicacion4656,9.71272,-84.287112
4657,Ubicacion4657,9.820272,-84.099018
4658,Ubicacion4658,10.030329,-84.343169
4659,Ubicacion4659,9.600466,-83.856424
4660,Ubicacion4660,10.006693,-84.345689
4661,Ubicacion4661,9.681462,-84.305746
4662,Ubicacion4662,9.961528,-84.2501
4663,Ubicacion4663,9.917948,-83.990428
4664,Ubicacion4664,10.056679,-83.846542
4665,Ubicacion4665,9.616883,-84.351985
4666,Ubicacion4666,9.6961,-84.222967
4667,Ubicacion4667,9.806996,-84.025433
4668,Ubicacion4668,9.792047,-83.841135
4669,Ubicacion4669,10.049454,-84.288863
4670,Ubicacion4670,9.634093,-84.241539
4671,Ubicacion4671,9.774584,-84.380026
4672,Ubicacion4672,9.788933,-83.812778
4673,Ubicacion4673,9.859822,-84.082967
4674,Ubicacion4674,10.079746,-84.11849
4675,Ubicacion4675,9.67202,-84.234633
4676,Ubicacion4676,9.865326,-84.247433
4677,Ubicacion4677,9.60278,-83.984608
4678,Ubicacion4678,10.101094,-84.392547
4679,Ubicacion4679,9.861045,-84.321443
4680,Ubicacion4680,10.13529,-84.234351
4681,Ubicacion4681,9.85194,-84.218292
4682,Ubicacion4682,10.036733,-84.25498
4683,Ubicacion4683,10.103214,-84.076172
4684,Ubicacion4684,10.064825,-84.186237
4685,Ubicacion4685,9.969794,-83.971589
4686,Ubicacion4686,9.892164,-84.319421
4687,Ubicacion4687,9.777051,-84.139814
4688,Ubicacion4688,10.097266,-84.376203
4689,Ubicacion4689,10.19178,-84.246826
4690,Ubicacion4690,10.092331,-84.23369
4691,Ubicacion4691,9.989386,-84.116945
4692,Ubicacion4692,10.155351,-84.137314
4693,Ubicacion4693,9.610492,-83.819344
4694,Ubicacion4694,10.090844,-83.958706
4695,Ubicacion4695,10.001662,-84.171228
4696,Ubicacion4696,9.791719,-84.148166
4697,Ubicacion4697,9.76768,-84.202536
4698,Ubicacion4698,9.786456,-83.821454
4699,Ubicacion4699,9.710506,-83.986048
4700,Ubicacion4700,9.80313,-84.24026
4701,Ubicacion4701,9.705857,-83.992301
4702,Ubicacion4702,9.744585,-84.393052
4703,Ubicacion4703,10.071629,-83.842447
4704,Ubicacion4704,9.921769,-84.049096
4705,Ubicacion4705,9.947709,-84.225401
4706,Ubicacion4706,10.122578,-83.932818
4707,Ubicacion4707,9.647449,-84.294832
4708,Ubicacion4708,9.959979,-84.392527
4709,Ubicacion4709,9.722643,-83.894139
4710,Ubicacion4710,9.619689,-84.112133
4711,Ubicacion4711,9.882711,-83.968719
4712,Ubicacion4712,10.020165,-83.848312
4713,Ubicacion4713,9.989542,-84.106085
4714,Ubicacion4714,10.149878,-83.94964
4715,Ubicacion4715,10.101982,-84.289235
4716,Ubicacion4716,10.042749,-84.044052
4717,Ubicacion4717,9.707912,-84.321379
4718,Ubicacion4718,9.642025,-84.188095
4719,Ubicacion4719,10.020197,-84.244634
4720,Ubicacion4720,9.804796,-84.045859
4721,Ubicacion4721,9.622723,-84.211079
4722,Ubicacion4722,9.684278,-84.054708
4723,Ubicacion4723,9.786257,-84.104906
4724,Ubicacion4724,9.733765,-83.999968
4725,Ubicacion4725,10.165068,-84.39842
4726,Ubicacion4726,9.961554,-84.061914
4727,Ubicacion4727,10.170971,-84.094166
4728,Ubicacion4728,10.161976,-84.057851
4729,Ubicacion4729,10.084258,-83.955514
4730,Ubicacion4730,10.190008,-84.158787
4731,Ubicacion4731,9.833981,-84.232738
4732,Ubicacion4732,10.042179,-84.158709
4733,Ubicacion4733,10.132942,-83.849665
4734,Ubicacion4734,9.800336,-84.21557
4735,Ubicacion4735,9.90334,-83.863647
4736,Ubicacion4736,9.946302,-84.314796
4737,Ubicacion4737,9.846865,-84.163677
4738,Ubicacion4738,10.079059,-84.252417
4739,Ubicacion4739,9.848299,-83.842861
4740,Ubicacion4740,9.898073,-84.003995
4741,Ubicacion4741,9.604871,-83.812296
4742,Ubicacion4742,9.614107,-84.342767
4743,Ubicacion4743,9.79432,-83.938079
4744,Ubicacion4744,9.702938,-84.300562
4745,Ubicacion4745,10.116988,-84.005058
4746,Ubicacion4746,9.681901,-83.803068
4747,Ubicacion4747,10.094576,-84.216731
4748,Ubicacion4748,9.637139,-84.154395
4749,Ubicacion4749,9.758175,-84.180502
4750,Ubicacion4750,9.642411,-83.825276
4751,Ubicacion4751,10.072644,-84.398319
4752,Ubicacion4752,10.184701,-83.981683
4753,Ubicacion4753,9.676086,-84.024992
4754,Ubicacion4754,9.756396,-84.393485
4755,Ubicacion4755,9.843525,-84.27127
4756,Ubicacion4756,10.172376,-84.167904
4757,Ubicacion4757,9.625893,-84.165579
4758,Ubicacion4758,9.996256,-83.823974
4759,Ubicacion4759,9.606335,-84.39982
4760,Ubicacion4760,10.097845,-84.160743
4761,Ubicacion4761,9.848715,-84.159938
4762,Ubicacion4762,10.091298,-84.209646
4763,Ubicacion4763,9.786717,-84.29787
4764,Ubicacion4764,10.189945,-84.094972
4765,Ubicacion4765,9.920715,-84.322931
4766,Ubicacion4766,10.033757,-84.241257
4767,Ubicacion4767,9.965409,-84.327163
4768,Ubicacion4768,10.056258,-84.142725
4769,Ubicacion4769,9.737267,-83.968408
4770,Ubicacion4770,9.965657,-83.905543
4771,Ubicacion4771,10.083326,-84.300366
4772,Ubicacion4772,9.710624,-83.86673
4773,Ubicacion4773,9.678859,-84.318009
4774,Ubicacion4774,9.737063,-83.895959
4775,Ubicacion4775,10.020298,-84.383268
4776,Ubicacion4776,10.114519,-83.953934
4777,Ubicacion4777,9.613648,-84.378016
4778,Ubicacion4778,9.816545,-83.949895
4779,Ubicacion4779,9.762826,-83.933355
4780,Ubicacion4780,9.631539,-83.946283
4781,Ubicacion4781,10.151443,-84.047054
4782,Ubicacion4782,10.027934,-84.39782
4783,Ubicacion4783,9.846157,-83.805552
4784,Ubicacion4784,9.665489,-84.158401
4785,Ubicacion4785,9.977829,-84.281199
4786,Ubicacion4786,10.034184,-83.96101
4787,Ubicacion4787,9.922745,-84.143104
4788,Ubicacion4788,9.970784,-84.12821
4789,Ubicacion4789,9.860715,-83.836313
4790,Ubicacion4790,10.130269,-84.132965
4791,Ubicacion4791,10.045061,-83.844337
4792,Ubicacion4792,10.166949,-84.250275
4793,Ubicacion4793,9.678471,-84.334809
4794,Ubicacion4794,9.615384,-83.974523
4795,Ubicacion4795,9.602335,-83.873297
4796,Ubicacion4796,10.062365,-84.347171
4797,Ubicacion4797,10.012463,-84.31887
4798,Ubicacion4798,10.028919,-84.208853
4799,Ubicacion4799,9.691991,-84.173037
4800,Ubicacion4800,9.771878,-83.891307
4801,Ubicacion4801,9.736176,-84.003747
4802,Ubicacion4802,10.126164,-83.900979
4803,Ubicacion4803,10.089129,-83.852874
4804,Ubicacion4804,9.864252,-83.804345
4805,Ubicacion4805,9.857364,-84.10653
4806,Ubicacion4806,10.113745,-84.225984
4807,Ubicacion4807,9.626904,-84.006407
4808,Ubicacion4808,10.064798,-83.842985
4809,Ubicacion4809,10.001844,-84.379612
4810,Ubicacion4810,9.912102,-84.030222
4811,Ubicacion4811,10.029445,-84.229512
4812,Ubicacion4812,10.054447,-83.825163
4813,Ubicacion4813,10.16491,-84.072066
4814,Ubicacion4814,9.901711,-84.144613
4815,Ubicacion4815,9.671599,-84.235458
4816,Ubicacion4816,9.683413,-84.052528
4817,Ubicacion4817,9.844979,-84.356662
4818,Ubicacion4818,9.774101,-83.920212
4819,Ubicacion4819,9.656974,-84.25493
4820,Ubicacion4820,9.75017,-84.331795
4821,Ubicacion4821,9.880491,-84.158204
4822,Ubicacion4822,9.997829,-83.977459
4823,Ubicacion4823,9.931706,-84.007954
4824,Ubicacion4824,9.734246,-83.87559
4825,Ubicacion4825,9.955287,-84.156825
4826,Ubicacion4826,9.872746,-84.029731
4827,Ubicacion4827,9.958747,-83.941775
4828,Ubicacion4828,9.849202,-83.868077
4829,Ubicacion4829,9.812789,-84.223657
4830,Ubicacion4830,10.18223,-84.329357
4831,Ubicacion4831,9.930816,-84.032945
4832,Ubicacion4832,9.647318,-84.338063
4833,Ubicacion4833,9.633391,-84.064512
4834,Ubicacion4834,10.113046,-84.025801
4835,Ubicacion4835,9.792474,-84.11972
4836,Ubicacion4836,10.041376,-84.394314
4837,Ubicacion4837,10.166483,-83.801794
4838,Ubicacion4838,10.160385,-84.241295
4839,Ubicacion4839,10.125424,-84.218008
4840,Ubicacion4840,9.613552,-84.142234
4841,Ubicacion4841,10.097628,-84.349649
4842,Ubicacion4842,10.11929,-84.255338
4843,Ubicacion4843,9.938539,-84.339188
4844,Ubicacion4844,9.895682,-84.290632
4845,Ubicacion4845,9.863036,-83.816127
4846,Ubicacion4846,9.825122,-83.848989
4847,Ubicacion4847,9.676338,-84.116695
4848,Ubicacion4848,9.63172,-84.170575
4849,Ubicacion4849,9.739693,-84.031673
4850,Ubicacion4850,10.056547,-84.223034
4851,Ubicacion4851,9.827496,-84.105594
4852,Ubicacion4852,10.064271,-84.158704
4853,Ubicacion4853,10.181147,-83.924241
4854,Ubicacion4854,9.773994,-83.891513
4855,Ubicacion4855,9.800802,-84.358396
4856,Ubicacion4856,9.825372,-84.005546
4857,Ubicacion4857,9.924961,-84.036895
4858,Ubicacion4858,9.660564,-83.832014
4859,Ubicacion4859,9.98882,-84.09178
4860,Ubicacion4860,9.991256,-83.973122
4861,Ubicacion4861,9.760516,-84.138878
4862,Ubicacion4862,9.941686,-83.9013
4863,Ubicacion4863,10.120178,-84.201414
4864,Ubicacion4864,9.851167,-84.180737
4865,Ubicacion4865,10.147804,-84.083944
4866,Ubicacion4866,9.895992,-84.305053
4867,Ubicacion4867,9.703649,-84.274798
4868,Ubicacion4868,9.648896,-84.068334
4869,Ubicacion4869,10.178608,-84.099993
4870,Ubicacion4870,10.132721,-84.161602
4871,Ubicacion4871,9.695264,-84.256419
4872,Ubicacion4872,9.66732,-84.126854
4873,Ubicacion4873,9.72322,-84.058877
4874,Ubicacion4874,9.957388,-84.085914
4875,Ubicacion4875,9.61253,-83.86259
4876,Ubicacion4876,9.723744,-83.854105
4877,Ubicacion4877,9.976228,-84.002628
4878,Ubicacion4878,9.720429,-83.819065
4879,Ubicacion4879,10.022368,-83.944777
4880,Ubicacion4880,9.87014,-84.076111
4881,Ubicacion4881,9.811425,-83.823264
4882,Ubicacion4882,10.14776,-84.226388
4883,Ubicacion4883,9.906313,-84.297739
4884,Ubicacion4884,10.022307,-84.324211
4885,Ubicacion4885,9.910077,-83.9383
4886,Ubicacion4886,9.662801,-83.991633
4887,Ubicacion4887,10.072496,-84.172886
4888,Ubicacion4888,9.602068,-84.200342
4889,Ubicacion4889,10.113084,-83.801311
4890,Ubicacion4890,10.078942,-83.800136
4891,Ubicacion4891,9.903383,-84.030949
4892,Ubicacion4892,10.041377,-84.112789
4893,Ubicacion4893,10.03557,-83.806961
4894,Ubicacion4894,9.607495,-84.173112
4895,Ubicacion4895,9.799612,-84.324704
4896,Ubicacion4896,9.86633,-84.398866
4897,Ubicacion4897,9.713338,-83.877285
4898,Ubicacion4898,10.100071,-84.344608
4899,Ubicacion4899,9.867402,-84.367594
4900,Ubicacion4900,10.176683,-83.933121
4901,Ubicacion4901,9.872512,-84.374242
4902,Ubicacion4902,9.890539,-84.31595
4903,Ubicacion4903,9.818012,-84.174544
4904,Ubicacion4904,10.134953,-84.039369
4905,Ubicacion4905,9.871126,-83.848065
4906,Ubicacion4906,9.854576,-84.264297
4907,Ubicacion4907,10.057661,-83.98223
4908,Ubicacion4908,9.701141,-84.200471
4909,Ubicacion4909,9.859073,-84.283943
4910,Ubicacion4910,9.630348,-84.32553
4911,Ubicacion4911,10.180058,-84.287764
4912,Ubicacion4912,9.662946,-83.819119
4913,Ubicacion4913,9.846551,-84.071942
4914,Ubicacion4914,9.62073,-84.235803
4915,Ubicacion4915,9.907949,-84.270757
4916,Ubicacion4916,10.00482,-83.877009
4917,Ubicacion4917,9.999105,-83.822967
4918,Ubicacion4918,9.947807,-83.980765
4919,Ubicacion4919,9.863282,-84.008243
4920,Ubicacion4920,10.113637,-84.389412
4921,Ubicacion4921,10.14559,-84.017323
4922,Ubicacion4922,10.188068,-84.097445
4923,Ubicacion4923,9.63942,-84.068083
4924,Ubicacion4924,9.751749,-84.107378
4925,Ubicacion4925,10.165084,-83.917062
4926,Ubicacion4926,10.060784,-84.065028
4927,Ubicacion4927,9.948027,-84.131509
4928,Ubicacion4928,10.07925,-84.088249
4929,Ubicacion4929,9.655106,-84.168619
4930,Ubicacion4930,9.881478,-84.103382
4931,Ubicacion4931,10.113167,-84.282519
4932,Ubicacion4932,9.678992,-84.349783
4933,Ubicacion4933,10.011311,-84.043102
4934,Ubicacion4934,10.035695,-84.359431
4935,Ubicacion4935,10.129823,-84.27245
4936,Ubicacion4936,9.669088,-84.2814
4937,Ubicacion4937,10.156237,-83.943525
4938,Ubicacion4938,10.003952,-83.995565
4939,Ubicacion4939,9.629626,-84.307158
4940,Ubicacion4940,9.961964,-84.11483
4941,Ubicacion4941,9.695228,-84.196672
4942,Ubicacion4942,10.034591,-84.035344
4943,Ubicacion4943,9.664458,-84.379148
4944,Ubicacion4944,10.122392,-84.391996
4945,Ubicacion4945,10.082368,-83.970134
4946,Ubicacion4946,9.673397,-84.115074
4947,Ubicacion4947,9.802558,-83.872288
4948,Ubicacion4948,9.946413,-84.132516
4949,Ubicacion4949,9.80344,-84.217778
4950,Ubicacion4950,9.689181,-84.311989
4951,Ubicacion4951,9.747847,-83.913746
4952,Ubicacion4952,10.133244,-84.112178
4953,Ubicacion4953,9.923581,-84.211108
4954,Ubicacion4954,9.668505,-83.815414
4955,Ubicacion4955,9.913169,-84.037261
4956,Ubicacion4956,9.991384,-83.947331
4957,Ubicacion4957,9.737922,-83.984896
4958,Ubicacion4958,9.868455,-83.842206
4959,Ubicacion4959,9.914699,-84.311805
4960,Ubicacion4960,9.713052,-84.256254
4961,Ubicacion4961,9.617664,-84.085767
4962,Ubicacion4962,9.8006,-84.326459
4963,Ubicacion4963,10.119191,-84.092007
4964,Ubicacion4964,10.116929,-84.12327
4965,Ubicacion4965,10.132647,-84.169959
4966,Ubicacion4966,9.815252,-83.838745
4967,Ubicacion4967,9.690699,-84.069459
4968,Ubicacion4968,9.88395,-84.230208
4969,Ubicacion4969,10.049576,-84.341372
4970,Ubicacion4970,9.999427,-84.225975
4971,Ubicacion4971,9.998299,-84.321195
4972,Ubicacion4972,9.967198,-83.949166
4973,Ubicacion4973,10.143053,-84.204265
4974,Ubicacion4974,10.010171,-84.324452
4975,Ubicacion4975,10.005699,-84.164119
4976,Ubicacion4976,9.672091,-84.394953
4977,Ubicacion4977,9.777927,-84.322881
4978,Ubicacion4978,10.118045,-84.358979
4979,Ubicacion4979,9.675148,-84.378783
4980,Ubicacion4980,9.869005,-84.134971
4981,Ubicacion4981,9.655247,-84.32616
4982,Ubicacion4982,10.113285,-83.884355
4983,Ubicacion4983,9.868469,-84.322919
4984,Ubicacion4984,9.738805,-84.382019
4985,Ubicacion4985,10.045435,-84.149553
4986,Ubicacion4986,9.771729,-84.141292
4987,Ubicacion4987,9.85272,-84.222446
4988,Ubicacion4988,10.197274,-84.301735
4989,Ubicacion4989,10.181908,-84.227548
4990,Ubicacion4990,9.948295,-84.158676
4991,Ubicacion4991,10.119691,-84.188679
4992,Ubicacion4992,9.959192,-83.82565
4993,Ubicacion4993,9.83717,-83.833833
4994,Ubicacion4994,10.020944,-83.8231
4995,Ubicacion4995,9.991304,-83.990248
4996,Ubicacion4996,9.651102,-84.286448
4997,Ubicacion4997,10.089882,-83.836656
4998,Ubicacion4998,9.625385,-84.091689
4999,Ubicacion4999,9.820556,-84.177018
5000,Ubicacion5000,9.633327,-83.972337
