[2025-06-26T22:26:04.955+0000] {processor.py:161} INFO - Started process (PID=395) to work on /opt/airflow/dags/maintenance_dag.py
[2025-06-26T22:26:04.955+0000] {processor.py:830} INFO - Processing file /opt/airflow/dags/maintenance_dag.py for tasks to queue
[2025-06-26T22:26:04.956+0000] {logging_mixin.py:188} INFO - [2025-06-26T22:26:04.956+0000] {dagbag.py:538} INFO - Filling up the DagBag from /opt/airflow/dags/maintenance_dag.py
[2025-06-26T22:26:04.973+0000] {processor.py:840} INFO - DAG(s) 'restaurant_maintenance' retrieved from /opt/airflow/dags/maintenance_dag.py
[2025-06-26T22:26:04.999+0000] {logging_mixin.py:188} INFO - [2025-06-26T22:26:04.999+0000] {dag.py:3036} INFO - Sync 1 DAGs
[2025-06-26T22:26:05.019+0000] {logging_mixin.py:188} INFO - [2025-06-26T22:26:05.019+0000] {dag.py:3823} INFO - Setting next_dagrun for restaurant_maintenance to 2025-06-26 02:00:00+00:00, run_after=2025-06-27 02:00:00+00:00
[2025-06-26T22:26:05.035+0000] {processor.py:183} INFO - Processing /opt/airflow/dags/maintenance_dag.py took 0.082 seconds
[2025-06-26T22:26:35.288+0000] {processor.py:161} INFO - Started process (PID=421) to work on /opt/airflow/dags/maintenance_dag.py
[2025-06-26T22:26:35.289+0000] {processor.py:830} INFO - Processing file /opt/airflow/dags/maintenance_dag.py for tasks to queue
[2025-06-26T22:26:35.289+0000] {logging_mixin.py:188} INFO - [2025-06-26T22:26:35.289+0000] {dagbag.py:538} INFO - Filling up the DagBag from /opt/airflow/dags/maintenance_dag.py
[2025-06-26T22:26:35.304+0000] {processor.py:840} INFO - DAG(s) 'restaurant_maintenance' retrieved from /opt/airflow/dags/maintenance_dag.py
[2025-06-26T22:26:35.326+0000] {logging_mixin.py:188} INFO - [2025-06-26T22:26:35.326+0000] {dag.py:3036} INFO - Sync 1 DAGs
[2025-06-26T22:26:35.343+0000] {logging_mixin.py:188} INFO - [2025-06-26T22:26:35.343+0000] {dag.py:3823} INFO - Setting next_dagrun for restaurant_maintenance to 2025-06-26 02:00:00+00:00, run_after=2025-06-27 02:00:00+00:00
[2025-06-26T22:26:35.361+0000] {processor.py:183} INFO - Processing /opt/airflow/dags/maintenance_dag.py took 0.074 seconds
[2025-06-26T22:27:05.564+0000] {processor.py:161} INFO - Started process (PID=437) to work on /opt/airflow/dags/maintenance_dag.py
[2025-06-26T22:27:05.565+0000] {processor.py:830} INFO - Processing file /opt/airflow/dags/maintenance_dag.py for tasks to queue
[2025-06-26T22:27:05.566+0000] {logging_mixin.py:188} INFO - [2025-06-26T22:27:05.566+0000] {dagbag.py:538} INFO - Filling up the DagBag from /opt/airflow/dags/maintenance_dag.py
[2025-06-26T22:27:05.581+0000] {processor.py:840} INFO - DAG(s) 'restaurant_maintenance' retrieved from /opt/airflow/dags/maintenance_dag.py
[2025-06-26T22:27:05.601+0000] {logging_mixin.py:188} INFO - [2025-06-26T22:27:05.601+0000] {dag.py:3036} INFO - Sync 1 DAGs
[2025-06-26T22:27:05.616+0000] {logging_mixin.py:188} INFO - [2025-06-26T22:27:05.616+0000] {dag.py:3823} INFO - Setting next_dagrun for restaurant_maintenance to 2025-06-26 02:00:00+00:00, run_after=2025-06-27 02:00:00+00:00
[2025-06-26T22:27:05.631+0000] {processor.py:183} INFO - Processing /opt/airflow/dags/maintenance_dag.py took 0.069 seconds
[2025-06-26T22:27:35.793+0000] {processor.py:161} INFO - Started process (PID=453) to work on /opt/airflow/dags/maintenance_dag.py
[2025-06-26T22:27:35.794+0000] {processor.py:830} INFO - Processing file /opt/airflow/dags/maintenance_dag.py for tasks to queue
[2025-06-26T22:27:35.795+0000] {logging_mixin.py:188} INFO - [2025-06-26T22:27:35.795+0000] {dagbag.py:538} INFO - Filling up the DagBag from /opt/airflow/dags/maintenance_dag.py
[2025-06-26T22:27:35.813+0000] {processor.py:840} INFO - DAG(s) 'restaurant_maintenance' retrieved from /opt/airflow/dags/maintenance_dag.py
[2025-06-26T22:27:35.836+0000] {logging_mixin.py:188} INFO - [2025-06-26T22:27:35.835+0000] {dag.py:3036} INFO - Sync 1 DAGs
[2025-06-26T22:27:35.855+0000] {logging_mixin.py:188} INFO - [2025-06-26T22:27:35.854+0000] {dag.py:3823} INFO - Setting next_dagrun for restaurant_maintenance to 2025-06-26 02:00:00+00:00, run_after=2025-06-27 02:00:00+00:00
[2025-06-26T22:27:35.873+0000] {processor.py:183} INFO - Processing /opt/airflow/dags/maintenance_dag.py took 0.082 seconds
[2025-06-26T22:28:06.117+0000] {processor.py:161} INFO - Started process (PID=469) to work on /opt/airflow/dags/maintenance_dag.py
[2025-06-26T22:28:06.118+0000] {processor.py:830} INFO - Processing file /opt/airflow/dags/maintenance_dag.py for tasks to queue
[2025-06-26T22:28:06.118+0000] {logging_mixin.py:188} INFO - [2025-06-26T22:28:06.118+0000] {dagbag.py:538} INFO - Filling up the DagBag from /opt/airflow/dags/maintenance_dag.py
[2025-06-26T22:28:06.134+0000] {processor.py:840} INFO - DAG(s) 'restaurant_maintenance' retrieved from /opt/airflow/dags/maintenance_dag.py
[2025-06-26T22:28:06.153+0000] {logging_mixin.py:188} INFO - [2025-06-26T22:28:06.152+0000] {dag.py:3036} INFO - Sync 1 DAGs
[2025-06-26T22:28:06.168+0000] {logging_mixin.py:188} INFO - [2025-06-26T22:28:06.168+0000] {dag.py:3823} INFO - Setting next_dagrun for restaurant_maintenance to 2025-06-26 02:00:00+00:00, run_after=2025-06-27 02:00:00+00:00
[2025-06-26T22:28:06.182+0000] {processor.py:183} INFO - Processing /opt/airflow/dags/maintenance_dag.py took 0.068 seconds
[2025-06-26T22:28:36.409+0000] {processor.py:161} INFO - Started process (PID=485) to work on /opt/airflow/dags/maintenance_dag.py
[2025-06-26T22:28:36.410+0000] {processor.py:830} INFO - Processing file /opt/airflow/dags/maintenance_dag.py for tasks to queue
[2025-06-26T22:28:36.411+0000] {logging_mixin.py:188} INFO - [2025-06-26T22:28:36.410+0000] {dagbag.py:538} INFO - Filling up the DagBag from /opt/airflow/dags/maintenance_dag.py
[2025-06-26T22:28:36.427+0000] {processor.py:840} INFO - DAG(s) 'restaurant_maintenance' retrieved from /opt/airflow/dags/maintenance_dag.py
[2025-06-26T22:28:36.451+0000] {logging_mixin.py:188} INFO - [2025-06-26T22:28:36.451+0000] {dag.py:3036} INFO - Sync 1 DAGs
[2025-06-26T22:28:36.469+0000] {logging_mixin.py:188} INFO - [2025-06-26T22:28:36.469+0000] {dag.py:3823} INFO - Setting next_dagrun for restaurant_maintenance to 2025-06-26 02:00:00+00:00, run_after=2025-06-27 02:00:00+00:00
[2025-06-26T22:28:36.487+0000] {processor.py:183} INFO - Processing /opt/airflow/dags/maintenance_dag.py took 0.080 seconds
[2025-06-26T22:29:06.620+0000] {processor.py:161} INFO - Started process (PID=501) to work on /opt/airflow/dags/maintenance_dag.py
[2025-06-26T22:29:06.621+0000] {processor.py:830} INFO - Processing file /opt/airflow/dags/maintenance_dag.py for tasks to queue
[2025-06-26T22:29:06.624+0000] {logging_mixin.py:188} INFO - [2025-06-26T22:29:06.623+0000] {dagbag.py:538} INFO - Filling up the DagBag from /opt/airflow/dags/maintenance_dag.py
[2025-06-26T22:29:06.652+0000] {processor.py:840} INFO - DAG(s) 'restaurant_maintenance' retrieved from /opt/airflow/dags/maintenance_dag.py
[2025-06-26T22:29:06.678+0000] {logging_mixin.py:188} INFO - [2025-06-26T22:29:06.677+0000] {dag.py:3036} INFO - Sync 1 DAGs
[2025-06-26T22:29:06.697+0000] {logging_mixin.py:188} INFO - [2025-06-26T22:29:06.696+0000] {dag.py:3823} INFO - Setting next_dagrun for restaurant_maintenance to 2025-06-26 02:00:00+00:00, run_after=2025-06-27 02:00:00+00:00
[2025-06-26T22:29:06.715+0000] {processor.py:183} INFO - Processing /opt/airflow/dags/maintenance_dag.py took 0.098 seconds
[2025-06-26T22:29:36.954+0000] {processor.py:161} INFO - Started process (PID=517) to work on /opt/airflow/dags/maintenance_dag.py
[2025-06-26T22:29:36.955+0000] {processor.py:830} INFO - Processing file /opt/airflow/dags/maintenance_dag.py for tasks to queue
[2025-06-26T22:29:36.955+0000] {logging_mixin.py:188} INFO - [2025-06-26T22:29:36.955+0000] {dagbag.py:538} INFO - Filling up the DagBag from /opt/airflow/dags/maintenance_dag.py
[2025-06-26T22:29:36.975+0000] {processor.py:840} INFO - DAG(s) 'restaurant_maintenance' retrieved from /opt/airflow/dags/maintenance_dag.py
[2025-06-26T22:29:36.997+0000] {logging_mixin.py:188} INFO - [2025-06-26T22:29:36.997+0000] {dag.py:3036} INFO - Sync 1 DAGs
[2025-06-26T22:29:37.015+0000] {logging_mixin.py:188} INFO - [2025-06-26T22:29:37.014+0000] {dag.py:3823} INFO - Setting next_dagrun for restaurant_maintenance to 2025-06-26 02:00:00+00:00, run_after=2025-06-27 02:00:00+00:00
[2025-06-26T22:29:37.032+0000] {processor.py:183} INFO - Processing /opt/airflow/dags/maintenance_dag.py took 0.080 seconds
[2025-06-26T22:30:07.242+0000] {processor.py:161} INFO - Started process (PID=535) to work on /opt/airflow/dags/maintenance_dag.py
[2025-06-26T22:30:07.243+0000] {processor.py:830} INFO - Processing file /opt/airflow/dags/maintenance_dag.py for tasks to queue
[2025-06-26T22:30:07.243+0000] {logging_mixin.py:188} INFO - [2025-06-26T22:30:07.243+0000] {dagbag.py:538} INFO - Filling up the DagBag from /opt/airflow/dags/maintenance_dag.py
[2025-06-26T22:30:07.260+0000] {processor.py:840} INFO - DAG(s) 'restaurant_maintenance' retrieved from /opt/airflow/dags/maintenance_dag.py
[2025-06-26T22:30:07.281+0000] {logging_mixin.py:188} INFO - [2025-06-26T22:30:07.281+0000] {dag.py:3036} INFO - Sync 1 DAGs
[2025-06-26T22:30:07.298+0000] {logging_mixin.py:188} INFO - [2025-06-26T22:30:07.297+0000] {dag.py:3823} INFO - Setting next_dagrun for restaurant_maintenance to 2025-06-26 02:00:00+00:00, run_after=2025-06-27 02:00:00+00:00
[2025-06-26T22:30:07.314+0000] {processor.py:183} INFO - Processing /opt/airflow/dags/maintenance_dag.py took 0.076 seconds
[2025-06-26T22:30:37.533+0000] {processor.py:161} INFO - Started process (PID=551) to work on /opt/airflow/dags/maintenance_dag.py
[2025-06-26T22:30:37.534+0000] {processor.py:830} INFO - Processing file /opt/airflow/dags/maintenance_dag.py for tasks to queue
[2025-06-26T22:30:37.535+0000] {logging_mixin.py:188} INFO - [2025-06-26T22:30:37.534+0000] {dagbag.py:538} INFO - Filling up the DagBag from /opt/airflow/dags/maintenance_dag.py
[2025-06-26T22:30:37.553+0000] {processor.py:840} INFO - DAG(s) 'restaurant_maintenance' retrieved from /opt/airflow/dags/maintenance_dag.py
[2025-06-26T22:30:37.576+0000] {logging_mixin.py:188} INFO - [2025-06-26T22:30:37.575+0000] {dag.py:3036} INFO - Sync 1 DAGs
[2025-06-26T22:30:37.593+0000] {logging_mixin.py:188} INFO - [2025-06-26T22:30:37.593+0000] {dag.py:3823} INFO - Setting next_dagrun for restaurant_maintenance to 2025-06-26 02:00:00+00:00, run_after=2025-06-27 02:00:00+00:00
[2025-06-26T22:30:37.608+0000] {processor.py:183} INFO - Processing /opt/airflow/dags/maintenance_dag.py took 0.077 seconds
[2025-06-26T22:31:07.744+0000] {processor.py:161} INFO - Started process (PID=567) to work on /opt/airflow/dags/maintenance_dag.py
[2025-06-26T22:31:07.745+0000] {processor.py:830} INFO - Processing file /opt/airflow/dags/maintenance_dag.py for tasks to queue
[2025-06-26T22:31:07.745+0000] {logging_mixin.py:188} INFO - [2025-06-26T22:31:07.745+0000] {dagbag.py:538} INFO - Filling up the DagBag from /opt/airflow/dags/maintenance_dag.py
[2025-06-26T22:31:07.765+0000] {processor.py:840} INFO - DAG(s) 'restaurant_maintenance' retrieved from /opt/airflow/dags/maintenance_dag.py
[2025-06-26T22:31:07.789+0000] {logging_mixin.py:188} INFO - [2025-06-26T22:31:07.788+0000] {dag.py:3036} INFO - Sync 1 DAGs
[2025-06-26T22:31:07.808+0000] {logging_mixin.py:188} INFO - [2025-06-26T22:31:07.807+0000] {dag.py:3823} INFO - Setting next_dagrun for restaurant_maintenance to 2025-06-26 02:00:00+00:00, run_after=2025-06-27 02:00:00+00:00
[2025-06-26T22:31:07.824+0000] {processor.py:183} INFO - Processing /opt/airflow/dags/maintenance_dag.py took 0.083 seconds
[2025-06-26T22:31:38.039+0000] {processor.py:161} INFO - Started process (PID=583) to work on /opt/airflow/dags/maintenance_dag.py
[2025-06-26T22:31:38.039+0000] {processor.py:830} INFO - Processing file /opt/airflow/dags/maintenance_dag.py for tasks to queue
[2025-06-26T22:31:38.040+0000] {logging_mixin.py:188} INFO - [2025-06-26T22:31:38.040+0000] {dagbag.py:538} INFO - Filling up the DagBag from /opt/airflow/dags/maintenance_dag.py
[2025-06-26T22:31:38.061+0000] {processor.py:840} INFO - DAG(s) 'restaurant_maintenance' retrieved from /opt/airflow/dags/maintenance_dag.py
[2025-06-26T22:31:38.084+0000] {logging_mixin.py:188} INFO - [2025-06-26T22:31:38.084+0000] {dag.py:3036} INFO - Sync 1 DAGs
[2025-06-26T22:31:38.103+0000] {logging_mixin.py:188} INFO - [2025-06-26T22:31:38.103+0000] {dag.py:3823} INFO - Setting next_dagrun for restaurant_maintenance to 2025-06-26 02:00:00+00:00, run_after=2025-06-27 02:00:00+00:00
[2025-06-26T22:31:38.120+0000] {processor.py:183} INFO - Processing /opt/airflow/dags/maintenance_dag.py took 0.084 seconds
[2025-06-26T22:32:08.291+0000] {processor.py:161} INFO - Started process (PID=599) to work on /opt/airflow/dags/maintenance_dag.py
[2025-06-26T22:32:08.292+0000] {processor.py:830} INFO - Processing file /opt/airflow/dags/maintenance_dag.py for tasks to queue
[2025-06-26T22:32:08.293+0000] {logging_mixin.py:188} INFO - [2025-06-26T22:32:08.293+0000] {dagbag.py:538} INFO - Filling up the DagBag from /opt/airflow/dags/maintenance_dag.py
[2025-06-26T22:32:08.312+0000] {processor.py:840} INFO - DAG(s) 'restaurant_maintenance' retrieved from /opt/airflow/dags/maintenance_dag.py
[2025-06-26T22:32:08.339+0000] {logging_mixin.py:188} INFO - [2025-06-26T22:32:08.339+0000] {dag.py:3036} INFO - Sync 1 DAGs
[2025-06-26T22:32:08.357+0000] {logging_mixin.py:188} INFO - [2025-06-26T22:32:08.357+0000] {dag.py:3823} INFO - Setting next_dagrun for restaurant_maintenance to 2025-06-26 02:00:00+00:00, run_after=2025-06-27 02:00:00+00:00
[2025-06-26T22:32:08.373+0000] {processor.py:183} INFO - Processing /opt/airflow/dags/maintenance_dag.py took 0.084 seconds
[2025-06-26T22:32:38.616+0000] {processor.py:161} INFO - Started process (PID=615) to work on /opt/airflow/dags/maintenance_dag.py
[2025-06-26T22:32:38.616+0000] {processor.py:830} INFO - Processing file /opt/airflow/dags/maintenance_dag.py for tasks to queue
[2025-06-26T22:32:38.617+0000] {logging_mixin.py:188} INFO - [2025-06-26T22:32:38.617+0000] {dagbag.py:538} INFO - Filling up the DagBag from /opt/airflow/dags/maintenance_dag.py
[2025-06-26T22:32:38.635+0000] {processor.py:840} INFO - DAG(s) 'restaurant_maintenance' retrieved from /opt/airflow/dags/maintenance_dag.py
[2025-06-26T22:32:38.657+0000] {logging_mixin.py:188} INFO - [2025-06-26T22:32:38.657+0000] {dag.py:3036} INFO - Sync 1 DAGs
[2025-06-26T22:32:38.677+0000] {logging_mixin.py:188} INFO - [2025-06-26T22:32:38.676+0000] {dag.py:3823} INFO - Setting next_dagrun for restaurant_maintenance to 2025-06-26 02:00:00+00:00, run_after=2025-06-27 02:00:00+00:00
[2025-06-26T22:32:38.692+0000] {processor.py:183} INFO - Processing /opt/airflow/dags/maintenance_dag.py took 0.079 seconds
[2025-06-26T22:32:48.793+0000] {processor.py:161} INFO - Started process (PID=628) to work on /opt/airflow/dags/maintenance_dag.py
[2025-06-26T22:32:48.794+0000] {processor.py:830} INFO - Processing file /opt/airflow/dags/maintenance_dag.py for tasks to queue
[2025-06-26T22:32:48.795+0000] {logging_mixin.py:188} INFO - [2025-06-26T22:32:48.795+0000] {dagbag.py:538} INFO - Filling up the DagBag from /opt/airflow/dags/maintenance_dag.py
[2025-06-26T22:32:48.823+0000] {processor.py:840} INFO - DAG(s) 'restaurant_maintenance' retrieved from /opt/airflow/dags/maintenance_dag.py
[2025-06-26T22:32:48.943+0000] {logging_mixin.py:188} INFO - [2025-06-26T22:32:48.942+0000] {dag.py:3036} INFO - Sync 1 DAGs
[2025-06-26T22:32:48.960+0000] {logging_mixin.py:188} INFO - [2025-06-26T22:32:48.960+0000] {dag.py:3823} INFO - Setting next_dagrun for restaurant_maintenance to 2025-06-26 02:00:00+00:00, run_after=2025-06-27 02:00:00+00:00
[2025-06-26T22:32:48.985+0000] {processor.py:183} INFO - Processing /opt/airflow/dags/maintenance_dag.py took 0.194 seconds
[2025-06-26T22:33:16.254+0000] {processor.py:161} INFO - Started process (PID=190) to work on /opt/airflow/dags/maintenance_dag.py
[2025-06-26T22:33:16.255+0000] {processor.py:830} INFO - Processing file /opt/airflow/dags/maintenance_dag.py for tasks to queue
[2025-06-26T22:33:16.256+0000] {logging_mixin.py:188} INFO - [2025-06-26T22:33:16.256+0000] {dagbag.py:538} INFO - Filling up the DagBag from /opt/airflow/dags/maintenance_dag.py
[2025-06-26T22:33:16.274+0000] {processor.py:840} INFO - DAG(s) 'restaurant_maintenance' retrieved from /opt/airflow/dags/maintenance_dag.py
[2025-06-26T22:33:16.298+0000] {logging_mixin.py:188} INFO - [2025-06-26T22:33:16.297+0000] {dag.py:3036} INFO - Sync 1 DAGs
[2025-06-26T22:33:16.316+0000] {logging_mixin.py:188} INFO - [2025-06-26T22:33:16.316+0000] {dag.py:3823} INFO - Setting next_dagrun for restaurant_maintenance to 2025-06-26 02:00:00+00:00, run_after=2025-06-27 02:00:00+00:00
[2025-06-26T22:33:16.332+0000] {processor.py:183} INFO - Processing /opt/airflow/dags/maintenance_dag.py took 0.080 seconds
[2025-06-26T22:33:46.547+0000] {processor.py:161} INFO - Started process (PID=206) to work on /opt/airflow/dags/maintenance_dag.py
[2025-06-26T22:33:46.549+0000] {processor.py:830} INFO - Processing file /opt/airflow/dags/maintenance_dag.py for tasks to queue
[2025-06-26T22:33:46.550+0000] {logging_mixin.py:188} INFO - [2025-06-26T22:33:46.549+0000] {dagbag.py:538} INFO - Filling up the DagBag from /opt/airflow/dags/maintenance_dag.py
[2025-06-26T22:33:46.569+0000] {processor.py:840} INFO - DAG(s) 'restaurant_maintenance' retrieved from /opt/airflow/dags/maintenance_dag.py
[2025-06-26T22:33:46.594+0000] {logging_mixin.py:188} INFO - [2025-06-26T22:33:46.593+0000] {dag.py:3036} INFO - Sync 1 DAGs
[2025-06-26T22:33:46.613+0000] {logging_mixin.py:188} INFO - [2025-06-26T22:33:46.612+0000] {dag.py:3823} INFO - Setting next_dagrun for restaurant_maintenance to 2025-06-26 02:00:00+00:00, run_after=2025-06-27 02:00:00+00:00
[2025-06-26T22:33:46.630+0000] {processor.py:183} INFO - Processing /opt/airflow/dags/maintenance_dag.py took 0.088 seconds
[2025-06-26T22:34:16.783+0000] {processor.py:161} INFO - Started process (PID=222) to work on /opt/airflow/dags/maintenance_dag.py
[2025-06-26T22:34:16.784+0000] {processor.py:830} INFO - Processing file /opt/airflow/dags/maintenance_dag.py for tasks to queue
[2025-06-26T22:34:16.785+0000] {logging_mixin.py:188} INFO - [2025-06-26T22:34:16.784+0000] {dagbag.py:538} INFO - Filling up the DagBag from /opt/airflow/dags/maintenance_dag.py
[2025-06-26T22:34:16.806+0000] {processor.py:840} INFO - DAG(s) 'restaurant_maintenance' retrieved from /opt/airflow/dags/maintenance_dag.py
[2025-06-26T22:34:16.830+0000] {logging_mixin.py:188} INFO - [2025-06-26T22:34:16.830+0000] {dag.py:3036} INFO - Sync 1 DAGs
[2025-06-26T22:34:16.850+0000] {logging_mixin.py:188} INFO - [2025-06-26T22:34:16.849+0000] {dag.py:3823} INFO - Setting next_dagrun for restaurant_maintenance to 2025-06-26 02:00:00+00:00, run_after=2025-06-27 02:00:00+00:00
[2025-06-26T22:34:16.866+0000] {processor.py:183} INFO - Processing /opt/airflow/dags/maintenance_dag.py took 0.087 seconds
[2025-06-26T22:34:47.091+0000] {processor.py:161} INFO - Started process (PID=238) to work on /opt/airflow/dags/maintenance_dag.py
[2025-06-26T22:34:47.093+0000] {processor.py:830} INFO - Processing file /opt/airflow/dags/maintenance_dag.py for tasks to queue
[2025-06-26T22:34:47.095+0000] {logging_mixin.py:188} INFO - [2025-06-26T22:34:47.094+0000] {dagbag.py:538} INFO - Filling up the DagBag from /opt/airflow/dags/maintenance_dag.py
[2025-06-26T22:34:47.114+0000] {processor.py:840} INFO - DAG(s) 'restaurant_maintenance' retrieved from /opt/airflow/dags/maintenance_dag.py
[2025-06-26T22:34:47.142+0000] {logging_mixin.py:188} INFO - [2025-06-26T22:34:47.141+0000] {dag.py:3036} INFO - Sync 1 DAGs
[2025-06-26T22:34:47.166+0000] {logging_mixin.py:188} INFO - [2025-06-26T22:34:47.165+0000] {dag.py:3823} INFO - Setting next_dagrun for restaurant_maintenance to 2025-06-26 02:00:00+00:00, run_after=2025-06-27 02:00:00+00:00
[2025-06-26T22:34:47.188+0000] {processor.py:183} INFO - Processing /opt/airflow/dags/maintenance_dag.py took 0.098 seconds
[2025-06-26T22:35:17.309+0000] {processor.py:161} INFO - Started process (PID=254) to work on /opt/airflow/dags/maintenance_dag.py
[2025-06-26T22:35:17.310+0000] {processor.py:830} INFO - Processing file /opt/airflow/dags/maintenance_dag.py for tasks to queue
[2025-06-26T22:35:17.311+0000] {logging_mixin.py:188} INFO - [2025-06-26T22:35:17.310+0000] {dagbag.py:538} INFO - Filling up the DagBag from /opt/airflow/dags/maintenance_dag.py
[2025-06-26T22:35:17.337+0000] {processor.py:840} INFO - DAG(s) 'restaurant_maintenance' retrieved from /opt/airflow/dags/maintenance_dag.py
[2025-06-26T22:35:17.369+0000] {logging_mixin.py:188} INFO - [2025-06-26T22:35:17.369+0000] {dag.py:3036} INFO - Sync 1 DAGs
[2025-06-26T22:35:17.387+0000] {logging_mixin.py:188} INFO - [2025-06-26T22:35:17.387+0000] {dag.py:3823} INFO - Setting next_dagrun for restaurant_maintenance to 2025-06-26 02:00:00+00:00, run_after=2025-06-27 02:00:00+00:00
[2025-06-26T22:35:17.404+0000] {processor.py:183} INFO - Processing /opt/airflow/dags/maintenance_dag.py took 0.098 seconds
[2025-06-26T22:35:47.577+0000] {processor.py:161} INFO - Started process (PID=270) to work on /opt/airflow/dags/maintenance_dag.py
[2025-06-26T22:35:47.577+0000] {processor.py:830} INFO - Processing file /opt/airflow/dags/maintenance_dag.py for tasks to queue
[2025-06-26T22:35:47.578+0000] {logging_mixin.py:188} INFO - [2025-06-26T22:35:47.578+0000] {dagbag.py:538} INFO - Filling up the DagBag from /opt/airflow/dags/maintenance_dag.py
[2025-06-26T22:35:47.597+0000] {processor.py:840} INFO - DAG(s) 'restaurant_maintenance' retrieved from /opt/airflow/dags/maintenance_dag.py
[2025-06-26T22:35:47.623+0000] {logging_mixin.py:188} INFO - [2025-06-26T22:35:47.623+0000] {dag.py:3036} INFO - Sync 1 DAGs
[2025-06-26T22:35:47.641+0000] {logging_mixin.py:188} INFO - [2025-06-26T22:35:47.640+0000] {dag.py:3823} INFO - Setting next_dagrun for restaurant_maintenance to 2025-06-26 02:00:00+00:00, run_after=2025-06-27 02:00:00+00:00
[2025-06-26T22:35:47.661+0000] {processor.py:183} INFO - Processing /opt/airflow/dags/maintenance_dag.py took 0.086 seconds
[2025-06-26T22:36:17.875+0000] {processor.py:161} INFO - Started process (PID=286) to work on /opt/airflow/dags/maintenance_dag.py
[2025-06-26T22:36:17.876+0000] {processor.py:830} INFO - Processing file /opt/airflow/dags/maintenance_dag.py for tasks to queue
[2025-06-26T22:36:17.877+0000] {logging_mixin.py:188} INFO - [2025-06-26T22:36:17.877+0000] {dagbag.py:538} INFO - Filling up the DagBag from /opt/airflow/dags/maintenance_dag.py
[2025-06-26T22:36:17.893+0000] {processor.py:840} INFO - DAG(s) 'restaurant_maintenance' retrieved from /opt/airflow/dags/maintenance_dag.py
[2025-06-26T22:36:17.915+0000] {logging_mixin.py:188} INFO - [2025-06-26T22:36:17.915+0000] {dag.py:3036} INFO - Sync 1 DAGs
[2025-06-26T22:36:17.931+0000] {logging_mixin.py:188} INFO - [2025-06-26T22:36:17.931+0000] {dag.py:3823} INFO - Setting next_dagrun for restaurant_maintenance to 2025-06-26 02:00:00+00:00, run_after=2025-06-27 02:00:00+00:00
[2025-06-26T22:36:17.947+0000] {processor.py:183} INFO - Processing /opt/airflow/dags/maintenance_dag.py took 0.079 seconds
[2025-06-26T22:36:48.191+0000] {processor.py:161} INFO - Started process (PID=302) to work on /opt/airflow/dags/maintenance_dag.py
[2025-06-26T22:36:48.192+0000] {processor.py:830} INFO - Processing file /opt/airflow/dags/maintenance_dag.py for tasks to queue
[2025-06-26T22:36:48.194+0000] {logging_mixin.py:188} INFO - [2025-06-26T22:36:48.193+0000] {dagbag.py:538} INFO - Filling up the DagBag from /opt/airflow/dags/maintenance_dag.py
[2025-06-26T22:36:48.220+0000] {processor.py:840} INFO - DAG(s) 'restaurant_maintenance' retrieved from /opt/airflow/dags/maintenance_dag.py
[2025-06-26T22:36:48.254+0000] {logging_mixin.py:188} INFO - [2025-06-26T22:36:48.253+0000] {dag.py:3036} INFO - Sync 1 DAGs
[2025-06-26T22:36:48.274+0000] {logging_mixin.py:188} INFO - [2025-06-26T22:36:48.274+0000] {dag.py:3823} INFO - Setting next_dagrun for restaurant_maintenance to 2025-06-26 02:00:00+00:00, run_after=2025-06-27 02:00:00+00:00
[2025-06-26T22:36:48.292+0000] {processor.py:183} INFO - Processing /opt/airflow/dags/maintenance_dag.py took 0.107 seconds
[2025-06-26T22:37:18.500+0000] {processor.py:161} INFO - Started process (PID=333) to work on /opt/airflow/dags/maintenance_dag.py
[2025-06-26T22:37:18.501+0000] {processor.py:830} INFO - Processing file /opt/airflow/dags/maintenance_dag.py for tasks to queue
[2025-06-26T22:37:18.502+0000] {logging_mixin.py:188} INFO - [2025-06-26T22:37:18.501+0000] {dagbag.py:538} INFO - Filling up the DagBag from /opt/airflow/dags/maintenance_dag.py
[2025-06-26T22:37:18.521+0000] {processor.py:840} INFO - DAG(s) 'restaurant_maintenance' retrieved from /opt/airflow/dags/maintenance_dag.py
[2025-06-26T22:37:18.546+0000] {logging_mixin.py:188} INFO - [2025-06-26T22:37:18.545+0000] {dag.py:3036} INFO - Sync 1 DAGs
[2025-06-26T22:37:18.562+0000] {logging_mixin.py:188} INFO - [2025-06-26T22:37:18.562+0000] {dag.py:3823} INFO - Setting next_dagrun for restaurant_maintenance to 2025-06-26 02:00:00+00:00, run_after=2025-06-27 02:00:00+00:00
[2025-06-26T22:37:18.578+0000] {processor.py:183} INFO - Processing /opt/airflow/dags/maintenance_dag.py took 0.080 seconds
[2025-06-26T22:37:48.715+0000] {processor.py:161} INFO - Started process (PID=349) to work on /opt/airflow/dags/maintenance_dag.py
[2025-06-26T22:37:48.716+0000] {processor.py:830} INFO - Processing file /opt/airflow/dags/maintenance_dag.py for tasks to queue
[2025-06-26T22:37:48.717+0000] {logging_mixin.py:188} INFO - [2025-06-26T22:37:48.717+0000] {dagbag.py:538} INFO - Filling up the DagBag from /opt/airflow/dags/maintenance_dag.py
[2025-06-26T22:37:48.736+0000] {processor.py:840} INFO - DAG(s) 'restaurant_maintenance' retrieved from /opt/airflow/dags/maintenance_dag.py
[2025-06-26T22:37:48.762+0000] {logging_mixin.py:188} INFO - [2025-06-26T22:37:48.762+0000] {dag.py:3036} INFO - Sync 1 DAGs
[2025-06-26T22:37:48.781+0000] {logging_mixin.py:188} INFO - [2025-06-26T22:37:48.781+0000] {dag.py:3823} INFO - Setting next_dagrun for restaurant_maintenance to 2025-06-26 02:00:00+00:00, run_after=2025-06-27 02:00:00+00:00
[2025-06-26T22:37:48.800+0000] {processor.py:183} INFO - Processing /opt/airflow/dags/maintenance_dag.py took 0.087 seconds
[2025-06-26T22:38:19.044+0000] {processor.py:161} INFO - Started process (PID=365) to work on /opt/airflow/dags/maintenance_dag.py
[2025-06-26T22:38:19.045+0000] {processor.py:830} INFO - Processing file /opt/airflow/dags/maintenance_dag.py for tasks to queue
[2025-06-26T22:38:19.047+0000] {logging_mixin.py:188} INFO - [2025-06-26T22:38:19.046+0000] {dagbag.py:538} INFO - Filling up the DagBag from /opt/airflow/dags/maintenance_dag.py
[2025-06-26T22:38:19.076+0000] {processor.py:840} INFO - DAG(s) 'restaurant_maintenance' retrieved from /opt/airflow/dags/maintenance_dag.py
[2025-06-26T22:38:19.100+0000] {logging_mixin.py:188} INFO - [2025-06-26T22:38:19.100+0000] {dag.py:3036} INFO - Sync 1 DAGs
[2025-06-26T22:38:19.118+0000] {logging_mixin.py:188} INFO - [2025-06-26T22:38:19.118+0000] {dag.py:3823} INFO - Setting next_dagrun for restaurant_maintenance to 2025-06-26 02:00:00+00:00, run_after=2025-06-27 02:00:00+00:00
[2025-06-26T22:38:19.141+0000] {processor.py:183} INFO - Processing /opt/airflow/dags/maintenance_dag.py took 0.099 seconds
[2025-06-26T22:38:49.383+0000] {processor.py:161} INFO - Started process (PID=381) to work on /opt/airflow/dags/maintenance_dag.py
[2025-06-26T22:38:49.389+0000] {processor.py:830} INFO - Processing file /opt/airflow/dags/maintenance_dag.py for tasks to queue
[2025-06-26T22:38:49.391+0000] {logging_mixin.py:188} INFO - [2025-06-26T22:38:49.391+0000] {dagbag.py:538} INFO - Filling up the DagBag from /opt/airflow/dags/maintenance_dag.py
[2025-06-26T22:38:49.408+0000] {processor.py:840} INFO - DAG(s) 'restaurant_maintenance' retrieved from /opt/airflow/dags/maintenance_dag.py
[2025-06-26T22:38:49.427+0000] {logging_mixin.py:188} INFO - [2025-06-26T22:38:49.427+0000] {dag.py:3036} INFO - Sync 1 DAGs
[2025-06-26T22:38:49.443+0000] {logging_mixin.py:188} INFO - [2025-06-26T22:38:49.442+0000] {dag.py:3823} INFO - Setting next_dagrun for restaurant_maintenance to 2025-06-26 02:00:00+00:00, run_after=2025-06-27 02:00:00+00:00
[2025-06-26T22:38:49.463+0000] {processor.py:183} INFO - Processing /opt/airflow/dags/maintenance_dag.py took 0.082 seconds
[2025-06-26T22:39:19.680+0000] {processor.py:161} INFO - Started process (PID=397) to work on /opt/airflow/dags/maintenance_dag.py
[2025-06-26T22:39:19.681+0000] {processor.py:830} INFO - Processing file /opt/airflow/dags/maintenance_dag.py for tasks to queue
[2025-06-26T22:39:19.683+0000] {logging_mixin.py:188} INFO - [2025-06-26T22:39:19.682+0000] {dagbag.py:538} INFO - Filling up the DagBag from /opt/airflow/dags/maintenance_dag.py
[2025-06-26T22:39:19.704+0000] {processor.py:840} INFO - DAG(s) 'restaurant_maintenance' retrieved from /opt/airflow/dags/maintenance_dag.py
[2025-06-26T22:39:19.726+0000] {logging_mixin.py:188} INFO - [2025-06-26T22:39:19.726+0000] {dag.py:3036} INFO - Sync 1 DAGs
[2025-06-26T22:39:19.744+0000] {logging_mixin.py:188} INFO - [2025-06-26T22:39:19.743+0000] {dag.py:3823} INFO - Setting next_dagrun for restaurant_maintenance to 2025-06-26 02:00:00+00:00, run_after=2025-06-27 02:00:00+00:00
[2025-06-26T22:39:19.757+0000] {processor.py:183} INFO - Processing /opt/airflow/dags/maintenance_dag.py took 0.080 seconds
[2025-06-26T22:39:49.960+0000] {processor.py:161} INFO - Started process (PID=428) to work on /opt/airflow/dags/maintenance_dag.py
[2025-06-26T22:39:49.961+0000] {processor.py:830} INFO - Processing file /opt/airflow/dags/maintenance_dag.py for tasks to queue
[2025-06-26T22:39:49.962+0000] {logging_mixin.py:188} INFO - [2025-06-26T22:39:49.962+0000] {dagbag.py:538} INFO - Filling up the DagBag from /opt/airflow/dags/maintenance_dag.py
[2025-06-26T22:39:49.985+0000] {processor.py:840} INFO - DAG(s) 'restaurant_maintenance' retrieved from /opt/airflow/dags/maintenance_dag.py
[2025-06-26T22:39:50.009+0000] {logging_mixin.py:188} INFO - [2025-06-26T22:39:50.009+0000] {dag.py:3036} INFO - Sync 1 DAGs
[2025-06-26T22:39:50.026+0000] {logging_mixin.py:188} INFO - [2025-06-26T22:39:50.026+0000] {dag.py:3823} INFO - Setting next_dagrun for restaurant_maintenance to 2025-06-26 02:00:00+00:00, run_after=2025-06-27 02:00:00+00:00
[2025-06-26T22:39:50.043+0000] {processor.py:183} INFO - Processing /opt/airflow/dags/maintenance_dag.py took 0.085 seconds
[2025-06-26T22:40:20.204+0000] {processor.py:161} INFO - Started process (PID=444) to work on /opt/airflow/dags/maintenance_dag.py
[2025-06-26T22:40:20.206+0000] {processor.py:830} INFO - Processing file /opt/airflow/dags/maintenance_dag.py for tasks to queue
[2025-06-26T22:40:20.207+0000] {logging_mixin.py:188} INFO - [2025-06-26T22:40:20.206+0000] {dagbag.py:538} INFO - Filling up the DagBag from /opt/airflow/dags/maintenance_dag.py
[2025-06-26T22:40:20.230+0000] {processor.py:840} INFO - DAG(s) 'restaurant_maintenance' retrieved from /opt/airflow/dags/maintenance_dag.py
[2025-06-26T22:40:20.258+0000] {logging_mixin.py:188} INFO - [2025-06-26T22:40:20.258+0000] {dag.py:3036} INFO - Sync 1 DAGs
[2025-06-26T22:40:20.279+0000] {logging_mixin.py:188} INFO - [2025-06-26T22:40:20.279+0000] {dag.py:3823} INFO - Setting next_dagrun for restaurant_maintenance to 2025-06-26 02:00:00+00:00, run_after=2025-06-27 02:00:00+00:00
[2025-06-26T22:40:20.299+0000] {processor.py:183} INFO - Processing /opt/airflow/dags/maintenance_dag.py took 0.098 seconds
[2025-06-26T22:40:50.523+0000] {processor.py:161} INFO - Started process (PID=460) to work on /opt/airflow/dags/maintenance_dag.py
[2025-06-26T22:40:50.524+0000] {processor.py:830} INFO - Processing file /opt/airflow/dags/maintenance_dag.py for tasks to queue
[2025-06-26T22:40:50.525+0000] {logging_mixin.py:188} INFO - [2025-06-26T22:40:50.525+0000] {dagbag.py:538} INFO - Filling up the DagBag from /opt/airflow/dags/maintenance_dag.py
[2025-06-26T22:40:50.547+0000] {processor.py:840} INFO - DAG(s) 'restaurant_maintenance' retrieved from /opt/airflow/dags/maintenance_dag.py
[2025-06-26T22:40:50.573+0000] {logging_mixin.py:188} INFO - [2025-06-26T22:40:50.572+0000] {dag.py:3036} INFO - Sync 1 DAGs
[2025-06-26T22:40:50.592+0000] {logging_mixin.py:188} INFO - [2025-06-26T22:40:50.591+0000] {dag.py:3823} INFO - Setting next_dagrun for restaurant_maintenance to 2025-06-26 02:00:00+00:00, run_after=2025-06-27 02:00:00+00:00
[2025-06-26T22:40:50.608+0000] {processor.py:183} INFO - Processing /opt/airflow/dags/maintenance_dag.py took 0.088 seconds
[2025-06-26T22:41:20.759+0000] {processor.py:161} INFO - Started process (PID=476) to work on /opt/airflow/dags/maintenance_dag.py
[2025-06-26T22:41:20.761+0000] {processor.py:830} INFO - Processing file /opt/airflow/dags/maintenance_dag.py for tasks to queue
[2025-06-26T22:41:20.762+0000] {logging_mixin.py:188} INFO - [2025-06-26T22:41:20.762+0000] {dagbag.py:538} INFO - Filling up the DagBag from /opt/airflow/dags/maintenance_dag.py
[2025-06-26T22:41:20.786+0000] {processor.py:840} INFO - DAG(s) 'restaurant_maintenance' retrieved from /opt/airflow/dags/maintenance_dag.py
[2025-06-26T22:41:20.813+0000] {logging_mixin.py:188} INFO - [2025-06-26T22:41:20.813+0000] {dag.py:3036} INFO - Sync 1 DAGs
[2025-06-26T22:41:20.833+0000] {logging_mixin.py:188} INFO - [2025-06-26T22:41:20.833+0000] {dag.py:3823} INFO - Setting next_dagrun for restaurant_maintenance to 2025-06-26 02:00:00+00:00, run_after=2025-06-27 02:00:00+00:00
[2025-06-26T22:41:20.853+0000] {processor.py:183} INFO - Processing /opt/airflow/dags/maintenance_dag.py took 0.096 seconds
[2025-06-26T22:41:50.992+0000] {processor.py:161} INFO - Started process (PID=492) to work on /opt/airflow/dags/maintenance_dag.py
[2025-06-26T22:41:50.993+0000] {processor.py:830} INFO - Processing file /opt/airflow/dags/maintenance_dag.py for tasks to queue
[2025-06-26T22:41:50.994+0000] {logging_mixin.py:188} INFO - [2025-06-26T22:41:50.993+0000] {dagbag.py:538} INFO - Filling up the DagBag from /opt/airflow/dags/maintenance_dag.py
[2025-06-26T22:41:51.012+0000] {processor.py:840} INFO - DAG(s) 'restaurant_maintenance' retrieved from /opt/airflow/dags/maintenance_dag.py
[2025-06-26T22:41:51.036+0000] {logging_mixin.py:188} INFO - [2025-06-26T22:41:51.036+0000] {dag.py:3036} INFO - Sync 1 DAGs
[2025-06-26T22:41:51.053+0000] {logging_mixin.py:188} INFO - [2025-06-26T22:41:51.053+0000] {dag.py:3823} INFO - Setting next_dagrun for restaurant_maintenance to 2025-06-26 02:00:00+00:00, run_after=2025-06-27 02:00:00+00:00
[2025-06-26T22:41:51.069+0000] {processor.py:183} INFO - Processing /opt/airflow/dags/maintenance_dag.py took 0.079 seconds
[2025-06-26T22:42:21.293+0000] {processor.py:161} INFO - Started process (PID=508) to work on /opt/airflow/dags/maintenance_dag.py
[2025-06-26T22:42:21.294+0000] {processor.py:830} INFO - Processing file /opt/airflow/dags/maintenance_dag.py for tasks to queue
[2025-06-26T22:42:21.296+0000] {logging_mixin.py:188} INFO - [2025-06-26T22:42:21.295+0000] {dagbag.py:538} INFO - Filling up the DagBag from /opt/airflow/dags/maintenance_dag.py
[2025-06-26T22:42:21.316+0000] {processor.py:840} INFO - DAG(s) 'restaurant_maintenance' retrieved from /opt/airflow/dags/maintenance_dag.py
[2025-06-26T22:42:21.338+0000] {logging_mixin.py:188} INFO - [2025-06-26T22:42:21.338+0000] {dag.py:3036} INFO - Sync 1 DAGs
[2025-06-26T22:42:21.357+0000] {logging_mixin.py:188} INFO - [2025-06-26T22:42:21.357+0000] {dag.py:3823} INFO - Setting next_dagrun for restaurant_maintenance to 2025-06-26 02:00:00+00:00, run_after=2025-06-27 02:00:00+00:00
[2025-06-26T22:42:21.374+0000] {processor.py:183} INFO - Processing /opt/airflow/dags/maintenance_dag.py took 0.084 seconds
[2025-06-26T22:42:51.588+0000] {processor.py:161} INFO - Started process (PID=524) to work on /opt/airflow/dags/maintenance_dag.py
[2025-06-26T22:42:51.589+0000] {processor.py:830} INFO - Processing file /opt/airflow/dags/maintenance_dag.py for tasks to queue
[2025-06-26T22:42:51.590+0000] {logging_mixin.py:188} INFO - [2025-06-26T22:42:51.589+0000] {dagbag.py:538} INFO - Filling up the DagBag from /opt/airflow/dags/maintenance_dag.py
[2025-06-26T22:42:51.605+0000] {processor.py:840} INFO - DAG(s) 'restaurant_maintenance' retrieved from /opt/airflow/dags/maintenance_dag.py
[2025-06-26T22:42:51.624+0000] {logging_mixin.py:188} INFO - [2025-06-26T22:42:51.624+0000] {dag.py:3036} INFO - Sync 1 DAGs
[2025-06-26T22:42:51.639+0000] {logging_mixin.py:188} INFO - [2025-06-26T22:42:51.639+0000] {dag.py:3823} INFO - Setting next_dagrun for restaurant_maintenance to 2025-06-26 02:00:00+00:00, run_after=2025-06-27 02:00:00+00:00
[2025-06-26T22:42:51.655+0000] {processor.py:183} INFO - Processing /opt/airflow/dags/maintenance_dag.py took 0.069 seconds
[2025-06-26T22:43:21.923+0000] {processor.py:161} INFO - Started process (PID=541) to work on /opt/airflow/dags/maintenance_dag.py
[2025-06-26T22:43:21.925+0000] {processor.py:830} INFO - Processing file /opt/airflow/dags/maintenance_dag.py for tasks to queue
[2025-06-26T22:43:21.926+0000] {logging_mixin.py:188} INFO - [2025-06-26T22:43:21.926+0000] {dagbag.py:538} INFO - Filling up the DagBag from /opt/airflow/dags/maintenance_dag.py
[2025-06-26T22:43:21.949+0000] {processor.py:840} INFO - DAG(s) 'restaurant_maintenance' retrieved from /opt/airflow/dags/maintenance_dag.py
[2025-06-26T22:43:21.975+0000] {logging_mixin.py:188} INFO - [2025-06-26T22:43:21.974+0000] {dag.py:3036} INFO - Sync 1 DAGs
[2025-06-26T22:43:21.996+0000] {logging_mixin.py:188} INFO - [2025-06-26T22:43:21.996+0000] {dag.py:3823} INFO - Setting next_dagrun for restaurant_maintenance to 2025-06-26 02:00:00+00:00, run_after=2025-06-27 02:00:00+00:00
[2025-06-26T22:43:22.015+0000] {processor.py:183} INFO - Processing /opt/airflow/dags/maintenance_dag.py took 0.095 seconds
[2025-06-26T22:43:52.285+0000] {processor.py:161} INFO - Started process (PID=557) to work on /opt/airflow/dags/maintenance_dag.py
[2025-06-26T22:43:52.286+0000] {processor.py:830} INFO - Processing file /opt/airflow/dags/maintenance_dag.py for tasks to queue
[2025-06-26T22:43:52.287+0000] {logging_mixin.py:188} INFO - [2025-06-26T22:43:52.287+0000] {dagbag.py:538} INFO - Filling up the DagBag from /opt/airflow/dags/maintenance_dag.py
[2025-06-26T22:43:52.307+0000] {processor.py:840} INFO - DAG(s) 'restaurant_maintenance' retrieved from /opt/airflow/dags/maintenance_dag.py
[2025-06-26T22:43:52.330+0000] {logging_mixin.py:188} INFO - [2025-06-26T22:43:52.330+0000] {dag.py:3036} INFO - Sync 1 DAGs
[2025-06-26T22:43:52.348+0000] {logging_mixin.py:188} INFO - [2025-06-26T22:43:52.348+0000] {dag.py:3823} INFO - Setting next_dagrun for restaurant_maintenance to 2025-06-26 02:00:00+00:00, run_after=2025-06-27 02:00:00+00:00
[2025-06-26T22:43:52.364+0000] {processor.py:183} INFO - Processing /opt/airflow/dags/maintenance_dag.py took 0.081 seconds
[2025-06-26T22:44:22.520+0000] {processor.py:161} INFO - Started process (PID=573) to work on /opt/airflow/dags/maintenance_dag.py
[2025-06-26T22:44:22.521+0000] {processor.py:830} INFO - Processing file /opt/airflow/dags/maintenance_dag.py for tasks to queue
[2025-06-26T22:44:22.522+0000] {logging_mixin.py:188} INFO - [2025-06-26T22:44:22.521+0000] {dagbag.py:538} INFO - Filling up the DagBag from /opt/airflow/dags/maintenance_dag.py
[2025-06-26T22:44:22.541+0000] {processor.py:840} INFO - DAG(s) 'restaurant_maintenance' retrieved from /opt/airflow/dags/maintenance_dag.py
[2025-06-26T22:44:22.566+0000] {logging_mixin.py:188} INFO - [2025-06-26T22:44:22.565+0000] {dag.py:3036} INFO - Sync 1 DAGs
[2025-06-26T22:44:22.586+0000] {logging_mixin.py:188} INFO - [2025-06-26T22:44:22.586+0000] {dag.py:3823} INFO - Setting next_dagrun for restaurant_maintenance to 2025-06-26 02:00:00+00:00, run_after=2025-06-27 02:00:00+00:00
[2025-06-26T22:44:22.609+0000] {processor.py:183} INFO - Processing /opt/airflow/dags/maintenance_dag.py took 0.092 seconds
[2025-06-26T22:44:52.816+0000] {processor.py:161} INFO - Started process (PID=590) to work on /opt/airflow/dags/maintenance_dag.py
[2025-06-26T22:44:52.817+0000] {processor.py:830} INFO - Processing file /opt/airflow/dags/maintenance_dag.py for tasks to queue
[2025-06-26T22:44:52.821+0000] {logging_mixin.py:188} INFO - [2025-06-26T22:44:52.821+0000] {dagbag.py:538} INFO - Filling up the DagBag from /opt/airflow/dags/maintenance_dag.py
[2025-06-26T22:44:52.849+0000] {processor.py:840} INFO - DAG(s) 'restaurant_maintenance' retrieved from /opt/airflow/dags/maintenance_dag.py
[2025-06-26T22:44:52.875+0000] {logging_mixin.py:188} INFO - [2025-06-26T22:44:52.875+0000] {dag.py:3036} INFO - Sync 1 DAGs
[2025-06-26T22:44:52.896+0000] {logging_mixin.py:188} INFO - [2025-06-26T22:44:52.896+0000] {dag.py:3823} INFO - Setting next_dagrun for restaurant_maintenance to 2025-06-26 02:00:00+00:00, run_after=2025-06-27 02:00:00+00:00
[2025-06-26T22:44:52.915+0000] {processor.py:183} INFO - Processing /opt/airflow/dags/maintenance_dag.py took 0.101 seconds
[2025-06-26T22:45:23.128+0000] {processor.py:161} INFO - Started process (PID=606) to work on /opt/airflow/dags/maintenance_dag.py
[2025-06-26T22:45:23.129+0000] {processor.py:830} INFO - Processing file /opt/airflow/dags/maintenance_dag.py for tasks to queue
[2025-06-26T22:45:23.130+0000] {logging_mixin.py:188} INFO - [2025-06-26T22:45:23.130+0000] {dagbag.py:538} INFO - Filling up the DagBag from /opt/airflow/dags/maintenance_dag.py
[2025-06-26T22:45:23.147+0000] {processor.py:840} INFO - DAG(s) 'restaurant_maintenance' retrieved from /opt/airflow/dags/maintenance_dag.py
[2025-06-26T22:45:23.168+0000] {logging_mixin.py:188} INFO - [2025-06-26T22:45:23.168+0000] {dag.py:3036} INFO - Sync 1 DAGs
[2025-06-26T22:45:23.186+0000] {logging_mixin.py:188} INFO - [2025-06-26T22:45:23.186+0000] {dag.py:3823} INFO - Setting next_dagrun for restaurant_maintenance to 2025-06-26 02:00:00+00:00, run_after=2025-06-27 02:00:00+00:00
[2025-06-26T22:45:23.200+0000] {processor.py:183} INFO - Processing /opt/airflow/dags/maintenance_dag.py took 0.075 seconds
[2025-06-26T22:45:53.426+0000] {processor.py:161} INFO - Started process (PID=622) to work on /opt/airflow/dags/maintenance_dag.py
[2025-06-26T22:45:53.426+0000] {processor.py:830} INFO - Processing file /opt/airflow/dags/maintenance_dag.py for tasks to queue
[2025-06-26T22:45:53.427+0000] {logging_mixin.py:188} INFO - [2025-06-26T22:45:53.427+0000] {dagbag.py:538} INFO - Filling up the DagBag from /opt/airflow/dags/maintenance_dag.py
[2025-06-26T22:45:53.445+0000] {processor.py:840} INFO - DAG(s) 'restaurant_maintenance' retrieved from /opt/airflow/dags/maintenance_dag.py
[2025-06-26T22:45:53.466+0000] {logging_mixin.py:188} INFO - [2025-06-26T22:45:53.466+0000] {dag.py:3036} INFO - Sync 1 DAGs
[2025-06-26T22:45:53.483+0000] {logging_mixin.py:188} INFO - [2025-06-26T22:45:53.483+0000] {dag.py:3823} INFO - Setting next_dagrun for restaurant_maintenance to 2025-06-26 02:00:00+00:00, run_after=2025-06-27 02:00:00+00:00
[2025-06-26T22:45:53.497+0000] {processor.py:183} INFO - Processing /opt/airflow/dags/maintenance_dag.py took 0.074 seconds
[2025-06-26T22:46:23.667+0000] {processor.py:161} INFO - Started process (PID=638) to work on /opt/airflow/dags/maintenance_dag.py
[2025-06-26T22:46:23.668+0000] {processor.py:830} INFO - Processing file /opt/airflow/dags/maintenance_dag.py for tasks to queue
[2025-06-26T22:46:23.668+0000] {logging_mixin.py:188} INFO - [2025-06-26T22:46:23.668+0000] {dagbag.py:538} INFO - Filling up the DagBag from /opt/airflow/dags/maintenance_dag.py
[2025-06-26T22:46:23.687+0000] {processor.py:840} INFO - DAG(s) 'restaurant_maintenance' retrieved from /opt/airflow/dags/maintenance_dag.py
[2025-06-26T22:46:23.708+0000] {logging_mixin.py:188} INFO - [2025-06-26T22:46:23.708+0000] {dag.py:3036} INFO - Sync 1 DAGs
[2025-06-26T22:46:23.729+0000] {logging_mixin.py:188} INFO - [2025-06-26T22:46:23.728+0000] {dag.py:3823} INFO - Setting next_dagrun for restaurant_maintenance to 2025-06-26 02:00:00+00:00, run_after=2025-06-27 02:00:00+00:00
[2025-06-26T22:46:23.744+0000] {processor.py:183} INFO - Processing /opt/airflow/dags/maintenance_dag.py took 0.079 seconds
[2025-06-26T22:46:53.867+0000] {processor.py:161} INFO - Started process (PID=654) to work on /opt/airflow/dags/maintenance_dag.py
[2025-06-26T22:46:53.869+0000] {processor.py:830} INFO - Processing file /opt/airflow/dags/maintenance_dag.py for tasks to queue
[2025-06-26T22:46:53.870+0000] {logging_mixin.py:188} INFO - [2025-06-26T22:46:53.870+0000] {dagbag.py:538} INFO - Filling up the DagBag from /opt/airflow/dags/maintenance_dag.py
[2025-06-26T22:46:53.887+0000] {processor.py:840} INFO - DAG(s) 'restaurant_maintenance' retrieved from /opt/airflow/dags/maintenance_dag.py
[2025-06-26T22:46:53.918+0000] {logging_mixin.py:188} INFO - [2025-06-26T22:46:53.918+0000] {dag.py:3036} INFO - Sync 1 DAGs
[2025-06-26T22:46:53.942+0000] {logging_mixin.py:188} INFO - [2025-06-26T22:46:53.942+0000] {dag.py:3823} INFO - Setting next_dagrun for restaurant_maintenance to 2025-06-26 02:00:00+00:00, run_after=2025-06-27 02:00:00+00:00
[2025-06-26T22:46:53.965+0000] {processor.py:183} INFO - Processing /opt/airflow/dags/maintenance_dag.py took 0.100 seconds
[2025-06-26T22:47:24.217+0000] {processor.py:161} INFO - Started process (PID=670) to work on /opt/airflow/dags/maintenance_dag.py
[2025-06-26T22:47:24.218+0000] {processor.py:830} INFO - Processing file /opt/airflow/dags/maintenance_dag.py for tasks to queue
[2025-06-26T22:47:24.219+0000] {logging_mixin.py:188} INFO - [2025-06-26T22:47:24.218+0000] {dagbag.py:538} INFO - Filling up the DagBag from /opt/airflow/dags/maintenance_dag.py
[2025-06-26T22:47:24.235+0000] {processor.py:840} INFO - DAG(s) 'restaurant_maintenance' retrieved from /opt/airflow/dags/maintenance_dag.py
[2025-06-26T22:47:24.255+0000] {logging_mixin.py:188} INFO - [2025-06-26T22:47:24.255+0000] {dag.py:3036} INFO - Sync 1 DAGs
[2025-06-26T22:47:24.270+0000] {logging_mixin.py:188} INFO - [2025-06-26T22:47:24.270+0000] {dag.py:3823} INFO - Setting next_dagrun for restaurant_maintenance to 2025-06-26 02:00:00+00:00, run_after=2025-06-27 02:00:00+00:00
[2025-06-26T22:47:24.286+0000] {processor.py:183} INFO - Processing /opt/airflow/dags/maintenance_dag.py took 0.071 seconds
[2025-06-26T22:47:54.488+0000] {processor.py:161} INFO - Started process (PID=686) to work on /opt/airflow/dags/maintenance_dag.py
[2025-06-26T22:47:54.489+0000] {processor.py:830} INFO - Processing file /opt/airflow/dags/maintenance_dag.py for tasks to queue
[2025-06-26T22:47:54.490+0000] {logging_mixin.py:188} INFO - [2025-06-26T22:47:54.490+0000] {dagbag.py:538} INFO - Filling up the DagBag from /opt/airflow/dags/maintenance_dag.py
[2025-06-26T22:47:54.508+0000] {processor.py:840} INFO - DAG(s) 'restaurant_maintenance' retrieved from /opt/airflow/dags/maintenance_dag.py
[2025-06-26T22:47:54.528+0000] {logging_mixin.py:188} INFO - [2025-06-26T22:47:54.528+0000] {dag.py:3036} INFO - Sync 1 DAGs
[2025-06-26T22:47:54.543+0000] {logging_mixin.py:188} INFO - [2025-06-26T22:47:54.542+0000] {dag.py:3823} INFO - Setting next_dagrun for restaurant_maintenance to 2025-06-26 02:00:00+00:00, run_after=2025-06-27 02:00:00+00:00
[2025-06-26T22:47:54.557+0000] {processor.py:183} INFO - Processing /opt/airflow/dags/maintenance_dag.py took 0.071 seconds
[2025-06-26T22:48:24.752+0000] {processor.py:161} INFO - Started process (PID=702) to work on /opt/airflow/dags/maintenance_dag.py
[2025-06-26T22:48:24.754+0000] {processor.py:830} INFO - Processing file /opt/airflow/dags/maintenance_dag.py for tasks to queue
[2025-06-26T22:48:24.755+0000] {logging_mixin.py:188} INFO - [2025-06-26T22:48:24.755+0000] {dagbag.py:538} INFO - Filling up the DagBag from /opt/airflow/dags/maintenance_dag.py
[2025-06-26T22:48:24.780+0000] {processor.py:840} INFO - DAG(s) 'restaurant_maintenance' retrieved from /opt/airflow/dags/maintenance_dag.py
[2025-06-26T22:48:24.805+0000] {logging_mixin.py:188} INFO - [2025-06-26T22:48:24.805+0000] {dag.py:3036} INFO - Sync 1 DAGs
[2025-06-26T22:48:24.823+0000] {logging_mixin.py:188} INFO - [2025-06-26T22:48:24.823+0000] {dag.py:3823} INFO - Setting next_dagrun for restaurant_maintenance to 2025-06-26 02:00:00+00:00, run_after=2025-06-27 02:00:00+00:00
[2025-06-26T22:48:24.838+0000] {processor.py:183} INFO - Processing /opt/airflow/dags/maintenance_dag.py took 0.088 seconds
[2025-06-26T22:48:54.944+0000] {processor.py:161} INFO - Started process (PID=718) to work on /opt/airflow/dags/maintenance_dag.py
[2025-06-26T22:48:54.945+0000] {processor.py:830} INFO - Processing file /opt/airflow/dags/maintenance_dag.py for tasks to queue
[2025-06-26T22:48:54.947+0000] {logging_mixin.py:188} INFO - [2025-06-26T22:48:54.946+0000] {dagbag.py:538} INFO - Filling up the DagBag from /opt/airflow/dags/maintenance_dag.py
[2025-06-26T22:48:54.975+0000] {processor.py:840} INFO - DAG(s) 'restaurant_maintenance' retrieved from /opt/airflow/dags/maintenance_dag.py
[2025-06-26T22:48:54.998+0000] {logging_mixin.py:188} INFO - [2025-06-26T22:48:54.998+0000] {dag.py:3036} INFO - Sync 1 DAGs
[2025-06-26T22:48:55.019+0000] {logging_mixin.py:188} INFO - [2025-06-26T22:48:55.018+0000] {dag.py:3823} INFO - Setting next_dagrun for restaurant_maintenance to 2025-06-26 02:00:00+00:00, run_after=2025-06-27 02:00:00+00:00
[2025-06-26T22:48:55.049+0000] {processor.py:183} INFO - Processing /opt/airflow/dags/maintenance_dag.py took 0.107 seconds
[2025-06-26T22:49:25.251+0000] {processor.py:161} INFO - Started process (PID=734) to work on /opt/airflow/dags/maintenance_dag.py
[2025-06-26T22:49:25.252+0000] {processor.py:830} INFO - Processing file /opt/airflow/dags/maintenance_dag.py for tasks to queue
[2025-06-26T22:49:25.253+0000] {logging_mixin.py:188} INFO - [2025-06-26T22:49:25.253+0000] {dagbag.py:538} INFO - Filling up the DagBag from /opt/airflow/dags/maintenance_dag.py
[2025-06-26T22:49:25.271+0000] {processor.py:840} INFO - DAG(s) 'restaurant_maintenance' retrieved from /opt/airflow/dags/maintenance_dag.py
[2025-06-26T22:49:25.291+0000] {logging_mixin.py:188} INFO - [2025-06-26T22:49:25.291+0000] {dag.py:3036} INFO - Sync 1 DAGs
[2025-06-26T22:49:25.308+0000] {logging_mixin.py:188} INFO - [2025-06-26T22:49:25.308+0000] {dag.py:3823} INFO - Setting next_dagrun for restaurant_maintenance to 2025-06-26 02:00:00+00:00, run_after=2025-06-27 02:00:00+00:00
[2025-06-26T22:49:25.326+0000] {processor.py:183} INFO - Processing /opt/airflow/dags/maintenance_dag.py took 0.077 seconds
[2025-06-26T22:49:55.533+0000] {processor.py:161} INFO - Started process (PID=750) to work on /opt/airflow/dags/maintenance_dag.py
[2025-06-26T22:49:55.534+0000] {processor.py:830} INFO - Processing file /opt/airflow/dags/maintenance_dag.py for tasks to queue
[2025-06-26T22:49:55.535+0000] {logging_mixin.py:188} INFO - [2025-06-26T22:49:55.534+0000] {dagbag.py:538} INFO - Filling up the DagBag from /opt/airflow/dags/maintenance_dag.py
[2025-06-26T22:49:55.552+0000] {processor.py:840} INFO - DAG(s) 'restaurant_maintenance' retrieved from /opt/airflow/dags/maintenance_dag.py
[2025-06-26T22:49:55.571+0000] {logging_mixin.py:188} INFO - [2025-06-26T22:49:55.571+0000] {dag.py:3036} INFO - Sync 1 DAGs
[2025-06-26T22:49:55.587+0000] {logging_mixin.py:188} INFO - [2025-06-26T22:49:55.587+0000] {dag.py:3823} INFO - Setting next_dagrun for restaurant_maintenance to 2025-06-26 02:00:00+00:00, run_after=2025-06-27 02:00:00+00:00
[2025-06-26T22:49:55.602+0000] {processor.py:183} INFO - Processing /opt/airflow/dags/maintenance_dag.py took 0.071 seconds
[2025-06-26T22:50:25.810+0000] {processor.py:161} INFO - Started process (PID=766) to work on /opt/airflow/dags/maintenance_dag.py
[2025-06-26T22:50:25.811+0000] {processor.py:830} INFO - Processing file /opt/airflow/dags/maintenance_dag.py for tasks to queue
[2025-06-26T22:50:25.811+0000] {logging_mixin.py:188} INFO - [2025-06-26T22:50:25.811+0000] {dagbag.py:538} INFO - Filling up the DagBag from /opt/airflow/dags/maintenance_dag.py
[2025-06-26T22:50:25.830+0000] {processor.py:840} INFO - DAG(s) 'restaurant_maintenance' retrieved from /opt/airflow/dags/maintenance_dag.py
[2025-06-26T22:50:25.850+0000] {logging_mixin.py:188} INFO - [2025-06-26T22:50:25.850+0000] {dag.py:3036} INFO - Sync 1 DAGs
[2025-06-26T22:50:25.865+0000] {logging_mixin.py:188} INFO - [2025-06-26T22:50:25.865+0000] {dag.py:3823} INFO - Setting next_dagrun for restaurant_maintenance to 2025-06-26 02:00:00+00:00, run_after=2025-06-27 02:00:00+00:00
[2025-06-26T22:50:25.881+0000] {processor.py:183} INFO - Processing /opt/airflow/dags/maintenance_dag.py took 0.073 seconds
[2025-06-26T22:50:56.099+0000] {processor.py:161} INFO - Started process (PID=782) to work on /opt/airflow/dags/maintenance_dag.py
[2025-06-26T22:50:56.100+0000] {processor.py:830} INFO - Processing file /opt/airflow/dags/maintenance_dag.py for tasks to queue
[2025-06-26T22:50:56.101+0000] {logging_mixin.py:188} INFO - [2025-06-26T22:50:56.101+0000] {dagbag.py:538} INFO - Filling up the DagBag from /opt/airflow/dags/maintenance_dag.py
[2025-06-26T22:50:56.122+0000] {processor.py:840} INFO - DAG(s) 'restaurant_maintenance' retrieved from /opt/airflow/dags/maintenance_dag.py
[2025-06-26T22:50:56.148+0000] {logging_mixin.py:188} INFO - [2025-06-26T22:50:56.148+0000] {dag.py:3036} INFO - Sync 1 DAGs
[2025-06-26T22:50:56.165+0000] {logging_mixin.py:188} INFO - [2025-06-26T22:50:56.165+0000] {dag.py:3823} INFO - Setting next_dagrun for restaurant_maintenance to 2025-06-26 02:00:00+00:00, run_after=2025-06-27 02:00:00+00:00
[2025-06-26T22:50:56.185+0000] {processor.py:183} INFO - Processing /opt/airflow/dags/maintenance_dag.py took 0.089 seconds
[2025-06-26T22:51:26.326+0000] {processor.py:161} INFO - Started process (PID=798) to work on /opt/airflow/dags/maintenance_dag.py
[2025-06-26T22:51:26.327+0000] {processor.py:830} INFO - Processing file /opt/airflow/dags/maintenance_dag.py for tasks to queue
[2025-06-26T22:51:26.328+0000] {logging_mixin.py:188} INFO - [2025-06-26T22:51:26.328+0000] {dagbag.py:538} INFO - Filling up the DagBag from /opt/airflow/dags/maintenance_dag.py
[2025-06-26T22:51:26.353+0000] {processor.py:840} INFO - DAG(s) 'restaurant_maintenance' retrieved from /opt/airflow/dags/maintenance_dag.py
[2025-06-26T22:51:26.376+0000] {logging_mixin.py:188} INFO - [2025-06-26T22:51:26.376+0000] {dag.py:3036} INFO - Sync 1 DAGs
[2025-06-26T22:51:26.392+0000] {logging_mixin.py:188} INFO - [2025-06-26T22:51:26.392+0000] {dag.py:3823} INFO - Setting next_dagrun for restaurant_maintenance to 2025-06-26 02:00:00+00:00, run_after=2025-06-27 02:00:00+00:00
[2025-06-26T22:51:26.410+0000] {processor.py:183} INFO - Processing /opt/airflow/dags/maintenance_dag.py took 0.087 seconds
[2025-06-26T22:51:56.588+0000] {processor.py:161} INFO - Started process (PID=814) to work on /opt/airflow/dags/maintenance_dag.py
[2025-06-26T22:51:56.589+0000] {processor.py:830} INFO - Processing file /opt/airflow/dags/maintenance_dag.py for tasks to queue
[2025-06-26T22:51:56.590+0000] {logging_mixin.py:188} INFO - [2025-06-26T22:51:56.589+0000] {dagbag.py:538} INFO - Filling up the DagBag from /opt/airflow/dags/maintenance_dag.py
[2025-06-26T22:51:56.607+0000] {processor.py:840} INFO - DAG(s) 'restaurant_maintenance' retrieved from /opt/airflow/dags/maintenance_dag.py
[2025-06-26T22:51:56.627+0000] {logging_mixin.py:188} INFO - [2025-06-26T22:51:56.627+0000] {dag.py:3036} INFO - Sync 1 DAGs
[2025-06-26T22:51:56.643+0000] {logging_mixin.py:188} INFO - [2025-06-26T22:51:56.643+0000] {dag.py:3823} INFO - Setting next_dagrun for restaurant_maintenance to 2025-06-26 02:00:00+00:00, run_after=2025-06-27 02:00:00+00:00
[2025-06-26T22:51:56.659+0000] {processor.py:183} INFO - Processing /opt/airflow/dags/maintenance_dag.py took 0.073 seconds
[2025-06-26T22:52:26.874+0000] {processor.py:161} INFO - Started process (PID=830) to work on /opt/airflow/dags/maintenance_dag.py
[2025-06-26T22:52:26.875+0000] {processor.py:830} INFO - Processing file /opt/airflow/dags/maintenance_dag.py for tasks to queue
[2025-06-26T22:52:26.876+0000] {logging_mixin.py:188} INFO - [2025-06-26T22:52:26.876+0000] {dagbag.py:538} INFO - Filling up the DagBag from /opt/airflow/dags/maintenance_dag.py
[2025-06-26T22:52:26.895+0000] {processor.py:840} INFO - DAG(s) 'restaurant_maintenance' retrieved from /opt/airflow/dags/maintenance_dag.py
[2025-06-26T22:52:26.916+0000] {logging_mixin.py:188} INFO - [2025-06-26T22:52:26.916+0000] {dag.py:3036} INFO - Sync 1 DAGs
[2025-06-26T22:52:26.934+0000] {logging_mixin.py:188} INFO - [2025-06-26T22:52:26.934+0000] {dag.py:3823} INFO - Setting next_dagrun for restaurant_maintenance to 2025-06-26 02:00:00+00:00, run_after=2025-06-27 02:00:00+00:00
[2025-06-26T22:52:26.948+0000] {processor.py:183} INFO - Processing /opt/airflow/dags/maintenance_dag.py took 0.077 seconds
[2025-06-26T22:52:57.105+0000] {processor.py:161} INFO - Started process (PID=845) to work on /opt/airflow/dags/maintenance_dag.py
[2025-06-26T22:52:57.106+0000] {processor.py:830} INFO - Processing file /opt/airflow/dags/maintenance_dag.py for tasks to queue
[2025-06-26T22:52:57.107+0000] {logging_mixin.py:188} INFO - [2025-06-26T22:52:57.106+0000] {dagbag.py:538} INFO - Filling up the DagBag from /opt/airflow/dags/maintenance_dag.py
[2025-06-26T22:52:57.125+0000] {processor.py:840} INFO - DAG(s) 'restaurant_maintenance' retrieved from /opt/airflow/dags/maintenance_dag.py
[2025-06-26T22:52:57.146+0000] {logging_mixin.py:188} INFO - [2025-06-26T22:52:57.146+0000] {dag.py:3036} INFO - Sync 1 DAGs
[2025-06-26T22:52:57.163+0000] {logging_mixin.py:188} INFO - [2025-06-26T22:52:57.162+0000] {dag.py:3823} INFO - Setting next_dagrun for restaurant_maintenance to 2025-06-26 02:00:00+00:00, run_after=2025-06-27 02:00:00+00:00
[2025-06-26T22:52:57.181+0000] {processor.py:183} INFO - Processing /opt/airflow/dags/maintenance_dag.py took 0.079 seconds
[2025-06-26T22:53:27.334+0000] {processor.py:161} INFO - Started process (PID=861) to work on /opt/airflow/dags/maintenance_dag.py
[2025-06-26T22:53:27.337+0000] {processor.py:830} INFO - Processing file /opt/airflow/dags/maintenance_dag.py for tasks to queue
[2025-06-26T22:53:27.338+0000] {logging_mixin.py:188} INFO - [2025-06-26T22:53:27.338+0000] {dagbag.py:538} INFO - Filling up the DagBag from /opt/airflow/dags/maintenance_dag.py
[2025-06-26T22:53:27.357+0000] {processor.py:840} INFO - DAG(s) 'restaurant_maintenance' retrieved from /opt/airflow/dags/maintenance_dag.py
[2025-06-26T22:53:27.382+0000] {logging_mixin.py:188} INFO - [2025-06-26T22:53:27.382+0000] {dag.py:3036} INFO - Sync 1 DAGs
[2025-06-26T22:53:27.401+0000] {logging_mixin.py:188} INFO - [2025-06-26T22:53:27.400+0000] {dag.py:3823} INFO - Setting next_dagrun for restaurant_maintenance to 2025-06-26 02:00:00+00:00, run_after=2025-06-27 02:00:00+00:00
[2025-06-26T22:53:27.416+0000] {processor.py:183} INFO - Processing /opt/airflow/dags/maintenance_dag.py took 0.084 seconds
[2025-06-26T22:53:57.571+0000] {processor.py:161} INFO - Started process (PID=877) to work on /opt/airflow/dags/maintenance_dag.py
[2025-06-26T22:53:57.571+0000] {processor.py:830} INFO - Processing file /opt/airflow/dags/maintenance_dag.py for tasks to queue
[2025-06-26T22:53:57.572+0000] {logging_mixin.py:188} INFO - [2025-06-26T22:53:57.572+0000] {dagbag.py:538} INFO - Filling up the DagBag from /opt/airflow/dags/maintenance_dag.py
[2025-06-26T22:53:57.587+0000] {processor.py:840} INFO - DAG(s) 'restaurant_maintenance' retrieved from /opt/airflow/dags/maintenance_dag.py
[2025-06-26T22:53:57.607+0000] {logging_mixin.py:188} INFO - [2025-06-26T22:53:57.607+0000] {dag.py:3036} INFO - Sync 1 DAGs
[2025-06-26T22:53:57.623+0000] {logging_mixin.py:188} INFO - [2025-06-26T22:53:57.623+0000] {dag.py:3823} INFO - Setting next_dagrun for restaurant_maintenance to 2025-06-26 02:00:00+00:00, run_after=2025-06-27 02:00:00+00:00
[2025-06-26T22:53:57.640+0000] {processor.py:183} INFO - Processing /opt/airflow/dags/maintenance_dag.py took 0.071 seconds
[2025-06-26T22:54:27.785+0000] {processor.py:161} INFO - Started process (PID=893) to work on /opt/airflow/dags/maintenance_dag.py
[2025-06-26T22:54:27.786+0000] {processor.py:830} INFO - Processing file /opt/airflow/dags/maintenance_dag.py for tasks to queue
[2025-06-26T22:54:27.787+0000] {logging_mixin.py:188} INFO - [2025-06-26T22:54:27.786+0000] {dagbag.py:538} INFO - Filling up the DagBag from /opt/airflow/dags/maintenance_dag.py
[2025-06-26T22:54:27.804+0000] {processor.py:840} INFO - DAG(s) 'restaurant_maintenance' retrieved from /opt/airflow/dags/maintenance_dag.py
[2025-06-26T22:54:28.148+0000] {logging_mixin.py:188} INFO - [2025-06-26T22:54:28.147+0000] {dag.py:3036} INFO - Sync 1 DAGs
[2025-06-26T22:54:28.164+0000] {logging_mixin.py:188} INFO - [2025-06-26T22:54:28.164+0000] {dag.py:3823} INFO - Setting next_dagrun for restaurant_maintenance to 2025-06-26 02:00:00+00:00, run_after=2025-06-27 02:00:00+00:00
[2025-06-26T22:54:28.189+0000] {processor.py:183} INFO - Processing /opt/airflow/dags/maintenance_dag.py took 0.406 seconds
[2025-06-26T22:54:58.355+0000] {processor.py:161} INFO - Started process (PID=913) to work on /opt/airflow/dags/maintenance_dag.py
[2025-06-26T22:54:58.355+0000] {processor.py:830} INFO - Processing file /opt/airflow/dags/maintenance_dag.py for tasks to queue
[2025-06-26T22:54:58.356+0000] {logging_mixin.py:188} INFO - [2025-06-26T22:54:58.356+0000] {dagbag.py:538} INFO - Filling up the DagBag from /opt/airflow/dags/maintenance_dag.py
[2025-06-26T22:54:58.474+0000] {processor.py:840} INFO - DAG(s) 'restaurant_maintenance' retrieved from /opt/airflow/dags/maintenance_dag.py
[2025-06-26T22:54:58.495+0000] {logging_mixin.py:188} INFO - [2025-06-26T22:54:58.494+0000] {dag.py:3036} INFO - Sync 1 DAGs
[2025-06-26T22:54:58.510+0000] {logging_mixin.py:188} INFO - [2025-06-26T22:54:58.510+0000] {dag.py:3823} INFO - Setting next_dagrun for restaurant_maintenance to 2025-06-26 02:00:00+00:00, run_after=2025-06-27 02:00:00+00:00
[2025-06-26T22:54:58.529+0000] {processor.py:183} INFO - Processing /opt/airflow/dags/maintenance_dag.py took 0.177 seconds
[2025-06-26T22:55:28.769+0000] {processor.py:161} INFO - Started process (PID=924) to work on /opt/airflow/dags/maintenance_dag.py
[2025-06-26T22:55:28.770+0000] {processor.py:830} INFO - Processing file /opt/airflow/dags/maintenance_dag.py for tasks to queue
[2025-06-26T22:55:28.771+0000] {logging_mixin.py:188} INFO - [2025-06-26T22:55:28.770+0000] {dagbag.py:538} INFO - Filling up the DagBag from /opt/airflow/dags/maintenance_dag.py
[2025-06-26T22:55:28.787+0000] {processor.py:840} INFO - DAG(s) 'restaurant_maintenance' retrieved from /opt/airflow/dags/maintenance_dag.py
[2025-06-26T22:55:28.808+0000] {logging_mixin.py:188} INFO - [2025-06-26T22:55:28.807+0000] {dag.py:3036} INFO - Sync 1 DAGs
[2025-06-26T22:55:28.826+0000] {logging_mixin.py:188} INFO - [2025-06-26T22:55:28.826+0000] {dag.py:3823} INFO - Setting next_dagrun for restaurant_maintenance to 2025-06-26 02:00:00+00:00, run_after=2025-06-27 02:00:00+00:00
[2025-06-26T22:55:28.844+0000] {processor.py:183} INFO - Processing /opt/airflow/dags/maintenance_dag.py took 0.078 seconds
[2025-06-26T22:55:59.060+0000] {processor.py:161} INFO - Started process (PID=940) to work on /opt/airflow/dags/maintenance_dag.py
[2025-06-26T22:55:59.061+0000] {processor.py:830} INFO - Processing file /opt/airflow/dags/maintenance_dag.py for tasks to queue
[2025-06-26T22:55:59.061+0000] {logging_mixin.py:188} INFO - [2025-06-26T22:55:59.061+0000] {dagbag.py:538} INFO - Filling up the DagBag from /opt/airflow/dags/maintenance_dag.py
[2025-06-26T22:55:59.081+0000] {processor.py:840} INFO - DAG(s) 'restaurant_maintenance' retrieved from /opt/airflow/dags/maintenance_dag.py
[2025-06-26T22:55:59.102+0000] {logging_mixin.py:188} INFO - [2025-06-26T22:55:59.102+0000] {dag.py:3036} INFO - Sync 1 DAGs
[2025-06-26T22:55:59.117+0000] {logging_mixin.py:188} INFO - [2025-06-26T22:55:59.117+0000] {dag.py:3823} INFO - Setting next_dagrun for restaurant_maintenance to 2025-06-26 02:00:00+00:00, run_after=2025-06-27 02:00:00+00:00
[2025-06-26T22:55:59.135+0000] {processor.py:183} INFO - Processing /opt/airflow/dags/maintenance_dag.py took 0.077 seconds
[2025-06-26T22:56:29.257+0000] {processor.py:161} INFO - Started process (PID=956) to work on /opt/airflow/dags/maintenance_dag.py
[2025-06-26T22:56:29.258+0000] {processor.py:830} INFO - Processing file /opt/airflow/dags/maintenance_dag.py for tasks to queue
[2025-06-26T22:56:29.259+0000] {logging_mixin.py:188} INFO - [2025-06-26T22:56:29.259+0000] {dagbag.py:538} INFO - Filling up the DagBag from /opt/airflow/dags/maintenance_dag.py
[2025-06-26T22:56:29.276+0000] {processor.py:840} INFO - DAG(s) 'restaurant_maintenance' retrieved from /opt/airflow/dags/maintenance_dag.py
[2025-06-26T22:56:29.295+0000] {logging_mixin.py:188} INFO - [2025-06-26T22:56:29.295+0000] {dag.py:3036} INFO - Sync 1 DAGs
[2025-06-26T22:56:29.310+0000] {logging_mixin.py:188} INFO - [2025-06-26T22:56:29.310+0000] {dag.py:3823} INFO - Setting next_dagrun for restaurant_maintenance to 2025-06-26 02:00:00+00:00, run_after=2025-06-27 02:00:00+00:00
[2025-06-26T22:56:29.327+0000] {processor.py:183} INFO - Processing /opt/airflow/dags/maintenance_dag.py took 0.072 seconds
[2025-06-26T22:56:59.534+0000] {processor.py:161} INFO - Started process (PID=973) to work on /opt/airflow/dags/maintenance_dag.py
[2025-06-26T22:56:59.540+0000] {processor.py:830} INFO - Processing file /opt/airflow/dags/maintenance_dag.py for tasks to queue
[2025-06-26T22:56:59.541+0000] {logging_mixin.py:188} INFO - [2025-06-26T22:56:59.541+0000] {dagbag.py:538} INFO - Filling up the DagBag from /opt/airflow/dags/maintenance_dag.py
[2025-06-26T22:56:59.558+0000] {processor.py:840} INFO - DAG(s) 'restaurant_maintenance' retrieved from /opt/airflow/dags/maintenance_dag.py
[2025-06-26T22:56:59.576+0000] {logging_mixin.py:188} INFO - [2025-06-26T22:56:59.576+0000] {dag.py:3036} INFO - Sync 1 DAGs
[2025-06-26T22:56:59.591+0000] {logging_mixin.py:188} INFO - [2025-06-26T22:56:59.591+0000] {dag.py:3823} INFO - Setting next_dagrun for restaurant_maintenance to 2025-06-26 02:00:00+00:00, run_after=2025-06-27 02:00:00+00:00
[2025-06-26T22:56:59.606+0000] {processor.py:183} INFO - Processing /opt/airflow/dags/maintenance_dag.py took 0.074 seconds
[2025-06-26T22:57:29.815+0000] {processor.py:161} INFO - Started process (PID=989) to work on /opt/airflow/dags/maintenance_dag.py
[2025-06-26T22:57:29.816+0000] {processor.py:830} INFO - Processing file /opt/airflow/dags/maintenance_dag.py for tasks to queue
[2025-06-26T22:57:29.817+0000] {logging_mixin.py:188} INFO - [2025-06-26T22:57:29.817+0000] {dagbag.py:538} INFO - Filling up the DagBag from /opt/airflow/dags/maintenance_dag.py
[2025-06-26T22:57:29.836+0000] {processor.py:840} INFO - DAG(s) 'restaurant_maintenance' retrieved from /opt/airflow/dags/maintenance_dag.py
[2025-06-26T22:57:29.857+0000] {logging_mixin.py:188} INFO - [2025-06-26T22:57:29.857+0000] {dag.py:3036} INFO - Sync 1 DAGs
[2025-06-26T22:57:29.872+0000] {logging_mixin.py:188} INFO - [2025-06-26T22:57:29.872+0000] {dag.py:3823} INFO - Setting next_dagrun for restaurant_maintenance to 2025-06-26 02:00:00+00:00, run_after=2025-06-27 02:00:00+00:00
[2025-06-26T22:57:29.885+0000] {processor.py:183} INFO - Processing /opt/airflow/dags/maintenance_dag.py took 0.072 seconds
[2025-06-26T22:58:00.050+0000] {processor.py:161} INFO - Started process (PID=1005) to work on /opt/airflow/dags/maintenance_dag.py
[2025-06-26T22:58:00.052+0000] {processor.py:830} INFO - Processing file /opt/airflow/dags/maintenance_dag.py for tasks to queue
[2025-06-26T22:58:00.052+0000] {logging_mixin.py:188} INFO - [2025-06-26T22:58:00.052+0000] {dagbag.py:538} INFO - Filling up the DagBag from /opt/airflow/dags/maintenance_dag.py
[2025-06-26T22:58:00.073+0000] {processor.py:840} INFO - DAG(s) 'restaurant_maintenance' retrieved from /opt/airflow/dags/maintenance_dag.py
[2025-06-26T22:58:00.092+0000] {logging_mixin.py:188} INFO - [2025-06-26T22:58:00.092+0000] {dag.py:3036} INFO - Sync 1 DAGs
[2025-06-26T22:58:00.107+0000] {logging_mixin.py:188} INFO - [2025-06-26T22:58:00.107+0000] {dag.py:3823} INFO - Setting next_dagrun for restaurant_maintenance to 2025-06-26 02:00:00+00:00, run_after=2025-06-27 02:00:00+00:00
[2025-06-26T22:58:00.122+0000] {processor.py:183} INFO - Processing /opt/airflow/dags/maintenance_dag.py took 0.074 seconds
[2025-06-26T22:58:30.280+0000] {processor.py:161} INFO - Started process (PID=1021) to work on /opt/airflow/dags/maintenance_dag.py
[2025-06-26T22:58:30.281+0000] {processor.py:830} INFO - Processing file /opt/airflow/dags/maintenance_dag.py for tasks to queue
[2025-06-26T22:58:30.282+0000] {logging_mixin.py:188} INFO - [2025-06-26T22:58:30.281+0000] {dagbag.py:538} INFO - Filling up the DagBag from /opt/airflow/dags/maintenance_dag.py
[2025-06-26T22:58:30.298+0000] {processor.py:840} INFO - DAG(s) 'restaurant_maintenance' retrieved from /opt/airflow/dags/maintenance_dag.py
[2025-06-26T22:58:30.323+0000] {logging_mixin.py:188} INFO - [2025-06-26T22:58:30.323+0000] {dag.py:3036} INFO - Sync 1 DAGs
[2025-06-26T22:58:30.338+0000] {logging_mixin.py:188} INFO - [2025-06-26T22:58:30.338+0000] {dag.py:3823} INFO - Setting next_dagrun for restaurant_maintenance to 2025-06-26 02:00:00+00:00, run_after=2025-06-27 02:00:00+00:00
[2025-06-26T22:58:30.355+0000] {processor.py:183} INFO - Processing /opt/airflow/dags/maintenance_dag.py took 0.077 seconds
[2025-06-26T22:59:00.593+0000] {processor.py:161} INFO - Started process (PID=1037) to work on /opt/airflow/dags/maintenance_dag.py
[2025-06-26T22:59:00.594+0000] {processor.py:830} INFO - Processing file /opt/airflow/dags/maintenance_dag.py for tasks to queue
[2025-06-26T22:59:00.594+0000] {logging_mixin.py:188} INFO - [2025-06-26T22:59:00.594+0000] {dagbag.py:538} INFO - Filling up the DagBag from /opt/airflow/dags/maintenance_dag.py
[2025-06-26T22:59:00.614+0000] {processor.py:840} INFO - DAG(s) 'restaurant_maintenance' retrieved from /opt/airflow/dags/maintenance_dag.py
[2025-06-26T22:59:00.634+0000] {logging_mixin.py:188} INFO - [2025-06-26T22:59:00.634+0000] {dag.py:3036} INFO - Sync 1 DAGs
[2025-06-26T22:59:00.649+0000] {logging_mixin.py:188} INFO - [2025-06-26T22:59:00.649+0000] {dag.py:3823} INFO - Setting next_dagrun for restaurant_maintenance to 2025-06-26 02:00:00+00:00, run_after=2025-06-27 02:00:00+00:00
[2025-06-26T22:59:00.665+0000] {processor.py:183} INFO - Processing /opt/airflow/dags/maintenance_dag.py took 0.075 seconds
[2025-06-26T22:59:30.904+0000] {processor.py:161} INFO - Started process (PID=1053) to work on /opt/airflow/dags/maintenance_dag.py
[2025-06-26T22:59:30.905+0000] {processor.py:830} INFO - Processing file /opt/airflow/dags/maintenance_dag.py for tasks to queue
[2025-06-26T22:59:30.906+0000] {logging_mixin.py:188} INFO - [2025-06-26T22:59:30.906+0000] {dagbag.py:538} INFO - Filling up the DagBag from /opt/airflow/dags/maintenance_dag.py
[2025-06-26T22:59:30.925+0000] {processor.py:840} INFO - DAG(s) 'restaurant_maintenance' retrieved from /opt/airflow/dags/maintenance_dag.py
[2025-06-26T22:59:30.945+0000] {logging_mixin.py:188} INFO - [2025-06-26T22:59:30.945+0000] {dag.py:3036} INFO - Sync 1 DAGs
[2025-06-26T22:59:30.963+0000] {logging_mixin.py:188} INFO - [2025-06-26T22:59:30.963+0000] {dag.py:3823} INFO - Setting next_dagrun for restaurant_maintenance to 2025-06-26 02:00:00+00:00, run_after=2025-06-27 02:00:00+00:00
[2025-06-26T22:59:30.991+0000] {processor.py:183} INFO - Processing /opt/airflow/dags/maintenance_dag.py took 0.089 seconds
[2025-06-26T23:00:01.130+0000] {processor.py:161} INFO - Started process (PID=1070) to work on /opt/airflow/dags/maintenance_dag.py
[2025-06-26T23:00:01.131+0000] {processor.py:830} INFO - Processing file /opt/airflow/dags/maintenance_dag.py for tasks to queue
[2025-06-26T23:00:01.135+0000] {logging_mixin.py:188} INFO - [2025-06-26T23:00:01.135+0000] {dagbag.py:538} INFO - Filling up the DagBag from /opt/airflow/dags/maintenance_dag.py
[2025-06-26T23:00:01.154+0000] {processor.py:840} INFO - DAG(s) 'restaurant_maintenance' retrieved from /opt/airflow/dags/maintenance_dag.py
[2025-06-26T23:00:01.180+0000] {logging_mixin.py:188} INFO - [2025-06-26T23:00:01.180+0000] {dag.py:3036} INFO - Sync 1 DAGs
[2025-06-26T23:00:01.203+0000] {logging_mixin.py:188} INFO - [2025-06-26T23:00:01.203+0000] {dag.py:3823} INFO - Setting next_dagrun for restaurant_maintenance to 2025-06-26 02:00:00+00:00, run_after=2025-06-27 02:00:00+00:00
[2025-06-26T23:00:01.223+0000] {processor.py:183} INFO - Processing /opt/airflow/dags/maintenance_dag.py took 0.095 seconds
[2025-06-26T23:00:31.434+0000] {processor.py:161} INFO - Started process (PID=1086) to work on /opt/airflow/dags/maintenance_dag.py
[2025-06-26T23:00:31.435+0000] {processor.py:830} INFO - Processing file /opt/airflow/dags/maintenance_dag.py for tasks to queue
[2025-06-26T23:00:31.435+0000] {logging_mixin.py:188} INFO - [2025-06-26T23:00:31.435+0000] {dagbag.py:538} INFO - Filling up the DagBag from /opt/airflow/dags/maintenance_dag.py
[2025-06-26T23:00:31.453+0000] {processor.py:840} INFO - DAG(s) 'restaurant_maintenance' retrieved from /opt/airflow/dags/maintenance_dag.py
[2025-06-26T23:00:31.473+0000] {logging_mixin.py:188} INFO - [2025-06-26T23:00:31.473+0000] {dag.py:3036} INFO - Sync 1 DAGs
[2025-06-26T23:00:31.488+0000] {logging_mixin.py:188} INFO - [2025-06-26T23:00:31.488+0000] {dag.py:3823} INFO - Setting next_dagrun for restaurant_maintenance to 2025-06-26 02:00:00+00:00, run_after=2025-06-27 02:00:00+00:00
[2025-06-26T23:00:31.504+0000] {processor.py:183} INFO - Processing /opt/airflow/dags/maintenance_dag.py took 0.073 seconds
[2025-06-26T23:01:01.713+0000] {processor.py:161} INFO - Started process (PID=1102) to work on /opt/airflow/dags/maintenance_dag.py
[2025-06-26T23:01:01.714+0000] {processor.py:830} INFO - Processing file /opt/airflow/dags/maintenance_dag.py for tasks to queue
[2025-06-26T23:01:01.719+0000] {logging_mixin.py:188} INFO - [2025-06-26T23:01:01.718+0000] {dagbag.py:538} INFO - Filling up the DagBag from /opt/airflow/dags/maintenance_dag.py
[2025-06-26T23:01:01.739+0000] {processor.py:840} INFO - DAG(s) 'restaurant_maintenance' retrieved from /opt/airflow/dags/maintenance_dag.py
[2025-06-26T23:01:01.758+0000] {logging_mixin.py:188} INFO - [2025-06-26T23:01:01.757+0000] {dag.py:3036} INFO - Sync 1 DAGs
[2025-06-26T23:01:01.773+0000] {logging_mixin.py:188} INFO - [2025-06-26T23:01:01.772+0000] {dag.py:3823} INFO - Setting next_dagrun for restaurant_maintenance to 2025-06-26 02:00:00+00:00, run_after=2025-06-27 02:00:00+00:00
[2025-06-26T23:01:01.789+0000] {processor.py:183} INFO - Processing /opt/airflow/dags/maintenance_dag.py took 0.078 seconds
[2025-06-26T23:01:31.976+0000] {processor.py:161} INFO - Started process (PID=1118) to work on /opt/airflow/dags/maintenance_dag.py
[2025-06-26T23:01:31.976+0000] {processor.py:830} INFO - Processing file /opt/airflow/dags/maintenance_dag.py for tasks to queue
[2025-06-26T23:01:31.977+0000] {logging_mixin.py:188} INFO - [2025-06-26T23:01:31.977+0000] {dagbag.py:538} INFO - Filling up the DagBag from /opt/airflow/dags/maintenance_dag.py
[2025-06-26T23:01:31.993+0000] {processor.py:840} INFO - DAG(s) 'restaurant_maintenance' retrieved from /opt/airflow/dags/maintenance_dag.py
[2025-06-26T23:01:32.012+0000] {logging_mixin.py:188} INFO - [2025-06-26T23:01:32.011+0000] {dag.py:3036} INFO - Sync 1 DAGs
[2025-06-26T23:01:32.027+0000] {logging_mixin.py:188} INFO - [2025-06-26T23:01:32.026+0000] {dag.py:3823} INFO - Setting next_dagrun for restaurant_maintenance to 2025-06-26 02:00:00+00:00, run_after=2025-06-27 02:00:00+00:00
[2025-06-26T23:01:32.046+0000] {processor.py:183} INFO - Processing /opt/airflow/dags/maintenance_dag.py took 0.073 seconds
[2025-06-26T23:02:02.284+0000] {processor.py:161} INFO - Started process (PID=1135) to work on /opt/airflow/dags/maintenance_dag.py
[2025-06-26T23:02:02.285+0000] {processor.py:830} INFO - Processing file /opt/airflow/dags/maintenance_dag.py for tasks to queue
[2025-06-26T23:02:02.286+0000] {logging_mixin.py:188} INFO - [2025-06-26T23:02:02.286+0000] {dagbag.py:538} INFO - Filling up the DagBag from /opt/airflow/dags/maintenance_dag.py
[2025-06-26T23:02:02.304+0000] {processor.py:840} INFO - DAG(s) 'restaurant_maintenance' retrieved from /opt/airflow/dags/maintenance_dag.py
[2025-06-26T23:02:02.324+0000] {logging_mixin.py:188} INFO - [2025-06-26T23:02:02.324+0000] {dag.py:3036} INFO - Sync 1 DAGs
[2025-06-26T23:02:02.340+0000] {logging_mixin.py:188} INFO - [2025-06-26T23:02:02.340+0000] {dag.py:3823} INFO - Setting next_dagrun for restaurant_maintenance to 2025-06-26 02:00:00+00:00, run_after=2025-06-27 02:00:00+00:00
[2025-06-26T23:02:02.354+0000] {processor.py:183} INFO - Processing /opt/airflow/dags/maintenance_dag.py took 0.075 seconds
[2025-06-26T23:02:32.474+0000] {processor.py:161} INFO - Started process (PID=1151) to work on /opt/airflow/dags/maintenance_dag.py
[2025-06-26T23:02:32.475+0000] {processor.py:830} INFO - Processing file /opt/airflow/dags/maintenance_dag.py for tasks to queue
[2025-06-26T23:02:32.476+0000] {logging_mixin.py:188} INFO - [2025-06-26T23:02:32.476+0000] {dagbag.py:538} INFO - Filling up the DagBag from /opt/airflow/dags/maintenance_dag.py
[2025-06-26T23:02:32.491+0000] {processor.py:840} INFO - DAG(s) 'restaurant_maintenance' retrieved from /opt/airflow/dags/maintenance_dag.py
[2025-06-26T23:02:32.510+0000] {logging_mixin.py:188} INFO - [2025-06-26T23:02:32.510+0000] {dag.py:3036} INFO - Sync 1 DAGs
[2025-06-26T23:02:32.524+0000] {logging_mixin.py:188} INFO - [2025-06-26T23:02:32.524+0000] {dag.py:3823} INFO - Setting next_dagrun for restaurant_maintenance to 2025-06-26 02:00:00+00:00, run_after=2025-06-27 02:00:00+00:00
[2025-06-26T23:02:32.542+0000] {processor.py:183} INFO - Processing /opt/airflow/dags/maintenance_dag.py took 0.069 seconds
[2025-06-26T23:03:02.693+0000] {processor.py:161} INFO - Started process (PID=1167) to work on /opt/airflow/dags/maintenance_dag.py
[2025-06-26T23:03:02.694+0000] {processor.py:830} INFO - Processing file /opt/airflow/dags/maintenance_dag.py for tasks to queue
[2025-06-26T23:03:02.695+0000] {logging_mixin.py:188} INFO - [2025-06-26T23:03:02.695+0000] {dagbag.py:538} INFO - Filling up the DagBag from /opt/airflow/dags/maintenance_dag.py
[2025-06-26T23:03:02.712+0000] {processor.py:840} INFO - DAG(s) 'restaurant_maintenance' retrieved from /opt/airflow/dags/maintenance_dag.py
[2025-06-26T23:03:02.734+0000] {logging_mixin.py:188} INFO - [2025-06-26T23:03:02.734+0000] {dag.py:3036} INFO - Sync 1 DAGs
[2025-06-26T23:03:02.750+0000] {logging_mixin.py:188} INFO - [2025-06-26T23:03:02.750+0000] {dag.py:3823} INFO - Setting next_dagrun for restaurant_maintenance to 2025-06-26 02:00:00+00:00, run_after=2025-06-27 02:00:00+00:00
[2025-06-26T23:03:02.765+0000] {processor.py:183} INFO - Processing /opt/airflow/dags/maintenance_dag.py took 0.075 seconds
[2025-06-26T23:03:33.011+0000] {processor.py:161} INFO - Started process (PID=1183) to work on /opt/airflow/dags/maintenance_dag.py
[2025-06-26T23:03:33.012+0000] {processor.py:830} INFO - Processing file /opt/airflow/dags/maintenance_dag.py for tasks to queue
[2025-06-26T23:03:33.013+0000] {logging_mixin.py:188} INFO - [2025-06-26T23:03:33.013+0000] {dagbag.py:538} INFO - Filling up the DagBag from /opt/airflow/dags/maintenance_dag.py
[2025-06-26T23:03:33.030+0000] {processor.py:840} INFO - DAG(s) 'restaurant_maintenance' retrieved from /opt/airflow/dags/maintenance_dag.py
[2025-06-26T23:03:33.052+0000] {logging_mixin.py:188} INFO - [2025-06-26T23:03:33.052+0000] {dag.py:3036} INFO - Sync 1 DAGs
[2025-06-26T23:03:33.066+0000] {logging_mixin.py:188} INFO - [2025-06-26T23:03:33.066+0000] {dag.py:3823} INFO - Setting next_dagrun for restaurant_maintenance to 2025-06-26 02:00:00+00:00, run_after=2025-06-27 02:00:00+00:00
[2025-06-26T23:03:33.083+0000] {processor.py:183} INFO - Processing /opt/airflow/dags/maintenance_dag.py took 0.074 seconds
[2025-06-26T23:04:03.222+0000] {processor.py:161} INFO - Started process (PID=1199) to work on /opt/airflow/dags/maintenance_dag.py
[2025-06-26T23:04:03.223+0000] {processor.py:830} INFO - Processing file /opt/airflow/dags/maintenance_dag.py for tasks to queue
[2025-06-26T23:04:03.224+0000] {logging_mixin.py:188} INFO - [2025-06-26T23:04:03.224+0000] {dagbag.py:538} INFO - Filling up the DagBag from /opt/airflow/dags/maintenance_dag.py
[2025-06-26T23:04:03.240+0000] {processor.py:840} INFO - DAG(s) 'restaurant_maintenance' retrieved from /opt/airflow/dags/maintenance_dag.py
[2025-06-26T23:04:03.261+0000] {logging_mixin.py:188} INFO - [2025-06-26T23:04:03.261+0000] {dag.py:3036} INFO - Sync 1 DAGs
[2025-06-26T23:04:03.278+0000] {logging_mixin.py:188} INFO - [2025-06-26T23:04:03.277+0000] {dag.py:3823} INFO - Setting next_dagrun for restaurant_maintenance to 2025-06-26 02:00:00+00:00, run_after=2025-06-27 02:00:00+00:00
[2025-06-26T23:04:03.299+0000] {processor.py:183} INFO - Processing /opt/airflow/dags/maintenance_dag.py took 0.079 seconds
[2025-06-26T23:04:33.451+0000] {processor.py:161} INFO - Started process (PID=1215) to work on /opt/airflow/dags/maintenance_dag.py
[2025-06-26T23:04:33.452+0000] {processor.py:830} INFO - Processing file /opt/airflow/dags/maintenance_dag.py for tasks to queue
[2025-06-26T23:04:33.453+0000] {logging_mixin.py:188} INFO - [2025-06-26T23:04:33.453+0000] {dagbag.py:538} INFO - Filling up the DagBag from /opt/airflow/dags/maintenance_dag.py
[2025-06-26T23:04:33.477+0000] {processor.py:840} INFO - DAG(s) 'restaurant_maintenance' retrieved from /opt/airflow/dags/maintenance_dag.py
[2025-06-26T23:04:33.513+0000] {logging_mixin.py:188} INFO - [2025-06-26T23:04:33.513+0000] {dag.py:3036} INFO - Sync 1 DAGs
[2025-06-26T23:04:33.530+0000] {logging_mixin.py:188} INFO - [2025-06-26T23:04:33.530+0000] {dag.py:3823} INFO - Setting next_dagrun for restaurant_maintenance to 2025-06-26 02:00:00+00:00, run_after=2025-06-27 02:00:00+00:00
[2025-06-26T23:04:33.547+0000] {processor.py:183} INFO - Processing /opt/airflow/dags/maintenance_dag.py took 0.098 seconds
[2025-06-26T23:05:03.687+0000] {processor.py:161} INFO - Started process (PID=1231) to work on /opt/airflow/dags/maintenance_dag.py
[2025-06-26T23:05:03.688+0000] {processor.py:830} INFO - Processing file /opt/airflow/dags/maintenance_dag.py for tasks to queue
[2025-06-26T23:05:03.689+0000] {logging_mixin.py:188} INFO - [2025-06-26T23:05:03.688+0000] {dagbag.py:538} INFO - Filling up the DagBag from /opt/airflow/dags/maintenance_dag.py
[2025-06-26T23:05:03.711+0000] {processor.py:840} INFO - DAG(s) 'restaurant_maintenance' retrieved from /opt/airflow/dags/maintenance_dag.py
[2025-06-26T23:05:03.745+0000] {logging_mixin.py:188} INFO - [2025-06-26T23:05:03.745+0000] {dag.py:3036} INFO - Sync 1 DAGs
[2025-06-26T23:05:03.768+0000] {logging_mixin.py:188} INFO - [2025-06-26T23:05:03.767+0000] {dag.py:3823} INFO - Setting next_dagrun for restaurant_maintenance to 2025-06-26 02:00:00+00:00, run_after=2025-06-27 02:00:00+00:00
[2025-06-26T23:05:03.788+0000] {processor.py:183} INFO - Processing /opt/airflow/dags/maintenance_dag.py took 0.105 seconds
[2025-06-26T23:05:33.990+0000] {processor.py:161} INFO - Started process (PID=1248) to work on /opt/airflow/dags/maintenance_dag.py
[2025-06-26T23:05:33.991+0000] {processor.py:830} INFO - Processing file /opt/airflow/dags/maintenance_dag.py for tasks to queue
[2025-06-26T23:05:33.992+0000] {logging_mixin.py:188} INFO - [2025-06-26T23:05:33.991+0000] {dagbag.py:538} INFO - Filling up the DagBag from /opt/airflow/dags/maintenance_dag.py
[2025-06-26T23:05:34.020+0000] {processor.py:840} INFO - DAG(s) 'restaurant_maintenance' retrieved from /opt/airflow/dags/maintenance_dag.py
[2025-06-26T23:05:34.043+0000] {logging_mixin.py:188} INFO - [2025-06-26T23:05:34.043+0000] {dag.py:3036} INFO - Sync 1 DAGs
[2025-06-26T23:05:34.061+0000] {logging_mixin.py:188} INFO - [2025-06-26T23:05:34.061+0000] {dag.py:3823} INFO - Setting next_dagrun for restaurant_maintenance to 2025-06-26 02:00:00+00:00, run_after=2025-06-27 02:00:00+00:00
[2025-06-26T23:05:34.078+0000] {processor.py:183} INFO - Processing /opt/airflow/dags/maintenance_dag.py took 0.091 seconds
[2025-06-26T23:06:04.271+0000] {processor.py:161} INFO - Started process (PID=1264) to work on /opt/airflow/dags/maintenance_dag.py
[2025-06-26T23:06:04.272+0000] {processor.py:830} INFO - Processing file /opt/airflow/dags/maintenance_dag.py for tasks to queue
[2025-06-26T23:06:04.273+0000] {logging_mixin.py:188} INFO - [2025-06-26T23:06:04.272+0000] {dagbag.py:538} INFO - Filling up the DagBag from /opt/airflow/dags/maintenance_dag.py
[2025-06-26T23:06:04.294+0000] {processor.py:840} INFO - DAG(s) 'restaurant_maintenance' retrieved from /opt/airflow/dags/maintenance_dag.py
[2025-06-26T23:06:04.314+0000] {logging_mixin.py:188} INFO - [2025-06-26T23:06:04.313+0000] {dag.py:3036} INFO - Sync 1 DAGs
[2025-06-26T23:06:04.328+0000] {logging_mixin.py:188} INFO - [2025-06-26T23:06:04.328+0000] {dag.py:3823} INFO - Setting next_dagrun for restaurant_maintenance to 2025-06-26 02:00:00+00:00, run_after=2025-06-27 02:00:00+00:00
[2025-06-26T23:06:04.344+0000] {processor.py:183} INFO - Processing /opt/airflow/dags/maintenance_dag.py took 0.075 seconds
[2025-06-26T23:06:34.486+0000] {processor.py:161} INFO - Started process (PID=1280) to work on /opt/airflow/dags/maintenance_dag.py
[2025-06-26T23:06:34.487+0000] {processor.py:830} INFO - Processing file /opt/airflow/dags/maintenance_dag.py for tasks to queue
[2025-06-26T23:06:34.488+0000] {logging_mixin.py:188} INFO - [2025-06-26T23:06:34.487+0000] {dagbag.py:538} INFO - Filling up the DagBag from /opt/airflow/dags/maintenance_dag.py
[2025-06-26T23:06:34.504+0000] {processor.py:840} INFO - DAG(s) 'restaurant_maintenance' retrieved from /opt/airflow/dags/maintenance_dag.py
[2025-06-26T23:06:34.523+0000] {logging_mixin.py:188} INFO - [2025-06-26T23:06:34.523+0000] {dag.py:3036} INFO - Sync 1 DAGs
[2025-06-26T23:06:34.538+0000] {logging_mixin.py:188} INFO - [2025-06-26T23:06:34.538+0000] {dag.py:3823} INFO - Setting next_dagrun for restaurant_maintenance to 2025-06-26 02:00:00+00:00, run_after=2025-06-27 02:00:00+00:00
[2025-06-26T23:06:34.555+0000] {processor.py:183} INFO - Processing /opt/airflow/dags/maintenance_dag.py took 0.072 seconds
[2025-06-26T23:07:04.680+0000] {processor.py:161} INFO - Started process (PID=1296) to work on /opt/airflow/dags/maintenance_dag.py
[2025-06-26T23:07:04.680+0000] {processor.py:830} INFO - Processing file /opt/airflow/dags/maintenance_dag.py for tasks to queue
[2025-06-26T23:07:04.681+0000] {logging_mixin.py:188} INFO - [2025-06-26T23:07:04.681+0000] {dagbag.py:538} INFO - Filling up the DagBag from /opt/airflow/dags/maintenance_dag.py
[2025-06-26T23:07:04.704+0000] {processor.py:840} INFO - DAG(s) 'restaurant_maintenance' retrieved from /opt/airflow/dags/maintenance_dag.py
[2025-06-26T23:07:04.726+0000] {logging_mixin.py:188} INFO - [2025-06-26T23:07:04.725+0000] {dag.py:3036} INFO - Sync 1 DAGs
[2025-06-26T23:07:04.741+0000] {logging_mixin.py:188} INFO - [2025-06-26T23:07:04.741+0000] {dag.py:3823} INFO - Setting next_dagrun for restaurant_maintenance to 2025-06-26 02:00:00+00:00, run_after=2025-06-27 02:00:00+00:00
[2025-06-26T23:07:04.758+0000] {processor.py:183} INFO - Processing /opt/airflow/dags/maintenance_dag.py took 0.081 seconds
[2025-06-26T23:07:34.987+0000] {processor.py:161} INFO - Started process (PID=1312) to work on /opt/airflow/dags/maintenance_dag.py
[2025-06-26T23:07:34.988+0000] {processor.py:830} INFO - Processing file /opt/airflow/dags/maintenance_dag.py for tasks to queue
[2025-06-26T23:07:34.989+0000] {logging_mixin.py:188} INFO - [2025-06-26T23:07:34.989+0000] {dagbag.py:538} INFO - Filling up the DagBag from /opt/airflow/dags/maintenance_dag.py
[2025-06-26T23:07:35.010+0000] {processor.py:840} INFO - DAG(s) 'restaurant_maintenance' retrieved from /opt/airflow/dags/maintenance_dag.py
[2025-06-26T23:07:35.030+0000] {logging_mixin.py:188} INFO - [2025-06-26T23:07:35.030+0000] {dag.py:3036} INFO - Sync 1 DAGs
[2025-06-26T23:07:35.045+0000] {logging_mixin.py:188} INFO - [2025-06-26T23:07:35.045+0000] {dag.py:3823} INFO - Setting next_dagrun for restaurant_maintenance to 2025-06-26 02:00:00+00:00, run_after=2025-06-27 02:00:00+00:00
[2025-06-26T23:07:35.060+0000] {processor.py:183} INFO - Processing /opt/airflow/dags/maintenance_dag.py took 0.075 seconds
[2025-06-26T23:08:05.266+0000] {processor.py:161} INFO - Started process (PID=1328) to work on /opt/airflow/dags/maintenance_dag.py
[2025-06-26T23:08:05.267+0000] {processor.py:830} INFO - Processing file /opt/airflow/dags/maintenance_dag.py for tasks to queue
[2025-06-26T23:08:05.268+0000] {logging_mixin.py:188} INFO - [2025-06-26T23:08:05.267+0000] {dagbag.py:538} INFO - Filling up the DagBag from /opt/airflow/dags/maintenance_dag.py
[2025-06-26T23:08:05.288+0000] {processor.py:840} INFO - DAG(s) 'restaurant_maintenance' retrieved from /opt/airflow/dags/maintenance_dag.py
[2025-06-26T23:08:05.307+0000] {logging_mixin.py:188} INFO - [2025-06-26T23:08:05.307+0000] {dag.py:3036} INFO - Sync 1 DAGs
[2025-06-26T23:08:05.322+0000] {logging_mixin.py:188} INFO - [2025-06-26T23:08:05.322+0000] {dag.py:3823} INFO - Setting next_dagrun for restaurant_maintenance to 2025-06-26 02:00:00+00:00, run_after=2025-06-27 02:00:00+00:00
[2025-06-26T23:08:05.338+0000] {processor.py:183} INFO - Processing /opt/airflow/dags/maintenance_dag.py took 0.075 seconds
[2025-06-26T23:08:35.603+0000] {processor.py:161} INFO - Started process (PID=1344) to work on /opt/airflow/dags/maintenance_dag.py
[2025-06-26T23:08:35.604+0000] {processor.py:830} INFO - Processing file /opt/airflow/dags/maintenance_dag.py for tasks to queue
[2025-06-26T23:08:35.605+0000] {logging_mixin.py:188} INFO - [2025-06-26T23:08:35.605+0000] {dagbag.py:538} INFO - Filling up the DagBag from /opt/airflow/dags/maintenance_dag.py
[2025-06-26T23:08:35.624+0000] {processor.py:840} INFO - DAG(s) 'restaurant_maintenance' retrieved from /opt/airflow/dags/maintenance_dag.py
[2025-06-26T23:08:35.644+0000] {logging_mixin.py:188} INFO - [2025-06-26T23:08:35.643+0000] {dag.py:3036} INFO - Sync 1 DAGs
[2025-06-26T23:08:35.659+0000] {logging_mixin.py:188} INFO - [2025-06-26T23:08:35.658+0000] {dag.py:3823} INFO - Setting next_dagrun for restaurant_maintenance to 2025-06-26 02:00:00+00:00, run_after=2025-06-27 02:00:00+00:00
[2025-06-26T23:08:35.672+0000] {processor.py:183} INFO - Processing /opt/airflow/dags/maintenance_dag.py took 0.071 seconds
[2025-06-26T23:09:05.854+0000] {processor.py:161} INFO - Started process (PID=1359) to work on /opt/airflow/dags/maintenance_dag.py
[2025-06-26T23:09:05.855+0000] {processor.py:830} INFO - Processing file /opt/airflow/dags/maintenance_dag.py for tasks to queue
[2025-06-26T23:09:05.857+0000] {logging_mixin.py:188} INFO - [2025-06-26T23:09:05.857+0000] {dagbag.py:538} INFO - Filling up the DagBag from /opt/airflow/dags/maintenance_dag.py
[2025-06-26T23:09:05.880+0000] {processor.py:840} INFO - DAG(s) 'restaurant_maintenance' retrieved from /opt/airflow/dags/maintenance_dag.py
[2025-06-26T23:09:05.900+0000] {logging_mixin.py:188} INFO - [2025-06-26T23:09:05.900+0000] {dag.py:3036} INFO - Sync 1 DAGs
[2025-06-26T23:09:05.917+0000] {logging_mixin.py:188} INFO - [2025-06-26T23:09:05.917+0000] {dag.py:3823} INFO - Setting next_dagrun for restaurant_maintenance to 2025-06-26 02:00:00+00:00, run_after=2025-06-27 02:00:00+00:00
[2025-06-26T23:09:05.940+0000] {processor.py:183} INFO - Processing /opt/airflow/dags/maintenance_dag.py took 0.088 seconds
[2025-06-26T23:09:36.106+0000] {processor.py:161} INFO - Started process (PID=1375) to work on /opt/airflow/dags/maintenance_dag.py
[2025-06-26T23:09:36.107+0000] {processor.py:830} INFO - Processing file /opt/airflow/dags/maintenance_dag.py for tasks to queue
[2025-06-26T23:09:36.108+0000] {logging_mixin.py:188} INFO - [2025-06-26T23:09:36.108+0000] {dagbag.py:538} INFO - Filling up the DagBag from /opt/airflow/dags/maintenance_dag.py
[2025-06-26T23:09:36.126+0000] {processor.py:840} INFO - DAG(s) 'restaurant_maintenance' retrieved from /opt/airflow/dags/maintenance_dag.py
[2025-06-26T23:09:36.151+0000] {logging_mixin.py:188} INFO - [2025-06-26T23:09:36.151+0000] {dag.py:3036} INFO - Sync 1 DAGs
[2025-06-26T23:09:36.169+0000] {logging_mixin.py:188} INFO - [2025-06-26T23:09:36.168+0000] {dag.py:3823} INFO - Setting next_dagrun for restaurant_maintenance to 2025-06-26 02:00:00+00:00, run_after=2025-06-27 02:00:00+00:00
[2025-06-26T23:09:36.187+0000] {processor.py:183} INFO - Processing /opt/airflow/dags/maintenance_dag.py took 0.084 seconds
[2025-06-26T23:10:06.373+0000] {processor.py:161} INFO - Started process (PID=1391) to work on /opt/airflow/dags/maintenance_dag.py
[2025-06-26T23:10:06.374+0000] {processor.py:830} INFO - Processing file /opt/airflow/dags/maintenance_dag.py for tasks to queue
[2025-06-26T23:10:06.375+0000] {logging_mixin.py:188} INFO - [2025-06-26T23:10:06.375+0000] {dagbag.py:538} INFO - Filling up the DagBag from /opt/airflow/dags/maintenance_dag.py
[2025-06-26T23:10:06.393+0000] {processor.py:840} INFO - DAG(s) 'restaurant_maintenance' retrieved from /opt/airflow/dags/maintenance_dag.py
[2025-06-26T23:10:06.414+0000] {logging_mixin.py:188} INFO - [2025-06-26T23:10:06.414+0000] {dag.py:3036} INFO - Sync 1 DAGs
[2025-06-26T23:10:06.432+0000] {logging_mixin.py:188} INFO - [2025-06-26T23:10:06.432+0000] {dag.py:3823} INFO - Setting next_dagrun for restaurant_maintenance to 2025-06-26 02:00:00+00:00, run_after=2025-06-27 02:00:00+00:00
[2025-06-26T23:10:06.452+0000] {processor.py:183} INFO - Processing /opt/airflow/dags/maintenance_dag.py took 0.081 seconds
[2025-06-26T23:10:36.666+0000] {processor.py:161} INFO - Started process (PID=1407) to work on /opt/airflow/dags/maintenance_dag.py
[2025-06-26T23:10:36.667+0000] {processor.py:830} INFO - Processing file /opt/airflow/dags/maintenance_dag.py for tasks to queue
[2025-06-26T23:10:36.668+0000] {logging_mixin.py:188} INFO - [2025-06-26T23:10:36.668+0000] {dagbag.py:538} INFO - Filling up the DagBag from /opt/airflow/dags/maintenance_dag.py
[2025-06-26T23:10:36.691+0000] {processor.py:840} INFO - DAG(s) 'restaurant_maintenance' retrieved from /opt/airflow/dags/maintenance_dag.py
[2025-06-26T23:10:36.713+0000] {logging_mixin.py:188} INFO - [2025-06-26T23:10:36.713+0000] {dag.py:3036} INFO - Sync 1 DAGs
[2025-06-26T23:10:36.730+0000] {logging_mixin.py:188} INFO - [2025-06-26T23:10:36.730+0000] {dag.py:3823} INFO - Setting next_dagrun for restaurant_maintenance to 2025-06-26 02:00:00+00:00, run_after=2025-06-27 02:00:00+00:00
[2025-06-26T23:10:36.750+0000] {processor.py:183} INFO - Processing /opt/airflow/dags/maintenance_dag.py took 0.087 seconds
[2025-06-26T23:11:06.988+0000] {processor.py:161} INFO - Started process (PID=1423) to work on /opt/airflow/dags/maintenance_dag.py
[2025-06-26T23:11:06.988+0000] {processor.py:830} INFO - Processing file /opt/airflow/dags/maintenance_dag.py for tasks to queue
[2025-06-26T23:11:06.989+0000] {logging_mixin.py:188} INFO - [2025-06-26T23:11:06.989+0000] {dagbag.py:538} INFO - Filling up the DagBag from /opt/airflow/dags/maintenance_dag.py
[2025-06-26T23:11:07.011+0000] {processor.py:840} INFO - DAG(s) 'restaurant_maintenance' retrieved from /opt/airflow/dags/maintenance_dag.py
[2025-06-26T23:11:07.033+0000] {logging_mixin.py:188} INFO - [2025-06-26T23:11:07.033+0000] {dag.py:3036} INFO - Sync 1 DAGs
[2025-06-26T23:11:07.049+0000] {logging_mixin.py:188} INFO - [2025-06-26T23:11:07.049+0000] {dag.py:3823} INFO - Setting next_dagrun for restaurant_maintenance to 2025-06-26 02:00:00+00:00, run_after=2025-06-27 02:00:00+00:00
[2025-06-26T23:11:07.065+0000] {processor.py:183} INFO - Processing /opt/airflow/dags/maintenance_dag.py took 0.080 seconds
[2025-06-26T23:11:37.193+0000] {processor.py:161} INFO - Started process (PID=1439) to work on /opt/airflow/dags/maintenance_dag.py
[2025-06-26T23:11:37.194+0000] {processor.py:830} INFO - Processing file /opt/airflow/dags/maintenance_dag.py for tasks to queue
[2025-06-26T23:11:37.194+0000] {logging_mixin.py:188} INFO - [2025-06-26T23:11:37.194+0000] {dagbag.py:538} INFO - Filling up the DagBag from /opt/airflow/dags/maintenance_dag.py
[2025-06-26T23:11:37.213+0000] {processor.py:840} INFO - DAG(s) 'restaurant_maintenance' retrieved from /opt/airflow/dags/maintenance_dag.py
[2025-06-26T23:11:37.234+0000] {logging_mixin.py:188} INFO - [2025-06-26T23:11:37.234+0000] {dag.py:3036} INFO - Sync 1 DAGs
[2025-06-26T23:11:37.250+0000] {logging_mixin.py:188} INFO - [2025-06-26T23:11:37.250+0000] {dag.py:3823} INFO - Setting next_dagrun for restaurant_maintenance to 2025-06-26 02:00:00+00:00, run_after=2025-06-27 02:00:00+00:00
[2025-06-26T23:11:37.265+0000] {processor.py:183} INFO - Processing /opt/airflow/dags/maintenance_dag.py took 0.074 seconds
[2025-06-26T23:12:07.425+0000] {processor.py:161} INFO - Started process (PID=1455) to work on /opt/airflow/dags/maintenance_dag.py
[2025-06-26T23:12:07.426+0000] {processor.py:830} INFO - Processing file /opt/airflow/dags/maintenance_dag.py for tasks to queue
[2025-06-26T23:12:07.427+0000] {logging_mixin.py:188} INFO - [2025-06-26T23:12:07.427+0000] {dagbag.py:538} INFO - Filling up the DagBag from /opt/airflow/dags/maintenance_dag.py
[2025-06-26T23:12:07.446+0000] {processor.py:840} INFO - DAG(s) 'restaurant_maintenance' retrieved from /opt/airflow/dags/maintenance_dag.py
[2025-06-26T23:12:07.466+0000] {logging_mixin.py:188} INFO - [2025-06-26T23:12:07.465+0000] {dag.py:3036} INFO - Sync 1 DAGs
[2025-06-26T23:12:07.481+0000] {logging_mixin.py:188} INFO - [2025-06-26T23:12:07.481+0000] {dag.py:3823} INFO - Setting next_dagrun for restaurant_maintenance to 2025-06-26 02:00:00+00:00, run_after=2025-06-27 02:00:00+00:00
[2025-06-26T23:12:07.498+0000] {processor.py:183} INFO - Processing /opt/airflow/dags/maintenance_dag.py took 0.075 seconds
[2025-06-26T23:12:37.719+0000] {processor.py:161} INFO - Started process (PID=1477) to work on /opt/airflow/dags/maintenance_dag.py
[2025-06-26T23:12:37.720+0000] {processor.py:830} INFO - Processing file /opt/airflow/dags/maintenance_dag.py for tasks to queue
[2025-06-26T23:12:37.720+0000] {logging_mixin.py:188} INFO - [2025-06-26T23:12:37.720+0000] {dagbag.py:538} INFO - Filling up the DagBag from /opt/airflow/dags/maintenance_dag.py
[2025-06-26T23:12:37.740+0000] {processor.py:840} INFO - DAG(s) 'restaurant_maintenance' retrieved from /opt/airflow/dags/maintenance_dag.py
[2025-06-26T23:12:37.761+0000] {logging_mixin.py:188} INFO - [2025-06-26T23:12:37.761+0000] {dag.py:3036} INFO - Sync 1 DAGs
[2025-06-26T23:12:37.779+0000] {logging_mixin.py:188} INFO - [2025-06-26T23:12:37.779+0000] {dag.py:3823} INFO - Setting next_dagrun for restaurant_maintenance to 2025-06-26 02:00:00+00:00, run_after=2025-06-27 02:00:00+00:00
[2025-06-26T23:12:37.793+0000] {processor.py:183} INFO - Processing /opt/airflow/dags/maintenance_dag.py took 0.079 seconds
[2025-06-26T23:13:07.997+0000] {processor.py:161} INFO - Started process (PID=1493) to work on /opt/airflow/dags/maintenance_dag.py
[2025-06-26T23:13:07.997+0000] {processor.py:830} INFO - Processing file /opt/airflow/dags/maintenance_dag.py for tasks to queue
[2025-06-26T23:13:07.998+0000] {logging_mixin.py:188} INFO - [2025-06-26T23:13:07.998+0000] {dagbag.py:538} INFO - Filling up the DagBag from /opt/airflow/dags/maintenance_dag.py
[2025-06-26T23:13:08.017+0000] {processor.py:840} INFO - DAG(s) 'restaurant_maintenance' retrieved from /opt/airflow/dags/maintenance_dag.py
[2025-06-26T23:13:08.036+0000] {logging_mixin.py:188} INFO - [2025-06-26T23:13:08.036+0000] {dag.py:3036} INFO - Sync 1 DAGs
[2025-06-26T23:13:08.051+0000] {logging_mixin.py:188} INFO - [2025-06-26T23:13:08.051+0000] {dag.py:3823} INFO - Setting next_dagrun for restaurant_maintenance to 2025-06-26 02:00:00+00:00, run_after=2025-06-27 02:00:00+00:00
[2025-06-26T23:13:08.067+0000] {processor.py:183} INFO - Processing /opt/airflow/dags/maintenance_dag.py took 0.073 seconds
[2025-06-26T23:13:38.281+0000] {processor.py:161} INFO - Started process (PID=1509) to work on /opt/airflow/dags/maintenance_dag.py
[2025-06-26T23:13:38.282+0000] {processor.py:830} INFO - Processing file /opt/airflow/dags/maintenance_dag.py for tasks to queue
[2025-06-26T23:13:38.283+0000] {logging_mixin.py:188} INFO - [2025-06-26T23:13:38.283+0000] {dagbag.py:538} INFO - Filling up the DagBag from /opt/airflow/dags/maintenance_dag.py
[2025-06-26T23:13:38.304+0000] {processor.py:840} INFO - DAG(s) 'restaurant_maintenance' retrieved from /opt/airflow/dags/maintenance_dag.py
[2025-06-26T23:13:38.324+0000] {logging_mixin.py:188} INFO - [2025-06-26T23:13:38.324+0000] {dag.py:3036} INFO - Sync 1 DAGs
[2025-06-26T23:13:38.343+0000] {logging_mixin.py:188} INFO - [2025-06-26T23:13:38.343+0000] {dag.py:3823} INFO - Setting next_dagrun for restaurant_maintenance to 2025-06-26 02:00:00+00:00, run_after=2025-06-27 02:00:00+00:00
[2025-06-26T23:13:38.366+0000] {processor.py:183} INFO - Processing /opt/airflow/dags/maintenance_dag.py took 0.086 seconds
[2025-06-26T23:14:08.486+0000] {processor.py:161} INFO - Started process (PID=1525) to work on /opt/airflow/dags/maintenance_dag.py
[2025-06-26T23:14:08.487+0000] {processor.py:830} INFO - Processing file /opt/airflow/dags/maintenance_dag.py for tasks to queue
[2025-06-26T23:14:08.488+0000] {logging_mixin.py:188} INFO - [2025-06-26T23:14:08.487+0000] {dagbag.py:538} INFO - Filling up the DagBag from /opt/airflow/dags/maintenance_dag.py
[2025-06-26T23:14:08.507+0000] {processor.py:840} INFO - DAG(s) 'restaurant_maintenance' retrieved from /opt/airflow/dags/maintenance_dag.py
[2025-06-26T23:14:08.531+0000] {logging_mixin.py:188} INFO - [2025-06-26T23:14:08.530+0000] {dag.py:3036} INFO - Sync 1 DAGs
[2025-06-26T23:14:08.548+0000] {logging_mixin.py:188} INFO - [2025-06-26T23:14:08.548+0000] {dag.py:3823} INFO - Setting next_dagrun for restaurant_maintenance to 2025-06-26 02:00:00+00:00, run_after=2025-06-27 02:00:00+00:00
[2025-06-26T23:14:08.566+0000] {processor.py:183} INFO - Processing /opt/airflow/dags/maintenance_dag.py took 0.083 seconds
[2025-06-26T23:14:38.720+0000] {processor.py:161} INFO - Started process (PID=1541) to work on /opt/airflow/dags/maintenance_dag.py
[2025-06-26T23:14:38.721+0000] {processor.py:830} INFO - Processing file /opt/airflow/dags/maintenance_dag.py for tasks to queue
[2025-06-26T23:14:38.722+0000] {logging_mixin.py:188} INFO - [2025-06-26T23:14:38.722+0000] {dagbag.py:538} INFO - Filling up the DagBag from /opt/airflow/dags/maintenance_dag.py
[2025-06-26T23:14:38.738+0000] {processor.py:840} INFO - DAG(s) 'restaurant_maintenance' retrieved from /opt/airflow/dags/maintenance_dag.py
[2025-06-26T23:14:38.758+0000] {logging_mixin.py:188} INFO - [2025-06-26T23:14:38.757+0000] {dag.py:3036} INFO - Sync 1 DAGs
[2025-06-26T23:14:38.772+0000] {logging_mixin.py:188} INFO - [2025-06-26T23:14:38.772+0000] {dag.py:3823} INFO - Setting next_dagrun for restaurant_maintenance to 2025-06-26 02:00:00+00:00, run_after=2025-06-27 02:00:00+00:00
[2025-06-26T23:14:38.788+0000] {processor.py:183} INFO - Processing /opt/airflow/dags/maintenance_dag.py took 0.070 seconds
[2025-06-26T23:15:08.904+0000] {processor.py:161} INFO - Started process (PID=1557) to work on /opt/airflow/dags/maintenance_dag.py
[2025-06-26T23:15:08.905+0000] {processor.py:830} INFO - Processing file /opt/airflow/dags/maintenance_dag.py for tasks to queue
[2025-06-26T23:15:08.906+0000] {logging_mixin.py:188} INFO - [2025-06-26T23:15:08.906+0000] {dagbag.py:538} INFO - Filling up the DagBag from /opt/airflow/dags/maintenance_dag.py
[2025-06-26T23:15:08.923+0000] {processor.py:840} INFO - DAG(s) 'restaurant_maintenance' retrieved from /opt/airflow/dags/maintenance_dag.py
[2025-06-26T23:15:08.943+0000] {logging_mixin.py:188} INFO - [2025-06-26T23:15:08.943+0000] {dag.py:3036} INFO - Sync 1 DAGs
[2025-06-26T23:15:08.958+0000] {logging_mixin.py:188} INFO - [2025-06-26T23:15:08.958+0000] {dag.py:3823} INFO - Setting next_dagrun for restaurant_maintenance to 2025-06-26 02:00:00+00:00, run_after=2025-06-27 02:00:00+00:00
[2025-06-26T23:15:08.975+0000] {processor.py:183} INFO - Processing /opt/airflow/dags/maintenance_dag.py took 0.073 seconds
[2025-06-26T23:15:39.183+0000] {processor.py:161} INFO - Started process (PID=1573) to work on /opt/airflow/dags/maintenance_dag.py
[2025-06-26T23:15:39.184+0000] {processor.py:830} INFO - Processing file /opt/airflow/dags/maintenance_dag.py for tasks to queue
[2025-06-26T23:15:39.187+0000] {logging_mixin.py:188} INFO - [2025-06-26T23:15:39.186+0000] {dagbag.py:538} INFO - Filling up the DagBag from /opt/airflow/dags/maintenance_dag.py
[2025-06-26T23:15:39.203+0000] {processor.py:840} INFO - DAG(s) 'restaurant_maintenance' retrieved from /opt/airflow/dags/maintenance_dag.py
[2025-06-26T23:15:39.224+0000] {logging_mixin.py:188} INFO - [2025-06-26T23:15:39.224+0000] {dag.py:3036} INFO - Sync 1 DAGs
[2025-06-26T23:15:39.241+0000] {logging_mixin.py:188} INFO - [2025-06-26T23:15:39.240+0000] {dag.py:3823} INFO - Setting next_dagrun for restaurant_maintenance to 2025-06-26 02:00:00+00:00, run_after=2025-06-27 02:00:00+00:00
[2025-06-26T23:15:39.258+0000] {processor.py:183} INFO - Processing /opt/airflow/dags/maintenance_dag.py took 0.077 seconds
[2025-06-26T23:16:09.385+0000] {processor.py:161} INFO - Started process (PID=1590) to work on /opt/airflow/dags/maintenance_dag.py
[2025-06-26T23:16:09.386+0000] {processor.py:830} INFO - Processing file /opt/airflow/dags/maintenance_dag.py for tasks to queue
[2025-06-26T23:16:09.387+0000] {logging_mixin.py:188} INFO - [2025-06-26T23:16:09.387+0000] {dagbag.py:538} INFO - Filling up the DagBag from /opt/airflow/dags/maintenance_dag.py
[2025-06-26T23:16:09.408+0000] {processor.py:840} INFO - DAG(s) 'restaurant_maintenance' retrieved from /opt/airflow/dags/maintenance_dag.py
[2025-06-26T23:16:09.431+0000] {logging_mixin.py:188} INFO - [2025-06-26T23:16:09.431+0000] {dag.py:3036} INFO - Sync 1 DAGs
[2025-06-26T23:16:09.449+0000] {logging_mixin.py:188} INFO - [2025-06-26T23:16:09.449+0000] {dag.py:3823} INFO - Setting next_dagrun for restaurant_maintenance to 2025-06-26 02:00:00+00:00, run_after=2025-06-27 02:00:00+00:00
[2025-06-26T23:16:09.469+0000] {processor.py:183} INFO - Processing /opt/airflow/dags/maintenance_dag.py took 0.086 seconds
[2025-06-26T23:16:39.684+0000] {processor.py:161} INFO - Started process (PID=1606) to work on /opt/airflow/dags/maintenance_dag.py
[2025-06-26T23:16:39.684+0000] {processor.py:830} INFO - Processing file /opt/airflow/dags/maintenance_dag.py for tasks to queue
[2025-06-26T23:16:39.685+0000] {logging_mixin.py:188} INFO - [2025-06-26T23:16:39.685+0000] {dagbag.py:538} INFO - Filling up the DagBag from /opt/airflow/dags/maintenance_dag.py
[2025-06-26T23:16:39.703+0000] {processor.py:840} INFO - DAG(s) 'restaurant_maintenance' retrieved from /opt/airflow/dags/maintenance_dag.py
[2025-06-26T23:16:39.725+0000] {logging_mixin.py:188} INFO - [2025-06-26T23:16:39.725+0000] {dag.py:3036} INFO - Sync 1 DAGs
[2025-06-26T23:16:39.740+0000] {logging_mixin.py:188} INFO - [2025-06-26T23:16:39.740+0000] {dag.py:3823} INFO - Setting next_dagrun for restaurant_maintenance to 2025-06-26 02:00:00+00:00, run_after=2025-06-27 02:00:00+00:00
[2025-06-26T23:16:39.757+0000] {processor.py:183} INFO - Processing /opt/airflow/dags/maintenance_dag.py took 0.076 seconds
[2025-06-26T23:17:09.887+0000] {processor.py:161} INFO - Started process (PID=1622) to work on /opt/airflow/dags/maintenance_dag.py
[2025-06-26T23:17:09.887+0000] {processor.py:830} INFO - Processing file /opt/airflow/dags/maintenance_dag.py for tasks to queue
[2025-06-26T23:17:09.888+0000] {logging_mixin.py:188} INFO - [2025-06-26T23:17:09.888+0000] {dagbag.py:538} INFO - Filling up the DagBag from /opt/airflow/dags/maintenance_dag.py
[2025-06-26T23:17:09.905+0000] {processor.py:840} INFO - DAG(s) 'restaurant_maintenance' retrieved from /opt/airflow/dags/maintenance_dag.py
[2025-06-26T23:17:09.926+0000] {logging_mixin.py:188} INFO - [2025-06-26T23:17:09.926+0000] {dag.py:3036} INFO - Sync 1 DAGs
[2025-06-26T23:17:09.942+0000] {logging_mixin.py:188} INFO - [2025-06-26T23:17:09.942+0000] {dag.py:3823} INFO - Setting next_dagrun for restaurant_maintenance to 2025-06-26 02:00:00+00:00, run_after=2025-06-27 02:00:00+00:00
[2025-06-26T23:17:09.966+0000] {processor.py:183} INFO - Processing /opt/airflow/dags/maintenance_dag.py took 0.081 seconds
[2025-06-26T23:17:40.166+0000] {processor.py:161} INFO - Started process (PID=1638) to work on /opt/airflow/dags/maintenance_dag.py
[2025-06-26T23:17:40.168+0000] {processor.py:830} INFO - Processing file /opt/airflow/dags/maintenance_dag.py for tasks to queue
[2025-06-26T23:17:40.169+0000] {logging_mixin.py:188} INFO - [2025-06-26T23:17:40.168+0000] {dagbag.py:538} INFO - Filling up the DagBag from /opt/airflow/dags/maintenance_dag.py
[2025-06-26T23:17:40.187+0000] {processor.py:840} INFO - DAG(s) 'restaurant_maintenance' retrieved from /opt/airflow/dags/maintenance_dag.py
[2025-06-26T23:17:40.206+0000] {logging_mixin.py:188} INFO - [2025-06-26T23:17:40.206+0000] {dag.py:3036} INFO - Sync 1 DAGs
[2025-06-26T23:17:40.221+0000] {logging_mixin.py:188} INFO - [2025-06-26T23:17:40.221+0000] {dag.py:3823} INFO - Setting next_dagrun for restaurant_maintenance to 2025-06-26 02:00:00+00:00, run_after=2025-06-27 02:00:00+00:00
[2025-06-26T23:17:40.237+0000] {processor.py:183} INFO - Processing /opt/airflow/dags/maintenance_dag.py took 0.073 seconds
[2025-06-26T23:18:10.661+0000] {processor.py:161} INFO - Started process (PID=1654) to work on /opt/airflow/dags/maintenance_dag.py
[2025-06-26T23:18:10.661+0000] {processor.py:830} INFO - Processing file /opt/airflow/dags/maintenance_dag.py for tasks to queue
[2025-06-26T23:18:10.664+0000] {logging_mixin.py:188} INFO - [2025-06-26T23:18:10.664+0000] {dagbag.py:538} INFO - Filling up the DagBag from /opt/airflow/dags/maintenance_dag.py
[2025-06-26T23:18:10.685+0000] {processor.py:840} INFO - DAG(s) 'restaurant_maintenance' retrieved from /opt/airflow/dags/maintenance_dag.py
[2025-06-26T23:18:10.707+0000] {logging_mixin.py:188} INFO - [2025-06-26T23:18:10.707+0000] {dag.py:3036} INFO - Sync 1 DAGs
[2025-06-26T23:18:10.722+0000] {logging_mixin.py:188} INFO - [2025-06-26T23:18:10.722+0000] {dag.py:3823} INFO - Setting next_dagrun for restaurant_maintenance to 2025-06-26 02:00:00+00:00, run_after=2025-06-27 02:00:00+00:00
[2025-06-26T23:18:10.741+0000] {processor.py:183} INFO - Processing /opt/airflow/dags/maintenance_dag.py took 0.082 seconds
[2025-06-26T23:18:40.887+0000] {processor.py:161} INFO - Started process (PID=1670) to work on /opt/airflow/dags/maintenance_dag.py
[2025-06-26T23:18:40.888+0000] {processor.py:830} INFO - Processing file /opt/airflow/dags/maintenance_dag.py for tasks to queue
[2025-06-26T23:18:40.889+0000] {logging_mixin.py:188} INFO - [2025-06-26T23:18:40.889+0000] {dagbag.py:538} INFO - Filling up the DagBag from /opt/airflow/dags/maintenance_dag.py
[2025-06-26T23:18:40.908+0000] {processor.py:840} INFO - DAG(s) 'restaurant_maintenance' retrieved from /opt/airflow/dags/maintenance_dag.py
[2025-06-26T23:18:40.927+0000] {logging_mixin.py:188} INFO - [2025-06-26T23:18:40.927+0000] {dag.py:3036} INFO - Sync 1 DAGs
[2025-06-26T23:18:40.943+0000] {logging_mixin.py:188} INFO - [2025-06-26T23:18:40.943+0000] {dag.py:3823} INFO - Setting next_dagrun for restaurant_maintenance to 2025-06-26 02:00:00+00:00, run_after=2025-06-27 02:00:00+00:00
[2025-06-26T23:18:40.958+0000] {processor.py:183} INFO - Processing /opt/airflow/dags/maintenance_dag.py took 0.073 seconds
[2025-06-26T23:19:11.096+0000] {processor.py:161} INFO - Started process (PID=1686) to work on /opt/airflow/dags/maintenance_dag.py
[2025-06-26T23:19:11.097+0000] {processor.py:830} INFO - Processing file /opt/airflow/dags/maintenance_dag.py for tasks to queue
[2025-06-26T23:19:11.097+0000] {logging_mixin.py:188} INFO - [2025-06-26T23:19:11.097+0000] {dagbag.py:538} INFO - Filling up the DagBag from /opt/airflow/dags/maintenance_dag.py
[2025-06-26T23:19:11.116+0000] {processor.py:840} INFO - DAG(s) 'restaurant_maintenance' retrieved from /opt/airflow/dags/maintenance_dag.py
[2025-06-26T23:19:11.136+0000] {logging_mixin.py:188} INFO - [2025-06-26T23:19:11.136+0000] {dag.py:3036} INFO - Sync 1 DAGs
[2025-06-26T23:19:11.151+0000] {logging_mixin.py:188} INFO - [2025-06-26T23:19:11.151+0000] {dag.py:3823} INFO - Setting next_dagrun for restaurant_maintenance to 2025-06-26 02:00:00+00:00, run_after=2025-06-27 02:00:00+00:00
[2025-06-26T23:19:11.289+0000] {processor.py:183} INFO - Processing /opt/airflow/dags/maintenance_dag.py took 0.195 seconds
[2025-06-26T23:19:41.387+0000] {processor.py:161} INFO - Started process (PID=1702) to work on /opt/airflow/dags/maintenance_dag.py
[2025-06-26T23:19:41.388+0000] {processor.py:830} INFO - Processing file /opt/airflow/dags/maintenance_dag.py for tasks to queue
[2025-06-26T23:19:41.389+0000] {logging_mixin.py:188} INFO - [2025-06-26T23:19:41.389+0000] {dagbag.py:538} INFO - Filling up the DagBag from /opt/airflow/dags/maintenance_dag.py
[2025-06-26T23:19:41.406+0000] {processor.py:840} INFO - DAG(s) 'restaurant_maintenance' retrieved from /opt/airflow/dags/maintenance_dag.py
[2025-06-26T23:19:41.426+0000] {logging_mixin.py:188} INFO - [2025-06-26T23:19:41.426+0000] {dag.py:3036} INFO - Sync 1 DAGs
[2025-06-26T23:19:41.442+0000] {logging_mixin.py:188} INFO - [2025-06-26T23:19:41.442+0000] {dag.py:3823} INFO - Setting next_dagrun for restaurant_maintenance to 2025-06-26 02:00:00+00:00, run_after=2025-06-27 02:00:00+00:00
[2025-06-26T23:19:41.459+0000] {processor.py:183} INFO - Processing /opt/airflow/dags/maintenance_dag.py took 0.074 seconds
[2025-06-26T23:20:11.688+0000] {processor.py:161} INFO - Started process (PID=1719) to work on /opt/airflow/dags/maintenance_dag.py
[2025-06-26T23:20:11.690+0000] {processor.py:830} INFO - Processing file /opt/airflow/dags/maintenance_dag.py for tasks to queue
[2025-06-26T23:20:11.691+0000] {logging_mixin.py:188} INFO - [2025-06-26T23:20:11.691+0000] {dagbag.py:538} INFO - Filling up the DagBag from /opt/airflow/dags/maintenance_dag.py
[2025-06-26T23:20:11.707+0000] {processor.py:840} INFO - DAG(s) 'restaurant_maintenance' retrieved from /opt/airflow/dags/maintenance_dag.py
[2025-06-26T23:20:11.726+0000] {logging_mixin.py:188} INFO - [2025-06-26T23:20:11.726+0000] {dag.py:3036} INFO - Sync 1 DAGs
[2025-06-26T23:20:11.741+0000] {logging_mixin.py:188} INFO - [2025-06-26T23:20:11.741+0000] {dag.py:3823} INFO - Setting next_dagrun for restaurant_maintenance to 2025-06-26 02:00:00+00:00, run_after=2025-06-27 02:00:00+00:00
[2025-06-26T23:20:11.757+0000] {processor.py:183} INFO - Processing /opt/airflow/dags/maintenance_dag.py took 0.071 seconds
[2025-06-26T23:20:41.976+0000] {processor.py:161} INFO - Started process (PID=1735) to work on /opt/airflow/dags/maintenance_dag.py
[2025-06-26T23:20:41.977+0000] {processor.py:830} INFO - Processing file /opt/airflow/dags/maintenance_dag.py for tasks to queue
[2025-06-26T23:20:41.978+0000] {logging_mixin.py:188} INFO - [2025-06-26T23:20:41.978+0000] {dagbag.py:538} INFO - Filling up the DagBag from /opt/airflow/dags/maintenance_dag.py
[2025-06-26T23:20:41.995+0000] {processor.py:840} INFO - DAG(s) 'restaurant_maintenance' retrieved from /opt/airflow/dags/maintenance_dag.py
[2025-06-26T23:20:42.103+0000] {logging_mixin.py:188} INFO - [2025-06-26T23:20:42.103+0000] {dag.py:3036} INFO - Sync 1 DAGs
[2025-06-26T23:20:42.116+0000] {logging_mixin.py:188} INFO - [2025-06-26T23:20:42.116+0000] {dag.py:3823} INFO - Setting next_dagrun for restaurant_maintenance to 2025-06-26 02:00:00+00:00, run_after=2025-06-27 02:00:00+00:00
[2025-06-26T23:20:42.131+0000] {processor.py:183} INFO - Processing /opt/airflow/dags/maintenance_dag.py took 0.158 seconds
[2025-06-26T23:21:12.329+0000] {processor.py:161} INFO - Started process (PID=1751) to work on /opt/airflow/dags/maintenance_dag.py
[2025-06-26T23:21:12.330+0000] {processor.py:830} INFO - Processing file /opt/airflow/dags/maintenance_dag.py for tasks to queue
[2025-06-26T23:21:12.331+0000] {logging_mixin.py:188} INFO - [2025-06-26T23:21:12.331+0000] {dagbag.py:538} INFO - Filling up the DagBag from /opt/airflow/dags/maintenance_dag.py
[2025-06-26T23:21:12.353+0000] {processor.py:840} INFO - DAG(s) 'restaurant_maintenance' retrieved from /opt/airflow/dags/maintenance_dag.py
[2025-06-26T23:21:12.373+0000] {logging_mixin.py:188} INFO - [2025-06-26T23:21:12.373+0000] {dag.py:3036} INFO - Sync 1 DAGs
[2025-06-26T23:21:12.391+0000] {logging_mixin.py:188} INFO - [2025-06-26T23:21:12.391+0000] {dag.py:3823} INFO - Setting next_dagrun for restaurant_maintenance to 2025-06-26 02:00:00+00:00, run_after=2025-06-27 02:00:00+00:00
[2025-06-26T23:21:12.407+0000] {processor.py:183} INFO - Processing /opt/airflow/dags/maintenance_dag.py took 0.081 seconds
[2025-06-26T23:21:42.547+0000] {processor.py:161} INFO - Started process (PID=1767) to work on /opt/airflow/dags/maintenance_dag.py
[2025-06-26T23:21:42.548+0000] {processor.py:830} INFO - Processing file /opt/airflow/dags/maintenance_dag.py for tasks to queue
[2025-06-26T23:21:42.550+0000] {logging_mixin.py:188} INFO - [2025-06-26T23:21:42.549+0000] {dagbag.py:538} INFO - Filling up the DagBag from /opt/airflow/dags/maintenance_dag.py
[2025-06-26T23:21:42.569+0000] {processor.py:840} INFO - DAG(s) 'restaurant_maintenance' retrieved from /opt/airflow/dags/maintenance_dag.py
[2025-06-26T23:21:42.592+0000] {logging_mixin.py:188} INFO - [2025-06-26T23:21:42.592+0000] {dag.py:3036} INFO - Sync 1 DAGs
[2025-06-26T23:21:42.610+0000] {logging_mixin.py:188} INFO - [2025-06-26T23:21:42.610+0000] {dag.py:3823} INFO - Setting next_dagrun for restaurant_maintenance to 2025-06-26 02:00:00+00:00, run_after=2025-06-27 02:00:00+00:00
[2025-06-26T23:21:42.625+0000] {processor.py:183} INFO - Processing /opt/airflow/dags/maintenance_dag.py took 0.081 seconds
[2025-06-26T23:22:12.748+0000] {processor.py:161} INFO - Started process (PID=1784) to work on /opt/airflow/dags/maintenance_dag.py
[2025-06-26T23:22:12.749+0000] {processor.py:830} INFO - Processing file /opt/airflow/dags/maintenance_dag.py for tasks to queue
[2025-06-26T23:22:12.750+0000] {logging_mixin.py:188} INFO - [2025-06-26T23:22:12.750+0000] {dagbag.py:538} INFO - Filling up the DagBag from /opt/airflow/dags/maintenance_dag.py
[2025-06-26T23:22:12.766+0000] {processor.py:840} INFO - DAG(s) 'restaurant_maintenance' retrieved from /opt/airflow/dags/maintenance_dag.py
[2025-06-26T23:22:12.789+0000] {logging_mixin.py:188} INFO - [2025-06-26T23:22:12.788+0000] {dag.py:3036} INFO - Sync 1 DAGs
[2025-06-26T23:22:12.803+0000] {logging_mixin.py:188} INFO - [2025-06-26T23:22:12.803+0000] {dag.py:3823} INFO - Setting next_dagrun for restaurant_maintenance to 2025-06-26 02:00:00+00:00, run_after=2025-06-27 02:00:00+00:00
[2025-06-26T23:22:12.817+0000] {processor.py:183} INFO - Processing /opt/airflow/dags/maintenance_dag.py took 0.071 seconds
[2025-06-26T23:22:42.967+0000] {processor.py:161} INFO - Started process (PID=1800) to work on /opt/airflow/dags/maintenance_dag.py
[2025-06-26T23:22:42.968+0000] {processor.py:830} INFO - Processing file /opt/airflow/dags/maintenance_dag.py for tasks to queue
[2025-06-26T23:22:42.970+0000] {logging_mixin.py:188} INFO - [2025-06-26T23:22:42.970+0000] {dagbag.py:538} INFO - Filling up the DagBag from /opt/airflow/dags/maintenance_dag.py
[2025-06-26T23:22:42.990+0000] {processor.py:840} INFO - DAG(s) 'restaurant_maintenance' retrieved from /opt/airflow/dags/maintenance_dag.py
[2025-06-26T23:22:43.013+0000] {logging_mixin.py:188} INFO - [2025-06-26T23:22:43.013+0000] {dag.py:3036} INFO - Sync 1 DAGs
[2025-06-26T23:22:43.030+0000] {logging_mixin.py:188} INFO - [2025-06-26T23:22:43.030+0000] {dag.py:3823} INFO - Setting next_dagrun for restaurant_maintenance to 2025-06-26 02:00:00+00:00, run_after=2025-06-27 02:00:00+00:00
[2025-06-26T23:22:43.049+0000] {processor.py:183} INFO - Processing /opt/airflow/dags/maintenance_dag.py took 0.084 seconds
[2025-06-26T23:23:13.176+0000] {processor.py:161} INFO - Started process (PID=1816) to work on /opt/airflow/dags/maintenance_dag.py
[2025-06-26T23:23:13.179+0000] {processor.py:830} INFO - Processing file /opt/airflow/dags/maintenance_dag.py for tasks to queue
[2025-06-26T23:23:13.180+0000] {logging_mixin.py:188} INFO - [2025-06-26T23:23:13.179+0000] {dagbag.py:538} INFO - Filling up the DagBag from /opt/airflow/dags/maintenance_dag.py
[2025-06-26T23:23:13.197+0000] {processor.py:840} INFO - DAG(s) 'restaurant_maintenance' retrieved from /opt/airflow/dags/maintenance_dag.py
[2025-06-26T23:23:13.217+0000] {logging_mixin.py:188} INFO - [2025-06-26T23:23:13.217+0000] {dag.py:3036} INFO - Sync 1 DAGs
[2025-06-26T23:23:13.233+0000] {logging_mixin.py:188} INFO - [2025-06-26T23:23:13.232+0000] {dag.py:3823} INFO - Setting next_dagrun for restaurant_maintenance to 2025-06-26 02:00:00+00:00, run_after=2025-06-27 02:00:00+00:00
[2025-06-26T23:23:13.248+0000] {processor.py:183} INFO - Processing /opt/airflow/dags/maintenance_dag.py took 0.076 seconds
[2025-06-26T23:23:43.469+0000] {processor.py:161} INFO - Started process (PID=1832) to work on /opt/airflow/dags/maintenance_dag.py
[2025-06-26T23:23:43.470+0000] {processor.py:830} INFO - Processing file /opt/airflow/dags/maintenance_dag.py for tasks to queue
[2025-06-26T23:23:43.471+0000] {logging_mixin.py:188} INFO - [2025-06-26T23:23:43.470+0000] {dagbag.py:538} INFO - Filling up the DagBag from /opt/airflow/dags/maintenance_dag.py
[2025-06-26T23:23:43.488+0000] {processor.py:840} INFO - DAG(s) 'restaurant_maintenance' retrieved from /opt/airflow/dags/maintenance_dag.py
[2025-06-26T23:23:43.508+0000] {logging_mixin.py:188} INFO - [2025-06-26T23:23:43.508+0000] {dag.py:3036} INFO - Sync 1 DAGs
[2025-06-26T23:23:43.523+0000] {logging_mixin.py:188} INFO - [2025-06-26T23:23:43.523+0000] {dag.py:3823} INFO - Setting next_dagrun for restaurant_maintenance to 2025-06-26 02:00:00+00:00, run_after=2025-06-27 02:00:00+00:00
[2025-06-26T23:23:43.539+0000] {processor.py:183} INFO - Processing /opt/airflow/dags/maintenance_dag.py took 0.072 seconds
[2025-06-26T23:24:13.740+0000] {processor.py:161} INFO - Started process (PID=1848) to work on /opt/airflow/dags/maintenance_dag.py
[2025-06-26T23:24:13.741+0000] {processor.py:830} INFO - Processing file /opt/airflow/dags/maintenance_dag.py for tasks to queue
[2025-06-26T23:24:13.742+0000] {logging_mixin.py:188} INFO - [2025-06-26T23:24:13.741+0000] {dagbag.py:538} INFO - Filling up the DagBag from /opt/airflow/dags/maintenance_dag.py
[2025-06-26T23:24:13.759+0000] {processor.py:840} INFO - DAG(s) 'restaurant_maintenance' retrieved from /opt/airflow/dags/maintenance_dag.py
[2025-06-26T23:24:13.778+0000] {logging_mixin.py:188} INFO - [2025-06-26T23:24:13.778+0000] {dag.py:3036} INFO - Sync 1 DAGs
[2025-06-26T23:24:13.794+0000] {logging_mixin.py:188} INFO - [2025-06-26T23:24:13.794+0000] {dag.py:3823} INFO - Setting next_dagrun for restaurant_maintenance to 2025-06-26 02:00:00+00:00, run_after=2025-06-27 02:00:00+00:00
[2025-06-26T23:24:13.808+0000] {processor.py:183} INFO - Processing /opt/airflow/dags/maintenance_dag.py took 0.070 seconds
[2025-06-26T23:24:43.950+0000] {processor.py:161} INFO - Started process (PID=1864) to work on /opt/airflow/dags/maintenance_dag.py
[2025-06-26T23:24:43.952+0000] {processor.py:830} INFO - Processing file /opt/airflow/dags/maintenance_dag.py for tasks to queue
[2025-06-26T23:24:43.953+0000] {logging_mixin.py:188} INFO - [2025-06-26T23:24:43.952+0000] {dagbag.py:538} INFO - Filling up the DagBag from /opt/airflow/dags/maintenance_dag.py
[2025-06-26T23:24:43.981+0000] {processor.py:840} INFO - DAG(s) 'restaurant_maintenance' retrieved from /opt/airflow/dags/maintenance_dag.py
[2025-06-26T23:24:44.005+0000] {logging_mixin.py:188} INFO - [2025-06-26T23:24:44.005+0000] {dag.py:3036} INFO - Sync 1 DAGs
[2025-06-26T23:24:44.024+0000] {logging_mixin.py:188} INFO - [2025-06-26T23:24:44.024+0000] {dag.py:3823} INFO - Setting next_dagrun for restaurant_maintenance to 2025-06-26 02:00:00+00:00, run_after=2025-06-27 02:00:00+00:00
[2025-06-26T23:24:44.045+0000] {processor.py:183} INFO - Processing /opt/airflow/dags/maintenance_dag.py took 0.097 seconds
[2025-06-26T23:25:14.141+0000] {processor.py:161} INFO - Started process (PID=1881) to work on /opt/airflow/dags/maintenance_dag.py
[2025-06-26T23:25:14.141+0000] {processor.py:830} INFO - Processing file /opt/airflow/dags/maintenance_dag.py for tasks to queue
[2025-06-26T23:25:14.142+0000] {logging_mixin.py:188} INFO - [2025-06-26T23:25:14.142+0000] {dagbag.py:538} INFO - Filling up the DagBag from /opt/airflow/dags/maintenance_dag.py
[2025-06-26T23:25:14.159+0000] {processor.py:840} INFO - DAG(s) 'restaurant_maintenance' retrieved from /opt/airflow/dags/maintenance_dag.py
[2025-06-26T23:25:14.180+0000] {logging_mixin.py:188} INFO - [2025-06-26T23:25:14.180+0000] {dag.py:3036} INFO - Sync 1 DAGs
[2025-06-26T23:25:14.196+0000] {logging_mixin.py:188} INFO - [2025-06-26T23:25:14.196+0000] {dag.py:3823} INFO - Setting next_dagrun for restaurant_maintenance to 2025-06-26 02:00:00+00:00, run_after=2025-06-27 02:00:00+00:00
[2025-06-26T23:25:14.213+0000] {processor.py:183} INFO - Processing /opt/airflow/dags/maintenance_dag.py took 0.075 seconds
[2025-06-26T23:25:44.429+0000] {processor.py:161} INFO - Started process (PID=1897) to work on /opt/airflow/dags/maintenance_dag.py
[2025-06-26T23:25:44.430+0000] {processor.py:830} INFO - Processing file /opt/airflow/dags/maintenance_dag.py for tasks to queue
[2025-06-26T23:25:44.431+0000] {logging_mixin.py:188} INFO - [2025-06-26T23:25:44.431+0000] {dagbag.py:538} INFO - Filling up the DagBag from /opt/airflow/dags/maintenance_dag.py
[2025-06-26T23:25:44.454+0000] {processor.py:840} INFO - DAG(s) 'restaurant_maintenance' retrieved from /opt/airflow/dags/maintenance_dag.py
[2025-06-26T23:25:44.477+0000] {logging_mixin.py:188} INFO - [2025-06-26T23:25:44.477+0000] {dag.py:3036} INFO - Sync 1 DAGs
[2025-06-26T23:25:44.503+0000] {logging_mixin.py:188} INFO - [2025-06-26T23:25:44.503+0000] {dag.py:3823} INFO - Setting next_dagrun for restaurant_maintenance to 2025-06-26 02:00:00+00:00, run_after=2025-06-27 02:00:00+00:00
[2025-06-26T23:25:44.526+0000] {processor.py:183} INFO - Processing /opt/airflow/dags/maintenance_dag.py took 0.100 seconds
[2025-06-26T23:26:14.760+0000] {processor.py:161} INFO - Started process (PID=1913) to work on /opt/airflow/dags/maintenance_dag.py
[2025-06-26T23:26:14.761+0000] {processor.py:830} INFO - Processing file /opt/airflow/dags/maintenance_dag.py for tasks to queue
[2025-06-26T23:26:14.762+0000] {logging_mixin.py:188} INFO - [2025-06-26T23:26:14.762+0000] {dagbag.py:538} INFO - Filling up the DagBag from /opt/airflow/dags/maintenance_dag.py
[2025-06-26T23:26:14.783+0000] {processor.py:840} INFO - DAG(s) 'restaurant_maintenance' retrieved from /opt/airflow/dags/maintenance_dag.py
[2025-06-26T23:26:14.806+0000] {logging_mixin.py:188} INFO - [2025-06-26T23:26:14.806+0000] {dag.py:3036} INFO - Sync 1 DAGs
[2025-06-26T23:26:14.823+0000] {logging_mixin.py:188} INFO - [2025-06-26T23:26:14.823+0000] {dag.py:3823} INFO - Setting next_dagrun for restaurant_maintenance to 2025-06-26 02:00:00+00:00, run_after=2025-06-27 02:00:00+00:00
[2025-06-26T23:26:14.841+0000] {processor.py:183} INFO - Processing /opt/airflow/dags/maintenance_dag.py took 0.083 seconds
[2025-06-26T23:26:45.067+0000] {processor.py:161} INFO - Started process (PID=1929) to work on /opt/airflow/dags/maintenance_dag.py
[2025-06-26T23:26:45.067+0000] {processor.py:830} INFO - Processing file /opt/airflow/dags/maintenance_dag.py for tasks to queue
[2025-06-26T23:26:45.068+0000] {logging_mixin.py:188} INFO - [2025-06-26T23:26:45.068+0000] {dagbag.py:538} INFO - Filling up the DagBag from /opt/airflow/dags/maintenance_dag.py
[2025-06-26T23:26:45.085+0000] {processor.py:840} INFO - DAG(s) 'restaurant_maintenance' retrieved from /opt/airflow/dags/maintenance_dag.py
[2025-06-26T23:26:45.106+0000] {logging_mixin.py:188} INFO - [2025-06-26T23:26:45.106+0000] {dag.py:3036} INFO - Sync 1 DAGs
[2025-06-26T23:26:45.123+0000] {logging_mixin.py:188} INFO - [2025-06-26T23:26:45.123+0000] {dag.py:3823} INFO - Setting next_dagrun for restaurant_maintenance to 2025-06-26 02:00:00+00:00, run_after=2025-06-27 02:00:00+00:00
[2025-06-26T23:26:45.142+0000] {processor.py:183} INFO - Processing /opt/airflow/dags/maintenance_dag.py took 0.077 seconds
[2025-06-26T23:27:15.282+0000] {processor.py:161} INFO - Started process (PID=1945) to work on /opt/airflow/dags/maintenance_dag.py
[2025-06-26T23:27:15.283+0000] {processor.py:830} INFO - Processing file /opt/airflow/dags/maintenance_dag.py for tasks to queue
[2025-06-26T23:27:15.284+0000] {logging_mixin.py:188} INFO - [2025-06-26T23:27:15.283+0000] {dagbag.py:538} INFO - Filling up the DagBag from /opt/airflow/dags/maintenance_dag.py
[2025-06-26T23:27:15.300+0000] {processor.py:840} INFO - DAG(s) 'restaurant_maintenance' retrieved from /opt/airflow/dags/maintenance_dag.py
[2025-06-26T23:27:15.322+0000] {logging_mixin.py:188} INFO - [2025-06-26T23:27:15.321+0000] {dag.py:3036} INFO - Sync 1 DAGs
[2025-06-26T23:27:15.338+0000] {logging_mixin.py:188} INFO - [2025-06-26T23:27:15.338+0000] {dag.py:3823} INFO - Setting next_dagrun for restaurant_maintenance to 2025-06-26 02:00:00+00:00, run_after=2025-06-27 02:00:00+00:00
[2025-06-26T23:27:15.356+0000] {processor.py:183} INFO - Processing /opt/airflow/dags/maintenance_dag.py took 0.077 seconds
[2025-06-26T23:27:45.503+0000] {processor.py:161} INFO - Started process (PID=1961) to work on /opt/airflow/dags/maintenance_dag.py
[2025-06-26T23:27:45.504+0000] {processor.py:830} INFO - Processing file /opt/airflow/dags/maintenance_dag.py for tasks to queue
[2025-06-26T23:27:45.505+0000] {logging_mixin.py:188} INFO - [2025-06-26T23:27:45.504+0000] {dagbag.py:538} INFO - Filling up the DagBag from /opt/airflow/dags/maintenance_dag.py
[2025-06-26T23:27:45.524+0000] {processor.py:840} INFO - DAG(s) 'restaurant_maintenance' retrieved from /opt/airflow/dags/maintenance_dag.py
[2025-06-26T23:27:45.545+0000] {logging_mixin.py:188} INFO - [2025-06-26T23:27:45.545+0000] {dag.py:3036} INFO - Sync 1 DAGs
[2025-06-26T23:27:45.561+0000] {logging_mixin.py:188} INFO - [2025-06-26T23:27:45.561+0000] {dag.py:3823} INFO - Setting next_dagrun for restaurant_maintenance to 2025-06-26 02:00:00+00:00, run_after=2025-06-27 02:00:00+00:00
[2025-06-26T23:27:45.578+0000] {processor.py:183} INFO - Processing /opt/airflow/dags/maintenance_dag.py took 0.077 seconds
[2025-06-26T23:28:15.770+0000] {processor.py:161} INFO - Started process (PID=1977) to work on /opt/airflow/dags/maintenance_dag.py
[2025-06-26T23:28:15.771+0000] {processor.py:830} INFO - Processing file /opt/airflow/dags/maintenance_dag.py for tasks to queue
[2025-06-26T23:28:15.772+0000] {logging_mixin.py:188} INFO - [2025-06-26T23:28:15.772+0000] {dagbag.py:538} INFO - Filling up the DagBag from /opt/airflow/dags/maintenance_dag.py
[2025-06-26T23:28:15.791+0000] {processor.py:840} INFO - DAG(s) 'restaurant_maintenance' retrieved from /opt/airflow/dags/maintenance_dag.py
[2025-06-26T23:28:15.813+0000] {logging_mixin.py:188} INFO - [2025-06-26T23:28:15.813+0000] {dag.py:3036} INFO - Sync 1 DAGs
[2025-06-26T23:28:15.830+0000] {logging_mixin.py:188} INFO - [2025-06-26T23:28:15.830+0000] {dag.py:3823} INFO - Setting next_dagrun for restaurant_maintenance to 2025-06-26 02:00:00+00:00, run_after=2025-06-27 02:00:00+00:00
[2025-06-26T23:28:15.848+0000] {processor.py:183} INFO - Processing /opt/airflow/dags/maintenance_dag.py took 0.080 seconds
[2025-06-26T23:28:46.089+0000] {processor.py:161} INFO - Started process (PID=1993) to work on /opt/airflow/dags/maintenance_dag.py
[2025-06-26T23:28:46.091+0000] {processor.py:830} INFO - Processing file /opt/airflow/dags/maintenance_dag.py for tasks to queue
[2025-06-26T23:28:46.091+0000] {logging_mixin.py:188} INFO - [2025-06-26T23:28:46.091+0000] {dagbag.py:538} INFO - Filling up the DagBag from /opt/airflow/dags/maintenance_dag.py
[2025-06-26T23:28:46.112+0000] {processor.py:840} INFO - DAG(s) 'restaurant_maintenance' retrieved from /opt/airflow/dags/maintenance_dag.py
[2025-06-26T23:28:46.137+0000] {logging_mixin.py:188} INFO - [2025-06-26T23:28:46.137+0000] {dag.py:3036} INFO - Sync 1 DAGs
[2025-06-26T23:28:46.167+0000] {logging_mixin.py:188} INFO - [2025-06-26T23:28:46.167+0000] {dag.py:3823} INFO - Setting next_dagrun for restaurant_maintenance to 2025-06-26 02:00:00+00:00, run_after=2025-06-27 02:00:00+00:00
[2025-06-26T23:28:46.182+0000] {processor.py:183} INFO - Processing /opt/airflow/dags/maintenance_dag.py took 0.095 seconds
[2025-06-26T23:29:16.303+0000] {processor.py:161} INFO - Started process (PID=2009) to work on /opt/airflow/dags/maintenance_dag.py
[2025-06-26T23:29:16.304+0000] {processor.py:830} INFO - Processing file /opt/airflow/dags/maintenance_dag.py for tasks to queue
[2025-06-26T23:29:16.304+0000] {logging_mixin.py:188} INFO - [2025-06-26T23:29:16.304+0000] {dagbag.py:538} INFO - Filling up the DagBag from /opt/airflow/dags/maintenance_dag.py
[2025-06-26T23:29:16.323+0000] {processor.py:840} INFO - DAG(s) 'restaurant_maintenance' retrieved from /opt/airflow/dags/maintenance_dag.py
[2025-06-26T23:29:16.343+0000] {logging_mixin.py:188} INFO - [2025-06-26T23:29:16.343+0000] {dag.py:3036} INFO - Sync 1 DAGs
[2025-06-26T23:29:16.358+0000] {logging_mixin.py:188} INFO - [2025-06-26T23:29:16.358+0000] {dag.py:3823} INFO - Setting next_dagrun for restaurant_maintenance to 2025-06-26 02:00:00+00:00, run_after=2025-06-27 02:00:00+00:00
[2025-06-26T23:29:16.374+0000] {processor.py:183} INFO - Processing /opt/airflow/dags/maintenance_dag.py took 0.073 seconds
[2025-06-26T23:29:46.568+0000] {processor.py:161} INFO - Started process (PID=2025) to work on /opt/airflow/dags/maintenance_dag.py
[2025-06-26T23:29:46.569+0000] {processor.py:830} INFO - Processing file /opt/airflow/dags/maintenance_dag.py for tasks to queue
[2025-06-26T23:29:46.570+0000] {logging_mixin.py:188} INFO - [2025-06-26T23:29:46.569+0000] {dagbag.py:538} INFO - Filling up the DagBag from /opt/airflow/dags/maintenance_dag.py
[2025-06-26T23:29:46.591+0000] {processor.py:840} INFO - DAG(s) 'restaurant_maintenance' retrieved from /opt/airflow/dags/maintenance_dag.py
[2025-06-26T23:29:46.617+0000] {logging_mixin.py:188} INFO - [2025-06-26T23:29:46.617+0000] {dag.py:3036} INFO - Sync 1 DAGs
[2025-06-26T23:29:46.632+0000] {logging_mixin.py:188} INFO - [2025-06-26T23:29:46.632+0000] {dag.py:3823} INFO - Setting next_dagrun for restaurant_maintenance to 2025-06-26 02:00:00+00:00, run_after=2025-06-27 02:00:00+00:00
[2025-06-26T23:29:46.647+0000] {processor.py:183} INFO - Processing /opt/airflow/dags/maintenance_dag.py took 0.082 seconds
[2025-06-26T23:30:16.914+0000] {processor.py:161} INFO - Started process (PID=2041) to work on /opt/airflow/dags/maintenance_dag.py
[2025-06-26T23:30:16.915+0000] {processor.py:830} INFO - Processing file /opt/airflow/dags/maintenance_dag.py for tasks to queue
[2025-06-26T23:30:16.916+0000] {logging_mixin.py:188} INFO - [2025-06-26T23:30:16.916+0000] {dagbag.py:538} INFO - Filling up the DagBag from /opt/airflow/dags/maintenance_dag.py
[2025-06-26T23:30:16.934+0000] {processor.py:840} INFO - DAG(s) 'restaurant_maintenance' retrieved from /opt/airflow/dags/maintenance_dag.py
[2025-06-26T23:30:16.957+0000] {logging_mixin.py:188} INFO - [2025-06-26T23:30:16.957+0000] {dag.py:3036} INFO - Sync 1 DAGs
[2025-06-26T23:30:16.973+0000] {logging_mixin.py:188} INFO - [2025-06-26T23:30:16.973+0000] {dag.py:3823} INFO - Setting next_dagrun for restaurant_maintenance to 2025-06-26 02:00:00+00:00, run_after=2025-06-27 02:00:00+00:00
[2025-06-26T23:30:16.989+0000] {processor.py:183} INFO - Processing /opt/airflow/dags/maintenance_dag.py took 0.077 seconds
[2025-06-26T23:30:47.192+0000] {processor.py:161} INFO - Started process (PID=2057) to work on /opt/airflow/dags/maintenance_dag.py
[2025-06-26T23:30:47.193+0000] {processor.py:830} INFO - Processing file /opt/airflow/dags/maintenance_dag.py for tasks to queue
[2025-06-26T23:30:47.194+0000] {logging_mixin.py:188} INFO - [2025-06-26T23:30:47.193+0000] {dagbag.py:538} INFO - Filling up the DagBag from /opt/airflow/dags/maintenance_dag.py
[2025-06-26T23:30:47.210+0000] {processor.py:840} INFO - DAG(s) 'restaurant_maintenance' retrieved from /opt/airflow/dags/maintenance_dag.py
[2025-06-26T23:30:47.229+0000] {logging_mixin.py:188} INFO - [2025-06-26T23:30:47.229+0000] {dag.py:3036} INFO - Sync 1 DAGs
[2025-06-26T23:30:47.244+0000] {logging_mixin.py:188} INFO - [2025-06-26T23:30:47.244+0000] {dag.py:3823} INFO - Setting next_dagrun for restaurant_maintenance to 2025-06-26 02:00:00+00:00, run_after=2025-06-27 02:00:00+00:00
[2025-06-26T23:30:47.264+0000] {processor.py:183} INFO - Processing /opt/airflow/dags/maintenance_dag.py took 0.074 seconds
[2025-06-26T23:31:17.494+0000] {processor.py:161} INFO - Started process (PID=2084) to work on /opt/airflow/dags/maintenance_dag.py
[2025-06-26T23:31:17.495+0000] {processor.py:830} INFO - Processing file /opt/airflow/dags/maintenance_dag.py for tasks to queue
[2025-06-26T23:31:17.496+0000] {logging_mixin.py:188} INFO - [2025-06-26T23:31:17.496+0000] {dagbag.py:538} INFO - Filling up the DagBag from /opt/airflow/dags/maintenance_dag.py
[2025-06-26T23:31:17.515+0000] {processor.py:840} INFO - DAG(s) 'restaurant_maintenance' retrieved from /opt/airflow/dags/maintenance_dag.py
[2025-06-26T23:31:17.537+0000] {logging_mixin.py:188} INFO - [2025-06-26T23:31:17.537+0000] {dag.py:3036} INFO - Sync 1 DAGs
[2025-06-26T23:31:17.552+0000] {logging_mixin.py:188} INFO - [2025-06-26T23:31:17.552+0000] {dag.py:3823} INFO - Setting next_dagrun for restaurant_maintenance to 2025-06-26 02:00:00+00:00, run_after=2025-06-27 02:00:00+00:00
[2025-06-26T23:31:17.570+0000] {processor.py:183} INFO - Processing /opt/airflow/dags/maintenance_dag.py took 0.079 seconds
[2025-06-26T23:31:47.794+0000] {processor.py:161} INFO - Started process (PID=2104) to work on /opt/airflow/dags/maintenance_dag.py
[2025-06-26T23:31:47.795+0000] {processor.py:830} INFO - Processing file /opt/airflow/dags/maintenance_dag.py for tasks to queue
[2025-06-26T23:31:47.796+0000] {logging_mixin.py:188} INFO - [2025-06-26T23:31:47.795+0000] {dagbag.py:538} INFO - Filling up the DagBag from /opt/airflow/dags/maintenance_dag.py
[2025-06-26T23:31:47.814+0000] {processor.py:840} INFO - DAG(s) 'restaurant_maintenance' retrieved from /opt/airflow/dags/maintenance_dag.py
[2025-06-26T23:31:47.838+0000] {logging_mixin.py:188} INFO - [2025-06-26T23:31:47.838+0000] {dag.py:3036} INFO - Sync 1 DAGs
[2025-06-26T23:31:47.855+0000] {logging_mixin.py:188} INFO - [2025-06-26T23:31:47.855+0000] {dag.py:3823} INFO - Setting next_dagrun for restaurant_maintenance to 2025-06-26 02:00:00+00:00, run_after=2025-06-27 02:00:00+00:00
[2025-06-26T23:31:47.873+0000] {processor.py:183} INFO - Processing /opt/airflow/dags/maintenance_dag.py took 0.081 seconds
[2025-06-26T23:32:18.110+0000] {processor.py:161} INFO - Started process (PID=2120) to work on /opt/airflow/dags/maintenance_dag.py
[2025-06-26T23:32:18.110+0000] {processor.py:830} INFO - Processing file /opt/airflow/dags/maintenance_dag.py for tasks to queue
[2025-06-26T23:32:18.111+0000] {logging_mixin.py:188} INFO - [2025-06-26T23:32:18.111+0000] {dagbag.py:538} INFO - Filling up the DagBag from /opt/airflow/dags/maintenance_dag.py
[2025-06-26T23:32:18.131+0000] {processor.py:840} INFO - DAG(s) 'restaurant_maintenance' retrieved from /opt/airflow/dags/maintenance_dag.py
[2025-06-26T23:32:18.153+0000] {logging_mixin.py:188} INFO - [2025-06-26T23:32:18.153+0000] {dag.py:3036} INFO - Sync 1 DAGs
[2025-06-26T23:32:18.168+0000] {logging_mixin.py:188} INFO - [2025-06-26T23:32:18.168+0000] {dag.py:3823} INFO - Setting next_dagrun for restaurant_maintenance to 2025-06-26 02:00:00+00:00, run_after=2025-06-27 02:00:00+00:00
[2025-06-26T23:32:18.186+0000] {processor.py:183} INFO - Processing /opt/airflow/dags/maintenance_dag.py took 0.078 seconds
[2025-06-26T23:32:48.324+0000] {processor.py:161} INFO - Started process (PID=2135) to work on /opt/airflow/dags/maintenance_dag.py
[2025-06-26T23:32:48.325+0000] {processor.py:830} INFO - Processing file /opt/airflow/dags/maintenance_dag.py for tasks to queue
[2025-06-26T23:32:48.326+0000] {logging_mixin.py:188} INFO - [2025-06-26T23:32:48.325+0000] {dagbag.py:538} INFO - Filling up the DagBag from /opt/airflow/dags/maintenance_dag.py
[2025-06-26T23:32:48.342+0000] {processor.py:840} INFO - DAG(s) 'restaurant_maintenance' retrieved from /opt/airflow/dags/maintenance_dag.py
[2025-06-26T23:32:48.365+0000] {logging_mixin.py:188} INFO - [2025-06-26T23:32:48.365+0000] {dag.py:3036} INFO - Sync 1 DAGs
[2025-06-26T23:32:48.381+0000] {logging_mixin.py:188} INFO - [2025-06-26T23:32:48.381+0000] {dag.py:3823} INFO - Setting next_dagrun for restaurant_maintenance to 2025-06-26 02:00:00+00:00, run_after=2025-06-27 02:00:00+00:00
[2025-06-26T23:32:48.397+0000] {processor.py:183} INFO - Processing /opt/airflow/dags/maintenance_dag.py took 0.075 seconds
[2025-06-26T23:33:18.627+0000] {processor.py:161} INFO - Started process (PID=2151) to work on /opt/airflow/dags/maintenance_dag.py
[2025-06-26T23:33:18.628+0000] {processor.py:830} INFO - Processing file /opt/airflow/dags/maintenance_dag.py for tasks to queue
[2025-06-26T23:33:18.629+0000] {logging_mixin.py:188} INFO - [2025-06-26T23:33:18.628+0000] {dagbag.py:538} INFO - Filling up the DagBag from /opt/airflow/dags/maintenance_dag.py
[2025-06-26T23:33:18.647+0000] {processor.py:840} INFO - DAG(s) 'restaurant_maintenance' retrieved from /opt/airflow/dags/maintenance_dag.py
[2025-06-26T23:33:18.667+0000] {logging_mixin.py:188} INFO - [2025-06-26T23:33:18.667+0000] {dag.py:3036} INFO - Sync 1 DAGs
[2025-06-26T23:33:18.684+0000] {logging_mixin.py:188} INFO - [2025-06-26T23:33:18.684+0000] {dag.py:3823} INFO - Setting next_dagrun for restaurant_maintenance to 2025-06-26 02:00:00+00:00, run_after=2025-06-27 02:00:00+00:00
[2025-06-26T23:33:18.701+0000] {processor.py:183} INFO - Processing /opt/airflow/dags/maintenance_dag.py took 0.076 seconds
[2025-06-26T23:33:48.856+0000] {processor.py:161} INFO - Started process (PID=2167) to work on /opt/airflow/dags/maintenance_dag.py
[2025-06-26T23:33:48.858+0000] {processor.py:830} INFO - Processing file /opt/airflow/dags/maintenance_dag.py for tasks to queue
[2025-06-26T23:33:48.859+0000] {logging_mixin.py:188} INFO - [2025-06-26T23:33:48.858+0000] {dagbag.py:538} INFO - Filling up the DagBag from /opt/airflow/dags/maintenance_dag.py
[2025-06-26T23:33:48.875+0000] {processor.py:840} INFO - DAG(s) 'restaurant_maintenance' retrieved from /opt/airflow/dags/maintenance_dag.py
[2025-06-26T23:33:48.894+0000] {logging_mixin.py:188} INFO - [2025-06-26T23:33:48.894+0000] {dag.py:3036} INFO - Sync 1 DAGs
[2025-06-26T23:33:48.918+0000] {logging_mixin.py:188} INFO - [2025-06-26T23:33:48.918+0000] {dag.py:3823} INFO - Setting next_dagrun for restaurant_maintenance to 2025-06-26 02:00:00+00:00, run_after=2025-06-27 02:00:00+00:00
[2025-06-26T23:33:48.935+0000] {processor.py:183} INFO - Processing /opt/airflow/dags/maintenance_dag.py took 0.081 seconds
[2025-06-26T23:34:19.046+0000] {processor.py:161} INFO - Started process (PID=2183) to work on /opt/airflow/dags/maintenance_dag.py
[2025-06-26T23:34:19.047+0000] {processor.py:830} INFO - Processing file /opt/airflow/dags/maintenance_dag.py for tasks to queue
[2025-06-26T23:34:19.047+0000] {logging_mixin.py:188} INFO - [2025-06-26T23:34:19.047+0000] {dagbag.py:538} INFO - Filling up the DagBag from /opt/airflow/dags/maintenance_dag.py
[2025-06-26T23:34:19.062+0000] {processor.py:840} INFO - DAG(s) 'restaurant_maintenance' retrieved from /opt/airflow/dags/maintenance_dag.py
[2025-06-26T23:34:19.082+0000] {logging_mixin.py:188} INFO - [2025-06-26T23:34:19.082+0000] {dag.py:3036} INFO - Sync 1 DAGs
[2025-06-26T23:34:19.097+0000] {logging_mixin.py:188} INFO - [2025-06-26T23:34:19.097+0000] {dag.py:3823} INFO - Setting next_dagrun for restaurant_maintenance to 2025-06-26 02:00:00+00:00, run_after=2025-06-27 02:00:00+00:00
[2025-06-26T23:34:19.113+0000] {processor.py:183} INFO - Processing /opt/airflow/dags/maintenance_dag.py took 0.069 seconds
[2025-06-26T23:34:49.361+0000] {processor.py:161} INFO - Started process (PID=2199) to work on /opt/airflow/dags/maintenance_dag.py
[2025-06-26T23:34:49.381+0000] {processor.py:830} INFO - Processing file /opt/airflow/dags/maintenance_dag.py for tasks to queue
[2025-06-26T23:34:49.389+0000] {logging_mixin.py:188} INFO - [2025-06-26T23:34:49.385+0000] {dagbag.py:538} INFO - Filling up the DagBag from /opt/airflow/dags/maintenance_dag.py
[2025-06-26T23:34:49.512+0000] {processor.py:840} INFO - DAG(s) 'restaurant_maintenance' retrieved from /opt/airflow/dags/maintenance_dag.py
[2025-06-26T23:34:49.700+0000] {logging_mixin.py:188} INFO - [2025-06-26T23:34:49.700+0000] {dag.py:3036} INFO - Sync 1 DAGs
[2025-06-26T23:34:49.877+0000] {logging_mixin.py:188} INFO - [2025-06-26T23:34:49.877+0000] {dag.py:3823} INFO - Setting next_dagrun for restaurant_maintenance to 2025-06-26 02:00:00+00:00, run_after=2025-06-27 02:00:00+00:00
[2025-06-26T23:34:49.955+0000] {processor.py:183} INFO - Processing /opt/airflow/dags/maintenance_dag.py took 0.610 seconds
[2025-06-26T23:35:20.162+0000] {processor.py:161} INFO - Started process (PID=2215) to work on /opt/airflow/dags/maintenance_dag.py
[2025-06-26T23:35:20.163+0000] {processor.py:830} INFO - Processing file /opt/airflow/dags/maintenance_dag.py for tasks to queue
[2025-06-26T23:35:20.164+0000] {logging_mixin.py:188} INFO - [2025-06-26T23:35:20.164+0000] {dagbag.py:538} INFO - Filling up the DagBag from /opt/airflow/dags/maintenance_dag.py
[2025-06-26T23:35:20.234+0000] {processor.py:840} INFO - DAG(s) 'restaurant_maintenance' retrieved from /opt/airflow/dags/maintenance_dag.py
[2025-06-26T23:35:20.549+0000] {logging_mixin.py:188} INFO - [2025-06-26T23:35:20.548+0000] {dag.py:3036} INFO - Sync 1 DAGs
[2025-06-26T23:35:20.724+0000] {logging_mixin.py:188} INFO - [2025-06-26T23:35:20.724+0000] {dag.py:3823} INFO - Setting next_dagrun for restaurant_maintenance to 2025-06-26 02:00:00+00:00, run_after=2025-06-27 02:00:00+00:00
[2025-06-26T23:35:20.811+0000] {processor.py:183} INFO - Processing /opt/airflow/dags/maintenance_dag.py took 0.652 seconds
[2025-06-26T23:35:51.048+0000] {processor.py:161} INFO - Started process (PID=2231) to work on /opt/airflow/dags/maintenance_dag.py
[2025-06-26T23:35:51.051+0000] {processor.py:830} INFO - Processing file /opt/airflow/dags/maintenance_dag.py for tasks to queue
[2025-06-26T23:35:51.054+0000] {logging_mixin.py:188} INFO - [2025-06-26T23:35:51.053+0000] {dagbag.py:538} INFO - Filling up the DagBag from /opt/airflow/dags/maintenance_dag.py
[2025-06-26T23:35:51.101+0000] {processor.py:840} INFO - DAG(s) 'restaurant_maintenance' retrieved from /opt/airflow/dags/maintenance_dag.py
[2025-06-26T23:35:51.158+0000] {logging_mixin.py:188} INFO - [2025-06-26T23:35:51.157+0000] {dag.py:3036} INFO - Sync 1 DAGs
[2025-06-26T23:35:51.190+0000] {logging_mixin.py:188} INFO - [2025-06-26T23:35:51.189+0000] {dag.py:3823} INFO - Setting next_dagrun for restaurant_maintenance to 2025-06-26 02:00:00+00:00, run_after=2025-06-27 02:00:00+00:00
[2025-06-26T23:35:51.212+0000] {processor.py:183} INFO - Processing /opt/airflow/dags/maintenance_dag.py took 0.184 seconds
[2025-06-26T23:36:21.266+0000] {processor.py:161} INFO - Started process (PID=2247) to work on /opt/airflow/dags/maintenance_dag.py
[2025-06-26T23:36:21.267+0000] {processor.py:830} INFO - Processing file /opt/airflow/dags/maintenance_dag.py for tasks to queue
[2025-06-26T23:36:21.268+0000] {logging_mixin.py:188} INFO - [2025-06-26T23:36:21.267+0000] {dagbag.py:538} INFO - Filling up the DagBag from /opt/airflow/dags/maintenance_dag.py
[2025-06-26T23:36:21.283+0000] {processor.py:840} INFO - DAG(s) 'restaurant_maintenance' retrieved from /opt/airflow/dags/maintenance_dag.py
[2025-06-26T23:36:21.303+0000] {logging_mixin.py:188} INFO - [2025-06-26T23:36:21.303+0000] {dag.py:3036} INFO - Sync 1 DAGs
[2025-06-26T23:36:21.326+0000] {logging_mixin.py:188} INFO - [2025-06-26T23:36:21.325+0000] {dag.py:3823} INFO - Setting next_dagrun for restaurant_maintenance to 2025-06-26 02:00:00+00:00, run_after=2025-06-27 02:00:00+00:00
[2025-06-26T23:36:21.346+0000] {processor.py:183} INFO - Processing /opt/airflow/dags/maintenance_dag.py took 0.083 seconds
[2025-06-26T23:36:51.572+0000] {processor.py:161} INFO - Started process (PID=2262) to work on /opt/airflow/dags/maintenance_dag.py
[2025-06-26T23:36:51.573+0000] {processor.py:830} INFO - Processing file /opt/airflow/dags/maintenance_dag.py for tasks to queue
[2025-06-26T23:36:51.574+0000] {logging_mixin.py:188} INFO - [2025-06-26T23:36:51.574+0000] {dagbag.py:538} INFO - Filling up the DagBag from /opt/airflow/dags/maintenance_dag.py
[2025-06-26T23:36:51.590+0000] {processor.py:840} INFO - DAG(s) 'restaurant_maintenance' retrieved from /opt/airflow/dags/maintenance_dag.py
[2025-06-26T23:36:51.614+0000] {logging_mixin.py:188} INFO - [2025-06-26T23:36:51.614+0000] {dag.py:3036} INFO - Sync 1 DAGs
[2025-06-26T23:36:51.634+0000] {logging_mixin.py:188} INFO - [2025-06-26T23:36:51.634+0000] {dag.py:3823} INFO - Setting next_dagrun for restaurant_maintenance to 2025-06-26 02:00:00+00:00, run_after=2025-06-27 02:00:00+00:00
[2025-06-26T23:36:51.651+0000] {processor.py:183} INFO - Processing /opt/airflow/dags/maintenance_dag.py took 0.082 seconds
[2025-06-26T23:37:21.858+0000] {processor.py:161} INFO - Started process (PID=2278) to work on /opt/airflow/dags/maintenance_dag.py
[2025-06-26T23:37:21.859+0000] {processor.py:830} INFO - Processing file /opt/airflow/dags/maintenance_dag.py for tasks to queue
[2025-06-26T23:37:21.860+0000] {logging_mixin.py:188} INFO - [2025-06-26T23:37:21.860+0000] {dagbag.py:538} INFO - Filling up the DagBag from /opt/airflow/dags/maintenance_dag.py
[2025-06-26T23:37:21.880+0000] {processor.py:840} INFO - DAG(s) 'restaurant_maintenance' retrieved from /opt/airflow/dags/maintenance_dag.py
[2025-06-26T23:37:21.901+0000] {logging_mixin.py:188} INFO - [2025-06-26T23:37:21.901+0000] {dag.py:3036} INFO - Sync 1 DAGs
[2025-06-26T23:37:21.919+0000] {logging_mixin.py:188} INFO - [2025-06-26T23:37:21.919+0000] {dag.py:3823} INFO - Setting next_dagrun for restaurant_maintenance to 2025-06-26 02:00:00+00:00, run_after=2025-06-27 02:00:00+00:00
[2025-06-26T23:37:21.940+0000] {processor.py:183} INFO - Processing /opt/airflow/dags/maintenance_dag.py took 0.086 seconds
[2025-06-26T23:37:52.073+0000] {processor.py:161} INFO - Started process (PID=2294) to work on /opt/airflow/dags/maintenance_dag.py
[2025-06-26T23:37:52.074+0000] {processor.py:830} INFO - Processing file /opt/airflow/dags/maintenance_dag.py for tasks to queue
[2025-06-26T23:37:52.075+0000] {logging_mixin.py:188} INFO - [2025-06-26T23:37:52.075+0000] {dagbag.py:538} INFO - Filling up the DagBag from /opt/airflow/dags/maintenance_dag.py
[2025-06-26T23:37:52.093+0000] {processor.py:840} INFO - DAG(s) 'restaurant_maintenance' retrieved from /opt/airflow/dags/maintenance_dag.py
[2025-06-26T23:37:52.116+0000] {logging_mixin.py:188} INFO - [2025-06-26T23:37:52.115+0000] {dag.py:3036} INFO - Sync 1 DAGs
[2025-06-26T23:37:52.135+0000] {logging_mixin.py:188} INFO - [2025-06-26T23:37:52.134+0000] {dag.py:3823} INFO - Setting next_dagrun for restaurant_maintenance to 2025-06-26 02:00:00+00:00, run_after=2025-06-27 02:00:00+00:00
[2025-06-26T23:37:52.153+0000] {processor.py:183} INFO - Processing /opt/airflow/dags/maintenance_dag.py took 0.082 seconds
[2025-06-26T23:38:22.357+0000] {processor.py:161} INFO - Started process (PID=2311) to work on /opt/airflow/dags/maintenance_dag.py
[2025-06-26T23:38:22.358+0000] {processor.py:830} INFO - Processing file /opt/airflow/dags/maintenance_dag.py for tasks to queue
[2025-06-26T23:38:22.359+0000] {logging_mixin.py:188} INFO - [2025-06-26T23:38:22.358+0000] {dagbag.py:538} INFO - Filling up the DagBag from /opt/airflow/dags/maintenance_dag.py
[2025-06-26T23:38:22.376+0000] {processor.py:840} INFO - DAG(s) 'restaurant_maintenance' retrieved from /opt/airflow/dags/maintenance_dag.py
[2025-06-26T23:38:22.397+0000] {logging_mixin.py:188} INFO - [2025-06-26T23:38:22.397+0000] {dag.py:3036} INFO - Sync 1 DAGs
[2025-06-26T23:38:22.413+0000] {logging_mixin.py:188} INFO - [2025-06-26T23:38:22.413+0000] {dag.py:3823} INFO - Setting next_dagrun for restaurant_maintenance to 2025-06-26 02:00:00+00:00, run_after=2025-06-27 02:00:00+00:00
[2025-06-26T23:38:22.432+0000] {processor.py:183} INFO - Processing /opt/airflow/dags/maintenance_dag.py took 0.077 seconds
[2025-06-26T23:38:52.688+0000] {processor.py:161} INFO - Started process (PID=2327) to work on /opt/airflow/dags/maintenance_dag.py
[2025-06-26T23:38:52.689+0000] {processor.py:830} INFO - Processing file /opt/airflow/dags/maintenance_dag.py for tasks to queue
[2025-06-26T23:38:52.690+0000] {logging_mixin.py:188} INFO - [2025-06-26T23:38:52.689+0000] {dagbag.py:538} INFO - Filling up the DagBag from /opt/airflow/dags/maintenance_dag.py
[2025-06-26T23:38:52.708+0000] {processor.py:840} INFO - DAG(s) 'restaurant_maintenance' retrieved from /opt/airflow/dags/maintenance_dag.py
[2025-06-26T23:38:52.728+0000] {logging_mixin.py:188} INFO - [2025-06-26T23:38:52.728+0000] {dag.py:3036} INFO - Sync 1 DAGs
[2025-06-26T23:38:52.745+0000] {logging_mixin.py:188} INFO - [2025-06-26T23:38:52.745+0000] {dag.py:3823} INFO - Setting next_dagrun for restaurant_maintenance to 2025-06-26 02:00:00+00:00, run_after=2025-06-27 02:00:00+00:00
[2025-06-26T23:38:52.764+0000] {processor.py:183} INFO - Processing /opt/airflow/dags/maintenance_dag.py took 0.078 seconds
[2025-06-26T23:39:22.977+0000] {processor.py:161} INFO - Started process (PID=2343) to work on /opt/airflow/dags/maintenance_dag.py
[2025-06-26T23:39:22.980+0000] {processor.py:830} INFO - Processing file /opt/airflow/dags/maintenance_dag.py for tasks to queue
[2025-06-26T23:39:22.981+0000] {logging_mixin.py:188} INFO - [2025-06-26T23:39:22.981+0000] {dagbag.py:538} INFO - Filling up the DagBag from /opt/airflow/dags/maintenance_dag.py
[2025-06-26T23:39:23.000+0000] {processor.py:840} INFO - DAG(s) 'restaurant_maintenance' retrieved from /opt/airflow/dags/maintenance_dag.py
[2025-06-26T23:39:23.021+0000] {logging_mixin.py:188} INFO - [2025-06-26T23:39:23.021+0000] {dag.py:3036} INFO - Sync 1 DAGs
[2025-06-26T23:39:23.037+0000] {logging_mixin.py:188} INFO - [2025-06-26T23:39:23.037+0000] {dag.py:3823} INFO - Setting next_dagrun for restaurant_maintenance to 2025-06-26 02:00:00+00:00, run_after=2025-06-27 02:00:00+00:00
[2025-06-26T23:39:23.057+0000] {processor.py:183} INFO - Processing /opt/airflow/dags/maintenance_dag.py took 0.082 seconds
[2025-06-26T23:39:53.275+0000] {processor.py:161} INFO - Started process (PID=2359) to work on /opt/airflow/dags/maintenance_dag.py
[2025-06-26T23:39:53.278+0000] {processor.py:830} INFO - Processing file /opt/airflow/dags/maintenance_dag.py for tasks to queue
[2025-06-26T23:39:53.279+0000] {logging_mixin.py:188} INFO - [2025-06-26T23:39:53.278+0000] {dagbag.py:538} INFO - Filling up the DagBag from /opt/airflow/dags/maintenance_dag.py
[2025-06-26T23:39:53.311+0000] {processor.py:840} INFO - DAG(s) 'restaurant_maintenance' retrieved from /opt/airflow/dags/maintenance_dag.py
[2025-06-26T23:39:53.333+0000] {logging_mixin.py:188} INFO - [2025-06-26T23:39:53.333+0000] {dag.py:3036} INFO - Sync 1 DAGs
[2025-06-26T23:39:53.350+0000] {logging_mixin.py:188} INFO - [2025-06-26T23:39:53.350+0000] {dag.py:3823} INFO - Setting next_dagrun for restaurant_maintenance to 2025-06-26 02:00:00+00:00, run_after=2025-06-27 02:00:00+00:00
[2025-06-26T23:39:53.366+0000] {processor.py:183} INFO - Processing /opt/airflow/dags/maintenance_dag.py took 0.094 seconds
[2025-06-26T23:40:23.491+0000] {processor.py:161} INFO - Started process (PID=2375) to work on /opt/airflow/dags/maintenance_dag.py
[2025-06-26T23:40:23.492+0000] {processor.py:830} INFO - Processing file /opt/airflow/dags/maintenance_dag.py for tasks to queue
[2025-06-26T23:40:23.493+0000] {logging_mixin.py:188} INFO - [2025-06-26T23:40:23.493+0000] {dagbag.py:538} INFO - Filling up the DagBag from /opt/airflow/dags/maintenance_dag.py
[2025-06-26T23:40:23.507+0000] {processor.py:840} INFO - DAG(s) 'restaurant_maintenance' retrieved from /opt/airflow/dags/maintenance_dag.py
[2025-06-26T23:40:23.527+0000] {logging_mixin.py:188} INFO - [2025-06-26T23:40:23.526+0000] {dag.py:3036} INFO - Sync 1 DAGs
[2025-06-26T23:40:23.543+0000] {logging_mixin.py:188} INFO - [2025-06-26T23:40:23.543+0000] {dag.py:3823} INFO - Setting next_dagrun for restaurant_maintenance to 2025-06-26 02:00:00+00:00, run_after=2025-06-27 02:00:00+00:00
[2025-06-26T23:40:23.560+0000] {processor.py:183} INFO - Processing /opt/airflow/dags/maintenance_dag.py took 0.071 seconds
[2025-06-26T23:40:53.783+0000] {processor.py:161} INFO - Started process (PID=2391) to work on /opt/airflow/dags/maintenance_dag.py
[2025-06-26T23:40:53.784+0000] {processor.py:830} INFO - Processing file /opt/airflow/dags/maintenance_dag.py for tasks to queue
[2025-06-26T23:40:53.785+0000] {logging_mixin.py:188} INFO - [2025-06-26T23:40:53.785+0000] {dagbag.py:538} INFO - Filling up the DagBag from /opt/airflow/dags/maintenance_dag.py
[2025-06-26T23:40:53.812+0000] {processor.py:840} INFO - DAG(s) 'restaurant_maintenance' retrieved from /opt/airflow/dags/maintenance_dag.py
[2025-06-26T23:40:53.839+0000] {logging_mixin.py:188} INFO - [2025-06-26T23:40:53.839+0000] {dag.py:3036} INFO - Sync 1 DAGs
[2025-06-26T23:40:53.854+0000] {logging_mixin.py:188} INFO - [2025-06-26T23:40:53.854+0000] {dag.py:3823} INFO - Setting next_dagrun for restaurant_maintenance to 2025-06-26 02:00:00+00:00, run_after=2025-06-27 02:00:00+00:00
[2025-06-26T23:40:53.869+0000] {processor.py:183} INFO - Processing /opt/airflow/dags/maintenance_dag.py took 0.089 seconds
[2025-06-26T23:41:23.992+0000] {processor.py:161} INFO - Started process (PID=2407) to work on /opt/airflow/dags/maintenance_dag.py
[2025-06-26T23:41:23.994+0000] {processor.py:830} INFO - Processing file /opt/airflow/dags/maintenance_dag.py for tasks to queue
[2025-06-26T23:41:23.995+0000] {logging_mixin.py:188} INFO - [2025-06-26T23:41:23.995+0000] {dagbag.py:538} INFO - Filling up the DagBag from /opt/airflow/dags/maintenance_dag.py
[2025-06-26T23:41:24.015+0000] {processor.py:840} INFO - DAG(s) 'restaurant_maintenance' retrieved from /opt/airflow/dags/maintenance_dag.py
[2025-06-26T23:41:24.035+0000] {logging_mixin.py:188} INFO - [2025-06-26T23:41:24.035+0000] {dag.py:3036} INFO - Sync 1 DAGs
[2025-06-26T23:41:24.051+0000] {logging_mixin.py:188} INFO - [2025-06-26T23:41:24.051+0000] {dag.py:3823} INFO - Setting next_dagrun for restaurant_maintenance to 2025-06-26 02:00:00+00:00, run_after=2025-06-27 02:00:00+00:00
[2025-06-26T23:41:24.067+0000] {processor.py:183} INFO - Processing /opt/airflow/dags/maintenance_dag.py took 0.077 seconds
[2025-06-26T23:41:54.285+0000] {processor.py:161} INFO - Started process (PID=2423) to work on /opt/airflow/dags/maintenance_dag.py
[2025-06-26T23:41:54.286+0000] {processor.py:830} INFO - Processing file /opt/airflow/dags/maintenance_dag.py for tasks to queue
[2025-06-26T23:41:54.287+0000] {logging_mixin.py:188} INFO - [2025-06-26T23:41:54.286+0000] {dagbag.py:538} INFO - Filling up the DagBag from /opt/airflow/dags/maintenance_dag.py
[2025-06-26T23:41:54.302+0000] {processor.py:840} INFO - DAG(s) 'restaurant_maintenance' retrieved from /opt/airflow/dags/maintenance_dag.py
[2025-06-26T23:41:54.323+0000] {logging_mixin.py:188} INFO - [2025-06-26T23:41:54.322+0000] {dag.py:3036} INFO - Sync 1 DAGs
[2025-06-26T23:41:54.337+0000] {logging_mixin.py:188} INFO - [2025-06-26T23:41:54.337+0000] {dag.py:3823} INFO - Setting next_dagrun for restaurant_maintenance to 2025-06-26 02:00:00+00:00, run_after=2025-06-27 02:00:00+00:00
[2025-06-26T23:41:54.352+0000] {processor.py:183} INFO - Processing /opt/airflow/dags/maintenance_dag.py took 0.069 seconds
[2025-06-26T23:42:24.497+0000] {processor.py:161} INFO - Started process (PID=2439) to work on /opt/airflow/dags/maintenance_dag.py
[2025-06-26T23:42:24.498+0000] {processor.py:830} INFO - Processing file /opt/airflow/dags/maintenance_dag.py for tasks to queue
[2025-06-26T23:42:24.499+0000] {logging_mixin.py:188} INFO - [2025-06-26T23:42:24.498+0000] {dagbag.py:538} INFO - Filling up the DagBag from /opt/airflow/dags/maintenance_dag.py
[2025-06-26T23:42:24.516+0000] {processor.py:840} INFO - DAG(s) 'restaurant_maintenance' retrieved from /opt/airflow/dags/maintenance_dag.py
[2025-06-26T23:42:24.534+0000] {logging_mixin.py:188} INFO - [2025-06-26T23:42:24.533+0000] {dag.py:3036} INFO - Sync 1 DAGs
[2025-06-26T23:42:24.548+0000] {logging_mixin.py:188} INFO - [2025-06-26T23:42:24.548+0000] {dag.py:3823} INFO - Setting next_dagrun for restaurant_maintenance to 2025-06-26 02:00:00+00:00, run_after=2025-06-27 02:00:00+00:00
[2025-06-26T23:42:24.564+0000] {processor.py:183} INFO - Processing /opt/airflow/dags/maintenance_dag.py took 0.069 seconds
[2025-06-26T23:42:54.713+0000] {processor.py:161} INFO - Started process (PID=2455) to work on /opt/airflow/dags/maintenance_dag.py
[2025-06-26T23:42:54.714+0000] {processor.py:830} INFO - Processing file /opt/airflow/dags/maintenance_dag.py for tasks to queue
[2025-06-26T23:42:54.714+0000] {logging_mixin.py:188} INFO - [2025-06-26T23:42:54.714+0000] {dagbag.py:538} INFO - Filling up the DagBag from /opt/airflow/dags/maintenance_dag.py
[2025-06-26T23:42:54.729+0000] {processor.py:840} INFO - DAG(s) 'restaurant_maintenance' retrieved from /opt/airflow/dags/maintenance_dag.py
[2025-06-26T23:42:54.747+0000] {logging_mixin.py:188} INFO - [2025-06-26T23:42:54.747+0000] {dag.py:3036} INFO - Sync 1 DAGs
[2025-06-26T23:42:54.761+0000] {logging_mixin.py:188} INFO - [2025-06-26T23:42:54.761+0000] {dag.py:3823} INFO - Setting next_dagrun for restaurant_maintenance to 2025-06-26 02:00:00+00:00, run_after=2025-06-27 02:00:00+00:00
[2025-06-26T23:42:54.777+0000] {processor.py:183} INFO - Processing /opt/airflow/dags/maintenance_dag.py took 0.066 seconds
[2025-06-26T23:43:25.030+0000] {processor.py:161} INFO - Started process (PID=2471) to work on /opt/airflow/dags/maintenance_dag.py
[2025-06-26T23:43:25.031+0000] {processor.py:830} INFO - Processing file /opt/airflow/dags/maintenance_dag.py for tasks to queue
[2025-06-26T23:43:25.032+0000] {logging_mixin.py:188} INFO - [2025-06-26T23:43:25.031+0000] {dagbag.py:538} INFO - Filling up the DagBag from /opt/airflow/dags/maintenance_dag.py
[2025-06-26T23:43:25.048+0000] {processor.py:840} INFO - DAG(s) 'restaurant_maintenance' retrieved from /opt/airflow/dags/maintenance_dag.py
[2025-06-26T23:43:25.066+0000] {logging_mixin.py:188} INFO - [2025-06-26T23:43:25.066+0000] {dag.py:3036} INFO - Sync 1 DAGs
[2025-06-26T23:43:25.081+0000] {logging_mixin.py:188} INFO - [2025-06-26T23:43:25.081+0000] {dag.py:3823} INFO - Setting next_dagrun for restaurant_maintenance to 2025-06-26 02:00:00+00:00, run_after=2025-06-27 02:00:00+00:00
[2025-06-26T23:43:25.098+0000] {processor.py:183} INFO - Processing /opt/airflow/dags/maintenance_dag.py took 0.070 seconds
[2025-06-26T23:43:55.350+0000] {processor.py:161} INFO - Started process (PID=2487) to work on /opt/airflow/dags/maintenance_dag.py
[2025-06-26T23:43:55.351+0000] {processor.py:830} INFO - Processing file /opt/airflow/dags/maintenance_dag.py for tasks to queue
[2025-06-26T23:43:55.352+0000] {logging_mixin.py:188} INFO - [2025-06-26T23:43:55.352+0000] {dagbag.py:538} INFO - Filling up the DagBag from /opt/airflow/dags/maintenance_dag.py
[2025-06-26T23:43:55.391+0000] {processor.py:840} INFO - DAG(s) 'restaurant_maintenance' retrieved from /opt/airflow/dags/maintenance_dag.py
[2025-06-26T23:43:55.418+0000] {logging_mixin.py:188} INFO - [2025-06-26T23:43:55.418+0000] {dag.py:3036} INFO - Sync 1 DAGs
[2025-06-26T23:43:55.440+0000] {logging_mixin.py:188} INFO - [2025-06-26T23:43:55.440+0000] {dag.py:3823} INFO - Setting next_dagrun for restaurant_maintenance to 2025-06-26 02:00:00+00:00, run_after=2025-06-27 02:00:00+00:00
[2025-06-26T23:43:55.459+0000] {processor.py:183} INFO - Processing /opt/airflow/dags/maintenance_dag.py took 0.118 seconds
[2025-06-26T23:46:21.349+0000] {processor.py:161} INFO - Started process (PID=2497) to work on /opt/airflow/dags/maintenance_dag.py
[2025-06-26T23:46:21.350+0000] {processor.py:830} INFO - Processing file /opt/airflow/dags/maintenance_dag.py for tasks to queue
[2025-06-26T23:46:21.351+0000] {logging_mixin.py:188} INFO - [2025-06-26T23:46:21.351+0000] {dagbag.py:538} INFO - Filling up the DagBag from /opt/airflow/dags/maintenance_dag.py
[2025-06-26T23:46:21.379+0000] {processor.py:840} INFO - DAG(s) 'restaurant_maintenance' retrieved from /opt/airflow/dags/maintenance_dag.py
[2025-06-26T23:46:21.401+0000] {logging_mixin.py:188} INFO - [2025-06-26T23:46:21.401+0000] {dag.py:3036} INFO - Sync 1 DAGs
[2025-06-26T23:46:21.574+0000] {logging_mixin.py:188} INFO - [2025-06-26T23:46:21.573+0000] {dag.py:3823} INFO - Setting next_dagrun for restaurant_maintenance to 2025-06-26 02:00:00+00:00, run_after=2025-06-27 02:00:00+00:00
[2025-06-26T23:46:21.588+0000] {processor.py:183} INFO - Processing /opt/airflow/dags/maintenance_dag.py took 0.242 seconds
[2025-06-26T23:46:51.807+0000] {processor.py:161} INFO - Started process (PID=2515) to work on /opt/airflow/dags/maintenance_dag.py
[2025-06-26T23:46:51.808+0000] {processor.py:830} INFO - Processing file /opt/airflow/dags/maintenance_dag.py for tasks to queue
[2025-06-26T23:46:51.809+0000] {logging_mixin.py:188} INFO - [2025-06-26T23:46:51.809+0000] {dagbag.py:538} INFO - Filling up the DagBag from /opt/airflow/dags/maintenance_dag.py
[2025-06-26T23:46:51.833+0000] {processor.py:840} INFO - DAG(s) 'restaurant_maintenance' retrieved from /opt/airflow/dags/maintenance_dag.py
[2025-06-26T23:46:51.857+0000] {logging_mixin.py:188} INFO - [2025-06-26T23:46:51.857+0000] {dag.py:3036} INFO - Sync 1 DAGs
[2025-06-26T23:46:51.876+0000] {logging_mixin.py:188} INFO - [2025-06-26T23:46:51.876+0000] {dag.py:3823} INFO - Setting next_dagrun for restaurant_maintenance to 2025-06-26 02:00:00+00:00, run_after=2025-06-27 02:00:00+00:00
[2025-06-26T23:46:51.892+0000] {processor.py:183} INFO - Processing /opt/airflow/dags/maintenance_dag.py took 0.089 seconds
[2025-06-26T23:47:22.111+0000] {processor.py:161} INFO - Started process (PID=2531) to work on /opt/airflow/dags/maintenance_dag.py
[2025-06-26T23:47:22.112+0000] {processor.py:830} INFO - Processing file /opt/airflow/dags/maintenance_dag.py for tasks to queue
[2025-06-26T23:47:22.113+0000] {logging_mixin.py:188} INFO - [2025-06-26T23:47:22.113+0000] {dagbag.py:538} INFO - Filling up the DagBag from /opt/airflow/dags/maintenance_dag.py
[2025-06-26T23:47:22.131+0000] {processor.py:840} INFO - DAG(s) 'restaurant_maintenance' retrieved from /opt/airflow/dags/maintenance_dag.py
[2025-06-26T23:47:22.153+0000] {logging_mixin.py:188} INFO - [2025-06-26T23:47:22.153+0000] {dag.py:3036} INFO - Sync 1 DAGs
[2025-06-26T23:47:22.171+0000] {logging_mixin.py:188} INFO - [2025-06-26T23:47:22.171+0000] {dag.py:3823} INFO - Setting next_dagrun for restaurant_maintenance to 2025-06-26 02:00:00+00:00, run_after=2025-06-27 02:00:00+00:00
[2025-06-26T23:47:22.194+0000] {processor.py:183} INFO - Processing /opt/airflow/dags/maintenance_dag.py took 0.086 seconds
[2025-06-26T23:47:52.333+0000] {processor.py:161} INFO - Started process (PID=2547) to work on /opt/airflow/dags/maintenance_dag.py
[2025-06-26T23:47:52.335+0000] {processor.py:830} INFO - Processing file /opt/airflow/dags/maintenance_dag.py for tasks to queue
[2025-06-26T23:47:52.336+0000] {logging_mixin.py:188} INFO - [2025-06-26T23:47:52.336+0000] {dagbag.py:538} INFO - Filling up the DagBag from /opt/airflow/dags/maintenance_dag.py
[2025-06-26T23:47:52.354+0000] {processor.py:840} INFO - DAG(s) 'restaurant_maintenance' retrieved from /opt/airflow/dags/maintenance_dag.py
[2025-06-26T23:47:52.377+0000] {logging_mixin.py:188} INFO - [2025-06-26T23:47:52.377+0000] {dag.py:3036} INFO - Sync 1 DAGs
[2025-06-26T23:47:52.395+0000] {logging_mixin.py:188} INFO - [2025-06-26T23:47:52.395+0000] {dag.py:3823} INFO - Setting next_dagrun for restaurant_maintenance to 2025-06-26 02:00:00+00:00, run_after=2025-06-27 02:00:00+00:00
[2025-06-26T23:47:52.413+0000] {processor.py:183} INFO - Processing /opt/airflow/dags/maintenance_dag.py took 0.084 seconds
[2025-06-26T23:48:22.564+0000] {processor.py:161} INFO - Started process (PID=2563) to work on /opt/airflow/dags/maintenance_dag.py
[2025-06-26T23:48:22.565+0000] {processor.py:830} INFO - Processing file /opt/airflow/dags/maintenance_dag.py for tasks to queue
[2025-06-26T23:48:22.566+0000] {logging_mixin.py:188} INFO - [2025-06-26T23:48:22.566+0000] {dagbag.py:538} INFO - Filling up the DagBag from /opt/airflow/dags/maintenance_dag.py
[2025-06-26T23:48:22.585+0000] {processor.py:840} INFO - DAG(s) 'restaurant_maintenance' retrieved from /opt/airflow/dags/maintenance_dag.py
[2025-06-26T23:48:22.606+0000] {logging_mixin.py:188} INFO - [2025-06-26T23:48:22.606+0000] {dag.py:3036} INFO - Sync 1 DAGs
[2025-06-26T23:48:22.621+0000] {logging_mixin.py:188} INFO - [2025-06-26T23:48:22.621+0000] {dag.py:3823} INFO - Setting next_dagrun for restaurant_maintenance to 2025-06-26 02:00:00+00:00, run_after=2025-06-27 02:00:00+00:00
[2025-06-26T23:48:22.637+0000] {processor.py:183} INFO - Processing /opt/airflow/dags/maintenance_dag.py took 0.075 seconds
[2025-06-26T23:48:52.806+0000] {processor.py:161} INFO - Started process (PID=2579) to work on /opt/airflow/dags/maintenance_dag.py
[2025-06-26T23:48:52.806+0000] {processor.py:830} INFO - Processing file /opt/airflow/dags/maintenance_dag.py for tasks to queue
[2025-06-26T23:48:52.807+0000] {logging_mixin.py:188} INFO - [2025-06-26T23:48:52.807+0000] {dagbag.py:538} INFO - Filling up the DagBag from /opt/airflow/dags/maintenance_dag.py
[2025-06-26T23:48:52.826+0000] {processor.py:840} INFO - DAG(s) 'restaurant_maintenance' retrieved from /opt/airflow/dags/maintenance_dag.py
[2025-06-26T23:48:52.847+0000] {logging_mixin.py:188} INFO - [2025-06-26T23:48:52.847+0000] {dag.py:3036} INFO - Sync 1 DAGs
[2025-06-26T23:48:52.863+0000] {logging_mixin.py:188} INFO - [2025-06-26T23:48:52.863+0000] {dag.py:3823} INFO - Setting next_dagrun for restaurant_maintenance to 2025-06-26 02:00:00+00:00, run_after=2025-06-27 02:00:00+00:00
[2025-06-26T23:48:52.880+0000] {processor.py:183} INFO - Processing /opt/airflow/dags/maintenance_dag.py took 0.077 seconds
[2025-06-26T23:49:23.082+0000] {processor.py:161} INFO - Started process (PID=2595) to work on /opt/airflow/dags/maintenance_dag.py
[2025-06-26T23:49:23.083+0000] {processor.py:830} INFO - Processing file /opt/airflow/dags/maintenance_dag.py for tasks to queue
[2025-06-26T23:49:23.084+0000] {logging_mixin.py:188} INFO - [2025-06-26T23:49:23.084+0000] {dagbag.py:538} INFO - Filling up the DagBag from /opt/airflow/dags/maintenance_dag.py
[2025-06-26T23:49:23.107+0000] {processor.py:840} INFO - DAG(s) 'restaurant_maintenance' retrieved from /opt/airflow/dags/maintenance_dag.py
[2025-06-26T23:49:23.132+0000] {logging_mixin.py:188} INFO - [2025-06-26T23:49:23.132+0000] {dag.py:3036} INFO - Sync 1 DAGs
[2025-06-26T23:49:23.150+0000] {logging_mixin.py:188} INFO - [2025-06-26T23:49:23.150+0000] {dag.py:3823} INFO - Setting next_dagrun for restaurant_maintenance to 2025-06-26 02:00:00+00:00, run_after=2025-06-27 02:00:00+00:00
[2025-06-26T23:49:23.167+0000] {processor.py:183} INFO - Processing /opt/airflow/dags/maintenance_dag.py took 0.088 seconds
[2025-06-26T23:49:53.381+0000] {processor.py:161} INFO - Started process (PID=2611) to work on /opt/airflow/dags/maintenance_dag.py
[2025-06-26T23:49:53.382+0000] {processor.py:830} INFO - Processing file /opt/airflow/dags/maintenance_dag.py for tasks to queue
[2025-06-26T23:49:53.383+0000] {logging_mixin.py:188} INFO - [2025-06-26T23:49:53.383+0000] {dagbag.py:538} INFO - Filling up the DagBag from /opt/airflow/dags/maintenance_dag.py
[2025-06-26T23:49:53.399+0000] {processor.py:840} INFO - DAG(s) 'restaurant_maintenance' retrieved from /opt/airflow/dags/maintenance_dag.py
[2025-06-26T23:49:53.421+0000] {logging_mixin.py:188} INFO - [2025-06-26T23:49:53.420+0000] {dag.py:3036} INFO - Sync 1 DAGs
[2025-06-26T23:49:53.437+0000] {logging_mixin.py:188} INFO - [2025-06-26T23:49:53.436+0000] {dag.py:3823} INFO - Setting next_dagrun for restaurant_maintenance to 2025-06-26 02:00:00+00:00, run_after=2025-06-27 02:00:00+00:00
[2025-06-26T23:49:53.450+0000] {processor.py:183} INFO - Processing /opt/airflow/dags/maintenance_dag.py took 0.070 seconds
[2025-06-26T23:50:23.665+0000] {processor.py:161} INFO - Started process (PID=2627) to work on /opt/airflow/dags/maintenance_dag.py
[2025-06-26T23:50:23.665+0000] {processor.py:830} INFO - Processing file /opt/airflow/dags/maintenance_dag.py for tasks to queue
[2025-06-26T23:50:23.667+0000] {logging_mixin.py:188} INFO - [2025-06-26T23:50:23.667+0000] {dagbag.py:538} INFO - Filling up the DagBag from /opt/airflow/dags/maintenance_dag.py
[2025-06-26T23:50:23.687+0000] {processor.py:840} INFO - DAG(s) 'restaurant_maintenance' retrieved from /opt/airflow/dags/maintenance_dag.py
[2025-06-26T23:50:23.709+0000] {logging_mixin.py:188} INFO - [2025-06-26T23:50:23.709+0000] {dag.py:3036} INFO - Sync 1 DAGs
[2025-06-26T23:50:23.725+0000] {logging_mixin.py:188} INFO - [2025-06-26T23:50:23.725+0000] {dag.py:3823} INFO - Setting next_dagrun for restaurant_maintenance to 2025-06-26 02:00:00+00:00, run_after=2025-06-27 02:00:00+00:00
[2025-06-26T23:50:23.740+0000] {processor.py:183} INFO - Processing /opt/airflow/dags/maintenance_dag.py took 0.078 seconds
[2025-06-26T23:50:53.921+0000] {processor.py:161} INFO - Started process (PID=2643) to work on /opt/airflow/dags/maintenance_dag.py
[2025-06-26T23:50:53.922+0000] {processor.py:830} INFO - Processing file /opt/airflow/dags/maintenance_dag.py for tasks to queue
[2025-06-26T23:50:53.923+0000] {logging_mixin.py:188} INFO - [2025-06-26T23:50:53.922+0000] {dagbag.py:538} INFO - Filling up the DagBag from /opt/airflow/dags/maintenance_dag.py
[2025-06-26T23:50:53.939+0000] {processor.py:840} INFO - DAG(s) 'restaurant_maintenance' retrieved from /opt/airflow/dags/maintenance_dag.py
[2025-06-26T23:50:53.959+0000] {logging_mixin.py:188} INFO - [2025-06-26T23:50:53.959+0000] {dag.py:3036} INFO - Sync 1 DAGs
[2025-06-26T23:50:53.974+0000] {logging_mixin.py:188} INFO - [2025-06-26T23:50:53.974+0000] {dag.py:3823} INFO - Setting next_dagrun for restaurant_maintenance to 2025-06-26 02:00:00+00:00, run_after=2025-06-27 02:00:00+00:00
[2025-06-26T23:50:53.990+0000] {processor.py:183} INFO - Processing /opt/airflow/dags/maintenance_dag.py took 0.071 seconds
[2025-06-26T23:51:24.229+0000] {processor.py:161} INFO - Started process (PID=2659) to work on /opt/airflow/dags/maintenance_dag.py
[2025-06-26T23:51:24.230+0000] {processor.py:830} INFO - Processing file /opt/airflow/dags/maintenance_dag.py for tasks to queue
[2025-06-26T23:51:24.232+0000] {logging_mixin.py:188} INFO - [2025-06-26T23:51:24.231+0000] {dagbag.py:538} INFO - Filling up the DagBag from /opt/airflow/dags/maintenance_dag.py
[2025-06-26T23:51:24.256+0000] {processor.py:840} INFO - DAG(s) 'restaurant_maintenance' retrieved from /opt/airflow/dags/maintenance_dag.py
[2025-06-26T23:51:24.285+0000] {logging_mixin.py:188} INFO - [2025-06-26T23:51:24.284+0000] {dag.py:3036} INFO - Sync 1 DAGs
[2025-06-26T23:51:24.304+0000] {logging_mixin.py:188} INFO - [2025-06-26T23:51:24.304+0000] {dag.py:3823} INFO - Setting next_dagrun for restaurant_maintenance to 2025-06-26 02:00:00+00:00, run_after=2025-06-27 02:00:00+00:00
[2025-06-26T23:51:24.325+0000] {processor.py:183} INFO - Processing /opt/airflow/dags/maintenance_dag.py took 0.098 seconds
[2025-06-26T23:51:54.465+0000] {processor.py:161} INFO - Started process (PID=2675) to work on /opt/airflow/dags/maintenance_dag.py
[2025-06-26T23:51:54.466+0000] {processor.py:830} INFO - Processing file /opt/airflow/dags/maintenance_dag.py for tasks to queue
[2025-06-26T23:51:54.467+0000] {logging_mixin.py:188} INFO - [2025-06-26T23:51:54.467+0000] {dagbag.py:538} INFO - Filling up the DagBag from /opt/airflow/dags/maintenance_dag.py
[2025-06-26T23:51:54.486+0000] {processor.py:840} INFO - DAG(s) 'restaurant_maintenance' retrieved from /opt/airflow/dags/maintenance_dag.py
[2025-06-26T23:51:54.509+0000] {logging_mixin.py:188} INFO - [2025-06-26T23:51:54.508+0000] {dag.py:3036} INFO - Sync 1 DAGs
[2025-06-26T23:51:54.525+0000] {logging_mixin.py:188} INFO - [2025-06-26T23:51:54.525+0000] {dag.py:3823} INFO - Setting next_dagrun for restaurant_maintenance to 2025-06-26 02:00:00+00:00, run_after=2025-06-27 02:00:00+00:00
[2025-06-26T23:51:54.543+0000] {processor.py:183} INFO - Processing /opt/airflow/dags/maintenance_dag.py took 0.081 seconds
[2025-06-26T23:52:24.778+0000] {processor.py:161} INFO - Started process (PID=2691) to work on /opt/airflow/dags/maintenance_dag.py
[2025-06-26T23:52:24.780+0000] {processor.py:830} INFO - Processing file /opt/airflow/dags/maintenance_dag.py for tasks to queue
[2025-06-26T23:52:24.781+0000] {logging_mixin.py:188} INFO - [2025-06-26T23:52:24.781+0000] {dagbag.py:538} INFO - Filling up the DagBag from /opt/airflow/dags/maintenance_dag.py
[2025-06-26T23:52:24.810+0000] {processor.py:840} INFO - DAG(s) 'restaurant_maintenance' retrieved from /opt/airflow/dags/maintenance_dag.py
[2025-06-26T23:52:24.835+0000] {logging_mixin.py:188} INFO - [2025-06-26T23:52:24.835+0000] {dag.py:3036} INFO - Sync 1 DAGs
[2025-06-26T23:52:24.854+0000] {logging_mixin.py:188} INFO - [2025-06-26T23:52:24.854+0000] {dag.py:3823} INFO - Setting next_dagrun for restaurant_maintenance to 2025-06-26 02:00:00+00:00, run_after=2025-06-27 02:00:00+00:00
[2025-06-26T23:52:24.870+0000] {processor.py:183} INFO - Processing /opt/airflow/dags/maintenance_dag.py took 0.096 seconds
[2025-06-26T23:52:55.104+0000] {processor.py:161} INFO - Started process (PID=2707) to work on /opt/airflow/dags/maintenance_dag.py
[2025-06-26T23:52:55.106+0000] {processor.py:830} INFO - Processing file /opt/airflow/dags/maintenance_dag.py for tasks to queue
[2025-06-26T23:52:55.107+0000] {logging_mixin.py:188} INFO - [2025-06-26T23:52:55.106+0000] {dagbag.py:538} INFO - Filling up the DagBag from /opt/airflow/dags/maintenance_dag.py
[2025-06-26T23:52:55.130+0000] {processor.py:840} INFO - DAG(s) 'restaurant_maintenance' retrieved from /opt/airflow/dags/maintenance_dag.py
[2025-06-26T23:52:55.165+0000] {logging_mixin.py:188} INFO - [2025-06-26T23:52:55.165+0000] {dag.py:3036} INFO - Sync 1 DAGs
[2025-06-26T23:52:55.186+0000] {logging_mixin.py:188} INFO - [2025-06-26T23:52:55.186+0000] {dag.py:3823} INFO - Setting next_dagrun for restaurant_maintenance to 2025-06-26 02:00:00+00:00, run_after=2025-06-27 02:00:00+00:00
[2025-06-26T23:52:55.205+0000] {processor.py:183} INFO - Processing /opt/airflow/dags/maintenance_dag.py took 0.103 seconds
[2025-06-26T23:53:25.345+0000] {processor.py:161} INFO - Started process (PID=2723) to work on /opt/airflow/dags/maintenance_dag.py
[2025-06-26T23:53:25.346+0000] {processor.py:830} INFO - Processing file /opt/airflow/dags/maintenance_dag.py for tasks to queue
[2025-06-26T23:53:25.347+0000] {logging_mixin.py:188} INFO - [2025-06-26T23:53:25.347+0000] {dagbag.py:538} INFO - Filling up the DagBag from /opt/airflow/dags/maintenance_dag.py
[2025-06-26T23:53:25.363+0000] {processor.py:840} INFO - DAG(s) 'restaurant_maintenance' retrieved from /opt/airflow/dags/maintenance_dag.py
[2025-06-26T23:53:25.387+0000] {logging_mixin.py:188} INFO - [2025-06-26T23:53:25.386+0000] {dag.py:3036} INFO - Sync 1 DAGs
[2025-06-26T23:53:25.402+0000] {logging_mixin.py:188} INFO - [2025-06-26T23:53:25.402+0000] {dag.py:3823} INFO - Setting next_dagrun for restaurant_maintenance to 2025-06-26 02:00:00+00:00, run_after=2025-06-27 02:00:00+00:00
[2025-06-26T23:53:25.418+0000] {processor.py:183} INFO - Processing /opt/airflow/dags/maintenance_dag.py took 0.076 seconds
[2025-06-26T23:53:55.606+0000] {processor.py:161} INFO - Started process (PID=2739) to work on /opt/airflow/dags/maintenance_dag.py
[2025-06-26T23:53:55.607+0000] {processor.py:830} INFO - Processing file /opt/airflow/dags/maintenance_dag.py for tasks to queue
[2025-06-26T23:53:55.608+0000] {logging_mixin.py:188} INFO - [2025-06-26T23:53:55.608+0000] {dagbag.py:538} INFO - Filling up the DagBag from /opt/airflow/dags/maintenance_dag.py
[2025-06-26T23:53:55.625+0000] {processor.py:840} INFO - DAG(s) 'restaurant_maintenance' retrieved from /opt/airflow/dags/maintenance_dag.py
[2025-06-26T23:53:55.646+0000] {logging_mixin.py:188} INFO - [2025-06-26T23:53:55.646+0000] {dag.py:3036} INFO - Sync 1 DAGs
[2025-06-26T23:53:55.662+0000] {logging_mixin.py:188} INFO - [2025-06-26T23:53:55.662+0000] {dag.py:3823} INFO - Setting next_dagrun for restaurant_maintenance to 2025-06-26 02:00:00+00:00, run_after=2025-06-27 02:00:00+00:00
[2025-06-26T23:53:55.678+0000] {processor.py:183} INFO - Processing /opt/airflow/dags/maintenance_dag.py took 0.076 seconds
[2025-06-26T23:54:25.800+0000] {processor.py:161} INFO - Started process (PID=2755) to work on /opt/airflow/dags/maintenance_dag.py
[2025-06-26T23:54:25.803+0000] {processor.py:830} INFO - Processing file /opt/airflow/dags/maintenance_dag.py for tasks to queue
[2025-06-26T23:54:25.803+0000] {logging_mixin.py:188} INFO - [2025-06-26T23:54:25.803+0000] {dagbag.py:538} INFO - Filling up the DagBag from /opt/airflow/dags/maintenance_dag.py
[2025-06-26T23:54:25.820+0000] {processor.py:840} INFO - DAG(s) 'restaurant_maintenance' retrieved from /opt/airflow/dags/maintenance_dag.py
[2025-06-26T23:54:25.840+0000] {logging_mixin.py:188} INFO - [2025-06-26T23:54:25.840+0000] {dag.py:3036} INFO - Sync 1 DAGs
[2025-06-26T23:54:25.856+0000] {logging_mixin.py:188} INFO - [2025-06-26T23:54:25.856+0000] {dag.py:3823} INFO - Setting next_dagrun for restaurant_maintenance to 2025-06-26 02:00:00+00:00, run_after=2025-06-27 02:00:00+00:00
[2025-06-26T23:54:25.870+0000] {processor.py:183} INFO - Processing /opt/airflow/dags/maintenance_dag.py took 0.072 seconds
[2025-06-26T23:54:56.074+0000] {processor.py:161} INFO - Started process (PID=2771) to work on /opt/airflow/dags/maintenance_dag.py
[2025-06-26T23:54:56.074+0000] {processor.py:830} INFO - Processing file /opt/airflow/dags/maintenance_dag.py for tasks to queue
[2025-06-26T23:54:56.075+0000] {logging_mixin.py:188} INFO - [2025-06-26T23:54:56.075+0000] {dagbag.py:538} INFO - Filling up the DagBag from /opt/airflow/dags/maintenance_dag.py
[2025-06-26T23:54:56.092+0000] {processor.py:840} INFO - DAG(s) 'restaurant_maintenance' retrieved from /opt/airflow/dags/maintenance_dag.py
[2025-06-26T23:54:56.113+0000] {logging_mixin.py:188} INFO - [2025-06-26T23:54:56.113+0000] {dag.py:3036} INFO - Sync 1 DAGs
[2025-06-26T23:54:56.129+0000] {logging_mixin.py:188} INFO - [2025-06-26T23:54:56.128+0000] {dag.py:3823} INFO - Setting next_dagrun for restaurant_maintenance to 2025-06-26 02:00:00+00:00, run_after=2025-06-27 02:00:00+00:00
[2025-06-26T23:54:56.144+0000] {processor.py:183} INFO - Processing /opt/airflow/dags/maintenance_dag.py took 0.073 seconds
[2025-06-26T23:55:26.297+0000] {processor.py:161} INFO - Started process (PID=2787) to work on /opt/airflow/dags/maintenance_dag.py
[2025-06-26T23:55:26.297+0000] {processor.py:830} INFO - Processing file /opt/airflow/dags/maintenance_dag.py for tasks to queue
[2025-06-26T23:55:26.298+0000] {logging_mixin.py:188} INFO - [2025-06-26T23:55:26.298+0000] {dagbag.py:538} INFO - Filling up the DagBag from /opt/airflow/dags/maintenance_dag.py
[2025-06-26T23:55:26.313+0000] {processor.py:840} INFO - DAG(s) 'restaurant_maintenance' retrieved from /opt/airflow/dags/maintenance_dag.py
[2025-06-26T23:55:26.337+0000] {logging_mixin.py:188} INFO - [2025-06-26T23:55:26.337+0000] {dag.py:3036} INFO - Sync 1 DAGs
[2025-06-26T23:55:26.353+0000] {logging_mixin.py:188} INFO - [2025-06-26T23:55:26.352+0000] {dag.py:3823} INFO - Setting next_dagrun for restaurant_maintenance to 2025-06-26 02:00:00+00:00, run_after=2025-06-27 02:00:00+00:00
[2025-06-26T23:55:26.368+0000] {processor.py:183} INFO - Processing /opt/airflow/dags/maintenance_dag.py took 0.074 seconds
[2025-06-26T23:55:56.506+0000] {processor.py:161} INFO - Started process (PID=2803) to work on /opt/airflow/dags/maintenance_dag.py
[2025-06-26T23:55:56.506+0000] {processor.py:830} INFO - Processing file /opt/airflow/dags/maintenance_dag.py for tasks to queue
[2025-06-26T23:55:56.508+0000] {logging_mixin.py:188} INFO - [2025-06-26T23:55:56.507+0000] {dagbag.py:538} INFO - Filling up the DagBag from /opt/airflow/dags/maintenance_dag.py
[2025-06-26T23:55:56.531+0000] {processor.py:840} INFO - DAG(s) 'restaurant_maintenance' retrieved from /opt/airflow/dags/maintenance_dag.py
[2025-06-26T23:55:56.552+0000] {logging_mixin.py:188} INFO - [2025-06-26T23:55:56.552+0000] {dag.py:3036} INFO - Sync 1 DAGs
[2025-06-26T23:55:56.568+0000] {logging_mixin.py:188} INFO - [2025-06-26T23:55:56.568+0000] {dag.py:3823} INFO - Setting next_dagrun for restaurant_maintenance to 2025-06-26 02:00:00+00:00, run_after=2025-06-27 02:00:00+00:00
[2025-06-26T23:55:56.584+0000] {processor.py:183} INFO - Processing /opt/airflow/dags/maintenance_dag.py took 0.081 seconds
[2025-06-26T23:56:26.805+0000] {processor.py:161} INFO - Started process (PID=2819) to work on /opt/airflow/dags/maintenance_dag.py
[2025-06-26T23:56:26.806+0000] {processor.py:830} INFO - Processing file /opt/airflow/dags/maintenance_dag.py for tasks to queue
[2025-06-26T23:56:26.807+0000] {logging_mixin.py:188} INFO - [2025-06-26T23:56:26.807+0000] {dagbag.py:538} INFO - Filling up the DagBag from /opt/airflow/dags/maintenance_dag.py
[2025-06-26T23:56:26.829+0000] {processor.py:840} INFO - DAG(s) 'restaurant_maintenance' retrieved from /opt/airflow/dags/maintenance_dag.py
[2025-06-26T23:56:26.852+0000] {logging_mixin.py:188} INFO - [2025-06-26T23:56:26.852+0000] {dag.py:3036} INFO - Sync 1 DAGs
[2025-06-26T23:56:26.870+0000] {logging_mixin.py:188} INFO - [2025-06-26T23:56:26.870+0000] {dag.py:3823} INFO - Setting next_dagrun for restaurant_maintenance to 2025-06-26 02:00:00+00:00, run_after=2025-06-27 02:00:00+00:00
[2025-06-26T23:56:26.884+0000] {processor.py:183} INFO - Processing /opt/airflow/dags/maintenance_dag.py took 0.081 seconds
[2025-06-26T23:56:57.114+0000] {processor.py:161} INFO - Started process (PID=2835) to work on /opt/airflow/dags/maintenance_dag.py
[2025-06-26T23:56:57.115+0000] {processor.py:830} INFO - Processing file /opt/airflow/dags/maintenance_dag.py for tasks to queue
[2025-06-26T23:56:57.116+0000] {logging_mixin.py:188} INFO - [2025-06-26T23:56:57.116+0000] {dagbag.py:538} INFO - Filling up the DagBag from /opt/airflow/dags/maintenance_dag.py
[2025-06-26T23:56:57.145+0000] {processor.py:840} INFO - DAG(s) 'restaurant_maintenance' retrieved from /opt/airflow/dags/maintenance_dag.py
[2025-06-26T23:56:57.176+0000] {logging_mixin.py:188} INFO - [2025-06-26T23:56:57.176+0000] {dag.py:3036} INFO - Sync 1 DAGs
[2025-06-26T23:56:57.195+0000] {logging_mixin.py:188} INFO - [2025-06-26T23:56:57.195+0000] {dag.py:3823} INFO - Setting next_dagrun for restaurant_maintenance to 2025-06-26 02:00:00+00:00, run_after=2025-06-27 02:00:00+00:00
[2025-06-26T23:56:57.212+0000] {processor.py:183} INFO - Processing /opt/airflow/dags/maintenance_dag.py took 0.102 seconds
[2025-06-26T23:57:27.494+0000] {processor.py:161} INFO - Started process (PID=2851) to work on /opt/airflow/dags/maintenance_dag.py
[2025-06-26T23:57:27.495+0000] {processor.py:830} INFO - Processing file /opt/airflow/dags/maintenance_dag.py for tasks to queue
[2025-06-26T23:57:27.496+0000] {logging_mixin.py:188} INFO - [2025-06-26T23:57:27.496+0000] {dagbag.py:538} INFO - Filling up the DagBag from /opt/airflow/dags/maintenance_dag.py
[2025-06-26T23:57:27.518+0000] {processor.py:840} INFO - DAG(s) 'restaurant_maintenance' retrieved from /opt/airflow/dags/maintenance_dag.py
[2025-06-26T23:57:27.538+0000] {logging_mixin.py:188} INFO - [2025-06-26T23:57:27.538+0000] {dag.py:3036} INFO - Sync 1 DAGs
[2025-06-26T23:57:27.554+0000] {logging_mixin.py:188} INFO - [2025-06-26T23:57:27.554+0000] {dag.py:3823} INFO - Setting next_dagrun for restaurant_maintenance to 2025-06-26 02:00:00+00:00, run_after=2025-06-27 02:00:00+00:00
[2025-06-26T23:57:27.569+0000] {processor.py:183} INFO - Processing /opt/airflow/dags/maintenance_dag.py took 0.078 seconds
[2025-06-26T23:57:57.748+0000] {processor.py:161} INFO - Started process (PID=2866) to work on /opt/airflow/dags/maintenance_dag.py
[2025-06-26T23:57:57.749+0000] {processor.py:830} INFO - Processing file /opt/airflow/dags/maintenance_dag.py for tasks to queue
[2025-06-26T23:57:57.751+0000] {logging_mixin.py:188} INFO - [2025-06-26T23:57:57.750+0000] {dagbag.py:538} INFO - Filling up the DagBag from /opt/airflow/dags/maintenance_dag.py
[2025-06-26T23:57:57.774+0000] {processor.py:840} INFO - DAG(s) 'restaurant_maintenance' retrieved from /opt/airflow/dags/maintenance_dag.py
[2025-06-26T23:57:57.803+0000] {logging_mixin.py:188} INFO - [2025-06-26T23:57:57.802+0000] {dag.py:3036} INFO - Sync 1 DAGs
[2025-06-26T23:57:57.822+0000] {logging_mixin.py:188} INFO - [2025-06-26T23:57:57.822+0000] {dag.py:3823} INFO - Setting next_dagrun for restaurant_maintenance to 2025-06-26 02:00:00+00:00, run_after=2025-06-27 02:00:00+00:00
[2025-06-26T23:57:57.840+0000] {processor.py:183} INFO - Processing /opt/airflow/dags/maintenance_dag.py took 0.095 seconds
[2025-06-26T23:58:27.997+0000] {processor.py:161} INFO - Started process (PID=2882) to work on /opt/airflow/dags/maintenance_dag.py
[2025-06-26T23:58:27.998+0000] {processor.py:830} INFO - Processing file /opt/airflow/dags/maintenance_dag.py for tasks to queue
[2025-06-26T23:58:27.999+0000] {logging_mixin.py:188} INFO - [2025-06-26T23:58:27.999+0000] {dagbag.py:538} INFO - Filling up the DagBag from /opt/airflow/dags/maintenance_dag.py
[2025-06-26T23:58:28.018+0000] {processor.py:840} INFO - DAG(s) 'restaurant_maintenance' retrieved from /opt/airflow/dags/maintenance_dag.py
[2025-06-26T23:58:28.040+0000] {logging_mixin.py:188} INFO - [2025-06-26T23:58:28.040+0000] {dag.py:3036} INFO - Sync 1 DAGs
[2025-06-26T23:58:28.057+0000] {logging_mixin.py:188} INFO - [2025-06-26T23:58:28.057+0000] {dag.py:3823} INFO - Setting next_dagrun for restaurant_maintenance to 2025-06-26 02:00:00+00:00, run_after=2025-06-27 02:00:00+00:00
[2025-06-26T23:58:28.075+0000] {processor.py:183} INFO - Processing /opt/airflow/dags/maintenance_dag.py took 0.080 seconds
[2025-06-26T23:58:58.205+0000] {processor.py:161} INFO - Started process (PID=2898) to work on /opt/airflow/dags/maintenance_dag.py
[2025-06-26T23:58:58.206+0000] {processor.py:830} INFO - Processing file /opt/airflow/dags/maintenance_dag.py for tasks to queue
[2025-06-26T23:58:58.206+0000] {logging_mixin.py:188} INFO - [2025-06-26T23:58:58.206+0000] {dagbag.py:538} INFO - Filling up the DagBag from /opt/airflow/dags/maintenance_dag.py
[2025-06-26T23:58:58.226+0000] {processor.py:840} INFO - DAG(s) 'restaurant_maintenance' retrieved from /opt/airflow/dags/maintenance_dag.py
[2025-06-26T23:58:58.248+0000] {logging_mixin.py:188} INFO - [2025-06-26T23:58:58.248+0000] {dag.py:3036} INFO - Sync 1 DAGs
[2025-06-26T23:58:58.265+0000] {logging_mixin.py:188} INFO - [2025-06-26T23:58:58.264+0000] {dag.py:3823} INFO - Setting next_dagrun for restaurant_maintenance to 2025-06-26 02:00:00+00:00, run_after=2025-06-27 02:00:00+00:00
[2025-06-26T23:58:58.283+0000] {processor.py:183} INFO - Processing /opt/airflow/dags/maintenance_dag.py took 0.081 seconds
[2025-06-26T23:59:28.639+0000] {processor.py:161} INFO - Started process (PID=2914) to work on /opt/airflow/dags/maintenance_dag.py
[2025-06-26T23:59:28.645+0000] {processor.py:830} INFO - Processing file /opt/airflow/dags/maintenance_dag.py for tasks to queue
[2025-06-26T23:59:28.650+0000] {logging_mixin.py:188} INFO - [2025-06-26T23:59:28.649+0000] {dagbag.py:538} INFO - Filling up the DagBag from /opt/airflow/dags/maintenance_dag.py
[2025-06-26T23:59:28.723+0000] {processor.py:840} INFO - DAG(s) 'restaurant_maintenance' retrieved from /opt/airflow/dags/maintenance_dag.py
[2025-06-26T23:59:28.873+0000] {logging_mixin.py:188} INFO - [2025-06-26T23:59:28.872+0000] {dag.py:3036} INFO - Sync 1 DAGs
[2025-06-26T23:59:28.925+0000] {logging_mixin.py:188} INFO - [2025-06-26T23:59:28.924+0000] {dag.py:3823} INFO - Setting next_dagrun for restaurant_maintenance to 2025-06-26 02:00:00+00:00, run_after=2025-06-27 02:00:00+00:00
[2025-06-26T23:59:28.983+0000] {processor.py:183} INFO - Processing /opt/airflow/dags/maintenance_dag.py took 0.368 seconds
[2025-06-26T23:59:59.244+0000] {processor.py:161} INFO - Started process (PID=2930) to work on /opt/airflow/dags/maintenance_dag.py
[2025-06-26T23:59:59.245+0000] {processor.py:830} INFO - Processing file /opt/airflow/dags/maintenance_dag.py for tasks to queue
[2025-06-26T23:59:59.246+0000] {logging_mixin.py:188} INFO - [2025-06-26T23:59:59.245+0000] {dagbag.py:538} INFO - Filling up the DagBag from /opt/airflow/dags/maintenance_dag.py
[2025-06-26T23:59:59.262+0000] {processor.py:840} INFO - DAG(s) 'restaurant_maintenance' retrieved from /opt/airflow/dags/maintenance_dag.py
[2025-06-26T23:59:59.285+0000] {logging_mixin.py:188} INFO - [2025-06-26T23:59:59.285+0000] {dag.py:3036} INFO - Sync 1 DAGs
[2025-06-26T23:59:59.301+0000] {logging_mixin.py:188} INFO - [2025-06-26T23:59:59.301+0000] {dag.py:3823} INFO - Setting next_dagrun for restaurant_maintenance to 2025-06-26 02:00:00+00:00, run_after=2025-06-27 02:00:00+00:00
[2025-06-26T23:59:59.317+0000] {processor.py:183} INFO - Processing /opt/airflow/dags/maintenance_dag.py took 0.076 seconds
