[2025-06-26T22:26:04.947+0000] {processor.py:161} INFO - Started process (PID=392) to work on /opt/airflow/dags/restaurant_etl_dag.py
[2025-06-26T22:26:04.948+0000] {processor.py:830} INFO - Processing file /opt/airflow/dags/restaurant_etl_dag.py for tasks to queue
[2025-06-26T22:26:04.948+0000] {logging_mixin.py:188} INFO - [2025-06-26T22:26:04.948+0000] {dagbag.py:538} INFO - Filling up the DagBag from /opt/airflow/dags/restaurant_etl_dag.py
[2025-06-26T22:26:04.964+0000] {processor.py:840} INFO - DAG(s) 'restaurant_etl_pipeline' retrieved from /opt/airflow/dags/restaurant_etl_dag.py
[2025-06-26T22:26:04.989+0000] {logging_mixin.py:188} INFO - [2025-06-26T22:26:04.988+0000] {dag.py:3036} INFO - Sync 1 DAGs
[2025-06-26T22:26:05.022+0000] {processor.py:183} INFO - Processing /opt/airflow/dags/restaurant_etl_dag.py took 0.078 seconds
[2025-06-26T22:26:35.279+0000] {processor.py:161} INFO - Started process (PID=418) to work on /opt/airflow/dags/restaurant_etl_dag.py
[2025-06-26T22:26:35.280+0000] {processor.py:830} INFO - Processing file /opt/airflow/dags/restaurant_etl_dag.py for tasks to queue
[2025-06-26T22:26:35.281+0000] {logging_mixin.py:188} INFO - [2025-06-26T22:26:35.281+0000] {dagbag.py:538} INFO - Filling up the DagBag from /opt/airflow/dags/restaurant_etl_dag.py
[2025-06-26T22:26:35.297+0000] {processor.py:840} INFO - DAG(s) 'restaurant_etl_pipeline' retrieved from /opt/airflow/dags/restaurant_etl_dag.py
[2025-06-26T22:26:35.319+0000] {logging_mixin.py:188} INFO - [2025-06-26T22:26:35.319+0000] {dag.py:3036} INFO - Sync 1 DAGs
[2025-06-26T22:26:35.334+0000] {logging_mixin.py:188} INFO - [2025-06-26T22:26:35.334+0000] {dag.py:3823} INFO - Setting next_dagrun for restaurant_etl_pipeline to 2025-06-26 18:00:00+00:00, run_after=2025-06-27 00:00:00+00:00
[2025-06-26T22:26:35.350+0000] {processor.py:183} INFO - Processing /opt/airflow/dags/restaurant_etl_dag.py took 0.072 seconds
[2025-06-26T22:27:05.553+0000] {processor.py:161} INFO - Started process (PID=434) to work on /opt/airflow/dags/restaurant_etl_dag.py
[2025-06-26T22:27:05.553+0000] {processor.py:830} INFO - Processing file /opt/airflow/dags/restaurant_etl_dag.py for tasks to queue
[2025-06-26T22:27:05.554+0000] {logging_mixin.py:188} INFO - [2025-06-26T22:27:05.554+0000] {dagbag.py:538} INFO - Filling up the DagBag from /opt/airflow/dags/restaurant_etl_dag.py
[2025-06-26T22:27:05.573+0000] {processor.py:840} INFO - DAG(s) 'restaurant_etl_pipeline' retrieved from /opt/airflow/dags/restaurant_etl_dag.py
[2025-06-26T22:27:05.597+0000] {logging_mixin.py:188} INFO - [2025-06-26T22:27:05.597+0000] {dag.py:3036} INFO - Sync 1 DAGs
[2025-06-26T22:27:05.611+0000] {logging_mixin.py:188} INFO - [2025-06-26T22:27:05.611+0000] {dag.py:3823} INFO - Setting next_dagrun for restaurant_etl_pipeline to 2025-06-26 18:00:00+00:00, run_after=2025-06-27 00:00:00+00:00
[2025-06-26T22:27:05.627+0000] {processor.py:183} INFO - Processing /opt/airflow/dags/restaurant_etl_dag.py took 0.077 seconds
[2025-06-26T22:27:35.781+0000] {processor.py:161} INFO - Started process (PID=450) to work on /opt/airflow/dags/restaurant_etl_dag.py
[2025-06-26T22:27:35.783+0000] {processor.py:830} INFO - Processing file /opt/airflow/dags/restaurant_etl_dag.py for tasks to queue
[2025-06-26T22:27:35.784+0000] {logging_mixin.py:188} INFO - [2025-06-26T22:27:35.784+0000] {dagbag.py:538} INFO - Filling up the DagBag from /opt/airflow/dags/restaurant_etl_dag.py
[2025-06-26T22:27:35.801+0000] {processor.py:840} INFO - DAG(s) 'restaurant_etl_pipeline' retrieved from /opt/airflow/dags/restaurant_etl_dag.py
[2025-06-26T22:27:35.827+0000] {logging_mixin.py:188} INFO - [2025-06-26T22:27:35.827+0000] {dag.py:3036} INFO - Sync 1 DAGs
[2025-06-26T22:27:35.845+0000] {logging_mixin.py:188} INFO - [2025-06-26T22:27:35.845+0000] {dag.py:3823} INFO - Setting next_dagrun for restaurant_etl_pipeline to 2025-06-26 18:00:00+00:00, run_after=2025-06-27 00:00:00+00:00
[2025-06-26T22:27:35.866+0000] {processor.py:183} INFO - Processing /opt/airflow/dags/restaurant_etl_dag.py took 0.087 seconds
[2025-06-26T22:28:06.107+0000] {processor.py:161} INFO - Started process (PID=466) to work on /opt/airflow/dags/restaurant_etl_dag.py
[2025-06-26T22:28:06.108+0000] {processor.py:830} INFO - Processing file /opt/airflow/dags/restaurant_etl_dag.py for tasks to queue
[2025-06-26T22:28:06.109+0000] {logging_mixin.py:188} INFO - [2025-06-26T22:28:06.109+0000] {dagbag.py:538} INFO - Filling up the DagBag from /opt/airflow/dags/restaurant_etl_dag.py
[2025-06-26T22:28:06.126+0000] {processor.py:840} INFO - DAG(s) 'restaurant_etl_pipeline' retrieved from /opt/airflow/dags/restaurant_etl_dag.py
[2025-06-26T22:28:06.147+0000] {logging_mixin.py:188} INFO - [2025-06-26T22:28:06.147+0000] {dag.py:3036} INFO - Sync 1 DAGs
[2025-06-26T22:28:06.161+0000] {logging_mixin.py:188} INFO - [2025-06-26T22:28:06.161+0000] {dag.py:3823} INFO - Setting next_dagrun for restaurant_etl_pipeline to 2025-06-26 18:00:00+00:00, run_after=2025-06-27 00:00:00+00:00
[2025-06-26T22:28:06.178+0000] {processor.py:183} INFO - Processing /opt/airflow/dags/restaurant_etl_dag.py took 0.074 seconds
[2025-06-26T22:28:36.399+0000] {processor.py:161} INFO - Started process (PID=482) to work on /opt/airflow/dags/restaurant_etl_dag.py
[2025-06-26T22:28:36.400+0000] {processor.py:830} INFO - Processing file /opt/airflow/dags/restaurant_etl_dag.py for tasks to queue
[2025-06-26T22:28:36.401+0000] {logging_mixin.py:188} INFO - [2025-06-26T22:28:36.400+0000] {dagbag.py:538} INFO - Filling up the DagBag from /opt/airflow/dags/restaurant_etl_dag.py
[2025-06-26T22:28:36.418+0000] {processor.py:840} INFO - DAG(s) 'restaurant_etl_pipeline' retrieved from /opt/airflow/dags/restaurant_etl_dag.py
[2025-06-26T22:28:36.444+0000] {logging_mixin.py:188} INFO - [2025-06-26T22:28:36.444+0000] {dag.py:3036} INFO - Sync 1 DAGs
[2025-06-26T22:28:36.462+0000] {logging_mixin.py:188} INFO - [2025-06-26T22:28:36.462+0000] {dag.py:3823} INFO - Setting next_dagrun for restaurant_etl_pipeline to 2025-06-26 18:00:00+00:00, run_after=2025-06-27 00:00:00+00:00
[2025-06-26T22:28:36.480+0000] {processor.py:183} INFO - Processing /opt/airflow/dags/restaurant_etl_dag.py took 0.084 seconds
[2025-06-26T22:29:06.604+0000] {processor.py:161} INFO - Started process (PID=498) to work on /opt/airflow/dags/restaurant_etl_dag.py
[2025-06-26T22:29:06.605+0000] {processor.py:830} INFO - Processing file /opt/airflow/dags/restaurant_etl_dag.py for tasks to queue
[2025-06-26T22:29:06.606+0000] {logging_mixin.py:188} INFO - [2025-06-26T22:29:06.606+0000] {dagbag.py:538} INFO - Filling up the DagBag from /opt/airflow/dags/restaurant_etl_dag.py
[2025-06-26T22:29:06.641+0000] {processor.py:840} INFO - DAG(s) 'restaurant_etl_pipeline' retrieved from /opt/airflow/dags/restaurant_etl_dag.py
[2025-06-26T22:29:06.669+0000] {logging_mixin.py:188} INFO - [2025-06-26T22:29:06.669+0000] {dag.py:3036} INFO - Sync 1 DAGs
[2025-06-26T22:29:06.688+0000] {logging_mixin.py:188} INFO - [2025-06-26T22:29:06.688+0000] {dag.py:3823} INFO - Setting next_dagrun for restaurant_etl_pipeline to 2025-06-26 18:00:00+00:00, run_after=2025-06-27 00:00:00+00:00
[2025-06-26T22:29:06.705+0000] {processor.py:183} INFO - Processing /opt/airflow/dags/restaurant_etl_dag.py took 0.104 seconds
[2025-06-26T22:29:36.944+0000] {processor.py:161} INFO - Started process (PID=514) to work on /opt/airflow/dags/restaurant_etl_dag.py
[2025-06-26T22:29:36.945+0000] {processor.py:830} INFO - Processing file /opt/airflow/dags/restaurant_etl_dag.py for tasks to queue
[2025-06-26T22:29:36.947+0000] {logging_mixin.py:188} INFO - [2025-06-26T22:29:36.946+0000] {dagbag.py:538} INFO - Filling up the DagBag from /opt/airflow/dags/restaurant_etl_dag.py
[2025-06-26T22:29:36.963+0000] {processor.py:840} INFO - DAG(s) 'restaurant_etl_pipeline' retrieved from /opt/airflow/dags/restaurant_etl_dag.py
[2025-06-26T22:29:36.986+0000] {logging_mixin.py:188} INFO - [2025-06-26T22:29:36.986+0000] {dag.py:3036} INFO - Sync 1 DAGs
[2025-06-26T22:29:37.003+0000] {logging_mixin.py:188} INFO - [2025-06-26T22:29:37.003+0000] {dag.py:3823} INFO - Setting next_dagrun for restaurant_etl_pipeline to 2025-06-26 18:00:00+00:00, run_after=2025-06-27 00:00:00+00:00
[2025-06-26T22:29:37.020+0000] {processor.py:183} INFO - Processing /opt/airflow/dags/restaurant_etl_dag.py took 0.078 seconds
[2025-06-26T22:30:07.228+0000] {processor.py:161} INFO - Started process (PID=532) to work on /opt/airflow/dags/restaurant_etl_dag.py
[2025-06-26T22:30:07.229+0000] {processor.py:830} INFO - Processing file /opt/airflow/dags/restaurant_etl_dag.py for tasks to queue
[2025-06-26T22:30:07.229+0000] {logging_mixin.py:188} INFO - [2025-06-26T22:30:07.229+0000] {dagbag.py:538} INFO - Filling up the DagBag from /opt/airflow/dags/restaurant_etl_dag.py
[2025-06-26T22:30:07.247+0000] {processor.py:840} INFO - DAG(s) 'restaurant_etl_pipeline' retrieved from /opt/airflow/dags/restaurant_etl_dag.py
[2025-06-26T22:30:07.268+0000] {logging_mixin.py:188} INFO - [2025-06-26T22:30:07.268+0000] {dag.py:3036} INFO - Sync 1 DAGs
[2025-06-26T22:30:07.285+0000] {logging_mixin.py:188} INFO - [2025-06-26T22:30:07.285+0000] {dag.py:3823} INFO - Setting next_dagrun for restaurant_etl_pipeline to 2025-06-26 18:00:00+00:00, run_after=2025-06-27 00:00:00+00:00
[2025-06-26T22:30:07.302+0000] {processor.py:183} INFO - Processing /opt/airflow/dags/restaurant_etl_dag.py took 0.077 seconds
[2025-06-26T22:30:37.525+0000] {processor.py:161} INFO - Started process (PID=548) to work on /opt/airflow/dags/restaurant_etl_dag.py
[2025-06-26T22:30:37.526+0000] {processor.py:830} INFO - Processing file /opt/airflow/dags/restaurant_etl_dag.py for tasks to queue
[2025-06-26T22:30:37.527+0000] {logging_mixin.py:188} INFO - [2025-06-26T22:30:37.527+0000] {dagbag.py:538} INFO - Filling up the DagBag from /opt/airflow/dags/restaurant_etl_dag.py
[2025-06-26T22:30:37.544+0000] {processor.py:840} INFO - DAG(s) 'restaurant_etl_pipeline' retrieved from /opt/airflow/dags/restaurant_etl_dag.py
[2025-06-26T22:30:37.567+0000] {logging_mixin.py:188} INFO - [2025-06-26T22:30:37.567+0000] {dag.py:3036} INFO - Sync 1 DAGs
[2025-06-26T22:30:37.585+0000] {logging_mixin.py:188} INFO - [2025-06-26T22:30:37.584+0000] {dag.py:3823} INFO - Setting next_dagrun for restaurant_etl_pipeline to 2025-06-26 18:00:00+00:00, run_after=2025-06-27 00:00:00+00:00
[2025-06-26T22:30:37.603+0000] {processor.py:183} INFO - Processing /opt/airflow/dags/restaurant_etl_dag.py took 0.080 seconds
[2025-06-26T22:31:07.731+0000] {processor.py:161} INFO - Started process (PID=564) to work on /opt/airflow/dags/restaurant_etl_dag.py
[2025-06-26T22:31:07.732+0000] {processor.py:830} INFO - Processing file /opt/airflow/dags/restaurant_etl_dag.py for tasks to queue
[2025-06-26T22:31:07.734+0000] {logging_mixin.py:188} INFO - [2025-06-26T22:31:07.733+0000] {dagbag.py:538} INFO - Filling up the DagBag from /opt/airflow/dags/restaurant_etl_dag.py
[2025-06-26T22:31:07.754+0000] {processor.py:840} INFO - DAG(s) 'restaurant_etl_pipeline' retrieved from /opt/airflow/dags/restaurant_etl_dag.py
[2025-06-26T22:31:07.778+0000] {logging_mixin.py:188} INFO - [2025-06-26T22:31:07.778+0000] {dag.py:3036} INFO - Sync 1 DAGs
[2025-06-26T22:31:07.797+0000] {logging_mixin.py:188} INFO - [2025-06-26T22:31:07.797+0000] {dag.py:3823} INFO - Setting next_dagrun for restaurant_etl_pipeline to 2025-06-26 18:00:00+00:00, run_after=2025-06-27 00:00:00+00:00
[2025-06-26T22:31:07.817+0000] {processor.py:183} INFO - Processing /opt/airflow/dags/restaurant_etl_dag.py took 0.089 seconds
[2025-06-26T22:31:38.029+0000] {processor.py:161} INFO - Started process (PID=580) to work on /opt/airflow/dags/restaurant_etl_dag.py
[2025-06-26T22:31:38.030+0000] {processor.py:830} INFO - Processing file /opt/airflow/dags/restaurant_etl_dag.py for tasks to queue
[2025-06-26T22:31:38.031+0000] {logging_mixin.py:188} INFO - [2025-06-26T22:31:38.031+0000] {dagbag.py:538} INFO - Filling up the DagBag from /opt/airflow/dags/restaurant_etl_dag.py
[2025-06-26T22:31:38.048+0000] {processor.py:840} INFO - DAG(s) 'restaurant_etl_pipeline' retrieved from /opt/airflow/dags/restaurant_etl_dag.py
[2025-06-26T22:31:38.074+0000] {logging_mixin.py:188} INFO - [2025-06-26T22:31:38.074+0000] {dag.py:3036} INFO - Sync 1 DAGs
[2025-06-26T22:31:38.091+0000] {logging_mixin.py:188} INFO - [2025-06-26T22:31:38.091+0000] {dag.py:3823} INFO - Setting next_dagrun for restaurant_etl_pipeline to 2025-06-26 18:00:00+00:00, run_after=2025-06-27 00:00:00+00:00
[2025-06-26T22:31:38.112+0000] {processor.py:183} INFO - Processing /opt/airflow/dags/restaurant_etl_dag.py took 0.085 seconds
[2025-06-26T22:32:08.278+0000] {processor.py:161} INFO - Started process (PID=596) to work on /opt/airflow/dags/restaurant_etl_dag.py
[2025-06-26T22:32:08.279+0000] {processor.py:830} INFO - Processing file /opt/airflow/dags/restaurant_etl_dag.py for tasks to queue
[2025-06-26T22:32:08.280+0000] {logging_mixin.py:188} INFO - [2025-06-26T22:32:08.280+0000] {dagbag.py:538} INFO - Filling up the DagBag from /opt/airflow/dags/restaurant_etl_dag.py
[2025-06-26T22:32:08.300+0000] {processor.py:840} INFO - DAG(s) 'restaurant_etl_pipeline' retrieved from /opt/airflow/dags/restaurant_etl_dag.py
[2025-06-26T22:32:08.325+0000] {logging_mixin.py:188} INFO - [2025-06-26T22:32:08.325+0000] {dag.py:3036} INFO - Sync 1 DAGs
[2025-06-26T22:32:08.344+0000] {logging_mixin.py:188} INFO - [2025-06-26T22:32:08.344+0000] {dag.py:3823} INFO - Setting next_dagrun for restaurant_etl_pipeline to 2025-06-26 18:00:00+00:00, run_after=2025-06-27 00:00:00+00:00
[2025-06-26T22:32:08.363+0000] {processor.py:183} INFO - Processing /opt/airflow/dags/restaurant_etl_dag.py took 0.088 seconds
[2025-06-26T22:32:38.605+0000] {processor.py:161} INFO - Started process (PID=612) to work on /opt/airflow/dags/restaurant_etl_dag.py
[2025-06-26T22:32:38.606+0000] {processor.py:830} INFO - Processing file /opt/airflow/dags/restaurant_etl_dag.py for tasks to queue
[2025-06-26T22:32:38.607+0000] {logging_mixin.py:188} INFO - [2025-06-26T22:32:38.607+0000] {dagbag.py:538} INFO - Filling up the DagBag from /opt/airflow/dags/restaurant_etl_dag.py
[2025-06-26T22:32:38.624+0000] {processor.py:840} INFO - DAG(s) 'restaurant_etl_pipeline' retrieved from /opt/airflow/dags/restaurant_etl_dag.py
[2025-06-26T22:32:38.649+0000] {logging_mixin.py:188} INFO - [2025-06-26T22:32:38.649+0000] {dag.py:3036} INFO - Sync 1 DAGs
[2025-06-26T22:32:38.667+0000] {logging_mixin.py:188} INFO - [2025-06-26T22:32:38.667+0000] {dag.py:3823} INFO - Setting next_dagrun for restaurant_etl_pipeline to 2025-06-26 18:00:00+00:00, run_after=2025-06-27 00:00:00+00:00
[2025-06-26T22:32:38.686+0000] {processor.py:183} INFO - Processing /opt/airflow/dags/restaurant_etl_dag.py took 0.084 seconds
[2025-06-26T22:33:16.269+0000] {processor.py:161} INFO - Started process (PID=193) to work on /opt/airflow/dags/restaurant_etl_dag.py
[2025-06-26T22:33:16.270+0000] {processor.py:830} INFO - Processing file /opt/airflow/dags/restaurant_etl_dag.py for tasks to queue
[2025-06-26T22:33:16.270+0000] {logging_mixin.py:188} INFO - [2025-06-26T22:33:16.270+0000] {dagbag.py:538} INFO - Filling up the DagBag from /opt/airflow/dags/restaurant_etl_dag.py
[2025-06-26T22:33:16.288+0000] {processor.py:840} INFO - DAG(s) 'restaurant_etl_pipeline' retrieved from /opt/airflow/dags/restaurant_etl_dag.py
[2025-06-26T22:33:16.320+0000] {logging_mixin.py:188} INFO - [2025-06-26T22:33:16.319+0000] {dag.py:3036} INFO - Sync 1 DAGs
[2025-06-26T22:33:16.337+0000] {logging_mixin.py:188} INFO - [2025-06-26T22:33:16.336+0000] {dag.py:3823} INFO - Setting next_dagrun for restaurant_etl_pipeline to 2025-06-26 18:00:00+00:00, run_after=2025-06-27 00:00:00+00:00
[2025-06-26T22:33:16.358+0000] {processor.py:183} INFO - Processing /opt/airflow/dags/restaurant_etl_dag.py took 0.091 seconds
[2025-06-26T22:33:46.558+0000] {processor.py:161} INFO - Started process (PID=209) to work on /opt/airflow/dags/restaurant_etl_dag.py
[2025-06-26T22:33:46.559+0000] {processor.py:830} INFO - Processing file /opt/airflow/dags/restaurant_etl_dag.py for tasks to queue
[2025-06-26T22:33:46.560+0000] {logging_mixin.py:188} INFO - [2025-06-26T22:33:46.559+0000] {dagbag.py:538} INFO - Filling up the DagBag from /opt/airflow/dags/restaurant_etl_dag.py
[2025-06-26T22:33:46.576+0000] {processor.py:840} INFO - DAG(s) 'restaurant_etl_pipeline' retrieved from /opt/airflow/dags/restaurant_etl_dag.py
[2025-06-26T22:33:46.597+0000] {logging_mixin.py:188} INFO - [2025-06-26T22:33:46.597+0000] {dag.py:3036} INFO - Sync 1 DAGs
[2025-06-26T22:33:46.617+0000] {logging_mixin.py:188} INFO - [2025-06-26T22:33:46.617+0000] {dag.py:3823} INFO - Setting next_dagrun for restaurant_etl_pipeline to 2025-06-26 18:00:00+00:00, run_after=2025-06-27 00:00:00+00:00
[2025-06-26T22:33:46.634+0000] {processor.py:183} INFO - Processing /opt/airflow/dags/restaurant_etl_dag.py took 0.078 seconds
[2025-06-26T22:34:16.798+0000] {processor.py:161} INFO - Started process (PID=225) to work on /opt/airflow/dags/restaurant_etl_dag.py
[2025-06-26T22:34:16.799+0000] {processor.py:830} INFO - Processing file /opt/airflow/dags/restaurant_etl_dag.py for tasks to queue
[2025-06-26T22:34:16.800+0000] {logging_mixin.py:188} INFO - [2025-06-26T22:34:16.800+0000] {dagbag.py:538} INFO - Filling up the DagBag from /opt/airflow/dags/restaurant_etl_dag.py
[2025-06-26T22:34:16.820+0000] {processor.py:840} INFO - DAG(s) 'restaurant_etl_pipeline' retrieved from /opt/airflow/dags/restaurant_etl_dag.py
[2025-06-26T22:34:16.846+0000] {logging_mixin.py:188} INFO - [2025-06-26T22:34:16.846+0000] {dag.py:3036} INFO - Sync 1 DAGs
[2025-06-26T22:34:16.865+0000] {logging_mixin.py:188} INFO - [2025-06-26T22:34:16.864+0000] {dag.py:3823} INFO - Setting next_dagrun for restaurant_etl_pipeline to 2025-06-26 18:00:00+00:00, run_after=2025-06-27 00:00:00+00:00
[2025-06-26T22:34:16.880+0000] {processor.py:183} INFO - Processing /opt/airflow/dags/restaurant_etl_dag.py took 0.085 seconds
[2025-06-26T22:34:47.103+0000] {processor.py:161} INFO - Started process (PID=241) to work on /opt/airflow/dags/restaurant_etl_dag.py
[2025-06-26T22:34:47.104+0000] {processor.py:830} INFO - Processing file /opt/airflow/dags/restaurant_etl_dag.py for tasks to queue
[2025-06-26T22:34:47.104+0000] {logging_mixin.py:188} INFO - [2025-06-26T22:34:47.104+0000] {dagbag.py:538} INFO - Filling up the DagBag from /opt/airflow/dags/restaurant_etl_dag.py
[2025-06-26T22:34:47.124+0000] {processor.py:840} INFO - DAG(s) 'restaurant_etl_pipeline' retrieved from /opt/airflow/dags/restaurant_etl_dag.py
[2025-06-26T22:34:47.150+0000] {logging_mixin.py:188} INFO - [2025-06-26T22:34:47.150+0000] {dag.py:3036} INFO - Sync 1 DAGs
[2025-06-26T22:34:47.172+0000] {logging_mixin.py:188} INFO - [2025-06-26T22:34:47.171+0000] {dag.py:3823} INFO - Setting next_dagrun for restaurant_etl_pipeline to 2025-06-26 18:00:00+00:00, run_after=2025-06-27 00:00:00+00:00
[2025-06-26T22:34:47.193+0000] {processor.py:183} INFO - Processing /opt/airflow/dags/restaurant_etl_dag.py took 0.092 seconds
[2025-06-26T22:35:17.318+0000] {processor.py:161} INFO - Started process (PID=257) to work on /opt/airflow/dags/restaurant_etl_dag.py
[2025-06-26T22:35:17.318+0000] {processor.py:830} INFO - Processing file /opt/airflow/dags/restaurant_etl_dag.py for tasks to queue
[2025-06-26T22:35:17.319+0000] {logging_mixin.py:188} INFO - [2025-06-26T22:35:17.319+0000] {dagbag.py:538} INFO - Filling up the DagBag from /opt/airflow/dags/restaurant_etl_dag.py
[2025-06-26T22:35:17.341+0000] {processor.py:840} INFO - DAG(s) 'restaurant_etl_pipeline' retrieved from /opt/airflow/dags/restaurant_etl_dag.py
[2025-06-26T22:35:17.369+0000] {logging_mixin.py:188} INFO - [2025-06-26T22:35:17.369+0000] {dag.py:3036} INFO - Sync 1 DAGs
[2025-06-26T22:35:17.386+0000] {logging_mixin.py:188} INFO - [2025-06-26T22:35:17.386+0000] {dag.py:3823} INFO - Setting next_dagrun for restaurant_etl_pipeline to 2025-06-26 18:00:00+00:00, run_after=2025-06-27 00:00:00+00:00
[2025-06-26T22:35:17.403+0000] {processor.py:183} INFO - Processing /opt/airflow/dags/restaurant_etl_dag.py took 0.088 seconds
[2025-06-26T22:35:47.588+0000] {processor.py:161} INFO - Started process (PID=273) to work on /opt/airflow/dags/restaurant_etl_dag.py
[2025-06-26T22:35:47.588+0000] {processor.py:830} INFO - Processing file /opt/airflow/dags/restaurant_etl_dag.py for tasks to queue
[2025-06-26T22:35:47.589+0000] {logging_mixin.py:188} INFO - [2025-06-26T22:35:47.589+0000] {dagbag.py:538} INFO - Filling up the DagBag from /opt/airflow/dags/restaurant_etl_dag.py
[2025-06-26T22:35:47.606+0000] {processor.py:840} INFO - DAG(s) 'restaurant_etl_pipeline' retrieved from /opt/airflow/dags/restaurant_etl_dag.py
[2025-06-26T22:35:47.629+0000] {logging_mixin.py:188} INFO - [2025-06-26T22:35:47.629+0000] {dag.py:3036} INFO - Sync 1 DAGs
[2025-06-26T22:35:47.647+0000] {logging_mixin.py:188} INFO - [2025-06-26T22:35:47.647+0000] {dag.py:3823} INFO - Setting next_dagrun for restaurant_etl_pipeline to 2025-06-26 18:00:00+00:00, run_after=2025-06-27 00:00:00+00:00
[2025-06-26T22:35:47.665+0000] {processor.py:183} INFO - Processing /opt/airflow/dags/restaurant_etl_dag.py took 0.080 seconds
[2025-06-26T22:36:17.883+0000] {processor.py:161} INFO - Started process (PID=289) to work on /opt/airflow/dags/restaurant_etl_dag.py
[2025-06-26T22:36:17.884+0000] {processor.py:830} INFO - Processing file /opt/airflow/dags/restaurant_etl_dag.py for tasks to queue
[2025-06-26T22:36:17.884+0000] {logging_mixin.py:188} INFO - [2025-06-26T22:36:17.884+0000] {dagbag.py:538} INFO - Filling up the DagBag from /opt/airflow/dags/restaurant_etl_dag.py
[2025-06-26T22:36:17.898+0000] {processor.py:840} INFO - DAG(s) 'restaurant_etl_pipeline' retrieved from /opt/airflow/dags/restaurant_etl_dag.py
[2025-06-26T22:36:17.924+0000] {logging_mixin.py:188} INFO - [2025-06-26T22:36:17.924+0000] {dag.py:3036} INFO - Sync 1 DAGs
[2025-06-26T22:36:17.938+0000] {logging_mixin.py:188} INFO - [2025-06-26T22:36:17.938+0000] {dag.py:3823} INFO - Setting next_dagrun for restaurant_etl_pipeline to 2025-06-26 18:00:00+00:00, run_after=2025-06-27 00:00:00+00:00
[2025-06-26T22:36:17.958+0000] {processor.py:183} INFO - Processing /opt/airflow/dags/restaurant_etl_dag.py took 0.076 seconds
[2025-06-26T22:36:48.205+0000] {processor.py:161} INFO - Started process (PID=305) to work on /opt/airflow/dags/restaurant_etl_dag.py
[2025-06-26T22:36:48.206+0000] {processor.py:830} INFO - Processing file /opt/airflow/dags/restaurant_etl_dag.py for tasks to queue
[2025-06-26T22:36:48.207+0000] {logging_mixin.py:188} INFO - [2025-06-26T22:36:48.207+0000] {dagbag.py:538} INFO - Filling up the DagBag from /opt/airflow/dags/restaurant_etl_dag.py
[2025-06-26T22:36:48.235+0000] {processor.py:840} INFO - DAG(s) 'restaurant_etl_pipeline' retrieved from /opt/airflow/dags/restaurant_etl_dag.py
[2025-06-26T22:36:48.264+0000] {logging_mixin.py:188} INFO - [2025-06-26T22:36:48.264+0000] {dag.py:3036} INFO - Sync 1 DAGs
[2025-06-26T22:36:48.284+0000] {logging_mixin.py:188} INFO - [2025-06-26T22:36:48.284+0000] {dag.py:3823} INFO - Setting next_dagrun for restaurant_etl_pipeline to 2025-06-26 18:00:00+00:00, run_after=2025-06-27 00:00:00+00:00
[2025-06-26T22:36:48.301+0000] {processor.py:183} INFO - Processing /opt/airflow/dags/restaurant_etl_dag.py took 0.101 seconds
[2025-06-26T22:37:18.510+0000] {processor.py:161} INFO - Started process (PID=336) to work on /opt/airflow/dags/restaurant_etl_dag.py
[2025-06-26T22:37:18.511+0000] {processor.py:830} INFO - Processing file /opt/airflow/dags/restaurant_etl_dag.py for tasks to queue
[2025-06-26T22:37:18.512+0000] {logging_mixin.py:188} INFO - [2025-06-26T22:37:18.511+0000] {dagbag.py:538} INFO - Filling up the DagBag from /opt/airflow/dags/restaurant_etl_dag.py
[2025-06-26T22:37:18.525+0000] {processor.py:840} INFO - DAG(s) 'restaurant_etl_pipeline' retrieved from /opt/airflow/dags/restaurant_etl_dag.py
[2025-06-26T22:37:18.551+0000] {logging_mixin.py:188} INFO - [2025-06-26T22:37:18.551+0000] {dag.py:3036} INFO - Sync 1 DAGs
[2025-06-26T22:37:18.567+0000] {logging_mixin.py:188} INFO - [2025-06-26T22:37:18.567+0000] {dag.py:3823} INFO - Setting next_dagrun for restaurant_etl_pipeline to 2025-06-26 18:00:00+00:00, run_after=2025-06-27 00:00:00+00:00
[2025-06-26T22:37:18.582+0000] {processor.py:183} INFO - Processing /opt/airflow/dags/restaurant_etl_dag.py took 0.074 seconds
[2025-06-26T22:37:48.727+0000] {processor.py:161} INFO - Started process (PID=352) to work on /opt/airflow/dags/restaurant_etl_dag.py
[2025-06-26T22:37:48.727+0000] {processor.py:830} INFO - Processing file /opt/airflow/dags/restaurant_etl_dag.py for tasks to queue
[2025-06-26T22:37:48.728+0000] {logging_mixin.py:188} INFO - [2025-06-26T22:37:48.728+0000] {dagbag.py:538} INFO - Filling up the DagBag from /opt/airflow/dags/restaurant_etl_dag.py
[2025-06-26T22:37:48.745+0000] {processor.py:840} INFO - DAG(s) 'restaurant_etl_pipeline' retrieved from /opt/airflow/dags/restaurant_etl_dag.py
[2025-06-26T22:37:48.769+0000] {logging_mixin.py:188} INFO - [2025-06-26T22:37:48.769+0000] {dag.py:3036} INFO - Sync 1 DAGs
[2025-06-26T22:37:48.788+0000] {logging_mixin.py:188} INFO - [2025-06-26T22:37:48.788+0000] {dag.py:3823} INFO - Setting next_dagrun for restaurant_etl_pipeline to 2025-06-26 18:00:00+00:00, run_after=2025-06-27 00:00:00+00:00
[2025-06-26T22:37:48.805+0000] {processor.py:183} INFO - Processing /opt/airflow/dags/restaurant_etl_dag.py took 0.081 seconds
[2025-06-26T22:38:19.058+0000] {processor.py:161} INFO - Started process (PID=368) to work on /opt/airflow/dags/restaurant_etl_dag.py
[2025-06-26T22:38:19.059+0000] {processor.py:830} INFO - Processing file /opt/airflow/dags/restaurant_etl_dag.py for tasks to queue
[2025-06-26T22:38:19.060+0000] {logging_mixin.py:188} INFO - [2025-06-26T22:38:19.060+0000] {dagbag.py:538} INFO - Filling up the DagBag from /opt/airflow/dags/restaurant_etl_dag.py
[2025-06-26T22:38:19.085+0000] {processor.py:840} INFO - DAG(s) 'restaurant_etl_pipeline' retrieved from /opt/airflow/dags/restaurant_etl_dag.py
[2025-06-26T22:38:19.110+0000] {logging_mixin.py:188} INFO - [2025-06-26T22:38:19.110+0000] {dag.py:3036} INFO - Sync 1 DAGs
[2025-06-26T22:38:19.127+0000] {logging_mixin.py:188} INFO - [2025-06-26T22:38:19.126+0000] {dag.py:3823} INFO - Setting next_dagrun for restaurant_etl_pipeline to 2025-06-26 18:00:00+00:00, run_after=2025-06-27 00:00:00+00:00
[2025-06-26T22:38:19.158+0000] {processor.py:183} INFO - Processing /opt/airflow/dags/restaurant_etl_dag.py took 0.102 seconds
[2025-06-26T22:38:49.398+0000] {processor.py:161} INFO - Started process (PID=384) to work on /opt/airflow/dags/restaurant_etl_dag.py
[2025-06-26T22:38:49.399+0000] {processor.py:830} INFO - Processing file /opt/airflow/dags/restaurant_etl_dag.py for tasks to queue
[2025-06-26T22:38:49.399+0000] {logging_mixin.py:188} INFO - [2025-06-26T22:38:49.399+0000] {dagbag.py:538} INFO - Filling up the DagBag from /opt/airflow/dags/restaurant_etl_dag.py
[2025-06-26T22:38:49.412+0000] {processor.py:840} INFO - DAG(s) 'restaurant_etl_pipeline' retrieved from /opt/airflow/dags/restaurant_etl_dag.py
[2025-06-26T22:38:49.431+0000] {logging_mixin.py:188} INFO - [2025-06-26T22:38:49.431+0000] {dag.py:3036} INFO - Sync 1 DAGs
[2025-06-26T22:38:49.446+0000] {logging_mixin.py:188} INFO - [2025-06-26T22:38:49.446+0000] {dag.py:3823} INFO - Setting next_dagrun for restaurant_etl_pipeline to 2025-06-26 18:00:00+00:00, run_after=2025-06-27 00:00:00+00:00
[2025-06-26T22:38:49.470+0000] {processor.py:183} INFO - Processing /opt/airflow/dags/restaurant_etl_dag.py took 0.074 seconds
[2025-06-26T22:39:19.693+0000] {processor.py:161} INFO - Started process (PID=400) to work on /opt/airflow/dags/restaurant_etl_dag.py
[2025-06-26T22:39:19.694+0000] {processor.py:830} INFO - Processing file /opt/airflow/dags/restaurant_etl_dag.py for tasks to queue
[2025-06-26T22:39:19.694+0000] {logging_mixin.py:188} INFO - [2025-06-26T22:39:19.694+0000] {dagbag.py:538} INFO - Filling up the DagBag from /opt/airflow/dags/restaurant_etl_dag.py
[2025-06-26T22:39:19.712+0000] {processor.py:840} INFO - DAG(s) 'restaurant_etl_pipeline' retrieved from /opt/airflow/dags/restaurant_etl_dag.py
[2025-06-26T22:39:19.734+0000] {logging_mixin.py:188} INFO - [2025-06-26T22:39:19.734+0000] {dag.py:3036} INFO - Sync 1 DAGs
[2025-06-26T22:39:19.750+0000] {logging_mixin.py:188} INFO - [2025-06-26T22:39:19.750+0000] {dag.py:3823} INFO - Setting next_dagrun for restaurant_etl_pipeline to 2025-06-26 18:00:00+00:00, run_after=2025-06-27 00:00:00+00:00
[2025-06-26T22:39:19.767+0000] {processor.py:183} INFO - Processing /opt/airflow/dags/restaurant_etl_dag.py took 0.076 seconds
[2025-06-26T22:39:49.972+0000] {processor.py:161} INFO - Started process (PID=431) to work on /opt/airflow/dags/restaurant_etl_dag.py
[2025-06-26T22:39:49.973+0000] {processor.py:830} INFO - Processing file /opt/airflow/dags/restaurant_etl_dag.py for tasks to queue
[2025-06-26T22:39:49.973+0000] {logging_mixin.py:188} INFO - [2025-06-26T22:39:49.973+0000] {dagbag.py:538} INFO - Filling up the DagBag from /opt/airflow/dags/restaurant_etl_dag.py
[2025-06-26T22:39:49.993+0000] {processor.py:840} INFO - DAG(s) 'restaurant_etl_pipeline' retrieved from /opt/airflow/dags/restaurant_etl_dag.py
[2025-06-26T22:39:50.016+0000] {logging_mixin.py:188} INFO - [2025-06-26T22:39:50.016+0000] {dag.py:3036} INFO - Sync 1 DAGs
[2025-06-26T22:39:50.032+0000] {logging_mixin.py:188} INFO - [2025-06-26T22:39:50.032+0000] {dag.py:3823} INFO - Setting next_dagrun for restaurant_etl_pipeline to 2025-06-26 18:00:00+00:00, run_after=2025-06-27 00:00:00+00:00
[2025-06-26T22:39:50.047+0000] {processor.py:183} INFO - Processing /opt/airflow/dags/restaurant_etl_dag.py took 0.077 seconds
[2025-06-26T22:40:20.220+0000] {processor.py:161} INFO - Started process (PID=447) to work on /opt/airflow/dags/restaurant_etl_dag.py
[2025-06-26T22:40:20.221+0000] {processor.py:830} INFO - Processing file /opt/airflow/dags/restaurant_etl_dag.py for tasks to queue
[2025-06-26T22:40:20.222+0000] {logging_mixin.py:188} INFO - [2025-06-26T22:40:20.221+0000] {dagbag.py:538} INFO - Filling up the DagBag from /opt/airflow/dags/restaurant_etl_dag.py
[2025-06-26T22:40:20.247+0000] {processor.py:840} INFO - DAG(s) 'restaurant_etl_pipeline' retrieved from /opt/airflow/dags/restaurant_etl_dag.py
[2025-06-26T22:40:20.274+0000] {logging_mixin.py:188} INFO - [2025-06-26T22:40:20.274+0000] {dag.py:3036} INFO - Sync 1 DAGs
[2025-06-26T22:40:20.300+0000] {logging_mixin.py:188} INFO - [2025-06-26T22:40:20.300+0000] {dag.py:3823} INFO - Setting next_dagrun for restaurant_etl_pipeline to 2025-06-26 18:00:00+00:00, run_after=2025-06-27 00:00:00+00:00
[2025-06-26T22:40:20.318+0000] {processor.py:183} INFO - Processing /opt/airflow/dags/restaurant_etl_dag.py took 0.101 seconds
[2025-06-26T22:40:50.537+0000] {processor.py:161} INFO - Started process (PID=463) to work on /opt/airflow/dags/restaurant_etl_dag.py
[2025-06-26T22:40:50.538+0000] {processor.py:830} INFO - Processing file /opt/airflow/dags/restaurant_etl_dag.py for tasks to queue
[2025-06-26T22:40:50.539+0000] {logging_mixin.py:188} INFO - [2025-06-26T22:40:50.539+0000] {dagbag.py:538} INFO - Filling up the DagBag from /opt/airflow/dags/restaurant_etl_dag.py
[2025-06-26T22:40:50.561+0000] {processor.py:840} INFO - DAG(s) 'restaurant_etl_pipeline' retrieved from /opt/airflow/dags/restaurant_etl_dag.py
[2025-06-26T22:40:50.585+0000] {logging_mixin.py:188} INFO - [2025-06-26T22:40:50.584+0000] {dag.py:3036} INFO - Sync 1 DAGs
[2025-06-26T22:40:50.600+0000] {logging_mixin.py:188} INFO - [2025-06-26T22:40:50.600+0000] {dag.py:3823} INFO - Setting next_dagrun for restaurant_etl_pipeline to 2025-06-26 18:00:00+00:00, run_after=2025-06-27 00:00:00+00:00
[2025-06-26T22:40:50.619+0000] {processor.py:183} INFO - Processing /opt/airflow/dags/restaurant_etl_dag.py took 0.084 seconds
[2025-06-26T22:41:20.772+0000] {processor.py:161} INFO - Started process (PID=479) to work on /opt/airflow/dags/restaurant_etl_dag.py
[2025-06-26T22:41:20.773+0000] {processor.py:830} INFO - Processing file /opt/airflow/dags/restaurant_etl_dag.py for tasks to queue
[2025-06-26T22:41:20.774+0000] {logging_mixin.py:188} INFO - [2025-06-26T22:41:20.774+0000] {dagbag.py:538} INFO - Filling up the DagBag from /opt/airflow/dags/restaurant_etl_dag.py
[2025-06-26T22:41:20.795+0000] {processor.py:840} INFO - DAG(s) 'restaurant_etl_pipeline' retrieved from /opt/airflow/dags/restaurant_etl_dag.py
[2025-06-26T22:41:20.821+0000] {logging_mixin.py:188} INFO - [2025-06-26T22:41:20.820+0000] {dag.py:3036} INFO - Sync 1 DAGs
[2025-06-26T22:41:20.839+0000] {logging_mixin.py:188} INFO - [2025-06-26T22:41:20.839+0000] {dag.py:3823} INFO - Setting next_dagrun for restaurant_etl_pipeline to 2025-06-26 18:00:00+00:00, run_after=2025-06-27 00:00:00+00:00
[2025-06-26T22:41:20.858+0000] {processor.py:183} INFO - Processing /opt/airflow/dags/restaurant_etl_dag.py took 0.088 seconds
[2025-06-26T22:41:51.002+0000] {processor.py:161} INFO - Started process (PID=495) to work on /opt/airflow/dags/restaurant_etl_dag.py
[2025-06-26T22:41:51.003+0000] {processor.py:830} INFO - Processing file /opt/airflow/dags/restaurant_etl_dag.py for tasks to queue
[2025-06-26T22:41:51.004+0000] {logging_mixin.py:188} INFO - [2025-06-26T22:41:51.003+0000] {dagbag.py:538} INFO - Filling up the DagBag from /opt/airflow/dags/restaurant_etl_dag.py
[2025-06-26T22:41:51.033+0000] {processor.py:840} INFO - DAG(s) 'restaurant_etl_pipeline' retrieved from /opt/airflow/dags/restaurant_etl_dag.py
[2025-06-26T22:41:51.058+0000] {logging_mixin.py:188} INFO - [2025-06-26T22:41:51.057+0000] {dag.py:3036} INFO - Sync 1 DAGs
[2025-06-26T22:41:51.073+0000] {logging_mixin.py:188} INFO - [2025-06-26T22:41:51.073+0000] {dag.py:3823} INFO - Setting next_dagrun for restaurant_etl_pipeline to 2025-06-26 18:00:00+00:00, run_after=2025-06-27 00:00:00+00:00
[2025-06-26T22:41:51.089+0000] {processor.py:183} INFO - Processing /opt/airflow/dags/restaurant_etl_dag.py took 0.089 seconds
[2025-06-26T22:42:21.305+0000] {processor.py:161} INFO - Started process (PID=511) to work on /opt/airflow/dags/restaurant_etl_dag.py
[2025-06-26T22:42:21.306+0000] {processor.py:830} INFO - Processing file /opt/airflow/dags/restaurant_etl_dag.py for tasks to queue
[2025-06-26T22:42:21.307+0000] {logging_mixin.py:188} INFO - [2025-06-26T22:42:21.307+0000] {dagbag.py:538} INFO - Filling up the DagBag from /opt/airflow/dags/restaurant_etl_dag.py
[2025-06-26T22:42:21.329+0000] {processor.py:840} INFO - DAG(s) 'restaurant_etl_pipeline' retrieved from /opt/airflow/dags/restaurant_etl_dag.py
[2025-06-26T22:42:21.351+0000] {logging_mixin.py:188} INFO - [2025-06-26T22:42:21.351+0000] {dag.py:3036} INFO - Sync 1 DAGs
[2025-06-26T22:42:21.369+0000] {logging_mixin.py:188} INFO - [2025-06-26T22:42:21.369+0000] {dag.py:3823} INFO - Setting next_dagrun for restaurant_etl_pipeline to 2025-06-26 18:00:00+00:00, run_after=2025-06-27 00:00:00+00:00
[2025-06-26T22:42:21.389+0000] {processor.py:183} INFO - Processing /opt/airflow/dags/restaurant_etl_dag.py took 0.086 seconds
[2025-06-26T22:42:51.599+0000] {processor.py:161} INFO - Started process (PID=527) to work on /opt/airflow/dags/restaurant_etl_dag.py
[2025-06-26T22:42:51.600+0000] {processor.py:830} INFO - Processing file /opt/airflow/dags/restaurant_etl_dag.py for tasks to queue
[2025-06-26T22:42:51.601+0000] {logging_mixin.py:188} INFO - [2025-06-26T22:42:51.600+0000] {dagbag.py:538} INFO - Filling up the DagBag from /opt/airflow/dags/restaurant_etl_dag.py
[2025-06-26T22:42:51.615+0000] {processor.py:840} INFO - DAG(s) 'restaurant_etl_pipeline' retrieved from /opt/airflow/dags/restaurant_etl_dag.py
[2025-06-26T22:42:51.634+0000] {logging_mixin.py:188} INFO - [2025-06-26T22:42:51.634+0000] {dag.py:3036} INFO - Sync 1 DAGs
[2025-06-26T22:42:51.648+0000] {logging_mixin.py:188} INFO - [2025-06-26T22:42:51.648+0000] {dag.py:3823} INFO - Setting next_dagrun for restaurant_etl_pipeline to 2025-06-26 18:00:00+00:00, run_after=2025-06-27 00:00:00+00:00
[2025-06-26T22:42:51.668+0000] {processor.py:183} INFO - Processing /opt/airflow/dags/restaurant_etl_dag.py took 0.071 seconds
[2025-06-26T22:43:21.939+0000] {processor.py:161} INFO - Started process (PID=544) to work on /opt/airflow/dags/restaurant_etl_dag.py
[2025-06-26T22:43:21.940+0000] {processor.py:830} INFO - Processing file /opt/airflow/dags/restaurant_etl_dag.py for tasks to queue
[2025-06-26T22:43:21.941+0000] {logging_mixin.py:188} INFO - [2025-06-26T22:43:21.941+0000] {dagbag.py:538} INFO - Filling up the DagBag from /opt/airflow/dags/restaurant_etl_dag.py
[2025-06-26T22:43:21.962+0000] {processor.py:840} INFO - DAG(s) 'restaurant_etl_pipeline' retrieved from /opt/airflow/dags/restaurant_etl_dag.py
[2025-06-26T22:43:21.988+0000] {logging_mixin.py:188} INFO - [2025-06-26T22:43:21.987+0000] {dag.py:3036} INFO - Sync 1 DAGs
[2025-06-26T22:43:22.005+0000] {logging_mixin.py:188} INFO - [2025-06-26T22:43:22.005+0000] {dag.py:3823} INFO - Setting next_dagrun for restaurant_etl_pipeline to 2025-06-26 18:00:00+00:00, run_after=2025-06-27 00:00:00+00:00
[2025-06-26T22:43:22.025+0000] {processor.py:183} INFO - Processing /opt/airflow/dags/restaurant_etl_dag.py took 0.088 seconds
[2025-06-26T22:43:52.289+0000] {processor.py:161} INFO - Started process (PID=560) to work on /opt/airflow/dags/restaurant_etl_dag.py
[2025-06-26T22:43:52.289+0000] {processor.py:830} INFO - Processing file /opt/airflow/dags/restaurant_etl_dag.py for tasks to queue
[2025-06-26T22:43:52.290+0000] {logging_mixin.py:188} INFO - [2025-06-26T22:43:52.290+0000] {dagbag.py:538} INFO - Filling up the DagBag from /opt/airflow/dags/restaurant_etl_dag.py
[2025-06-26T22:43:52.308+0000] {processor.py:840} INFO - DAG(s) 'restaurant_etl_pipeline' retrieved from /opt/airflow/dags/restaurant_etl_dag.py
[2025-06-26T22:43:52.331+0000] {logging_mixin.py:188} INFO - [2025-06-26T22:43:52.331+0000] {dag.py:3036} INFO - Sync 1 DAGs
[2025-06-26T22:43:52.347+0000] {logging_mixin.py:188} INFO - [2025-06-26T22:43:52.347+0000] {dag.py:3823} INFO - Setting next_dagrun for restaurant_etl_pipeline to 2025-06-26 18:00:00+00:00, run_after=2025-06-27 00:00:00+00:00
[2025-06-26T22:43:52.362+0000] {processor.py:183} INFO - Processing /opt/airflow/dags/restaurant_etl_dag.py took 0.075 seconds
[2025-06-26T22:44:22.533+0000] {processor.py:161} INFO - Started process (PID=576) to work on /opt/airflow/dags/restaurant_etl_dag.py
[2025-06-26T22:44:22.534+0000] {processor.py:830} INFO - Processing file /opt/airflow/dags/restaurant_etl_dag.py for tasks to queue
[2025-06-26T22:44:22.535+0000] {logging_mixin.py:188} INFO - [2025-06-26T22:44:22.534+0000] {dagbag.py:538} INFO - Filling up the DagBag from /opt/airflow/dags/restaurant_etl_dag.py
[2025-06-26T22:44:22.555+0000] {processor.py:840} INFO - DAG(s) 'restaurant_etl_pipeline' retrieved from /opt/airflow/dags/restaurant_etl_dag.py
[2025-06-26T22:44:22.582+0000] {logging_mixin.py:188} INFO - [2025-06-26T22:44:22.582+0000] {dag.py:3036} INFO - Sync 1 DAGs
[2025-06-26T22:44:22.602+0000] {logging_mixin.py:188} INFO - [2025-06-26T22:44:22.601+0000] {dag.py:3823} INFO - Setting next_dagrun for restaurant_etl_pipeline to 2025-06-26 18:00:00+00:00, run_after=2025-06-27 00:00:00+00:00
[2025-06-26T22:44:22.621+0000] {processor.py:183} INFO - Processing /opt/airflow/dags/restaurant_etl_dag.py took 0.091 seconds
[2025-06-26T22:44:52.838+0000] {processor.py:161} INFO - Started process (PID=593) to work on /opt/airflow/dags/restaurant_etl_dag.py
[2025-06-26T22:44:52.838+0000] {processor.py:830} INFO - Processing file /opt/airflow/dags/restaurant_etl_dag.py for tasks to queue
[2025-06-26T22:44:52.839+0000] {logging_mixin.py:188} INFO - [2025-06-26T22:44:52.839+0000] {dagbag.py:538} INFO - Filling up the DagBag from /opt/airflow/dags/restaurant_etl_dag.py
[2025-06-26T22:44:52.857+0000] {processor.py:840} INFO - DAG(s) 'restaurant_etl_pipeline' retrieved from /opt/airflow/dags/restaurant_etl_dag.py
[2025-06-26T22:44:52.884+0000] {logging_mixin.py:188} INFO - [2025-06-26T22:44:52.883+0000] {dag.py:3036} INFO - Sync 1 DAGs
[2025-06-26T22:44:52.904+0000] {logging_mixin.py:188} INFO - [2025-06-26T22:44:52.904+0000] {dag.py:3823} INFO - Setting next_dagrun for restaurant_etl_pipeline to 2025-06-26 18:00:00+00:00, run_after=2025-06-27 00:00:00+00:00
[2025-06-26T22:44:52.922+0000] {processor.py:183} INFO - Processing /opt/airflow/dags/restaurant_etl_dag.py took 0.087 seconds
[2025-06-26T22:45:23.139+0000] {processor.py:161} INFO - Started process (PID=609) to work on /opt/airflow/dags/restaurant_etl_dag.py
[2025-06-26T22:45:23.139+0000] {processor.py:830} INFO - Processing file /opt/airflow/dags/restaurant_etl_dag.py for tasks to queue
[2025-06-26T22:45:23.140+0000] {logging_mixin.py:188} INFO - [2025-06-26T22:45:23.140+0000] {dagbag.py:538} INFO - Filling up the DagBag from /opt/airflow/dags/restaurant_etl_dag.py
[2025-06-26T22:45:23.160+0000] {processor.py:840} INFO - DAG(s) 'restaurant_etl_pipeline' retrieved from /opt/airflow/dags/restaurant_etl_dag.py
[2025-06-26T22:45:23.181+0000] {logging_mixin.py:188} INFO - [2025-06-26T22:45:23.181+0000] {dag.py:3036} INFO - Sync 1 DAGs
[2025-06-26T22:45:23.197+0000] {logging_mixin.py:188} INFO - [2025-06-26T22:45:23.197+0000] {dag.py:3823} INFO - Setting next_dagrun for restaurant_etl_pipeline to 2025-06-26 18:00:00+00:00, run_after=2025-06-27 00:00:00+00:00
[2025-06-26T22:45:23.212+0000] {processor.py:183} INFO - Processing /opt/airflow/dags/restaurant_etl_dag.py took 0.075 seconds
[2025-06-26T22:45:53.437+0000] {processor.py:161} INFO - Started process (PID=625) to work on /opt/airflow/dags/restaurant_etl_dag.py
[2025-06-26T22:45:53.438+0000] {processor.py:830} INFO - Processing file /opt/airflow/dags/restaurant_etl_dag.py for tasks to queue
[2025-06-26T22:45:53.438+0000] {logging_mixin.py:188} INFO - [2025-06-26T22:45:53.438+0000] {dagbag.py:538} INFO - Filling up the DagBag from /opt/airflow/dags/restaurant_etl_dag.py
[2025-06-26T22:45:53.455+0000] {processor.py:840} INFO - DAG(s) 'restaurant_etl_pipeline' retrieved from /opt/airflow/dags/restaurant_etl_dag.py
[2025-06-26T22:45:53.476+0000] {logging_mixin.py:188} INFO - [2025-06-26T22:45:53.476+0000] {dag.py:3036} INFO - Sync 1 DAGs
[2025-06-26T22:45:53.492+0000] {logging_mixin.py:188} INFO - [2025-06-26T22:45:53.492+0000] {dag.py:3823} INFO - Setting next_dagrun for restaurant_etl_pipeline to 2025-06-26 18:00:00+00:00, run_after=2025-06-27 00:00:00+00:00
[2025-06-26T22:45:53.509+0000] {processor.py:183} INFO - Processing /opt/airflow/dags/restaurant_etl_dag.py took 0.074 seconds
[2025-06-26T22:46:23.677+0000] {processor.py:161} INFO - Started process (PID=641) to work on /opt/airflow/dags/restaurant_etl_dag.py
[2025-06-26T22:46:23.678+0000] {processor.py:830} INFO - Processing file /opt/airflow/dags/restaurant_etl_dag.py for tasks to queue
[2025-06-26T22:46:23.679+0000] {logging_mixin.py:188} INFO - [2025-06-26T22:46:23.678+0000] {dagbag.py:538} INFO - Filling up the DagBag from /opt/airflow/dags/restaurant_etl_dag.py
[2025-06-26T22:46:23.693+0000] {processor.py:840} INFO - DAG(s) 'restaurant_etl_pipeline' retrieved from /opt/airflow/dags/restaurant_etl_dag.py
[2025-06-26T22:46:23.714+0000] {logging_mixin.py:188} INFO - [2025-06-26T22:46:23.714+0000] {dag.py:3036} INFO - Sync 1 DAGs
[2025-06-26T22:46:23.729+0000] {logging_mixin.py:188} INFO - [2025-06-26T22:46:23.729+0000] {dag.py:3823} INFO - Setting next_dagrun for restaurant_etl_pipeline to 2025-06-26 18:00:00+00:00, run_after=2025-06-27 00:00:00+00:00
[2025-06-26T22:46:23.743+0000] {processor.py:183} INFO - Processing /opt/airflow/dags/restaurant_etl_dag.py took 0.068 seconds
[2025-06-26T22:46:53.877+0000] {processor.py:161} INFO - Started process (PID=657) to work on /opt/airflow/dags/restaurant_etl_dag.py
[2025-06-26T22:46:53.878+0000] {processor.py:830} INFO - Processing file /opt/airflow/dags/restaurant_etl_dag.py for tasks to queue
[2025-06-26T22:46:53.879+0000] {logging_mixin.py:188} INFO - [2025-06-26T22:46:53.878+0000] {dagbag.py:538} INFO - Filling up the DagBag from /opt/airflow/dags/restaurant_etl_dag.py
[2025-06-26T22:46:53.902+0000] {processor.py:840} INFO - DAG(s) 'restaurant_etl_pipeline' retrieved from /opt/airflow/dags/restaurant_etl_dag.py
[2025-06-26T22:46:53.931+0000] {logging_mixin.py:188} INFO - [2025-06-26T22:46:53.931+0000] {dag.py:3036} INFO - Sync 1 DAGs
[2025-06-26T22:46:53.953+0000] {logging_mixin.py:188} INFO - [2025-06-26T22:46:53.953+0000] {dag.py:3823} INFO - Setting next_dagrun for restaurant_etl_pipeline to 2025-06-26 18:00:00+00:00, run_after=2025-06-27 00:00:00+00:00
[2025-06-26T22:46:53.974+0000] {processor.py:183} INFO - Processing /opt/airflow/dags/restaurant_etl_dag.py took 0.099 seconds
[2025-06-26T22:47:24.228+0000] {processor.py:161} INFO - Started process (PID=673) to work on /opt/airflow/dags/restaurant_etl_dag.py
[2025-06-26T22:47:24.229+0000] {processor.py:830} INFO - Processing file /opt/airflow/dags/restaurant_etl_dag.py for tasks to queue
[2025-06-26T22:47:24.229+0000] {logging_mixin.py:188} INFO - [2025-06-26T22:47:24.229+0000] {dagbag.py:538} INFO - Filling up the DagBag from /opt/airflow/dags/restaurant_etl_dag.py
[2025-06-26T22:47:24.244+0000] {processor.py:840} INFO - DAG(s) 'restaurant_etl_pipeline' retrieved from /opt/airflow/dags/restaurant_etl_dag.py
[2025-06-26T22:47:24.263+0000] {logging_mixin.py:188} INFO - [2025-06-26T22:47:24.263+0000] {dag.py:3036} INFO - Sync 1 DAGs
[2025-06-26T22:47:24.278+0000] {logging_mixin.py:188} INFO - [2025-06-26T22:47:24.278+0000] {dag.py:3823} INFO - Setting next_dagrun for restaurant_etl_pipeline to 2025-06-26 18:00:00+00:00, run_after=2025-06-27 00:00:00+00:00
[2025-06-26T22:47:24.294+0000] {processor.py:183} INFO - Processing /opt/airflow/dags/restaurant_etl_dag.py took 0.069 seconds
[2025-06-26T22:47:54.500+0000] {processor.py:161} INFO - Started process (PID=689) to work on /opt/airflow/dags/restaurant_etl_dag.py
[2025-06-26T22:47:54.500+0000] {processor.py:830} INFO - Processing file /opt/airflow/dags/restaurant_etl_dag.py for tasks to queue
[2025-06-26T22:47:54.501+0000] {logging_mixin.py:188} INFO - [2025-06-26T22:47:54.501+0000] {dagbag.py:538} INFO - Filling up the DagBag from /opt/airflow/dags/restaurant_etl_dag.py
[2025-06-26T22:47:54.515+0000] {processor.py:840} INFO - DAG(s) 'restaurant_etl_pipeline' retrieved from /opt/airflow/dags/restaurant_etl_dag.py
[2025-06-26T22:47:54.534+0000] {logging_mixin.py:188} INFO - [2025-06-26T22:47:54.534+0000] {dag.py:3036} INFO - Sync 1 DAGs
[2025-06-26T22:47:54.548+0000] {logging_mixin.py:188} INFO - [2025-06-26T22:47:54.548+0000] {dag.py:3823} INFO - Setting next_dagrun for restaurant_etl_pipeline to 2025-06-26 18:00:00+00:00, run_after=2025-06-27 00:00:00+00:00
[2025-06-26T22:47:54.567+0000] {processor.py:183} INFO - Processing /opt/airflow/dags/restaurant_etl_dag.py took 0.069 seconds
[2025-06-26T22:48:24.766+0000] {processor.py:161} INFO - Started process (PID=705) to work on /opt/airflow/dags/restaurant_etl_dag.py
[2025-06-26T22:48:24.767+0000] {processor.py:830} INFO - Processing file /opt/airflow/dags/restaurant_etl_dag.py for tasks to queue
[2025-06-26T22:48:24.768+0000] {logging_mixin.py:188} INFO - [2025-06-26T22:48:24.768+0000] {dagbag.py:538} INFO - Filling up the DagBag from /opt/airflow/dags/restaurant_etl_dag.py
[2025-06-26T22:48:24.788+0000] {processor.py:840} INFO - DAG(s) 'restaurant_etl_pipeline' retrieved from /opt/airflow/dags/restaurant_etl_dag.py
[2025-06-26T22:48:24.809+0000] {logging_mixin.py:188} INFO - [2025-06-26T22:48:24.809+0000] {dag.py:3036} INFO - Sync 1 DAGs
[2025-06-26T22:48:24.824+0000] {logging_mixin.py:188} INFO - [2025-06-26T22:48:24.824+0000] {dag.py:3823} INFO - Setting next_dagrun for restaurant_etl_pipeline to 2025-06-26 18:00:00+00:00, run_after=2025-06-27 00:00:00+00:00
[2025-06-26T22:48:24.839+0000] {processor.py:183} INFO - Processing /opt/airflow/dags/restaurant_etl_dag.py took 0.075 seconds
[2025-06-26T22:48:54.962+0000] {processor.py:161} INFO - Started process (PID=721) to work on /opt/airflow/dags/restaurant_etl_dag.py
[2025-06-26T22:48:54.963+0000] {processor.py:830} INFO - Processing file /opt/airflow/dags/restaurant_etl_dag.py for tasks to queue
[2025-06-26T22:48:54.964+0000] {logging_mixin.py:188} INFO - [2025-06-26T22:48:54.964+0000] {dagbag.py:538} INFO - Filling up the DagBag from /opt/airflow/dags/restaurant_etl_dag.py
[2025-06-26T22:48:54.987+0000] {processor.py:840} INFO - DAG(s) 'restaurant_etl_pipeline' retrieved from /opt/airflow/dags/restaurant_etl_dag.py
[2025-06-26T22:48:55.012+0000] {logging_mixin.py:188} INFO - [2025-06-26T22:48:55.012+0000] {dag.py:3036} INFO - Sync 1 DAGs
[2025-06-26T22:48:55.038+0000] {logging_mixin.py:188} INFO - [2025-06-26T22:48:55.037+0000] {dag.py:3823} INFO - Setting next_dagrun for restaurant_etl_pipeline to 2025-06-26 18:00:00+00:00, run_after=2025-06-27 00:00:00+00:00
[2025-06-26T22:48:55.059+0000] {processor.py:183} INFO - Processing /opt/airflow/dags/restaurant_etl_dag.py took 0.100 seconds
[2025-06-26T22:49:25.263+0000] {processor.py:161} INFO - Started process (PID=737) to work on /opt/airflow/dags/restaurant_etl_dag.py
[2025-06-26T22:49:25.264+0000] {processor.py:830} INFO - Processing file /opt/airflow/dags/restaurant_etl_dag.py for tasks to queue
[2025-06-26T22:49:25.265+0000] {logging_mixin.py:188} INFO - [2025-06-26T22:49:25.265+0000] {dagbag.py:538} INFO - Filling up the DagBag from /opt/airflow/dags/restaurant_etl_dag.py
[2025-06-26T22:49:25.282+0000] {processor.py:840} INFO - DAG(s) 'restaurant_etl_pipeline' retrieved from /opt/airflow/dags/restaurant_etl_dag.py
[2025-06-26T22:49:25.302+0000] {logging_mixin.py:188} INFO - [2025-06-26T22:49:25.301+0000] {dag.py:3036} INFO - Sync 1 DAGs
[2025-06-26T22:49:25.317+0000] {logging_mixin.py:188} INFO - [2025-06-26T22:49:25.317+0000] {dag.py:3823} INFO - Setting next_dagrun for restaurant_etl_pipeline to 2025-06-26 18:00:00+00:00, run_after=2025-06-27 00:00:00+00:00
[2025-06-26T22:49:25.333+0000] {processor.py:183} INFO - Processing /opt/airflow/dags/restaurant_etl_dag.py took 0.071 seconds
[2025-06-26T22:49:55.543+0000] {processor.py:161} INFO - Started process (PID=753) to work on /opt/airflow/dags/restaurant_etl_dag.py
[2025-06-26T22:49:55.543+0000] {processor.py:830} INFO - Processing file /opt/airflow/dags/restaurant_etl_dag.py for tasks to queue
[2025-06-26T22:49:55.544+0000] {logging_mixin.py:188} INFO - [2025-06-26T22:49:55.544+0000] {dagbag.py:538} INFO - Filling up the DagBag from /opt/airflow/dags/restaurant_etl_dag.py
[2025-06-26T22:49:55.560+0000] {processor.py:840} INFO - DAG(s) 'restaurant_etl_pipeline' retrieved from /opt/airflow/dags/restaurant_etl_dag.py
[2025-06-26T22:49:55.579+0000] {logging_mixin.py:188} INFO - [2025-06-26T22:49:55.579+0000] {dag.py:3036} INFO - Sync 1 DAGs
[2025-06-26T22:49:55.593+0000] {logging_mixin.py:188} INFO - [2025-06-26T22:49:55.593+0000] {dag.py:3823} INFO - Setting next_dagrun for restaurant_etl_pipeline to 2025-06-26 18:00:00+00:00, run_after=2025-06-27 00:00:00+00:00
[2025-06-26T22:49:55.606+0000] {processor.py:183} INFO - Processing /opt/airflow/dags/restaurant_etl_dag.py took 0.066 seconds
[2025-06-26T22:50:25.820+0000] {processor.py:161} INFO - Started process (PID=769) to work on /opt/airflow/dags/restaurant_etl_dag.py
[2025-06-26T22:50:25.821+0000] {processor.py:830} INFO - Processing file /opt/airflow/dags/restaurant_etl_dag.py for tasks to queue
[2025-06-26T22:50:25.822+0000] {logging_mixin.py:188} INFO - [2025-06-26T22:50:25.822+0000] {dagbag.py:538} INFO - Filling up the DagBag from /opt/airflow/dags/restaurant_etl_dag.py
[2025-06-26T22:50:25.846+0000] {processor.py:840} INFO - DAG(s) 'restaurant_etl_pipeline' retrieved from /opt/airflow/dags/restaurant_etl_dag.py
[2025-06-26T22:50:25.866+0000] {logging_mixin.py:188} INFO - [2025-06-26T22:50:25.866+0000] {dag.py:3036} INFO - Sync 1 DAGs
[2025-06-26T22:50:25.881+0000] {logging_mixin.py:188} INFO - [2025-06-26T22:50:25.881+0000] {dag.py:3823} INFO - Setting next_dagrun for restaurant_etl_pipeline to 2025-06-26 18:00:00+00:00, run_after=2025-06-27 00:00:00+00:00
[2025-06-26T22:50:25.898+0000] {processor.py:183} INFO - Processing /opt/airflow/dags/restaurant_etl_dag.py took 0.080 seconds
[2025-06-26T22:50:56.109+0000] {processor.py:161} INFO - Started process (PID=785) to work on /opt/airflow/dags/restaurant_etl_dag.py
[2025-06-26T22:50:56.110+0000] {processor.py:830} INFO - Processing file /opt/airflow/dags/restaurant_etl_dag.py for tasks to queue
[2025-06-26T22:50:56.110+0000] {logging_mixin.py:188} INFO - [2025-06-26T22:50:56.110+0000] {dagbag.py:538} INFO - Filling up the DagBag from /opt/airflow/dags/restaurant_etl_dag.py
[2025-06-26T22:50:56.132+0000] {processor.py:840} INFO - DAG(s) 'restaurant_etl_pipeline' retrieved from /opt/airflow/dags/restaurant_etl_dag.py
[2025-06-26T22:50:56.156+0000] {logging_mixin.py:188} INFO - [2025-06-26T22:50:56.156+0000] {dag.py:3036} INFO - Sync 1 DAGs
[2025-06-26T22:50:56.172+0000] {logging_mixin.py:188} INFO - [2025-06-26T22:50:56.172+0000] {dag.py:3823} INFO - Setting next_dagrun for restaurant_etl_pipeline to 2025-06-26 18:00:00+00:00, run_after=2025-06-27 00:00:00+00:00
[2025-06-26T22:50:56.190+0000] {processor.py:183} INFO - Processing /opt/airflow/dags/restaurant_etl_dag.py took 0.083 seconds
[2025-06-26T22:51:26.338+0000] {processor.py:161} INFO - Started process (PID=801) to work on /opt/airflow/dags/restaurant_etl_dag.py
[2025-06-26T22:51:26.339+0000] {processor.py:830} INFO - Processing file /opt/airflow/dags/restaurant_etl_dag.py for tasks to queue
[2025-06-26T22:51:26.340+0000] {logging_mixin.py:188} INFO - [2025-06-26T22:51:26.340+0000] {dagbag.py:538} INFO - Filling up the DagBag from /opt/airflow/dags/restaurant_etl_dag.py
[2025-06-26T22:51:26.361+0000] {processor.py:840} INFO - DAG(s) 'restaurant_etl_pipeline' retrieved from /opt/airflow/dags/restaurant_etl_dag.py
[2025-06-26T22:51:26.383+0000] {logging_mixin.py:188} INFO - [2025-06-26T22:51:26.383+0000] {dag.py:3036} INFO - Sync 1 DAGs
[2025-06-26T22:51:26.399+0000] {logging_mixin.py:188} INFO - [2025-06-26T22:51:26.398+0000] {dag.py:3823} INFO - Setting next_dagrun for restaurant_etl_pipeline to 2025-06-26 18:00:00+00:00, run_after=2025-06-27 00:00:00+00:00
[2025-06-26T22:51:26.413+0000] {processor.py:183} INFO - Processing /opt/airflow/dags/restaurant_etl_dag.py took 0.078 seconds
[2025-06-26T22:51:56.599+0000] {processor.py:161} INFO - Started process (PID=817) to work on /opt/airflow/dags/restaurant_etl_dag.py
[2025-06-26T22:51:56.600+0000] {processor.py:830} INFO - Processing file /opt/airflow/dags/restaurant_etl_dag.py for tasks to queue
[2025-06-26T22:51:56.600+0000] {logging_mixin.py:188} INFO - [2025-06-26T22:51:56.600+0000] {dagbag.py:538} INFO - Filling up the DagBag from /opt/airflow/dags/restaurant_etl_dag.py
[2025-06-26T22:51:56.617+0000] {processor.py:840} INFO - DAG(s) 'restaurant_etl_pipeline' retrieved from /opt/airflow/dags/restaurant_etl_dag.py
[2025-06-26T22:51:56.636+0000] {logging_mixin.py:188} INFO - [2025-06-26T22:51:56.636+0000] {dag.py:3036} INFO - Sync 1 DAGs
[2025-06-26T22:51:56.651+0000] {logging_mixin.py:188} INFO - [2025-06-26T22:51:56.651+0000] {dag.py:3823} INFO - Setting next_dagrun for restaurant_etl_pipeline to 2025-06-26 18:00:00+00:00, run_after=2025-06-27 00:00:00+00:00
[2025-06-26T22:51:56.664+0000] {processor.py:183} INFO - Processing /opt/airflow/dags/restaurant_etl_dag.py took 0.067 seconds
[2025-06-26T22:52:26.886+0000] {processor.py:161} INFO - Started process (PID=833) to work on /opt/airflow/dags/restaurant_etl_dag.py
[2025-06-26T22:52:26.887+0000] {processor.py:830} INFO - Processing file /opt/airflow/dags/restaurant_etl_dag.py for tasks to queue
[2025-06-26T22:52:26.888+0000] {logging_mixin.py:188} INFO - [2025-06-26T22:52:26.887+0000] {dagbag.py:538} INFO - Filling up the DagBag from /opt/airflow/dags/restaurant_etl_dag.py
[2025-06-26T22:52:26.903+0000] {processor.py:840} INFO - DAG(s) 'restaurant_etl_pipeline' retrieved from /opt/airflow/dags/restaurant_etl_dag.py
[2025-06-26T22:52:26.925+0000] {logging_mixin.py:188} INFO - [2025-06-26T22:52:26.924+0000] {dag.py:3036} INFO - Sync 1 DAGs
[2025-06-26T22:52:26.939+0000] {logging_mixin.py:188} INFO - [2025-06-26T22:52:26.939+0000] {dag.py:3823} INFO - Setting next_dagrun for restaurant_etl_pipeline to 2025-06-26 18:00:00+00:00, run_after=2025-06-27 00:00:00+00:00
[2025-06-26T22:52:26.952+0000] {processor.py:183} INFO - Processing /opt/airflow/dags/restaurant_etl_dag.py took 0.069 seconds
[2025-06-26T22:52:57.116+0000] {processor.py:161} INFO - Started process (PID=848) to work on /opt/airflow/dags/restaurant_etl_dag.py
[2025-06-26T22:52:57.117+0000] {processor.py:830} INFO - Processing file /opt/airflow/dags/restaurant_etl_dag.py for tasks to queue
[2025-06-26T22:52:57.118+0000] {logging_mixin.py:188} INFO - [2025-06-26T22:52:57.117+0000] {dagbag.py:538} INFO - Filling up the DagBag from /opt/airflow/dags/restaurant_etl_dag.py
[2025-06-26T22:52:57.133+0000] {processor.py:840} INFO - DAG(s) 'restaurant_etl_pipeline' retrieved from /opt/airflow/dags/restaurant_etl_dag.py
[2025-06-26T22:52:57.154+0000] {logging_mixin.py:188} INFO - [2025-06-26T22:52:57.153+0000] {dag.py:3036} INFO - Sync 1 DAGs
[2025-06-26T22:52:57.169+0000] {logging_mixin.py:188} INFO - [2025-06-26T22:52:57.169+0000] {dag.py:3823} INFO - Setting next_dagrun for restaurant_etl_pipeline to 2025-06-26 18:00:00+00:00, run_after=2025-06-27 00:00:00+00:00
[2025-06-26T22:52:57.184+0000] {processor.py:183} INFO - Processing /opt/airflow/dags/restaurant_etl_dag.py took 0.070 seconds
[2025-06-26T22:53:27.344+0000] {processor.py:161} INFO - Started process (PID=864) to work on /opt/airflow/dags/restaurant_etl_dag.py
[2025-06-26T22:53:27.344+0000] {processor.py:830} INFO - Processing file /opt/airflow/dags/restaurant_etl_dag.py for tasks to queue
[2025-06-26T22:53:27.345+0000] {logging_mixin.py:188} INFO - [2025-06-26T22:53:27.345+0000] {dagbag.py:538} INFO - Filling up the DagBag from /opt/airflow/dags/restaurant_etl_dag.py
[2025-06-26T22:53:27.362+0000] {processor.py:840} INFO - DAG(s) 'restaurant_etl_pipeline' retrieved from /opt/airflow/dags/restaurant_etl_dag.py
[2025-06-26T22:53:27.387+0000] {logging_mixin.py:188} INFO - [2025-06-26T22:53:27.386+0000] {dag.py:3036} INFO - Sync 1 DAGs
[2025-06-26T22:53:27.405+0000] {logging_mixin.py:188} INFO - [2025-06-26T22:53:27.405+0000] {dag.py:3823} INFO - Setting next_dagrun for restaurant_etl_pipeline to 2025-06-26 18:00:00+00:00, run_after=2025-06-27 00:00:00+00:00
[2025-06-26T22:53:27.421+0000] {processor.py:183} INFO - Processing /opt/airflow/dags/restaurant_etl_dag.py took 0.079 seconds
[2025-06-26T22:53:57.580+0000] {processor.py:161} INFO - Started process (PID=880) to work on /opt/airflow/dags/restaurant_etl_dag.py
[2025-06-26T22:53:57.581+0000] {processor.py:830} INFO - Processing file /opt/airflow/dags/restaurant_etl_dag.py for tasks to queue
[2025-06-26T22:53:57.581+0000] {logging_mixin.py:188} INFO - [2025-06-26T22:53:57.581+0000] {dagbag.py:538} INFO - Filling up the DagBag from /opt/airflow/dags/restaurant_etl_dag.py
[2025-06-26T22:53:57.595+0000] {processor.py:840} INFO - DAG(s) 'restaurant_etl_pipeline' retrieved from /opt/airflow/dags/restaurant_etl_dag.py
[2025-06-26T22:53:57.616+0000] {logging_mixin.py:188} INFO - [2025-06-26T22:53:57.616+0000] {dag.py:3036} INFO - Sync 1 DAGs
[2025-06-26T22:53:57.630+0000] {logging_mixin.py:188} INFO - [2025-06-26T22:53:57.630+0000] {dag.py:3823} INFO - Setting next_dagrun for restaurant_etl_pipeline to 2025-06-26 18:00:00+00:00, run_after=2025-06-27 00:00:00+00:00
[2025-06-26T22:53:57.645+0000] {processor.py:183} INFO - Processing /opt/airflow/dags/restaurant_etl_dag.py took 0.067 seconds
[2025-06-26T22:54:27.796+0000] {processor.py:161} INFO - Started process (PID=896) to work on /opt/airflow/dags/restaurant_etl_dag.py
[2025-06-26T22:54:27.796+0000] {processor.py:830} INFO - Processing file /opt/airflow/dags/restaurant_etl_dag.py for tasks to queue
[2025-06-26T22:54:27.797+0000] {logging_mixin.py:188} INFO - [2025-06-26T22:54:27.797+0000] {dagbag.py:538} INFO - Filling up the DagBag from /opt/airflow/dags/restaurant_etl_dag.py
[2025-06-26T22:54:27.810+0000] {processor.py:840} INFO - DAG(s) 'restaurant_etl_pipeline' retrieved from /opt/airflow/dags/restaurant_etl_dag.py
[2025-06-26T22:54:27.829+0000] {logging_mixin.py:188} INFO - [2025-06-26T22:54:27.829+0000] {dag.py:3036} INFO - Sync 1 DAGs
[2025-06-26T22:54:27.843+0000] {logging_mixin.py:188} INFO - [2025-06-26T22:54:27.843+0000] {dag.py:3823} INFO - Setting next_dagrun for restaurant_etl_pipeline to 2025-06-26 18:00:00+00:00, run_after=2025-06-27 00:00:00+00:00
[2025-06-26T22:54:27.856+0000] {processor.py:183} INFO - Processing /opt/airflow/dags/restaurant_etl_dag.py took 0.062 seconds
[2025-06-26T22:54:58.088+0000] {processor.py:161} INFO - Started process (PID=908) to work on /opt/airflow/dags/restaurant_etl_dag.py
[2025-06-26T22:54:58.088+0000] {processor.py:830} INFO - Processing file /opt/airflow/dags/restaurant_etl_dag.py for tasks to queue
[2025-06-26T22:54:58.089+0000] {logging_mixin.py:188} INFO - [2025-06-26T22:54:58.089+0000] {dagbag.py:538} INFO - Filling up the DagBag from /opt/airflow/dags/restaurant_etl_dag.py
[2025-06-26T22:54:58.109+0000] {processor.py:840} INFO - DAG(s) 'restaurant_etl_pipeline' retrieved from /opt/airflow/dags/restaurant_etl_dag.py
[2025-06-26T22:54:58.131+0000] {logging_mixin.py:188} INFO - [2025-06-26T22:54:58.131+0000] {dag.py:3036} INFO - Sync 1 DAGs
[2025-06-26T22:54:58.291+0000] {logging_mixin.py:188} INFO - [2025-06-26T22:54:58.291+0000] {dag.py:3823} INFO - Setting next_dagrun for restaurant_etl_pipeline to 2025-06-26 18:00:00+00:00, run_after=2025-06-27 00:00:00+00:00
[2025-06-26T22:54:58.309+0000] {processor.py:183} INFO - Processing /opt/airflow/dags/restaurant_etl_dag.py took 0.223 seconds
[2025-06-26T22:55:28.779+0000] {processor.py:161} INFO - Started process (PID=927) to work on /opt/airflow/dags/restaurant_etl_dag.py
[2025-06-26T22:55:28.780+0000] {processor.py:830} INFO - Processing file /opt/airflow/dags/restaurant_etl_dag.py for tasks to queue
[2025-06-26T22:55:28.781+0000] {logging_mixin.py:188} INFO - [2025-06-26T22:55:28.780+0000] {dagbag.py:538} INFO - Filling up the DagBag from /opt/airflow/dags/restaurant_etl_dag.py
[2025-06-26T22:55:28.795+0000] {processor.py:840} INFO - DAG(s) 'restaurant_etl_pipeline' retrieved from /opt/airflow/dags/restaurant_etl_dag.py
[2025-06-26T22:55:28.818+0000] {logging_mixin.py:188} INFO - [2025-06-26T22:55:28.818+0000] {dag.py:3036} INFO - Sync 1 DAGs
[2025-06-26T22:55:28.833+0000] {logging_mixin.py:188} INFO - [2025-06-26T22:55:28.833+0000] {dag.py:3823} INFO - Setting next_dagrun for restaurant_etl_pipeline to 2025-06-26 18:00:00+00:00, run_after=2025-06-27 00:00:00+00:00
[2025-06-26T22:55:28.849+0000] {processor.py:183} INFO - Processing /opt/airflow/dags/restaurant_etl_dag.py took 0.072 seconds
[2025-06-26T22:55:59.072+0000] {processor.py:161} INFO - Started process (PID=943) to work on /opt/airflow/dags/restaurant_etl_dag.py
[2025-06-26T22:55:59.073+0000] {processor.py:830} INFO - Processing file /opt/airflow/dags/restaurant_etl_dag.py for tasks to queue
[2025-06-26T22:55:59.074+0000] {logging_mixin.py:188} INFO - [2025-06-26T22:55:59.073+0000] {dagbag.py:538} INFO - Filling up the DagBag from /opt/airflow/dags/restaurant_etl_dag.py
[2025-06-26T22:55:59.088+0000] {processor.py:840} INFO - DAG(s) 'restaurant_etl_pipeline' retrieved from /opt/airflow/dags/restaurant_etl_dag.py
[2025-06-26T22:55:59.106+0000] {logging_mixin.py:188} INFO - [2025-06-26T22:55:59.106+0000] {dag.py:3036} INFO - Sync 1 DAGs
[2025-06-26T22:55:59.120+0000] {logging_mixin.py:188} INFO - [2025-06-26T22:55:59.120+0000] {dag.py:3823} INFO - Setting next_dagrun for restaurant_etl_pipeline to 2025-06-26 18:00:00+00:00, run_after=2025-06-27 00:00:00+00:00
[2025-06-26T22:55:59.136+0000] {processor.py:183} INFO - Processing /opt/airflow/dags/restaurant_etl_dag.py took 0.065 seconds
[2025-06-26T22:56:29.270+0000] {processor.py:161} INFO - Started process (PID=959) to work on /opt/airflow/dags/restaurant_etl_dag.py
[2025-06-26T22:56:29.271+0000] {processor.py:830} INFO - Processing file /opt/airflow/dags/restaurant_etl_dag.py for tasks to queue
[2025-06-26T22:56:29.271+0000] {logging_mixin.py:188} INFO - [2025-06-26T22:56:29.271+0000] {dagbag.py:538} INFO - Filling up the DagBag from /opt/airflow/dags/restaurant_etl_dag.py
[2025-06-26T22:56:29.285+0000] {processor.py:840} INFO - DAG(s) 'restaurant_etl_pipeline' retrieved from /opt/airflow/dags/restaurant_etl_dag.py
[2025-06-26T22:56:29.304+0000] {logging_mixin.py:188} INFO - [2025-06-26T22:56:29.304+0000] {dag.py:3036} INFO - Sync 1 DAGs
[2025-06-26T22:56:29.320+0000] {logging_mixin.py:188} INFO - [2025-06-26T22:56:29.319+0000] {dag.py:3823} INFO - Setting next_dagrun for restaurant_etl_pipeline to 2025-06-26 18:00:00+00:00, run_after=2025-06-27 00:00:00+00:00
[2025-06-26T22:56:29.334+0000] {processor.py:183} INFO - Processing /opt/airflow/dags/restaurant_etl_dag.py took 0.066 seconds
[2025-06-26T22:56:59.549+0000] {processor.py:161} INFO - Started process (PID=976) to work on /opt/airflow/dags/restaurant_etl_dag.py
[2025-06-26T22:56:59.550+0000] {processor.py:830} INFO - Processing file /opt/airflow/dags/restaurant_etl_dag.py for tasks to queue
[2025-06-26T22:56:59.550+0000] {logging_mixin.py:188} INFO - [2025-06-26T22:56:59.550+0000] {dagbag.py:538} INFO - Filling up the DagBag from /opt/airflow/dags/restaurant_etl_dag.py
[2025-06-26T22:56:59.564+0000] {processor.py:840} INFO - DAG(s) 'restaurant_etl_pipeline' retrieved from /opt/airflow/dags/restaurant_etl_dag.py
[2025-06-26T22:56:59.584+0000] {logging_mixin.py:188} INFO - [2025-06-26T22:56:59.584+0000] {dag.py:3036} INFO - Sync 1 DAGs
[2025-06-26T22:56:59.600+0000] {logging_mixin.py:188} INFO - [2025-06-26T22:56:59.599+0000] {dag.py:3823} INFO - Setting next_dagrun for restaurant_etl_pipeline to 2025-06-26 18:00:00+00:00, run_after=2025-06-27 00:00:00+00:00
[2025-06-26T22:56:59.614+0000] {processor.py:183} INFO - Processing /opt/airflow/dags/restaurant_etl_dag.py took 0.067 seconds
[2025-06-26T22:57:29.828+0000] {processor.py:161} INFO - Started process (PID=992) to work on /opt/airflow/dags/restaurant_etl_dag.py
[2025-06-26T22:57:29.828+0000] {processor.py:830} INFO - Processing file /opt/airflow/dags/restaurant_etl_dag.py for tasks to queue
[2025-06-26T22:57:29.829+0000] {logging_mixin.py:188} INFO - [2025-06-26T22:57:29.829+0000] {dagbag.py:538} INFO - Filling up the DagBag from /opt/airflow/dags/restaurant_etl_dag.py
[2025-06-26T22:57:29.842+0000] {processor.py:840} INFO - DAG(s) 'restaurant_etl_pipeline' retrieved from /opt/airflow/dags/restaurant_etl_dag.py
[2025-06-26T22:57:29.860+0000] {logging_mixin.py:188} INFO - [2025-06-26T22:57:29.860+0000] {dag.py:3036} INFO - Sync 1 DAGs
[2025-06-26T22:57:29.873+0000] {logging_mixin.py:188} INFO - [2025-06-26T22:57:29.873+0000] {dag.py:3823} INFO - Setting next_dagrun for restaurant_etl_pipeline to 2025-06-26 18:00:00+00:00, run_after=2025-06-27 00:00:00+00:00
[2025-06-26T22:57:29.887+0000] {processor.py:183} INFO - Processing /opt/airflow/dags/restaurant_etl_dag.py took 0.062 seconds
[2025-06-26T22:58:00.062+0000] {processor.py:161} INFO - Started process (PID=1008) to work on /opt/airflow/dags/restaurant_etl_dag.py
[2025-06-26T22:58:00.062+0000] {processor.py:830} INFO - Processing file /opt/airflow/dags/restaurant_etl_dag.py for tasks to queue
[2025-06-26T22:58:00.063+0000] {logging_mixin.py:188} INFO - [2025-06-26T22:58:00.063+0000] {dagbag.py:538} INFO - Filling up the DagBag from /opt/airflow/dags/restaurant_etl_dag.py
[2025-06-26T22:58:00.079+0000] {processor.py:840} INFO - DAG(s) 'restaurant_etl_pipeline' retrieved from /opt/airflow/dags/restaurant_etl_dag.py
[2025-06-26T22:58:00.097+0000] {logging_mixin.py:188} INFO - [2025-06-26T22:58:00.097+0000] {dag.py:3036} INFO - Sync 1 DAGs
[2025-06-26T22:58:00.110+0000] {logging_mixin.py:188} INFO - [2025-06-26T22:58:00.110+0000] {dag.py:3823} INFO - Setting next_dagrun for restaurant_etl_pipeline to 2025-06-26 18:00:00+00:00, run_after=2025-06-27 00:00:00+00:00
[2025-06-26T22:58:00.125+0000] {processor.py:183} INFO - Processing /opt/airflow/dags/restaurant_etl_dag.py took 0.065 seconds
[2025-06-26T22:58:30.294+0000] {processor.py:161} INFO - Started process (PID=1024) to work on /opt/airflow/dags/restaurant_etl_dag.py
[2025-06-26T22:58:30.295+0000] {processor.py:830} INFO - Processing file /opt/airflow/dags/restaurant_etl_dag.py for tasks to queue
[2025-06-26T22:58:30.295+0000] {logging_mixin.py:188} INFO - [2025-06-26T22:58:30.295+0000] {dagbag.py:538} INFO - Filling up the DagBag from /opt/airflow/dags/restaurant_etl_dag.py
[2025-06-26T22:58:30.320+0000] {processor.py:840} INFO - DAG(s) 'restaurant_etl_pipeline' retrieved from /opt/airflow/dags/restaurant_etl_dag.py
[2025-06-26T22:58:30.340+0000] {logging_mixin.py:188} INFO - [2025-06-26T22:58:30.339+0000] {dag.py:3036} INFO - Sync 1 DAGs
[2025-06-26T22:58:30.353+0000] {logging_mixin.py:188} INFO - [2025-06-26T22:58:30.353+0000] {dag.py:3823} INFO - Setting next_dagrun for restaurant_etl_pipeline to 2025-06-26 18:00:00+00:00, run_after=2025-06-27 00:00:00+00:00
[2025-06-26T22:58:30.367+0000] {processor.py:183} INFO - Processing /opt/airflow/dags/restaurant_etl_dag.py took 0.075 seconds
[2025-06-26T22:59:00.605+0000] {processor.py:161} INFO - Started process (PID=1040) to work on /opt/airflow/dags/restaurant_etl_dag.py
[2025-06-26T22:59:00.606+0000] {processor.py:830} INFO - Processing file /opt/airflow/dags/restaurant_etl_dag.py for tasks to queue
[2025-06-26T22:59:00.607+0000] {logging_mixin.py:188} INFO - [2025-06-26T22:59:00.606+0000] {dagbag.py:538} INFO - Filling up the DagBag from /opt/airflow/dags/restaurant_etl_dag.py
[2025-06-26T22:59:00.621+0000] {processor.py:840} INFO - DAG(s) 'restaurant_etl_pipeline' retrieved from /opt/airflow/dags/restaurant_etl_dag.py
[2025-06-26T22:59:00.640+0000] {logging_mixin.py:188} INFO - [2025-06-26T22:59:00.640+0000] {dag.py:3036} INFO - Sync 1 DAGs
[2025-06-26T22:59:00.653+0000] {logging_mixin.py:188} INFO - [2025-06-26T22:59:00.653+0000] {dag.py:3823} INFO - Setting next_dagrun for restaurant_etl_pipeline to 2025-06-26 18:00:00+00:00, run_after=2025-06-27 00:00:00+00:00
[2025-06-26T22:59:00.669+0000] {processor.py:183} INFO - Processing /opt/airflow/dags/restaurant_etl_dag.py took 0.066 seconds
[2025-06-26T22:59:30.916+0000] {processor.py:161} INFO - Started process (PID=1056) to work on /opt/airflow/dags/restaurant_etl_dag.py
[2025-06-26T22:59:30.916+0000] {processor.py:830} INFO - Processing file /opt/airflow/dags/restaurant_etl_dag.py for tasks to queue
[2025-06-26T22:59:30.917+0000] {logging_mixin.py:188} INFO - [2025-06-26T22:59:30.917+0000] {dagbag.py:538} INFO - Filling up the DagBag from /opt/airflow/dags/restaurant_etl_dag.py
[2025-06-26T22:59:30.935+0000] {processor.py:840} INFO - DAG(s) 'restaurant_etl_pipeline' retrieved from /opt/airflow/dags/restaurant_etl_dag.py
[2025-06-26T22:59:30.955+0000] {logging_mixin.py:188} INFO - [2025-06-26T22:59:30.955+0000] {dag.py:3036} INFO - Sync 1 DAGs
[2025-06-26T22:59:30.977+0000] {logging_mixin.py:188} INFO - [2025-06-26T22:59:30.977+0000] {dag.py:3823} INFO - Setting next_dagrun for restaurant_etl_pipeline to 2025-06-26 18:00:00+00:00, run_after=2025-06-27 00:00:00+00:00
[2025-06-26T22:59:31.001+0000] {processor.py:183} INFO - Processing /opt/airflow/dags/restaurant_etl_dag.py took 0.087 seconds
[2025-06-26T23:00:01.142+0000] {processor.py:161} INFO - Started process (PID=1073) to work on /opt/airflow/dags/restaurant_etl_dag.py
[2025-06-26T23:00:01.143+0000] {processor.py:830} INFO - Processing file /opt/airflow/dags/restaurant_etl_dag.py for tasks to queue
[2025-06-26T23:00:01.144+0000] {logging_mixin.py:188} INFO - [2025-06-26T23:00:01.144+0000] {dagbag.py:538} INFO - Filling up the DagBag from /opt/airflow/dags/restaurant_etl_dag.py
[2025-06-26T23:00:01.165+0000] {processor.py:840} INFO - DAG(s) 'restaurant_etl_pipeline' retrieved from /opt/airflow/dags/restaurant_etl_dag.py
[2025-06-26T23:00:01.191+0000] {logging_mixin.py:188} INFO - [2025-06-26T23:00:01.191+0000] {dag.py:3036} INFO - Sync 1 DAGs
[2025-06-26T23:00:01.209+0000] {logging_mixin.py:188} INFO - [2025-06-26T23:00:01.209+0000] {dag.py:3823} INFO - Setting next_dagrun for restaurant_etl_pipeline to 2025-06-26 18:00:00+00:00, run_after=2025-06-27 00:00:00+00:00
[2025-06-26T23:00:01.231+0000] {processor.py:183} INFO - Processing /opt/airflow/dags/restaurant_etl_dag.py took 0.091 seconds
[2025-06-26T23:00:31.448+0000] {processor.py:161} INFO - Started process (PID=1089) to work on /opt/airflow/dags/restaurant_etl_dag.py
[2025-06-26T23:00:31.449+0000] {processor.py:830} INFO - Processing file /opt/airflow/dags/restaurant_etl_dag.py for tasks to queue
[2025-06-26T23:00:31.449+0000] {logging_mixin.py:188} INFO - [2025-06-26T23:00:31.449+0000] {dagbag.py:538} INFO - Filling up the DagBag from /opt/airflow/dags/restaurant_etl_dag.py
[2025-06-26T23:00:31.468+0000] {processor.py:840} INFO - DAG(s) 'restaurant_etl_pipeline' retrieved from /opt/airflow/dags/restaurant_etl_dag.py
[2025-06-26T23:00:31.488+0000] {logging_mixin.py:188} INFO - [2025-06-26T23:00:31.488+0000] {dag.py:3036} INFO - Sync 1 DAGs
[2025-06-26T23:00:31.503+0000] {logging_mixin.py:188} INFO - [2025-06-26T23:00:31.502+0000] {dag.py:3823} INFO - Setting next_dagrun for restaurant_etl_pipeline to 2025-06-26 18:00:00+00:00, run_after=2025-06-27 00:00:00+00:00
[2025-06-26T23:00:31.517+0000] {processor.py:183} INFO - Processing /opt/airflow/dags/restaurant_etl_dag.py took 0.070 seconds
[2025-06-26T23:01:01.730+0000] {processor.py:161} INFO - Started process (PID=1105) to work on /opt/airflow/dags/restaurant_etl_dag.py
[2025-06-26T23:01:01.731+0000] {processor.py:830} INFO - Processing file /opt/airflow/dags/restaurant_etl_dag.py for tasks to queue
[2025-06-26T23:01:01.731+0000] {logging_mixin.py:188} INFO - [2025-06-26T23:01:01.731+0000] {dagbag.py:538} INFO - Filling up the DagBag from /opt/airflow/dags/restaurant_etl_dag.py
[2025-06-26T23:01:01.745+0000] {processor.py:840} INFO - DAG(s) 'restaurant_etl_pipeline' retrieved from /opt/airflow/dags/restaurant_etl_dag.py
[2025-06-26T23:01:01.762+0000] {logging_mixin.py:188} INFO - [2025-06-26T23:01:01.762+0000] {dag.py:3036} INFO - Sync 1 DAGs
[2025-06-26T23:01:01.776+0000] {logging_mixin.py:188} INFO - [2025-06-26T23:01:01.775+0000] {dag.py:3823} INFO - Setting next_dagrun for restaurant_etl_pipeline to 2025-06-26 18:00:00+00:00, run_after=2025-06-27 00:00:00+00:00
[2025-06-26T23:01:01.790+0000] {processor.py:183} INFO - Processing /opt/airflow/dags/restaurant_etl_dag.py took 0.061 seconds
[2025-06-26T23:01:31.991+0000] {processor.py:161} INFO - Started process (PID=1121) to work on /opt/airflow/dags/restaurant_etl_dag.py
[2025-06-26T23:01:31.991+0000] {processor.py:830} INFO - Processing file /opt/airflow/dags/restaurant_etl_dag.py for tasks to queue
[2025-06-26T23:01:31.992+0000] {logging_mixin.py:188} INFO - [2025-06-26T23:01:31.992+0000] {dagbag.py:538} INFO - Filling up the DagBag from /opt/airflow/dags/restaurant_etl_dag.py
[2025-06-26T23:01:32.006+0000] {processor.py:840} INFO - DAG(s) 'restaurant_etl_pipeline' retrieved from /opt/airflow/dags/restaurant_etl_dag.py
[2025-06-26T23:01:32.025+0000] {logging_mixin.py:188} INFO - [2025-06-26T23:01:32.025+0000] {dag.py:3036} INFO - Sync 1 DAGs
[2025-06-26T23:01:32.041+0000] {logging_mixin.py:188} INFO - [2025-06-26T23:01:32.041+0000] {dag.py:3823} INFO - Setting next_dagrun for restaurant_etl_pipeline to 2025-06-26 18:00:00+00:00, run_after=2025-06-27 00:00:00+00:00
[2025-06-26T23:01:32.056+0000] {processor.py:183} INFO - Processing /opt/airflow/dags/restaurant_etl_dag.py took 0.067 seconds
[2025-06-26T23:02:02.291+0000] {processor.py:161} INFO - Started process (PID=1138) to work on /opt/airflow/dags/restaurant_etl_dag.py
[2025-06-26T23:02:02.291+0000] {processor.py:830} INFO - Processing file /opt/airflow/dags/restaurant_etl_dag.py for tasks to queue
[2025-06-26T23:02:02.292+0000] {logging_mixin.py:188} INFO - [2025-06-26T23:02:02.292+0000] {dagbag.py:538} INFO - Filling up the DagBag from /opt/airflow/dags/restaurant_etl_dag.py
[2025-06-26T23:02:02.306+0000] {processor.py:840} INFO - DAG(s) 'restaurant_etl_pipeline' retrieved from /opt/airflow/dags/restaurant_etl_dag.py
[2025-06-26T23:02:02.325+0000] {logging_mixin.py:188} INFO - [2025-06-26T23:02:02.325+0000] {dag.py:3036} INFO - Sync 1 DAGs
[2025-06-26T23:02:02.339+0000] {logging_mixin.py:188} INFO - [2025-06-26T23:02:02.339+0000] {dag.py:3823} INFO - Setting next_dagrun for restaurant_etl_pipeline to 2025-06-26 18:00:00+00:00, run_after=2025-06-27 00:00:00+00:00
[2025-06-26T23:02:02.353+0000] {processor.py:183} INFO - Processing /opt/airflow/dags/restaurant_etl_dag.py took 0.064 seconds
[2025-06-26T23:02:32.484+0000] {processor.py:161} INFO - Started process (PID=1154) to work on /opt/airflow/dags/restaurant_etl_dag.py
[2025-06-26T23:02:32.485+0000] {processor.py:830} INFO - Processing file /opt/airflow/dags/restaurant_etl_dag.py for tasks to queue
[2025-06-26T23:02:32.486+0000] {logging_mixin.py:188} INFO - [2025-06-26T23:02:32.485+0000] {dagbag.py:538} INFO - Filling up the DagBag from /opt/airflow/dags/restaurant_etl_dag.py
[2025-06-26T23:02:32.500+0000] {processor.py:840} INFO - DAG(s) 'restaurant_etl_pipeline' retrieved from /opt/airflow/dags/restaurant_etl_dag.py
[2025-06-26T23:02:32.519+0000] {logging_mixin.py:188} INFO - [2025-06-26T23:02:32.519+0000] {dag.py:3036} INFO - Sync 1 DAGs
[2025-06-26T23:02:32.533+0000] {logging_mixin.py:188} INFO - [2025-06-26T23:02:32.532+0000] {dag.py:3823} INFO - Setting next_dagrun for restaurant_etl_pipeline to 2025-06-26 18:00:00+00:00, run_after=2025-06-27 00:00:00+00:00
[2025-06-26T23:02:32.549+0000] {processor.py:183} INFO - Processing /opt/airflow/dags/restaurant_etl_dag.py took 0.066 seconds
[2025-06-26T23:03:02.706+0000] {processor.py:161} INFO - Started process (PID=1170) to work on /opt/airflow/dags/restaurant_etl_dag.py
[2025-06-26T23:03:02.707+0000] {processor.py:830} INFO - Processing file /opt/airflow/dags/restaurant_etl_dag.py for tasks to queue
[2025-06-26T23:03:02.708+0000] {logging_mixin.py:188} INFO - [2025-06-26T23:03:02.707+0000] {dagbag.py:538} INFO - Filling up the DagBag from /opt/airflow/dags/restaurant_etl_dag.py
[2025-06-26T23:03:02.724+0000] {processor.py:840} INFO - DAG(s) 'restaurant_etl_pipeline' retrieved from /opt/airflow/dags/restaurant_etl_dag.py
[2025-06-26T23:03:02.744+0000] {logging_mixin.py:188} INFO - [2025-06-26T23:03:02.744+0000] {dag.py:3036} INFO - Sync 1 DAGs
[2025-06-26T23:03:02.758+0000] {logging_mixin.py:188} INFO - [2025-06-26T23:03:02.758+0000] {dag.py:3823} INFO - Setting next_dagrun for restaurant_etl_pipeline to 2025-06-26 18:00:00+00:00, run_after=2025-06-27 00:00:00+00:00
[2025-06-26T23:03:02.772+0000] {processor.py:183} INFO - Processing /opt/airflow/dags/restaurant_etl_dag.py took 0.069 seconds
[2025-06-26T23:03:33.020+0000] {processor.py:161} INFO - Started process (PID=1186) to work on /opt/airflow/dags/restaurant_etl_dag.py
[2025-06-26T23:03:33.021+0000] {processor.py:830} INFO - Processing file /opt/airflow/dags/restaurant_etl_dag.py for tasks to queue
[2025-06-26T23:03:33.022+0000] {logging_mixin.py:188} INFO - [2025-06-26T23:03:33.021+0000] {dagbag.py:538} INFO - Filling up the DagBag from /opt/airflow/dags/restaurant_etl_dag.py
[2025-06-26T23:03:33.036+0000] {processor.py:840} INFO - DAG(s) 'restaurant_etl_pipeline' retrieved from /opt/airflow/dags/restaurant_etl_dag.py
[2025-06-26T23:03:33.055+0000] {logging_mixin.py:188} INFO - [2025-06-26T23:03:33.055+0000] {dag.py:3036} INFO - Sync 1 DAGs
[2025-06-26T23:03:33.069+0000] {logging_mixin.py:188} INFO - [2025-06-26T23:03:33.069+0000] {dag.py:3823} INFO - Setting next_dagrun for restaurant_etl_pipeline to 2025-06-26 18:00:00+00:00, run_after=2025-06-27 00:00:00+00:00
[2025-06-26T23:03:33.083+0000] {processor.py:183} INFO - Processing /opt/airflow/dags/restaurant_etl_dag.py took 0.065 seconds
[2025-06-26T23:04:03.234+0000] {processor.py:161} INFO - Started process (PID=1202) to work on /opt/airflow/dags/restaurant_etl_dag.py
[2025-06-26T23:04:03.234+0000] {processor.py:830} INFO - Processing file /opt/airflow/dags/restaurant_etl_dag.py for tasks to queue
[2025-06-26T23:04:03.235+0000] {logging_mixin.py:188} INFO - [2025-06-26T23:04:03.235+0000] {dagbag.py:538} INFO - Filling up the DagBag from /opt/airflow/dags/restaurant_etl_dag.py
[2025-06-26T23:04:03.249+0000] {processor.py:840} INFO - DAG(s) 'restaurant_etl_pipeline' retrieved from /opt/airflow/dags/restaurant_etl_dag.py
[2025-06-26T23:04:03.270+0000] {logging_mixin.py:188} INFO - [2025-06-26T23:04:03.269+0000] {dag.py:3036} INFO - Sync 1 DAGs
[2025-06-26T23:04:03.285+0000] {logging_mixin.py:188} INFO - [2025-06-26T23:04:03.284+0000] {dag.py:3823} INFO - Setting next_dagrun for restaurant_etl_pipeline to 2025-06-26 18:00:00+00:00, run_after=2025-06-27 00:00:00+00:00
[2025-06-26T23:04:03.307+0000] {processor.py:183} INFO - Processing /opt/airflow/dags/restaurant_etl_dag.py took 0.076 seconds
[2025-06-26T23:04:33.465+0000] {processor.py:161} INFO - Started process (PID=1218) to work on /opt/airflow/dags/restaurant_etl_dag.py
[2025-06-26T23:04:33.466+0000] {processor.py:830} INFO - Processing file /opt/airflow/dags/restaurant_etl_dag.py for tasks to queue
[2025-06-26T23:04:33.467+0000] {logging_mixin.py:188} INFO - [2025-06-26T23:04:33.467+0000] {dagbag.py:538} INFO - Filling up the DagBag from /opt/airflow/dags/restaurant_etl_dag.py
[2025-06-26T23:04:33.483+0000] {processor.py:840} INFO - DAG(s) 'restaurant_etl_pipeline' retrieved from /opt/airflow/dags/restaurant_etl_dag.py
[2025-06-26T23:04:33.513+0000] {logging_mixin.py:188} INFO - [2025-06-26T23:04:33.513+0000] {dag.py:3036} INFO - Sync 1 DAGs
[2025-06-26T23:04:33.529+0000] {logging_mixin.py:188} INFO - [2025-06-26T23:04:33.529+0000] {dag.py:3823} INFO - Setting next_dagrun for restaurant_etl_pipeline to 2025-06-26 18:00:00+00:00, run_after=2025-06-27 00:00:00+00:00
[2025-06-26T23:04:33.545+0000] {processor.py:183} INFO - Processing /opt/airflow/dags/restaurant_etl_dag.py took 0.082 seconds
[2025-06-26T23:05:03.698+0000] {processor.py:161} INFO - Started process (PID=1234) to work on /opt/airflow/dags/restaurant_etl_dag.py
[2025-06-26T23:05:03.699+0000] {processor.py:830} INFO - Processing file /opt/airflow/dags/restaurant_etl_dag.py for tasks to queue
[2025-06-26T23:05:03.700+0000] {logging_mixin.py:188} INFO - [2025-06-26T23:05:03.700+0000] {dagbag.py:538} INFO - Filling up the DagBag from /opt/airflow/dags/restaurant_etl_dag.py
[2025-06-26T23:05:03.731+0000] {processor.py:840} INFO - DAG(s) 'restaurant_etl_pipeline' retrieved from /opt/airflow/dags/restaurant_etl_dag.py
[2025-06-26T23:05:03.758+0000] {logging_mixin.py:188} INFO - [2025-06-26T23:05:03.758+0000] {dag.py:3036} INFO - Sync 1 DAGs
[2025-06-26T23:05:03.782+0000] {logging_mixin.py:188} INFO - [2025-06-26T23:05:03.781+0000] {dag.py:3823} INFO - Setting next_dagrun for restaurant_etl_pipeline to 2025-06-26 18:00:00+00:00, run_after=2025-06-27 00:00:00+00:00
[2025-06-26T23:05:03.803+0000] {processor.py:183} INFO - Processing /opt/airflow/dags/restaurant_etl_dag.py took 0.108 seconds
[2025-06-26T23:05:34.004+0000] {processor.py:161} INFO - Started process (PID=1251) to work on /opt/airflow/dags/restaurant_etl_dag.py
[2025-06-26T23:05:34.004+0000] {processor.py:830} INFO - Processing file /opt/airflow/dags/restaurant_etl_dag.py for tasks to queue
[2025-06-26T23:05:34.005+0000] {logging_mixin.py:188} INFO - [2025-06-26T23:05:34.005+0000] {dagbag.py:538} INFO - Filling up the DagBag from /opt/airflow/dags/restaurant_etl_dag.py
[2025-06-26T23:05:34.029+0000] {processor.py:840} INFO - DAG(s) 'restaurant_etl_pipeline' retrieved from /opt/airflow/dags/restaurant_etl_dag.py
[2025-06-26T23:05:34.051+0000] {logging_mixin.py:188} INFO - [2025-06-26T23:05:34.051+0000] {dag.py:3036} INFO - Sync 1 DAGs
[2025-06-26T23:05:34.068+0000] {logging_mixin.py:188} INFO - [2025-06-26T23:05:34.068+0000] {dag.py:3823} INFO - Setting next_dagrun for restaurant_etl_pipeline to 2025-06-26 18:00:00+00:00, run_after=2025-06-27 00:00:00+00:00
[2025-06-26T23:05:34.084+0000] {processor.py:183} INFO - Processing /opt/airflow/dags/restaurant_etl_dag.py took 0.082 seconds
[2025-06-26T23:06:04.284+0000] {processor.py:161} INFO - Started process (PID=1267) to work on /opt/airflow/dags/restaurant_etl_dag.py
[2025-06-26T23:06:04.285+0000] {processor.py:830} INFO - Processing file /opt/airflow/dags/restaurant_etl_dag.py for tasks to queue
[2025-06-26T23:06:04.285+0000] {logging_mixin.py:188} INFO - [2025-06-26T23:06:04.285+0000] {dagbag.py:538} INFO - Filling up the DagBag from /opt/airflow/dags/restaurant_etl_dag.py
[2025-06-26T23:06:04.300+0000] {processor.py:840} INFO - DAG(s) 'restaurant_etl_pipeline' retrieved from /opt/airflow/dags/restaurant_etl_dag.py
[2025-06-26T23:06:04.319+0000] {logging_mixin.py:188} INFO - [2025-06-26T23:06:04.319+0000] {dag.py:3036} INFO - Sync 1 DAGs
[2025-06-26T23:06:04.333+0000] {logging_mixin.py:188} INFO - [2025-06-26T23:06:04.333+0000] {dag.py:3823} INFO - Setting next_dagrun for restaurant_etl_pipeline to 2025-06-26 18:00:00+00:00, run_after=2025-06-27 00:00:00+00:00
[2025-06-26T23:06:04.346+0000] {processor.py:183} INFO - Processing /opt/airflow/dags/restaurant_etl_dag.py took 0.064 seconds
[2025-06-26T23:06:34.497+0000] {processor.py:161} INFO - Started process (PID=1283) to work on /opt/airflow/dags/restaurant_etl_dag.py
[2025-06-26T23:06:34.497+0000] {processor.py:830} INFO - Processing file /opt/airflow/dags/restaurant_etl_dag.py for tasks to queue
[2025-06-26T23:06:34.498+0000] {logging_mixin.py:188} INFO - [2025-06-26T23:06:34.498+0000] {dagbag.py:538} INFO - Filling up the DagBag from /opt/airflow/dags/restaurant_etl_dag.py
[2025-06-26T23:06:34.512+0000] {processor.py:840} INFO - DAG(s) 'restaurant_etl_pipeline' retrieved from /opt/airflow/dags/restaurant_etl_dag.py
[2025-06-26T23:06:34.532+0000] {logging_mixin.py:188} INFO - [2025-06-26T23:06:34.532+0000] {dag.py:3036} INFO - Sync 1 DAGs
[2025-06-26T23:06:34.545+0000] {logging_mixin.py:188} INFO - [2025-06-26T23:06:34.545+0000] {dag.py:3823} INFO - Setting next_dagrun for restaurant_etl_pipeline to 2025-06-26 18:00:00+00:00, run_after=2025-06-27 00:00:00+00:00
[2025-06-26T23:06:34.559+0000] {processor.py:183} INFO - Processing /opt/airflow/dags/restaurant_etl_dag.py took 0.064 seconds
[2025-06-26T23:07:04.694+0000] {processor.py:161} INFO - Started process (PID=1299) to work on /opt/airflow/dags/restaurant_etl_dag.py
[2025-06-26T23:07:04.694+0000] {processor.py:830} INFO - Processing file /opt/airflow/dags/restaurant_etl_dag.py for tasks to queue
[2025-06-26T23:07:04.695+0000] {logging_mixin.py:188} INFO - [2025-06-26T23:07:04.695+0000] {dagbag.py:538} INFO - Filling up the DagBag from /opt/airflow/dags/restaurant_etl_dag.py
[2025-06-26T23:07:04.712+0000] {processor.py:840} INFO - DAG(s) 'restaurant_etl_pipeline' retrieved from /opt/airflow/dags/restaurant_etl_dag.py
[2025-06-26T23:07:04.732+0000] {logging_mixin.py:188} INFO - [2025-06-26T23:07:04.732+0000] {dag.py:3036} INFO - Sync 1 DAGs
[2025-06-26T23:07:04.750+0000] {logging_mixin.py:188} INFO - [2025-06-26T23:07:04.750+0000] {dag.py:3823} INFO - Setting next_dagrun for restaurant_etl_pipeline to 2025-06-26 18:00:00+00:00, run_after=2025-06-27 00:00:00+00:00
[2025-06-26T23:07:04.764+0000] {processor.py:183} INFO - Processing /opt/airflow/dags/restaurant_etl_dag.py took 0.073 seconds
[2025-06-26T23:07:35.002+0000] {processor.py:161} INFO - Started process (PID=1315) to work on /opt/airflow/dags/restaurant_etl_dag.py
[2025-06-26T23:07:35.003+0000] {processor.py:830} INFO - Processing file /opt/airflow/dags/restaurant_etl_dag.py for tasks to queue
[2025-06-26T23:07:35.003+0000] {logging_mixin.py:188} INFO - [2025-06-26T23:07:35.003+0000] {dagbag.py:538} INFO - Filling up the DagBag from /opt/airflow/dags/restaurant_etl_dag.py
[2025-06-26T23:07:35.019+0000] {processor.py:840} INFO - DAG(s) 'restaurant_etl_pipeline' retrieved from /opt/airflow/dags/restaurant_etl_dag.py
[2025-06-26T23:07:35.039+0000] {logging_mixin.py:188} INFO - [2025-06-26T23:07:35.039+0000] {dag.py:3036} INFO - Sync 1 DAGs
[2025-06-26T23:07:35.053+0000] {logging_mixin.py:188} INFO - [2025-06-26T23:07:35.053+0000] {dag.py:3823} INFO - Setting next_dagrun for restaurant_etl_pipeline to 2025-06-26 18:00:00+00:00, run_after=2025-06-27 00:00:00+00:00
[2025-06-26T23:07:35.067+0000] {processor.py:183} INFO - Processing /opt/airflow/dags/restaurant_etl_dag.py took 0.067 seconds
[2025-06-26T23:08:05.282+0000] {processor.py:161} INFO - Started process (PID=1331) to work on /opt/airflow/dags/restaurant_etl_dag.py
[2025-06-26T23:08:05.283+0000] {processor.py:830} INFO - Processing file /opt/airflow/dags/restaurant_etl_dag.py for tasks to queue
[2025-06-26T23:08:05.283+0000] {logging_mixin.py:188} INFO - [2025-06-26T23:08:05.283+0000] {dagbag.py:538} INFO - Filling up the DagBag from /opt/airflow/dags/restaurant_etl_dag.py
[2025-06-26T23:08:05.300+0000] {processor.py:840} INFO - DAG(s) 'restaurant_etl_pipeline' retrieved from /opt/airflow/dags/restaurant_etl_dag.py
[2025-06-26T23:08:05.319+0000] {logging_mixin.py:188} INFO - [2025-06-26T23:08:05.319+0000] {dag.py:3036} INFO - Sync 1 DAGs
[2025-06-26T23:08:05.332+0000] {logging_mixin.py:188} INFO - [2025-06-26T23:08:05.332+0000] {dag.py:3823} INFO - Setting next_dagrun for restaurant_etl_pipeline to 2025-06-26 18:00:00+00:00, run_after=2025-06-27 00:00:00+00:00
[2025-06-26T23:08:05.347+0000] {processor.py:183} INFO - Processing /opt/airflow/dags/restaurant_etl_dag.py took 0.069 seconds
[2025-06-26T23:08:35.615+0000] {processor.py:161} INFO - Started process (PID=1347) to work on /opt/airflow/dags/restaurant_etl_dag.py
[2025-06-26T23:08:35.616+0000] {processor.py:830} INFO - Processing file /opt/airflow/dags/restaurant_etl_dag.py for tasks to queue
[2025-06-26T23:08:35.617+0000] {logging_mixin.py:188} INFO - [2025-06-26T23:08:35.616+0000] {dagbag.py:538} INFO - Filling up the DagBag from /opt/airflow/dags/restaurant_etl_dag.py
[2025-06-26T23:08:35.630+0000] {processor.py:840} INFO - DAG(s) 'restaurant_etl_pipeline' retrieved from /opt/airflow/dags/restaurant_etl_dag.py
[2025-06-26T23:08:35.649+0000] {logging_mixin.py:188} INFO - [2025-06-26T23:08:35.649+0000] {dag.py:3036} INFO - Sync 1 DAGs
[2025-06-26T23:08:35.663+0000] {logging_mixin.py:188} INFO - [2025-06-26T23:08:35.662+0000] {dag.py:3823} INFO - Setting next_dagrun for restaurant_etl_pipeline to 2025-06-26 18:00:00+00:00, run_after=2025-06-27 00:00:00+00:00
[2025-06-26T23:08:35.675+0000] {processor.py:183} INFO - Processing /opt/airflow/dags/restaurant_etl_dag.py took 0.062 seconds
[2025-06-26T23:09:05.872+0000] {processor.py:161} INFO - Started process (PID=1362) to work on /opt/airflow/dags/restaurant_etl_dag.py
[2025-06-26T23:09:05.873+0000] {processor.py:830} INFO - Processing file /opt/airflow/dags/restaurant_etl_dag.py for tasks to queue
[2025-06-26T23:09:05.874+0000] {logging_mixin.py:188} INFO - [2025-06-26T23:09:05.874+0000] {dagbag.py:538} INFO - Filling up the DagBag from /opt/airflow/dags/restaurant_etl_dag.py
[2025-06-26T23:09:05.887+0000] {processor.py:840} INFO - DAG(s) 'restaurant_etl_pipeline' retrieved from /opt/airflow/dags/restaurant_etl_dag.py
[2025-06-26T23:09:05.909+0000] {logging_mixin.py:188} INFO - [2025-06-26T23:09:05.908+0000] {dag.py:3036} INFO - Sync 1 DAGs
[2025-06-26T23:09:05.925+0000] {logging_mixin.py:188} INFO - [2025-06-26T23:09:05.925+0000] {dag.py:3823} INFO - Setting next_dagrun for restaurant_etl_pipeline to 2025-06-26 18:00:00+00:00, run_after=2025-06-27 00:00:00+00:00
[2025-06-26T23:09:05.943+0000] {processor.py:183} INFO - Processing /opt/airflow/dags/restaurant_etl_dag.py took 0.073 seconds
[2025-06-26T23:09:36.118+0000] {processor.py:161} INFO - Started process (PID=1378) to work on /opt/airflow/dags/restaurant_etl_dag.py
[2025-06-26T23:09:36.119+0000] {processor.py:830} INFO - Processing file /opt/airflow/dags/restaurant_etl_dag.py for tasks to queue
[2025-06-26T23:09:36.120+0000] {logging_mixin.py:188} INFO - [2025-06-26T23:09:36.119+0000] {dagbag.py:538} INFO - Filling up the DagBag from /opt/airflow/dags/restaurant_etl_dag.py
[2025-06-26T23:09:36.137+0000] {processor.py:840} INFO - DAG(s) 'restaurant_etl_pipeline' retrieved from /opt/airflow/dags/restaurant_etl_dag.py
[2025-06-26T23:09:36.162+0000] {logging_mixin.py:188} INFO - [2025-06-26T23:09:36.161+0000] {dag.py:3036} INFO - Sync 1 DAGs
[2025-06-26T23:09:36.177+0000] {logging_mixin.py:188} INFO - [2025-06-26T23:09:36.177+0000] {dag.py:3823} INFO - Setting next_dagrun for restaurant_etl_pipeline to 2025-06-26 18:00:00+00:00, run_after=2025-06-27 00:00:00+00:00
[2025-06-26T23:09:36.196+0000] {processor.py:183} INFO - Processing /opt/airflow/dags/restaurant_etl_dag.py took 0.080 seconds
[2025-06-26T23:10:06.387+0000] {processor.py:161} INFO - Started process (PID=1394) to work on /opt/airflow/dags/restaurant_etl_dag.py
[2025-06-26T23:10:06.388+0000] {processor.py:830} INFO - Processing file /opt/airflow/dags/restaurant_etl_dag.py for tasks to queue
[2025-06-26T23:10:06.389+0000] {logging_mixin.py:188} INFO - [2025-06-26T23:10:06.388+0000] {dagbag.py:538} INFO - Filling up the DagBag from /opt/airflow/dags/restaurant_etl_dag.py
[2025-06-26T23:10:06.404+0000] {processor.py:840} INFO - DAG(s) 'restaurant_etl_pipeline' retrieved from /opt/airflow/dags/restaurant_etl_dag.py
[2025-06-26T23:10:06.426+0000] {logging_mixin.py:188} INFO - [2025-06-26T23:10:06.426+0000] {dag.py:3036} INFO - Sync 1 DAGs
[2025-06-26T23:10:06.443+0000] {logging_mixin.py:188} INFO - [2025-06-26T23:10:06.443+0000] {dag.py:3823} INFO - Setting next_dagrun for restaurant_etl_pipeline to 2025-06-26 18:00:00+00:00, run_after=2025-06-27 00:00:00+00:00
[2025-06-26T23:10:06.458+0000] {processor.py:183} INFO - Processing /opt/airflow/dags/restaurant_etl_dag.py took 0.073 seconds
[2025-06-26T23:10:36.679+0000] {processor.py:161} INFO - Started process (PID=1410) to work on /opt/airflow/dags/restaurant_etl_dag.py
[2025-06-26T23:10:36.679+0000] {processor.py:830} INFO - Processing file /opt/airflow/dags/restaurant_etl_dag.py for tasks to queue
[2025-06-26T23:10:36.680+0000] {logging_mixin.py:188} INFO - [2025-06-26T23:10:36.680+0000] {dagbag.py:538} INFO - Filling up the DagBag from /opt/airflow/dags/restaurant_etl_dag.py
[2025-06-26T23:10:36.700+0000] {processor.py:840} INFO - DAG(s) 'restaurant_etl_pipeline' retrieved from /opt/airflow/dags/restaurant_etl_dag.py
[2025-06-26T23:10:36.721+0000] {logging_mixin.py:188} INFO - [2025-06-26T23:10:36.721+0000] {dag.py:3036} INFO - Sync 1 DAGs
[2025-06-26T23:10:36.738+0000] {logging_mixin.py:188} INFO - [2025-06-26T23:10:36.738+0000] {dag.py:3823} INFO - Setting next_dagrun for restaurant_etl_pipeline to 2025-06-26 18:00:00+00:00, run_after=2025-06-27 00:00:00+00:00
[2025-06-26T23:10:36.757+0000] {processor.py:183} INFO - Processing /opt/airflow/dags/restaurant_etl_dag.py took 0.080 seconds
[2025-06-26T23:11:07.001+0000] {processor.py:161} INFO - Started process (PID=1426) to work on /opt/airflow/dags/restaurant_etl_dag.py
[2025-06-26T23:11:07.001+0000] {processor.py:830} INFO - Processing file /opt/airflow/dags/restaurant_etl_dag.py for tasks to queue
[2025-06-26T23:11:07.002+0000] {logging_mixin.py:188} INFO - [2025-06-26T23:11:07.002+0000] {dagbag.py:538} INFO - Filling up the DagBag from /opt/airflow/dags/restaurant_etl_dag.py
[2025-06-26T23:11:07.017+0000] {processor.py:840} INFO - DAG(s) 'restaurant_etl_pipeline' retrieved from /opt/airflow/dags/restaurant_etl_dag.py
[2025-06-26T23:11:07.037+0000] {logging_mixin.py:188} INFO - [2025-06-26T23:11:07.037+0000] {dag.py:3036} INFO - Sync 1 DAGs
[2025-06-26T23:11:07.052+0000] {logging_mixin.py:188} INFO - [2025-06-26T23:11:07.052+0000] {dag.py:3823} INFO - Setting next_dagrun for restaurant_etl_pipeline to 2025-06-26 18:00:00+00:00, run_after=2025-06-27 00:00:00+00:00
[2025-06-26T23:11:07.067+0000] {processor.py:183} INFO - Processing /opt/airflow/dags/restaurant_etl_dag.py took 0.068 seconds
[2025-06-26T23:11:37.204+0000] {processor.py:161} INFO - Started process (PID=1442) to work on /opt/airflow/dags/restaurant_etl_dag.py
[2025-06-26T23:11:37.205+0000] {processor.py:830} INFO - Processing file /opt/airflow/dags/restaurant_etl_dag.py for tasks to queue
[2025-06-26T23:11:37.206+0000] {logging_mixin.py:188} INFO - [2025-06-26T23:11:37.205+0000] {dagbag.py:538} INFO - Filling up the DagBag from /opt/airflow/dags/restaurant_etl_dag.py
[2025-06-26T23:11:37.219+0000] {processor.py:840} INFO - DAG(s) 'restaurant_etl_pipeline' retrieved from /opt/airflow/dags/restaurant_etl_dag.py
[2025-06-26T23:11:37.239+0000] {logging_mixin.py:188} INFO - [2025-06-26T23:11:37.239+0000] {dag.py:3036} INFO - Sync 1 DAGs
[2025-06-26T23:11:37.254+0000] {logging_mixin.py:188} INFO - [2025-06-26T23:11:37.254+0000] {dag.py:3823} INFO - Setting next_dagrun for restaurant_etl_pipeline to 2025-06-26 18:00:00+00:00, run_after=2025-06-27 00:00:00+00:00
[2025-06-26T23:11:37.269+0000] {processor.py:183} INFO - Processing /opt/airflow/dags/restaurant_etl_dag.py took 0.066 seconds
[2025-06-26T23:12:07.435+0000] {processor.py:161} INFO - Started process (PID=1458) to work on /opt/airflow/dags/restaurant_etl_dag.py
[2025-06-26T23:12:07.436+0000] {processor.py:830} INFO - Processing file /opt/airflow/dags/restaurant_etl_dag.py for tasks to queue
[2025-06-26T23:12:07.437+0000] {logging_mixin.py:188} INFO - [2025-06-26T23:12:07.436+0000] {dagbag.py:538} INFO - Filling up the DagBag from /opt/airflow/dags/restaurant_etl_dag.py
[2025-06-26T23:12:07.454+0000] {processor.py:840} INFO - DAG(s) 'restaurant_etl_pipeline' retrieved from /opt/airflow/dags/restaurant_etl_dag.py
[2025-06-26T23:12:07.473+0000] {logging_mixin.py:188} INFO - [2025-06-26T23:12:07.473+0000] {dag.py:3036} INFO - Sync 1 DAGs
[2025-06-26T23:12:07.488+0000] {logging_mixin.py:188} INFO - [2025-06-26T23:12:07.488+0000] {dag.py:3823} INFO - Setting next_dagrun for restaurant_etl_pipeline to 2025-06-26 18:00:00+00:00, run_after=2025-06-27 00:00:00+00:00
[2025-06-26T23:12:07.508+0000] {processor.py:183} INFO - Processing /opt/airflow/dags/restaurant_etl_dag.py took 0.075 seconds
[2025-06-26T23:12:37.733+0000] {processor.py:161} INFO - Started process (PID=1480) to work on /opt/airflow/dags/restaurant_etl_dag.py
[2025-06-26T23:12:37.733+0000] {processor.py:830} INFO - Processing file /opt/airflow/dags/restaurant_etl_dag.py for tasks to queue
[2025-06-26T23:12:37.734+0000] {logging_mixin.py:188} INFO - [2025-06-26T23:12:37.734+0000] {dagbag.py:538} INFO - Filling up the DagBag from /opt/airflow/dags/restaurant_etl_dag.py
[2025-06-26T23:12:37.750+0000] {processor.py:840} INFO - DAG(s) 'restaurant_etl_pipeline' retrieved from /opt/airflow/dags/restaurant_etl_dag.py
[2025-06-26T23:12:37.771+0000] {logging_mixin.py:188} INFO - [2025-06-26T23:12:37.771+0000] {dag.py:3036} INFO - Sync 1 DAGs
[2025-06-26T23:12:37.789+0000] {logging_mixin.py:188} INFO - [2025-06-26T23:12:37.789+0000] {dag.py:3823} INFO - Setting next_dagrun for restaurant_etl_pipeline to 2025-06-26 18:00:00+00:00, run_after=2025-06-27 00:00:00+00:00
[2025-06-26T23:12:37.803+0000] {processor.py:183} INFO - Processing /opt/airflow/dags/restaurant_etl_dag.py took 0.072 seconds
[2025-06-26T23:13:08.013+0000] {processor.py:161} INFO - Started process (PID=1496) to work on /opt/airflow/dags/restaurant_etl_dag.py
[2025-06-26T23:13:08.014+0000] {processor.py:830} INFO - Processing file /opt/airflow/dags/restaurant_etl_dag.py for tasks to queue
[2025-06-26T23:13:08.014+0000] {logging_mixin.py:188} INFO - [2025-06-26T23:13:08.014+0000] {dagbag.py:538} INFO - Filling up the DagBag from /opt/airflow/dags/restaurant_etl_dag.py
[2025-06-26T23:13:08.029+0000] {processor.py:840} INFO - DAG(s) 'restaurant_etl_pipeline' retrieved from /opt/airflow/dags/restaurant_etl_dag.py
[2025-06-26T23:13:08.050+0000] {logging_mixin.py:188} INFO - [2025-06-26T23:13:08.050+0000] {dag.py:3036} INFO - Sync 1 DAGs
[2025-06-26T23:13:08.065+0000] {logging_mixin.py:188} INFO - [2025-06-26T23:13:08.065+0000] {dag.py:3823} INFO - Setting next_dagrun for restaurant_etl_pipeline to 2025-06-26 18:00:00+00:00, run_after=2025-06-27 00:00:00+00:00
[2025-06-26T23:13:08.079+0000] {processor.py:183} INFO - Processing /opt/airflow/dags/restaurant_etl_dag.py took 0.068 seconds
[2025-06-26T23:13:38.295+0000] {processor.py:161} INFO - Started process (PID=1512) to work on /opt/airflow/dags/restaurant_etl_dag.py
[2025-06-26T23:13:38.295+0000] {processor.py:830} INFO - Processing file /opt/airflow/dags/restaurant_etl_dag.py for tasks to queue
[2025-06-26T23:13:38.296+0000] {logging_mixin.py:188} INFO - [2025-06-26T23:13:38.296+0000] {dagbag.py:538} INFO - Filling up the DagBag from /opt/airflow/dags/restaurant_etl_dag.py
[2025-06-26T23:13:38.310+0000] {processor.py:840} INFO - DAG(s) 'restaurant_etl_pipeline' retrieved from /opt/airflow/dags/restaurant_etl_dag.py
[2025-06-26T23:13:38.331+0000] {logging_mixin.py:188} INFO - [2025-06-26T23:13:38.331+0000] {dag.py:3036} INFO - Sync 1 DAGs
[2025-06-26T23:13:38.350+0000] {logging_mixin.py:188} INFO - [2025-06-26T23:13:38.350+0000] {dag.py:3823} INFO - Setting next_dagrun for restaurant_etl_pipeline to 2025-06-26 18:00:00+00:00, run_after=2025-06-27 00:00:00+00:00
[2025-06-26T23:13:38.371+0000] {processor.py:183} INFO - Processing /opt/airflow/dags/restaurant_etl_dag.py took 0.078 seconds
[2025-06-26T23:14:08.499+0000] {processor.py:161} INFO - Started process (PID=1528) to work on /opt/airflow/dags/restaurant_etl_dag.py
[2025-06-26T23:14:08.500+0000] {processor.py:830} INFO - Processing file /opt/airflow/dags/restaurant_etl_dag.py for tasks to queue
[2025-06-26T23:14:08.500+0000] {logging_mixin.py:188} INFO - [2025-06-26T23:14:08.500+0000] {dagbag.py:538} INFO - Filling up the DagBag from /opt/airflow/dags/restaurant_etl_dag.py
[2025-06-26T23:14:08.518+0000] {processor.py:840} INFO - DAG(s) 'restaurant_etl_pipeline' retrieved from /opt/airflow/dags/restaurant_etl_dag.py
[2025-06-26T23:14:08.539+0000] {logging_mixin.py:188} INFO - [2025-06-26T23:14:08.539+0000] {dag.py:3036} INFO - Sync 1 DAGs
[2025-06-26T23:14:08.554+0000] {logging_mixin.py:188} INFO - [2025-06-26T23:14:08.554+0000] {dag.py:3823} INFO - Setting next_dagrun for restaurant_etl_pipeline to 2025-06-26 18:00:00+00:00, run_after=2025-06-27 00:00:00+00:00
[2025-06-26T23:14:08.569+0000] {processor.py:183} INFO - Processing /opt/airflow/dags/restaurant_etl_dag.py took 0.073 seconds
[2025-06-26T23:14:38.729+0000] {processor.py:161} INFO - Started process (PID=1544) to work on /opt/airflow/dags/restaurant_etl_dag.py
[2025-06-26T23:14:38.730+0000] {processor.py:830} INFO - Processing file /opt/airflow/dags/restaurant_etl_dag.py for tasks to queue
[2025-06-26T23:14:38.731+0000] {logging_mixin.py:188} INFO - [2025-06-26T23:14:38.730+0000] {dagbag.py:538} INFO - Filling up the DagBag from /opt/airflow/dags/restaurant_etl_dag.py
[2025-06-26T23:14:38.745+0000] {processor.py:840} INFO - DAG(s) 'restaurant_etl_pipeline' retrieved from /opt/airflow/dags/restaurant_etl_dag.py
[2025-06-26T23:14:38.764+0000] {logging_mixin.py:188} INFO - [2025-06-26T23:14:38.764+0000] {dag.py:3036} INFO - Sync 1 DAGs
[2025-06-26T23:14:38.778+0000] {logging_mixin.py:188} INFO - [2025-06-26T23:14:38.778+0000] {dag.py:3823} INFO - Setting next_dagrun for restaurant_etl_pipeline to 2025-06-26 18:00:00+00:00, run_after=2025-06-27 00:00:00+00:00
[2025-06-26T23:14:38.791+0000] {processor.py:183} INFO - Processing /opt/airflow/dags/restaurant_etl_dag.py took 0.064 seconds
[2025-06-26T23:15:08.917+0000] {processor.py:161} INFO - Started process (PID=1560) to work on /opt/airflow/dags/restaurant_etl_dag.py
[2025-06-26T23:15:08.918+0000] {processor.py:830} INFO - Processing file /opt/airflow/dags/restaurant_etl_dag.py for tasks to queue
[2025-06-26T23:15:08.919+0000] {logging_mixin.py:188} INFO - [2025-06-26T23:15:08.918+0000] {dagbag.py:538} INFO - Filling up the DagBag from /opt/airflow/dags/restaurant_etl_dag.py
[2025-06-26T23:15:08.933+0000] {processor.py:840} INFO - DAG(s) 'restaurant_etl_pipeline' retrieved from /opt/airflow/dags/restaurant_etl_dag.py
[2025-06-26T23:15:08.954+0000] {logging_mixin.py:188} INFO - [2025-06-26T23:15:08.954+0000] {dag.py:3036} INFO - Sync 1 DAGs
[2025-06-26T23:15:08.969+0000] {logging_mixin.py:188} INFO - [2025-06-26T23:15:08.969+0000] {dag.py:3823} INFO - Setting next_dagrun for restaurant_etl_pipeline to 2025-06-26 18:00:00+00:00, run_after=2025-06-27 00:00:00+00:00
[2025-06-26T23:15:08.983+0000] {processor.py:183} INFO - Processing /opt/airflow/dags/restaurant_etl_dag.py took 0.068 seconds
[2025-06-26T23:15:39.193+0000] {processor.py:161} INFO - Started process (PID=1576) to work on /opt/airflow/dags/restaurant_etl_dag.py
[2025-06-26T23:15:39.194+0000] {processor.py:830} INFO - Processing file /opt/airflow/dags/restaurant_etl_dag.py for tasks to queue
[2025-06-26T23:15:39.194+0000] {logging_mixin.py:188} INFO - [2025-06-26T23:15:39.194+0000] {dagbag.py:538} INFO - Filling up the DagBag from /opt/airflow/dags/restaurant_etl_dag.py
[2025-06-26T23:15:39.209+0000] {processor.py:840} INFO - DAG(s) 'restaurant_etl_pipeline' retrieved from /opt/airflow/dags/restaurant_etl_dag.py
[2025-06-26T23:15:39.232+0000] {logging_mixin.py:188} INFO - [2025-06-26T23:15:39.232+0000] {dag.py:3036} INFO - Sync 1 DAGs
[2025-06-26T23:15:39.247+0000] {logging_mixin.py:188} INFO - [2025-06-26T23:15:39.247+0000] {dag.py:3823} INFO - Setting next_dagrun for restaurant_etl_pipeline to 2025-06-26 18:00:00+00:00, run_after=2025-06-27 00:00:00+00:00
[2025-06-26T23:15:39.263+0000] {processor.py:183} INFO - Processing /opt/airflow/dags/restaurant_etl_dag.py took 0.072 seconds
[2025-06-26T23:16:09.398+0000] {processor.py:161} INFO - Started process (PID=1593) to work on /opt/airflow/dags/restaurant_etl_dag.py
[2025-06-26T23:16:09.398+0000] {processor.py:830} INFO - Processing file /opt/airflow/dags/restaurant_etl_dag.py for tasks to queue
[2025-06-26T23:16:09.399+0000] {logging_mixin.py:188} INFO - [2025-06-26T23:16:09.399+0000] {dagbag.py:538} INFO - Filling up the DagBag from /opt/airflow/dags/restaurant_etl_dag.py
[2025-06-26T23:16:09.419+0000] {processor.py:840} INFO - DAG(s) 'restaurant_etl_pipeline' retrieved from /opt/airflow/dags/restaurant_etl_dag.py
[2025-06-26T23:16:09.444+0000] {logging_mixin.py:188} INFO - [2025-06-26T23:16:09.444+0000] {dag.py:3036} INFO - Sync 1 DAGs
[2025-06-26T23:16:09.461+0000] {logging_mixin.py:188} INFO - [2025-06-26T23:16:09.461+0000] {dag.py:3823} INFO - Setting next_dagrun for restaurant_etl_pipeline to 2025-06-26 18:00:00+00:00, run_after=2025-06-27 00:00:00+00:00
[2025-06-26T23:16:09.479+0000] {processor.py:183} INFO - Processing /opt/airflow/dags/restaurant_etl_dag.py took 0.084 seconds
[2025-06-26T23:16:39.696+0000] {processor.py:161} INFO - Started process (PID=1609) to work on /opt/airflow/dags/restaurant_etl_dag.py
[2025-06-26T23:16:39.697+0000] {processor.py:830} INFO - Processing file /opt/airflow/dags/restaurant_etl_dag.py for tasks to queue
[2025-06-26T23:16:39.698+0000] {logging_mixin.py:188} INFO - [2025-06-26T23:16:39.697+0000] {dagbag.py:538} INFO - Filling up the DagBag from /opt/airflow/dags/restaurant_etl_dag.py
[2025-06-26T23:16:39.714+0000] {processor.py:840} INFO - DAG(s) 'restaurant_etl_pipeline' retrieved from /opt/airflow/dags/restaurant_etl_dag.py
[2025-06-26T23:16:39.734+0000] {logging_mixin.py:188} INFO - [2025-06-26T23:16:39.734+0000] {dag.py:3036} INFO - Sync 1 DAGs
[2025-06-26T23:16:39.750+0000] {logging_mixin.py:188} INFO - [2025-06-26T23:16:39.749+0000] {dag.py:3823} INFO - Setting next_dagrun for restaurant_etl_pipeline to 2025-06-26 18:00:00+00:00, run_after=2025-06-27 00:00:00+00:00
[2025-06-26T23:16:39.763+0000] {processor.py:183} INFO - Processing /opt/airflow/dags/restaurant_etl_dag.py took 0.069 seconds
[2025-06-26T23:17:09.898+0000] {processor.py:161} INFO - Started process (PID=1625) to work on /opt/airflow/dags/restaurant_etl_dag.py
[2025-06-26T23:17:09.898+0000] {processor.py:830} INFO - Processing file /opt/airflow/dags/restaurant_etl_dag.py for tasks to queue
[2025-06-26T23:17:09.899+0000] {logging_mixin.py:188} INFO - [2025-06-26T23:17:09.899+0000] {dagbag.py:538} INFO - Filling up the DagBag from /opt/airflow/dags/restaurant_etl_dag.py
[2025-06-26T23:17:09.917+0000] {processor.py:840} INFO - DAG(s) 'restaurant_etl_pipeline' retrieved from /opt/airflow/dags/restaurant_etl_dag.py
[2025-06-26T23:17:09.939+0000] {logging_mixin.py:188} INFO - [2025-06-26T23:17:09.939+0000] {dag.py:3036} INFO - Sync 1 DAGs
[2025-06-26T23:17:09.956+0000] {logging_mixin.py:188} INFO - [2025-06-26T23:17:09.956+0000] {dag.py:3823} INFO - Setting next_dagrun for restaurant_etl_pipeline to 2025-06-26 18:00:00+00:00, run_after=2025-06-27 00:00:00+00:00
[2025-06-26T23:17:09.977+0000] {processor.py:183} INFO - Processing /opt/airflow/dags/restaurant_etl_dag.py took 0.081 seconds
[2025-06-26T23:17:40.179+0000] {processor.py:161} INFO - Started process (PID=1641) to work on /opt/airflow/dags/restaurant_etl_dag.py
[2025-06-26T23:17:40.180+0000] {processor.py:830} INFO - Processing file /opt/airflow/dags/restaurant_etl_dag.py for tasks to queue
[2025-06-26T23:17:40.180+0000] {logging_mixin.py:188} INFO - [2025-06-26T23:17:40.180+0000] {dagbag.py:538} INFO - Filling up the DagBag from /opt/airflow/dags/restaurant_etl_dag.py
[2025-06-26T23:17:40.194+0000] {processor.py:840} INFO - DAG(s) 'restaurant_etl_pipeline' retrieved from /opt/airflow/dags/restaurant_etl_dag.py
[2025-06-26T23:17:40.213+0000] {logging_mixin.py:188} INFO - [2025-06-26T23:17:40.212+0000] {dag.py:3036} INFO - Sync 1 DAGs
[2025-06-26T23:17:40.227+0000] {logging_mixin.py:188} INFO - [2025-06-26T23:17:40.227+0000] {dag.py:3823} INFO - Setting next_dagrun for restaurant_etl_pipeline to 2025-06-26 18:00:00+00:00, run_after=2025-06-27 00:00:00+00:00
[2025-06-26T23:17:40.240+0000] {processor.py:183} INFO - Processing /opt/airflow/dags/restaurant_etl_dag.py took 0.063 seconds
[2025-06-26T23:18:10.675+0000] {processor.py:161} INFO - Started process (PID=1657) to work on /opt/airflow/dags/restaurant_etl_dag.py
[2025-06-26T23:18:10.676+0000] {processor.py:830} INFO - Processing file /opt/airflow/dags/restaurant_etl_dag.py for tasks to queue
[2025-06-26T23:18:10.677+0000] {logging_mixin.py:188} INFO - [2025-06-26T23:18:10.676+0000] {dagbag.py:538} INFO - Filling up the DagBag from /opt/airflow/dags/restaurant_etl_dag.py
[2025-06-26T23:18:10.694+0000] {processor.py:840} INFO - DAG(s) 'restaurant_etl_pipeline' retrieved from /opt/airflow/dags/restaurant_etl_dag.py
[2025-06-26T23:18:10.714+0000] {logging_mixin.py:188} INFO - [2025-06-26T23:18:10.714+0000] {dag.py:3036} INFO - Sync 1 DAGs
[2025-06-26T23:18:10.730+0000] {logging_mixin.py:188} INFO - [2025-06-26T23:18:10.729+0000] {dag.py:3823} INFO - Setting next_dagrun for restaurant_etl_pipeline to 2025-06-26 18:00:00+00:00, run_after=2025-06-27 00:00:00+00:00
[2025-06-26T23:18:10.744+0000] {processor.py:183} INFO - Processing /opt/airflow/dags/restaurant_etl_dag.py took 0.072 seconds
[2025-06-26T23:18:40.899+0000] {processor.py:161} INFO - Started process (PID=1673) to work on /opt/airflow/dags/restaurant_etl_dag.py
[2025-06-26T23:18:40.899+0000] {processor.py:830} INFO - Processing file /opt/airflow/dags/restaurant_etl_dag.py for tasks to queue
[2025-06-26T23:18:40.900+0000] {logging_mixin.py:188} INFO - [2025-06-26T23:18:40.900+0000] {dagbag.py:538} INFO - Filling up the DagBag from /opt/airflow/dags/restaurant_etl_dag.py
[2025-06-26T23:18:40.916+0000] {processor.py:840} INFO - DAG(s) 'restaurant_etl_pipeline' retrieved from /opt/airflow/dags/restaurant_etl_dag.py
[2025-06-26T23:18:40.936+0000] {logging_mixin.py:188} INFO - [2025-06-26T23:18:40.936+0000] {dag.py:3036} INFO - Sync 1 DAGs
[2025-06-26T23:18:40.952+0000] {logging_mixin.py:188} INFO - [2025-06-26T23:18:40.952+0000] {dag.py:3823} INFO - Setting next_dagrun for restaurant_etl_pipeline to 2025-06-26 18:00:00+00:00, run_after=2025-06-27 00:00:00+00:00
[2025-06-26T23:18:40.965+0000] {processor.py:183} INFO - Processing /opt/airflow/dags/restaurant_etl_dag.py took 0.068 seconds
[2025-06-26T23:19:11.109+0000] {processor.py:161} INFO - Started process (PID=1689) to work on /opt/airflow/dags/restaurant_etl_dag.py
[2025-06-26T23:19:11.110+0000] {processor.py:830} INFO - Processing file /opt/airflow/dags/restaurant_etl_dag.py for tasks to queue
[2025-06-26T23:19:11.111+0000] {logging_mixin.py:188} INFO - [2025-06-26T23:19:11.111+0000] {dagbag.py:538} INFO - Filling up the DagBag from /opt/airflow/dags/restaurant_etl_dag.py
[2025-06-26T23:19:11.128+0000] {processor.py:840} INFO - DAG(s) 'restaurant_etl_pipeline' retrieved from /opt/airflow/dags/restaurant_etl_dag.py
[2025-06-26T23:19:11.147+0000] {logging_mixin.py:188} INFO - [2025-06-26T23:19:11.147+0000] {dag.py:3036} INFO - Sync 1 DAGs
[2025-06-26T23:19:11.162+0000] {logging_mixin.py:188} INFO - [2025-06-26T23:19:11.162+0000] {dag.py:3823} INFO - Setting next_dagrun for restaurant_etl_pipeline to 2025-06-26 18:00:00+00:00, run_after=2025-06-27 00:00:00+00:00
[2025-06-26T23:19:11.176+0000] {processor.py:183} INFO - Processing /opt/airflow/dags/restaurant_etl_dag.py took 0.069 seconds
[2025-06-26T23:19:41.396+0000] {processor.py:161} INFO - Started process (PID=1705) to work on /opt/airflow/dags/restaurant_etl_dag.py
[2025-06-26T23:19:41.396+0000] {processor.py:830} INFO - Processing file /opt/airflow/dags/restaurant_etl_dag.py for tasks to queue
[2025-06-26T23:19:41.397+0000] {logging_mixin.py:188} INFO - [2025-06-26T23:19:41.397+0000] {dagbag.py:538} INFO - Filling up the DagBag from /opt/airflow/dags/restaurant_etl_dag.py
[2025-06-26T23:19:41.412+0000] {processor.py:840} INFO - DAG(s) 'restaurant_etl_pipeline' retrieved from /opt/airflow/dags/restaurant_etl_dag.py
[2025-06-26T23:19:41.434+0000] {logging_mixin.py:188} INFO - [2025-06-26T23:19:41.434+0000] {dag.py:3036} INFO - Sync 1 DAGs
[2025-06-26T23:19:41.571+0000] {logging_mixin.py:188} INFO - [2025-06-26T23:19:41.571+0000] {dag.py:3823} INFO - Setting next_dagrun for restaurant_etl_pipeline to 2025-06-26 18:00:00+00:00, run_after=2025-06-27 00:00:00+00:00
[2025-06-26T23:19:41.586+0000] {processor.py:183} INFO - Processing /opt/airflow/dags/restaurant_etl_dag.py took 0.192 seconds
[2025-06-26T23:20:11.698+0000] {processor.py:161} INFO - Started process (PID=1722) to work on /opt/airflow/dags/restaurant_etl_dag.py
[2025-06-26T23:20:11.698+0000] {processor.py:830} INFO - Processing file /opt/airflow/dags/restaurant_etl_dag.py for tasks to queue
[2025-06-26T23:20:11.699+0000] {logging_mixin.py:188} INFO - [2025-06-26T23:20:11.699+0000] {dagbag.py:538} INFO - Filling up the DagBag from /opt/airflow/dags/restaurant_etl_dag.py
[2025-06-26T23:20:11.714+0000] {processor.py:840} INFO - DAG(s) 'restaurant_etl_pipeline' retrieved from /opt/airflow/dags/restaurant_etl_dag.py
[2025-06-26T23:20:11.734+0000] {logging_mixin.py:188} INFO - [2025-06-26T23:20:11.734+0000] {dag.py:3036} INFO - Sync 1 DAGs
[2025-06-26T23:20:11.748+0000] {logging_mixin.py:188} INFO - [2025-06-26T23:20:11.748+0000] {dag.py:3823} INFO - Setting next_dagrun for restaurant_etl_pipeline to 2025-06-26 18:00:00+00:00, run_after=2025-06-27 00:00:00+00:00
[2025-06-26T23:20:11.763+0000] {processor.py:183} INFO - Processing /opt/airflow/dags/restaurant_etl_dag.py took 0.067 seconds
[2025-06-26T23:20:42.094+0000] {processor.py:161} INFO - Started process (PID=1738) to work on /opt/airflow/dags/restaurant_etl_dag.py
[2025-06-26T23:20:42.095+0000] {processor.py:830} INFO - Processing file /opt/airflow/dags/restaurant_etl_dag.py for tasks to queue
[2025-06-26T23:20:42.096+0000] {logging_mixin.py:188} INFO - [2025-06-26T23:20:42.095+0000] {dagbag.py:538} INFO - Filling up the DagBag from /opt/airflow/dags/restaurant_etl_dag.py
[2025-06-26T23:20:42.111+0000] {processor.py:840} INFO - DAG(s) 'restaurant_etl_pipeline' retrieved from /opt/airflow/dags/restaurant_etl_dag.py
[2025-06-26T23:20:42.129+0000] {logging_mixin.py:188} INFO - [2025-06-26T23:20:42.129+0000] {dag.py:3036} INFO - Sync 1 DAGs
[2025-06-26T23:20:42.144+0000] {logging_mixin.py:188} INFO - [2025-06-26T23:20:42.144+0000] {dag.py:3823} INFO - Setting next_dagrun for restaurant_etl_pipeline to 2025-06-26 18:00:00+00:00, run_after=2025-06-27 00:00:00+00:00
[2025-06-26T23:20:42.156+0000] {processor.py:183} INFO - Processing /opt/airflow/dags/restaurant_etl_dag.py took 0.064 seconds
[2025-06-26T23:21:12.341+0000] {processor.py:161} INFO - Started process (PID=1754) to work on /opt/airflow/dags/restaurant_etl_dag.py
[2025-06-26T23:21:12.342+0000] {processor.py:830} INFO - Processing file /opt/airflow/dags/restaurant_etl_dag.py for tasks to queue
[2025-06-26T23:21:12.343+0000] {logging_mixin.py:188} INFO - [2025-06-26T23:21:12.342+0000] {dagbag.py:538} INFO - Filling up the DagBag from /opt/airflow/dags/restaurant_etl_dag.py
[2025-06-26T23:21:12.357+0000] {processor.py:840} INFO - DAG(s) 'restaurant_etl_pipeline' retrieved from /opt/airflow/dags/restaurant_etl_dag.py
[2025-06-26T23:21:12.378+0000] {logging_mixin.py:188} INFO - [2025-06-26T23:21:12.378+0000] {dag.py:3036} INFO - Sync 1 DAGs
[2025-06-26T23:21:12.393+0000] {logging_mixin.py:188} INFO - [2025-06-26T23:21:12.393+0000] {dag.py:3823} INFO - Setting next_dagrun for restaurant_etl_pipeline to 2025-06-26 18:00:00+00:00, run_after=2025-06-27 00:00:00+00:00
[2025-06-26T23:21:12.407+0000] {processor.py:183} INFO - Processing /opt/airflow/dags/restaurant_etl_dag.py took 0.068 seconds
[2025-06-26T23:21:42.556+0000] {processor.py:161} INFO - Started process (PID=1770) to work on /opt/airflow/dags/restaurant_etl_dag.py
[2025-06-26T23:21:42.557+0000] {processor.py:830} INFO - Processing file /opt/airflow/dags/restaurant_etl_dag.py for tasks to queue
[2025-06-26T23:21:42.558+0000] {logging_mixin.py:188} INFO - [2025-06-26T23:21:42.557+0000] {dagbag.py:538} INFO - Filling up the DagBag from /opt/airflow/dags/restaurant_etl_dag.py
[2025-06-26T23:21:42.576+0000] {processor.py:840} INFO - DAG(s) 'restaurant_etl_pipeline' retrieved from /opt/airflow/dags/restaurant_etl_dag.py
[2025-06-26T23:21:42.598+0000] {logging_mixin.py:188} INFO - [2025-06-26T23:21:42.598+0000] {dag.py:3036} INFO - Sync 1 DAGs
[2025-06-26T23:21:42.614+0000] {logging_mixin.py:188} INFO - [2025-06-26T23:21:42.614+0000] {dag.py:3823} INFO - Setting next_dagrun for restaurant_etl_pipeline to 2025-06-26 18:00:00+00:00, run_after=2025-06-27 00:00:00+00:00
[2025-06-26T23:21:42.629+0000] {processor.py:183} INFO - Processing /opt/airflow/dags/restaurant_etl_dag.py took 0.075 seconds
[2025-06-26T23:22:12.759+0000] {processor.py:161} INFO - Started process (PID=1787) to work on /opt/airflow/dags/restaurant_etl_dag.py
[2025-06-26T23:22:12.760+0000] {processor.py:830} INFO - Processing file /opt/airflow/dags/restaurant_etl_dag.py for tasks to queue
[2025-06-26T23:22:12.760+0000] {logging_mixin.py:188} INFO - [2025-06-26T23:22:12.760+0000] {dagbag.py:538} INFO - Filling up the DagBag from /opt/airflow/dags/restaurant_etl_dag.py
[2025-06-26T23:22:12.774+0000] {processor.py:840} INFO - DAG(s) 'restaurant_etl_pipeline' retrieved from /opt/airflow/dags/restaurant_etl_dag.py
[2025-06-26T23:22:12.793+0000] {logging_mixin.py:188} INFO - [2025-06-26T23:22:12.793+0000] {dag.py:3036} INFO - Sync 1 DAGs
[2025-06-26T23:22:12.807+0000] {logging_mixin.py:188} INFO - [2025-06-26T23:22:12.807+0000] {dag.py:3823} INFO - Setting next_dagrun for restaurant_etl_pipeline to 2025-06-26 18:00:00+00:00, run_after=2025-06-27 00:00:00+00:00
[2025-06-26T23:22:12.819+0000] {processor.py:183} INFO - Processing /opt/airflow/dags/restaurant_etl_dag.py took 0.063 seconds
[2025-06-26T23:22:42.978+0000] {processor.py:161} INFO - Started process (PID=1803) to work on /opt/airflow/dags/restaurant_etl_dag.py
[2025-06-26T23:22:42.979+0000] {processor.py:830} INFO - Processing file /opt/airflow/dags/restaurant_etl_dag.py for tasks to queue
[2025-06-26T23:22:42.980+0000] {logging_mixin.py:188} INFO - [2025-06-26T23:22:42.979+0000] {dagbag.py:538} INFO - Filling up the DagBag from /opt/airflow/dags/restaurant_etl_dag.py
[2025-06-26T23:22:42.996+0000] {processor.py:840} INFO - DAG(s) 'restaurant_etl_pipeline' retrieved from /opt/airflow/dags/restaurant_etl_dag.py
[2025-06-26T23:22:43.017+0000] {logging_mixin.py:188} INFO - [2025-06-26T23:22:43.017+0000] {dag.py:3036} INFO - Sync 1 DAGs
[2025-06-26T23:22:43.036+0000] {logging_mixin.py:188} INFO - [2025-06-26T23:22:43.036+0000] {dag.py:3823} INFO - Setting next_dagrun for restaurant_etl_pipeline to 2025-06-26 18:00:00+00:00, run_after=2025-06-27 00:00:00+00:00
[2025-06-26T23:22:43.051+0000] {processor.py:183} INFO - Processing /opt/airflow/dags/restaurant_etl_dag.py took 0.075 seconds
[2025-06-26T23:23:13.186+0000] {processor.py:161} INFO - Started process (PID=1819) to work on /opt/airflow/dags/restaurant_etl_dag.py
[2025-06-26T23:23:13.187+0000] {processor.py:830} INFO - Processing file /opt/airflow/dags/restaurant_etl_dag.py for tasks to queue
[2025-06-26T23:23:13.187+0000] {logging_mixin.py:188} INFO - [2025-06-26T23:23:13.187+0000] {dagbag.py:538} INFO - Filling up the DagBag from /opt/airflow/dags/restaurant_etl_dag.py
[2025-06-26T23:23:13.201+0000] {processor.py:840} INFO - DAG(s) 'restaurant_etl_pipeline' retrieved from /opt/airflow/dags/restaurant_etl_dag.py
[2025-06-26T23:23:13.220+0000] {logging_mixin.py:188} INFO - [2025-06-26T23:23:13.220+0000] {dag.py:3036} INFO - Sync 1 DAGs
[2025-06-26T23:23:13.234+0000] {logging_mixin.py:188} INFO - [2025-06-26T23:23:13.234+0000] {dag.py:3823} INFO - Setting next_dagrun for restaurant_etl_pipeline to 2025-06-26 18:00:00+00:00, run_after=2025-06-27 00:00:00+00:00
[2025-06-26T23:23:13.248+0000] {processor.py:183} INFO - Processing /opt/airflow/dags/restaurant_etl_dag.py took 0.065 seconds
[2025-06-26T23:23:43.481+0000] {processor.py:161} INFO - Started process (PID=1835) to work on /opt/airflow/dags/restaurant_etl_dag.py
[2025-06-26T23:23:43.481+0000] {processor.py:830} INFO - Processing file /opt/airflow/dags/restaurant_etl_dag.py for tasks to queue
[2025-06-26T23:23:43.482+0000] {logging_mixin.py:188} INFO - [2025-06-26T23:23:43.482+0000] {dagbag.py:538} INFO - Filling up the DagBag from /opt/airflow/dags/restaurant_etl_dag.py
[2025-06-26T23:23:43.496+0000] {processor.py:840} INFO - DAG(s) 'restaurant_etl_pipeline' retrieved from /opt/airflow/dags/restaurant_etl_dag.py
[2025-06-26T23:23:43.516+0000] {logging_mixin.py:188} INFO - [2025-06-26T23:23:43.516+0000] {dag.py:3036} INFO - Sync 1 DAGs
[2025-06-26T23:23:43.529+0000] {logging_mixin.py:188} INFO - [2025-06-26T23:23:43.529+0000] {dag.py:3823} INFO - Setting next_dagrun for restaurant_etl_pipeline to 2025-06-26 18:00:00+00:00, run_after=2025-06-27 00:00:00+00:00
[2025-06-26T23:23:43.544+0000] {processor.py:183} INFO - Processing /opt/airflow/dags/restaurant_etl_dag.py took 0.065 seconds
[2025-06-26T23:24:13.752+0000] {processor.py:161} INFO - Started process (PID=1851) to work on /opt/airflow/dags/restaurant_etl_dag.py
[2025-06-26T23:24:13.752+0000] {processor.py:830} INFO - Processing file /opt/airflow/dags/restaurant_etl_dag.py for tasks to queue
[2025-06-26T23:24:13.753+0000] {logging_mixin.py:188} INFO - [2025-06-26T23:24:13.753+0000] {dagbag.py:538} INFO - Filling up the DagBag from /opt/airflow/dags/restaurant_etl_dag.py
[2025-06-26T23:24:13.767+0000] {processor.py:840} INFO - DAG(s) 'restaurant_etl_pipeline' retrieved from /opt/airflow/dags/restaurant_etl_dag.py
[2025-06-26T23:24:13.787+0000] {logging_mixin.py:188} INFO - [2025-06-26T23:24:13.787+0000] {dag.py:3036} INFO - Sync 1 DAGs
[2025-06-26T23:24:13.802+0000] {logging_mixin.py:188} INFO - [2025-06-26T23:24:13.802+0000] {dag.py:3823} INFO - Setting next_dagrun for restaurant_etl_pipeline to 2025-06-26 18:00:00+00:00, run_after=2025-06-27 00:00:00+00:00
[2025-06-26T23:24:13.815+0000] {processor.py:183} INFO - Processing /opt/airflow/dags/restaurant_etl_dag.py took 0.065 seconds
[2025-06-26T23:24:43.967+0000] {processor.py:161} INFO - Started process (PID=1867) to work on /opt/airflow/dags/restaurant_etl_dag.py
[2025-06-26T23:24:43.967+0000] {processor.py:830} INFO - Processing file /opt/airflow/dags/restaurant_etl_dag.py for tasks to queue
[2025-06-26T23:24:43.968+0000] {logging_mixin.py:188} INFO - [2025-06-26T23:24:43.968+0000] {dagbag.py:538} INFO - Filling up the DagBag from /opt/airflow/dags/restaurant_etl_dag.py
[2025-06-26T23:24:43.987+0000] {processor.py:840} INFO - DAG(s) 'restaurant_etl_pipeline' retrieved from /opt/airflow/dags/restaurant_etl_dag.py
[2025-06-26T23:24:44.011+0000] {logging_mixin.py:188} INFO - [2025-06-26T23:24:44.010+0000] {dag.py:3036} INFO - Sync 1 DAGs
[2025-06-26T23:24:44.032+0000] {logging_mixin.py:188} INFO - [2025-06-26T23:24:44.031+0000] {dag.py:3823} INFO - Setting next_dagrun for restaurant_etl_pipeline to 2025-06-26 18:00:00+00:00, run_after=2025-06-27 00:00:00+00:00
[2025-06-26T23:24:44.048+0000] {processor.py:183} INFO - Processing /opt/airflow/dags/restaurant_etl_dag.py took 0.084 seconds
[2025-06-26T23:25:14.152+0000] {processor.py:161} INFO - Started process (PID=1884) to work on /opt/airflow/dags/restaurant_etl_dag.py
[2025-06-26T23:25:14.153+0000] {processor.py:830} INFO - Processing file /opt/airflow/dags/restaurant_etl_dag.py for tasks to queue
[2025-06-26T23:25:14.153+0000] {logging_mixin.py:188} INFO - [2025-06-26T23:25:14.153+0000] {dagbag.py:538} INFO - Filling up the DagBag from /opt/airflow/dags/restaurant_etl_dag.py
[2025-06-26T23:25:14.168+0000] {processor.py:840} INFO - DAG(s) 'restaurant_etl_pipeline' retrieved from /opt/airflow/dags/restaurant_etl_dag.py
[2025-06-26T23:25:14.187+0000] {logging_mixin.py:188} INFO - [2025-06-26T23:25:14.187+0000] {dag.py:3036} INFO - Sync 1 DAGs
[2025-06-26T23:25:14.202+0000] {logging_mixin.py:188} INFO - [2025-06-26T23:25:14.202+0000] {dag.py:3823} INFO - Setting next_dagrun for restaurant_etl_pipeline to 2025-06-26 18:00:00+00:00, run_after=2025-06-27 00:00:00+00:00
[2025-06-26T23:25:14.216+0000] {processor.py:183} INFO - Processing /opt/airflow/dags/restaurant_etl_dag.py took 0.066 seconds
[2025-06-26T23:25:44.443+0000] {processor.py:161} INFO - Started process (PID=1900) to work on /opt/airflow/dags/restaurant_etl_dag.py
[2025-06-26T23:25:44.444+0000] {processor.py:830} INFO - Processing file /opt/airflow/dags/restaurant_etl_dag.py for tasks to queue
[2025-06-26T23:25:44.445+0000] {logging_mixin.py:188} INFO - [2025-06-26T23:25:44.445+0000] {dagbag.py:538} INFO - Filling up the DagBag from /opt/airflow/dags/restaurant_etl_dag.py
[2025-06-26T23:25:44.467+0000] {processor.py:840} INFO - DAG(s) 'restaurant_etl_pipeline' retrieved from /opt/airflow/dags/restaurant_etl_dag.py
[2025-06-26T23:25:44.499+0000] {logging_mixin.py:188} INFO - [2025-06-26T23:25:44.499+0000] {dag.py:3036} INFO - Sync 1 DAGs
[2025-06-26T23:25:44.524+0000] {logging_mixin.py:188} INFO - [2025-06-26T23:25:44.524+0000] {dag.py:3823} INFO - Setting next_dagrun for restaurant_etl_pipeline to 2025-06-26 18:00:00+00:00, run_after=2025-06-27 00:00:00+00:00
[2025-06-26T23:25:44.548+0000] {processor.py:183} INFO - Processing /opt/airflow/dags/restaurant_etl_dag.py took 0.107 seconds
[2025-06-26T23:26:14.773+0000] {processor.py:161} INFO - Started process (PID=1916) to work on /opt/airflow/dags/restaurant_etl_dag.py
[2025-06-26T23:26:14.773+0000] {processor.py:830} INFO - Processing file /opt/airflow/dags/restaurant_etl_dag.py for tasks to queue
[2025-06-26T23:26:14.774+0000] {logging_mixin.py:188} INFO - [2025-06-26T23:26:14.774+0000] {dagbag.py:538} INFO - Filling up the DagBag from /opt/airflow/dags/restaurant_etl_dag.py
[2025-06-26T23:26:14.792+0000] {processor.py:840} INFO - DAG(s) 'restaurant_etl_pipeline' retrieved from /opt/airflow/dags/restaurant_etl_dag.py
[2025-06-26T23:26:14.815+0000] {logging_mixin.py:188} INFO - [2025-06-26T23:26:14.815+0000] {dag.py:3036} INFO - Sync 1 DAGs
[2025-06-26T23:26:14.832+0000] {logging_mixin.py:188} INFO - [2025-06-26T23:26:14.832+0000] {dag.py:3823} INFO - Setting next_dagrun for restaurant_etl_pipeline to 2025-06-26 18:00:00+00:00, run_after=2025-06-27 00:00:00+00:00
[2025-06-26T23:26:14.847+0000] {processor.py:183} INFO - Processing /opt/airflow/dags/restaurant_etl_dag.py took 0.077 seconds
[2025-06-26T23:26:45.078+0000] {processor.py:161} INFO - Started process (PID=1932) to work on /opt/airflow/dags/restaurant_etl_dag.py
[2025-06-26T23:26:45.078+0000] {processor.py:830} INFO - Processing file /opt/airflow/dags/restaurant_etl_dag.py for tasks to queue
[2025-06-26T23:26:45.079+0000] {logging_mixin.py:188} INFO - [2025-06-26T23:26:45.079+0000] {dagbag.py:538} INFO - Filling up the DagBag from /opt/airflow/dags/restaurant_etl_dag.py
[2025-06-26T23:26:45.093+0000] {processor.py:840} INFO - DAG(s) 'restaurant_etl_pipeline' retrieved from /opt/airflow/dags/restaurant_etl_dag.py
[2025-06-26T23:26:45.113+0000] {logging_mixin.py:188} INFO - [2025-06-26T23:26:45.113+0000] {dag.py:3036} INFO - Sync 1 DAGs
[2025-06-26T23:26:45.128+0000] {logging_mixin.py:188} INFO - [2025-06-26T23:26:45.128+0000] {dag.py:3823} INFO - Setting next_dagrun for restaurant_etl_pipeline to 2025-06-26 18:00:00+00:00, run_after=2025-06-27 00:00:00+00:00
[2025-06-26T23:26:45.143+0000] {processor.py:183} INFO - Processing /opt/airflow/dags/restaurant_etl_dag.py took 0.067 seconds
[2025-06-26T23:27:15.293+0000] {processor.py:161} INFO - Started process (PID=1948) to work on /opt/airflow/dags/restaurant_etl_dag.py
[2025-06-26T23:27:15.294+0000] {processor.py:830} INFO - Processing file /opt/airflow/dags/restaurant_etl_dag.py for tasks to queue
[2025-06-26T23:27:15.295+0000] {logging_mixin.py:188} INFO - [2025-06-26T23:27:15.294+0000] {dagbag.py:538} INFO - Filling up the DagBag from /opt/airflow/dags/restaurant_etl_dag.py
[2025-06-26T23:27:15.311+0000] {processor.py:840} INFO - DAG(s) 'restaurant_etl_pipeline' retrieved from /opt/airflow/dags/restaurant_etl_dag.py
[2025-06-26T23:27:15.331+0000] {logging_mixin.py:188} INFO - [2025-06-26T23:27:15.331+0000] {dag.py:3036} INFO - Sync 1 DAGs
[2025-06-26T23:27:15.346+0000] {logging_mixin.py:188} INFO - [2025-06-26T23:27:15.346+0000] {dag.py:3823} INFO - Setting next_dagrun for restaurant_etl_pipeline to 2025-06-26 18:00:00+00:00, run_after=2025-06-27 00:00:00+00:00
[2025-06-26T23:27:15.361+0000] {processor.py:183} INFO - Processing /opt/airflow/dags/restaurant_etl_dag.py took 0.070 seconds
[2025-06-26T23:27:45.515+0000] {processor.py:161} INFO - Started process (PID=1964) to work on /opt/airflow/dags/restaurant_etl_dag.py
[2025-06-26T23:27:45.516+0000] {processor.py:830} INFO - Processing file /opt/airflow/dags/restaurant_etl_dag.py for tasks to queue
[2025-06-26T23:27:45.516+0000] {logging_mixin.py:188} INFO - [2025-06-26T23:27:45.516+0000] {dagbag.py:538} INFO - Filling up the DagBag from /opt/airflow/dags/restaurant_etl_dag.py
[2025-06-26T23:27:45.534+0000] {processor.py:840} INFO - DAG(s) 'restaurant_etl_pipeline' retrieved from /opt/airflow/dags/restaurant_etl_dag.py
[2025-06-26T23:27:45.554+0000] {logging_mixin.py:188} INFO - [2025-06-26T23:27:45.554+0000] {dag.py:3036} INFO - Sync 1 DAGs
[2025-06-26T23:27:45.570+0000] {logging_mixin.py:188} INFO - [2025-06-26T23:27:45.569+0000] {dag.py:3823} INFO - Setting next_dagrun for restaurant_etl_pipeline to 2025-06-26 18:00:00+00:00, run_after=2025-06-27 00:00:00+00:00
[2025-06-26T23:27:45.586+0000] {processor.py:183} INFO - Processing /opt/airflow/dags/restaurant_etl_dag.py took 0.073 seconds
[2025-06-26T23:28:15.782+0000] {processor.py:161} INFO - Started process (PID=1980) to work on /opt/airflow/dags/restaurant_etl_dag.py
[2025-06-26T23:28:15.782+0000] {processor.py:830} INFO - Processing file /opt/airflow/dags/restaurant_etl_dag.py for tasks to queue
[2025-06-26T23:28:15.783+0000] {logging_mixin.py:188} INFO - [2025-06-26T23:28:15.783+0000] {dagbag.py:538} INFO - Filling up the DagBag from /opt/airflow/dags/restaurant_etl_dag.py
[2025-06-26T23:28:15.800+0000] {processor.py:840} INFO - DAG(s) 'restaurant_etl_pipeline' retrieved from /opt/airflow/dags/restaurant_etl_dag.py
[2025-06-26T23:28:15.821+0000] {logging_mixin.py:188} INFO - [2025-06-26T23:28:15.821+0000] {dag.py:3036} INFO - Sync 1 DAGs
[2025-06-26T23:28:15.838+0000] {logging_mixin.py:188} INFO - [2025-06-26T23:28:15.837+0000] {dag.py:3823} INFO - Setting next_dagrun for restaurant_etl_pipeline to 2025-06-26 18:00:00+00:00, run_after=2025-06-27 00:00:00+00:00
[2025-06-26T23:28:15.853+0000] {processor.py:183} INFO - Processing /opt/airflow/dags/restaurant_etl_dag.py took 0.074 seconds
[2025-06-26T23:28:46.105+0000] {processor.py:161} INFO - Started process (PID=1996) to work on /opt/airflow/dags/restaurant_etl_dag.py
[2025-06-26T23:28:46.106+0000] {processor.py:830} INFO - Processing file /opt/airflow/dags/restaurant_etl_dag.py for tasks to queue
[2025-06-26T23:28:46.107+0000] {logging_mixin.py:188} INFO - [2025-06-26T23:28:46.106+0000] {dagbag.py:538} INFO - Filling up the DagBag from /opt/airflow/dags/restaurant_etl_dag.py
[2025-06-26T23:28:46.132+0000] {processor.py:840} INFO - DAG(s) 'restaurant_etl_pipeline' retrieved from /opt/airflow/dags/restaurant_etl_dag.py
[2025-06-26T23:28:46.154+0000] {logging_mixin.py:188} INFO - [2025-06-26T23:28:46.154+0000] {dag.py:3036} INFO - Sync 1 DAGs
[2025-06-26T23:28:46.169+0000] {logging_mixin.py:188} INFO - [2025-06-26T23:28:46.168+0000] {dag.py:3823} INFO - Setting next_dagrun for restaurant_etl_pipeline to 2025-06-26 18:00:00+00:00, run_after=2025-06-27 00:00:00+00:00
[2025-06-26T23:28:46.184+0000] {processor.py:183} INFO - Processing /opt/airflow/dags/restaurant_etl_dag.py took 0.082 seconds
[2025-06-26T23:29:16.313+0000] {processor.py:161} INFO - Started process (PID=2012) to work on /opt/airflow/dags/restaurant_etl_dag.py
[2025-06-26T23:29:16.314+0000] {processor.py:830} INFO - Processing file /opt/airflow/dags/restaurant_etl_dag.py for tasks to queue
[2025-06-26T23:29:16.315+0000] {logging_mixin.py:188} INFO - [2025-06-26T23:29:16.314+0000] {dagbag.py:538} INFO - Filling up the DagBag from /opt/airflow/dags/restaurant_etl_dag.py
[2025-06-26T23:29:16.330+0000] {processor.py:840} INFO - DAG(s) 'restaurant_etl_pipeline' retrieved from /opt/airflow/dags/restaurant_etl_dag.py
[2025-06-26T23:29:16.350+0000] {logging_mixin.py:188} INFO - [2025-06-26T23:29:16.350+0000] {dag.py:3036} INFO - Sync 1 DAGs
[2025-06-26T23:29:16.366+0000] {logging_mixin.py:188} INFO - [2025-06-26T23:29:16.366+0000] {dag.py:3823} INFO - Setting next_dagrun for restaurant_etl_pipeline to 2025-06-26 18:00:00+00:00, run_after=2025-06-27 00:00:00+00:00
[2025-06-26T23:29:16.381+0000] {processor.py:183} INFO - Processing /opt/airflow/dags/restaurant_etl_dag.py took 0.070 seconds
[2025-06-26T23:29:46.582+0000] {processor.py:161} INFO - Started process (PID=2028) to work on /opt/airflow/dags/restaurant_etl_dag.py
[2025-06-26T23:29:46.583+0000] {processor.py:830} INFO - Processing file /opt/airflow/dags/restaurant_etl_dag.py for tasks to queue
[2025-06-26T23:29:46.584+0000] {logging_mixin.py:188} INFO - [2025-06-26T23:29:46.583+0000] {dagbag.py:538} INFO - Filling up the DagBag from /opt/airflow/dags/restaurant_etl_dag.py
[2025-06-26T23:29:46.602+0000] {processor.py:840} INFO - DAG(s) 'restaurant_etl_pipeline' retrieved from /opt/airflow/dags/restaurant_etl_dag.py
[2025-06-26T23:29:46.624+0000] {logging_mixin.py:188} INFO - [2025-06-26T23:29:46.624+0000] {dag.py:3036} INFO - Sync 1 DAGs
[2025-06-26T23:29:46.638+0000] {logging_mixin.py:188} INFO - [2025-06-26T23:29:46.638+0000] {dag.py:3823} INFO - Setting next_dagrun for restaurant_etl_pipeline to 2025-06-26 18:00:00+00:00, run_after=2025-06-27 00:00:00+00:00
[2025-06-26T23:29:46.652+0000] {processor.py:183} INFO - Processing /opt/airflow/dags/restaurant_etl_dag.py took 0.073 seconds
[2025-06-26T23:30:16.925+0000] {processor.py:161} INFO - Started process (PID=2044) to work on /opt/airflow/dags/restaurant_etl_dag.py
[2025-06-26T23:30:16.926+0000] {processor.py:830} INFO - Processing file /opt/airflow/dags/restaurant_etl_dag.py for tasks to queue
[2025-06-26T23:30:16.927+0000] {logging_mixin.py:188} INFO - [2025-06-26T23:30:16.926+0000] {dagbag.py:538} INFO - Filling up the DagBag from /opt/airflow/dags/restaurant_etl_dag.py
[2025-06-26T23:30:16.944+0000] {processor.py:840} INFO - DAG(s) 'restaurant_etl_pipeline' retrieved from /opt/airflow/dags/restaurant_etl_dag.py
[2025-06-26T23:30:16.966+0000] {logging_mixin.py:188} INFO - [2025-06-26T23:30:16.965+0000] {dag.py:3036} INFO - Sync 1 DAGs
[2025-06-26T23:30:16.981+0000] {logging_mixin.py:188} INFO - [2025-06-26T23:30:16.981+0000] {dag.py:3823} INFO - Setting next_dagrun for restaurant_etl_pipeline to 2025-06-26 18:00:00+00:00, run_after=2025-06-27 00:00:00+00:00
[2025-06-26T23:30:16.996+0000] {processor.py:183} INFO - Processing /opt/airflow/dags/restaurant_etl_dag.py took 0.073 seconds
[2025-06-26T23:30:47.204+0000] {processor.py:161} INFO - Started process (PID=2060) to work on /opt/airflow/dags/restaurant_etl_dag.py
[2025-06-26T23:30:47.205+0000] {processor.py:830} INFO - Processing file /opt/airflow/dags/restaurant_etl_dag.py for tasks to queue
[2025-06-26T23:30:47.205+0000] {logging_mixin.py:188} INFO - [2025-06-26T23:30:47.205+0000] {dagbag.py:538} INFO - Filling up the DagBag from /opt/airflow/dags/restaurant_etl_dag.py
[2025-06-26T23:30:47.219+0000] {processor.py:840} INFO - DAG(s) 'restaurant_etl_pipeline' retrieved from /opt/airflow/dags/restaurant_etl_dag.py
[2025-06-26T23:30:47.238+0000] {logging_mixin.py:188} INFO - [2025-06-26T23:30:47.238+0000] {dag.py:3036} INFO - Sync 1 DAGs
[2025-06-26T23:30:47.256+0000] {logging_mixin.py:188} INFO - [2025-06-26T23:30:47.256+0000] {dag.py:3823} INFO - Setting next_dagrun for restaurant_etl_pipeline to 2025-06-26 18:00:00+00:00, run_after=2025-06-27 00:00:00+00:00
[2025-06-26T23:30:47.274+0000] {processor.py:183} INFO - Processing /opt/airflow/dags/restaurant_etl_dag.py took 0.072 seconds
[2025-06-26T23:31:17.508+0000] {processor.py:161} INFO - Started process (PID=2087) to work on /opt/airflow/dags/restaurant_etl_dag.py
[2025-06-26T23:31:17.512+0000] {processor.py:830} INFO - Processing file /opt/airflow/dags/restaurant_etl_dag.py for tasks to queue
[2025-06-26T23:31:17.513+0000] {logging_mixin.py:188} INFO - [2025-06-26T23:31:17.513+0000] {dagbag.py:538} INFO - Filling up the DagBag from /opt/airflow/dags/restaurant_etl_dag.py
[2025-06-26T23:31:17.530+0000] {processor.py:840} INFO - DAG(s) 'restaurant_etl_pipeline' retrieved from /opt/airflow/dags/restaurant_etl_dag.py
[2025-06-26T23:31:17.562+0000] {logging_mixin.py:188} INFO - [2025-06-26T23:31:17.562+0000] {dag.py:3036} INFO - Sync 1 DAGs
[2025-06-26T23:31:17.592+0000] {processor.py:183} INFO - Processing /opt/airflow/dags/restaurant_etl_dag.py took 0.086 seconds
[2025-06-26T23:31:47.807+0000] {processor.py:161} INFO - Started process (PID=2107) to work on /opt/airflow/dags/restaurant_etl_dag.py
[2025-06-26T23:31:47.807+0000] {processor.py:830} INFO - Processing file /opt/airflow/dags/restaurant_etl_dag.py for tasks to queue
[2025-06-26T23:31:47.808+0000] {logging_mixin.py:188} INFO - [2025-06-26T23:31:47.808+0000] {dagbag.py:538} INFO - Filling up the DagBag from /opt/airflow/dags/restaurant_etl_dag.py
[2025-06-26T23:31:47.825+0000] {processor.py:840} INFO - DAG(s) 'restaurant_etl_pipeline' retrieved from /opt/airflow/dags/restaurant_etl_dag.py
[2025-06-26T23:31:47.850+0000] {logging_mixin.py:188} INFO - [2025-06-26T23:31:47.849+0000] {dag.py:3036} INFO - Sync 1 DAGs
[2025-06-26T23:31:47.864+0000] {logging_mixin.py:188} INFO - [2025-06-26T23:31:47.864+0000] {dag.py:3823} INFO - Setting next_dagrun for restaurant_etl_pipeline to 2025-06-26 18:00:00+00:00, run_after=2025-06-27 00:00:00+00:00
[2025-06-26T23:31:47.881+0000] {processor.py:183} INFO - Processing /opt/airflow/dags/restaurant_etl_dag.py took 0.077 seconds
[2025-06-26T23:32:18.123+0000] {processor.py:161} INFO - Started process (PID=2123) to work on /opt/airflow/dags/restaurant_etl_dag.py
[2025-06-26T23:32:18.124+0000] {processor.py:830} INFO - Processing file /opt/airflow/dags/restaurant_etl_dag.py for tasks to queue
[2025-06-26T23:32:18.124+0000] {logging_mixin.py:188} INFO - [2025-06-26T23:32:18.124+0000] {dagbag.py:538} INFO - Filling up the DagBag from /opt/airflow/dags/restaurant_etl_dag.py
[2025-06-26T23:32:18.140+0000] {processor.py:840} INFO - DAG(s) 'restaurant_etl_pipeline' retrieved from /opt/airflow/dags/restaurant_etl_dag.py
[2025-06-26T23:32:18.162+0000] {logging_mixin.py:188} INFO - [2025-06-26T23:32:18.161+0000] {dag.py:3036} INFO - Sync 1 DAGs
[2025-06-26T23:32:18.176+0000] {logging_mixin.py:188} INFO - [2025-06-26T23:32:18.175+0000] {dag.py:3823} INFO - Setting next_dagrun for restaurant_etl_pipeline to 2025-06-26 18:00:00+00:00, run_after=2025-06-27 00:00:00+00:00
[2025-06-26T23:32:18.190+0000] {processor.py:183} INFO - Processing /opt/airflow/dags/restaurant_etl_dag.py took 0.069 seconds
[2025-06-26T23:32:48.335+0000] {processor.py:161} INFO - Started process (PID=2138) to work on /opt/airflow/dags/restaurant_etl_dag.py
[2025-06-26T23:32:48.336+0000] {processor.py:830} INFO - Processing file /opt/airflow/dags/restaurant_etl_dag.py for tasks to queue
[2025-06-26T23:32:48.337+0000] {logging_mixin.py:188} INFO - [2025-06-26T23:32:48.336+0000] {dagbag.py:538} INFO - Filling up the DagBag from /opt/airflow/dags/restaurant_etl_dag.py
[2025-06-26T23:32:48.352+0000] {processor.py:840} INFO - DAG(s) 'restaurant_etl_pipeline' retrieved from /opt/airflow/dags/restaurant_etl_dag.py
[2025-06-26T23:32:48.372+0000] {logging_mixin.py:188} INFO - [2025-06-26T23:32:48.372+0000] {dag.py:3036} INFO - Sync 1 DAGs
[2025-06-26T23:32:48.387+0000] {logging_mixin.py:188} INFO - [2025-06-26T23:32:48.387+0000] {dag.py:3823} INFO - Setting next_dagrun for restaurant_etl_pipeline to 2025-06-26 18:00:00+00:00, run_after=2025-06-27 00:00:00+00:00
[2025-06-26T23:32:48.402+0000] {processor.py:183} INFO - Processing /opt/airflow/dags/restaurant_etl_dag.py took 0.069 seconds
[2025-06-26T23:33:18.637+0000] {processor.py:161} INFO - Started process (PID=2154) to work on /opt/airflow/dags/restaurant_etl_dag.py
[2025-06-26T23:33:18.638+0000] {processor.py:830} INFO - Processing file /opt/airflow/dags/restaurant_etl_dag.py for tasks to queue
[2025-06-26T23:33:18.638+0000] {logging_mixin.py:188} INFO - [2025-06-26T23:33:18.638+0000] {dagbag.py:538} INFO - Filling up the DagBag from /opt/airflow/dags/restaurant_etl_dag.py
[2025-06-26T23:33:18.654+0000] {processor.py:840} INFO - DAG(s) 'restaurant_etl_pipeline' retrieved from /opt/airflow/dags/restaurant_etl_dag.py
[2025-06-26T23:33:18.675+0000] {logging_mixin.py:188} INFO - [2025-06-26T23:33:18.675+0000] {dag.py:3036} INFO - Sync 1 DAGs
[2025-06-26T23:33:18.690+0000] {logging_mixin.py:188} INFO - [2025-06-26T23:33:18.690+0000] {dag.py:3823} INFO - Setting next_dagrun for restaurant_etl_pipeline to 2025-06-26 18:00:00+00:00, run_after=2025-06-27 00:00:00+00:00
[2025-06-26T23:33:18.703+0000] {processor.py:183} INFO - Processing /opt/airflow/dags/restaurant_etl_dag.py took 0.068 seconds
[2025-06-26T23:33:48.864+0000] {processor.py:161} INFO - Started process (PID=2170) to work on /opt/airflow/dags/restaurant_etl_dag.py
[2025-06-26T23:33:48.864+0000] {processor.py:830} INFO - Processing file /opt/airflow/dags/restaurant_etl_dag.py for tasks to queue
[2025-06-26T23:33:48.865+0000] {logging_mixin.py:188} INFO - [2025-06-26T23:33:48.865+0000] {dagbag.py:538} INFO - Filling up the DagBag from /opt/airflow/dags/restaurant_etl_dag.py
[2025-06-26T23:33:48.880+0000] {processor.py:840} INFO - DAG(s) 'restaurant_etl_pipeline' retrieved from /opt/airflow/dags/restaurant_etl_dag.py
[2025-06-26T23:33:48.899+0000] {logging_mixin.py:188} INFO - [2025-06-26T23:33:48.899+0000] {dag.py:3036} INFO - Sync 1 DAGs
[2025-06-26T23:33:48.921+0000] {logging_mixin.py:188} INFO - [2025-06-26T23:33:48.921+0000] {dag.py:3823} INFO - Setting next_dagrun for restaurant_etl_pipeline to 2025-06-26 18:00:00+00:00, run_after=2025-06-27 00:00:00+00:00
[2025-06-26T23:33:48.936+0000] {processor.py:183} INFO - Processing /opt/airflow/dags/restaurant_etl_dag.py took 0.075 seconds
[2025-06-26T23:34:19.057+0000] {processor.py:161} INFO - Started process (PID=2186) to work on /opt/airflow/dags/restaurant_etl_dag.py
[2025-06-26T23:34:19.058+0000] {processor.py:830} INFO - Processing file /opt/airflow/dags/restaurant_etl_dag.py for tasks to queue
[2025-06-26T23:34:19.059+0000] {logging_mixin.py:188} INFO - [2025-06-26T23:34:19.058+0000] {dagbag.py:538} INFO - Filling up the DagBag from /opt/airflow/dags/restaurant_etl_dag.py
[2025-06-26T23:34:19.072+0000] {processor.py:840} INFO - DAG(s) 'restaurant_etl_pipeline' retrieved from /opt/airflow/dags/restaurant_etl_dag.py
[2025-06-26T23:34:19.093+0000] {logging_mixin.py:188} INFO - [2025-06-26T23:34:19.092+0000] {dag.py:3036} INFO - Sync 1 DAGs
[2025-06-26T23:34:19.107+0000] {logging_mixin.py:188} INFO - [2025-06-26T23:34:19.107+0000] {dag.py:3823} INFO - Setting next_dagrun for restaurant_etl_pipeline to 2025-06-26 18:00:00+00:00, run_after=2025-06-27 00:00:00+00:00
[2025-06-26T23:34:19.122+0000] {processor.py:183} INFO - Processing /opt/airflow/dags/restaurant_etl_dag.py took 0.067 seconds
[2025-06-26T23:34:49.457+0000] {processor.py:161} INFO - Started process (PID=2202) to work on /opt/airflow/dags/restaurant_etl_dag.py
[2025-06-26T23:34:49.459+0000] {processor.py:830} INFO - Processing file /opt/airflow/dags/restaurant_etl_dag.py for tasks to queue
[2025-06-26T23:34:49.461+0000] {logging_mixin.py:188} INFO - [2025-06-26T23:34:49.460+0000] {dagbag.py:538} INFO - Filling up the DagBag from /opt/airflow/dags/restaurant_etl_dag.py
[2025-06-26T23:34:49.579+0000] {processor.py:840} INFO - DAG(s) 'restaurant_etl_pipeline' retrieved from /opt/airflow/dags/restaurant_etl_dag.py
[2025-06-26T23:34:49.708+0000] {logging_mixin.py:188} INFO - [2025-06-26T23:34:49.708+0000] {dag.py:3036} INFO - Sync 1 DAGs
[2025-06-26T23:34:49.865+0000] {logging_mixin.py:188} INFO - [2025-06-26T23:34:49.863+0000] {dag.py:3823} INFO - Setting next_dagrun for restaurant_etl_pipeline to 2025-06-26 18:00:00+00:00, run_after=2025-06-27 00:00:00+00:00
[2025-06-26T23:34:49.954+0000] {processor.py:183} INFO - Processing /opt/airflow/dags/restaurant_etl_dag.py took 0.541 seconds
[2025-06-26T23:35:20.180+0000] {processor.py:161} INFO - Started process (PID=2218) to work on /opt/airflow/dags/restaurant_etl_dag.py
[2025-06-26T23:35:20.181+0000] {processor.py:830} INFO - Processing file /opt/airflow/dags/restaurant_etl_dag.py for tasks to queue
[2025-06-26T23:35:20.182+0000] {logging_mixin.py:188} INFO - [2025-06-26T23:35:20.182+0000] {dagbag.py:538} INFO - Filling up the DagBag from /opt/airflow/dags/restaurant_etl_dag.py
[2025-06-26T23:35:20.460+0000] {processor.py:840} INFO - DAG(s) 'restaurant_etl_pipeline' retrieved from /opt/airflow/dags/restaurant_etl_dag.py
[2025-06-26T23:35:20.773+0000] {logging_mixin.py:188} INFO - [2025-06-26T23:35:20.772+0000] {dag.py:3036} INFO - Sync 1 DAGs
[2025-06-26T23:35:20.842+0000] {logging_mixin.py:188} INFO - [2025-06-26T23:35:20.842+0000] {dag.py:3823} INFO - Setting next_dagrun for restaurant_etl_pipeline to 2025-06-26 18:00:00+00:00, run_after=2025-06-27 00:00:00+00:00
[2025-06-26T23:35:20.857+0000] {processor.py:183} INFO - Processing /opt/airflow/dags/restaurant_etl_dag.py took 0.682 seconds
[2025-06-26T23:35:51.071+0000] {processor.py:161} INFO - Started process (PID=2234) to work on /opt/airflow/dags/restaurant_etl_dag.py
[2025-06-26T23:35:51.074+0000] {processor.py:830} INFO - Processing file /opt/airflow/dags/restaurant_etl_dag.py for tasks to queue
[2025-06-26T23:35:51.077+0000] {logging_mixin.py:188} INFO - [2025-06-26T23:35:51.076+0000] {dagbag.py:538} INFO - Filling up the DagBag from /opt/airflow/dags/restaurant_etl_dag.py
[2025-06-26T23:35:51.118+0000] {processor.py:840} INFO - DAG(s) 'restaurant_etl_pipeline' retrieved from /opt/airflow/dags/restaurant_etl_dag.py
[2025-06-26T23:35:51.160+0000] {logging_mixin.py:188} INFO - [2025-06-26T23:35:51.160+0000] {dag.py:3036} INFO - Sync 1 DAGs
[2025-06-26T23:35:51.191+0000] {logging_mixin.py:188} INFO - [2025-06-26T23:35:51.191+0000] {dag.py:3823} INFO - Setting next_dagrun for restaurant_etl_pipeline to 2025-06-26 18:00:00+00:00, run_after=2025-06-27 00:00:00+00:00
[2025-06-26T23:35:51.212+0000] {processor.py:183} INFO - Processing /opt/airflow/dags/restaurant_etl_dag.py took 0.156 seconds
[2025-06-26T23:36:21.277+0000] {processor.py:161} INFO - Started process (PID=2250) to work on /opt/airflow/dags/restaurant_etl_dag.py
[2025-06-26T23:36:21.278+0000] {processor.py:830} INFO - Processing file /opt/airflow/dags/restaurant_etl_dag.py for tasks to queue
[2025-06-26T23:36:21.279+0000] {logging_mixin.py:188} INFO - [2025-06-26T23:36:21.278+0000] {dagbag.py:538} INFO - Filling up the DagBag from /opt/airflow/dags/restaurant_etl_dag.py
[2025-06-26T23:36:21.295+0000] {processor.py:840} INFO - DAG(s) 'restaurant_etl_pipeline' retrieved from /opt/airflow/dags/restaurant_etl_dag.py
[2025-06-26T23:36:21.323+0000] {logging_mixin.py:188} INFO - [2025-06-26T23:36:21.323+0000] {dag.py:3036} INFO - Sync 1 DAGs
[2025-06-26T23:36:21.349+0000] {logging_mixin.py:188} INFO - [2025-06-26T23:36:21.349+0000] {dag.py:3823} INFO - Setting next_dagrun for restaurant_etl_pipeline to 2025-06-26 18:00:00+00:00, run_after=2025-06-27 00:00:00+00:00
[2025-06-26T23:36:21.364+0000] {processor.py:183} INFO - Processing /opt/airflow/dags/restaurant_etl_dag.py took 0.090 seconds
[2025-06-26T23:36:51.583+0000] {processor.py:161} INFO - Started process (PID=2265) to work on /opt/airflow/dags/restaurant_etl_dag.py
[2025-06-26T23:36:51.583+0000] {processor.py:830} INFO - Processing file /opt/airflow/dags/restaurant_etl_dag.py for tasks to queue
[2025-06-26T23:36:51.584+0000] {logging_mixin.py:188} INFO - [2025-06-26T23:36:51.584+0000] {dagbag.py:538} INFO - Filling up the DagBag from /opt/airflow/dags/restaurant_etl_dag.py
[2025-06-26T23:36:51.598+0000] {processor.py:840} INFO - DAG(s) 'restaurant_etl_pipeline' retrieved from /opt/airflow/dags/restaurant_etl_dag.py
[2025-06-26T23:36:51.626+0000] {logging_mixin.py:188} INFO - [2025-06-26T23:36:51.625+0000] {dag.py:3036} INFO - Sync 1 DAGs
[2025-06-26T23:36:51.647+0000] {logging_mixin.py:188} INFO - [2025-06-26T23:36:51.647+0000] {dag.py:3823} INFO - Setting next_dagrun for restaurant_etl_pipeline to 2025-06-26 18:00:00+00:00, run_after=2025-06-27 00:00:00+00:00
[2025-06-26T23:36:51.663+0000] {processor.py:183} INFO - Processing /opt/airflow/dags/restaurant_etl_dag.py took 0.083 seconds
[2025-06-26T23:37:21.872+0000] {processor.py:161} INFO - Started process (PID=2281) to work on /opt/airflow/dags/restaurant_etl_dag.py
[2025-06-26T23:37:21.872+0000] {processor.py:830} INFO - Processing file /opt/airflow/dags/restaurant_etl_dag.py for tasks to queue
[2025-06-26T23:37:21.873+0000] {logging_mixin.py:188} INFO - [2025-06-26T23:37:21.873+0000] {dagbag.py:538} INFO - Filling up the DagBag from /opt/airflow/dags/restaurant_etl_dag.py
[2025-06-26T23:37:21.888+0000] {processor.py:840} INFO - DAG(s) 'restaurant_etl_pipeline' retrieved from /opt/airflow/dags/restaurant_etl_dag.py
[2025-06-26T23:37:21.908+0000] {logging_mixin.py:188} INFO - [2025-06-26T23:37:21.908+0000] {dag.py:3036} INFO - Sync 1 DAGs
[2025-06-26T23:37:21.929+0000] {logging_mixin.py:188} INFO - [2025-06-26T23:37:21.929+0000] {dag.py:3823} INFO - Setting next_dagrun for restaurant_etl_pipeline to 2025-06-26 18:00:00+00:00, run_after=2025-06-27 00:00:00+00:00
[2025-06-26T23:37:21.944+0000] {processor.py:183} INFO - Processing /opt/airflow/dags/restaurant_etl_dag.py took 0.075 seconds
[2025-06-26T23:37:52.089+0000] {processor.py:161} INFO - Started process (PID=2297) to work on /opt/airflow/dags/restaurant_etl_dag.py
[2025-06-26T23:37:52.090+0000] {processor.py:830} INFO - Processing file /opt/airflow/dags/restaurant_etl_dag.py for tasks to queue
[2025-06-26T23:37:52.091+0000] {logging_mixin.py:188} INFO - [2025-06-26T23:37:52.091+0000] {dagbag.py:538} INFO - Filling up the DagBag from /opt/airflow/dags/restaurant_etl_dag.py
[2025-06-26T23:37:52.111+0000] {processor.py:840} INFO - DAG(s) 'restaurant_etl_pipeline' retrieved from /opt/airflow/dags/restaurant_etl_dag.py
[2025-06-26T23:37:52.140+0000] {logging_mixin.py:188} INFO - [2025-06-26T23:37:52.140+0000] {dag.py:3036} INFO - Sync 1 DAGs
[2025-06-26T23:37:52.159+0000] {logging_mixin.py:188} INFO - [2025-06-26T23:37:52.159+0000] {dag.py:3823} INFO - Setting next_dagrun for restaurant_etl_pipeline to 2025-06-26 18:00:00+00:00, run_after=2025-06-27 00:00:00+00:00
[2025-06-26T23:37:52.175+0000] {processor.py:183} INFO - Processing /opt/airflow/dags/restaurant_etl_dag.py took 0.088 seconds
[2025-06-26T23:38:22.371+0000] {processor.py:161} INFO - Started process (PID=2314) to work on /opt/airflow/dags/restaurant_etl_dag.py
[2025-06-26T23:38:22.372+0000] {processor.py:830} INFO - Processing file /opt/airflow/dags/restaurant_etl_dag.py for tasks to queue
[2025-06-26T23:38:22.373+0000] {logging_mixin.py:188} INFO - [2025-06-26T23:38:22.373+0000] {dagbag.py:538} INFO - Filling up the DagBag from /opt/airflow/dags/restaurant_etl_dag.py
[2025-06-26T23:38:22.390+0000] {processor.py:840} INFO - DAG(s) 'restaurant_etl_pipeline' retrieved from /opt/airflow/dags/restaurant_etl_dag.py
[2025-06-26T23:38:22.412+0000] {logging_mixin.py:188} INFO - [2025-06-26T23:38:22.412+0000] {dag.py:3036} INFO - Sync 1 DAGs
[2025-06-26T23:38:22.427+0000] {logging_mixin.py:188} INFO - [2025-06-26T23:38:22.427+0000] {dag.py:3823} INFO - Setting next_dagrun for restaurant_etl_pipeline to 2025-06-26 18:00:00+00:00, run_after=2025-06-27 00:00:00+00:00
[2025-06-26T23:38:22.442+0000] {processor.py:183} INFO - Processing /opt/airflow/dags/restaurant_etl_dag.py took 0.073 seconds
[2025-06-26T23:38:52.702+0000] {processor.py:161} INFO - Started process (PID=2330) to work on /opt/airflow/dags/restaurant_etl_dag.py
[2025-06-26T23:38:52.702+0000] {processor.py:830} INFO - Processing file /opt/airflow/dags/restaurant_etl_dag.py for tasks to queue
[2025-06-26T23:38:52.703+0000] {logging_mixin.py:188} INFO - [2025-06-26T23:38:52.703+0000] {dagbag.py:538} INFO - Filling up the DagBag from /opt/airflow/dags/restaurant_etl_dag.py
[2025-06-26T23:38:52.718+0000] {processor.py:840} INFO - DAG(s) 'restaurant_etl_pipeline' retrieved from /opt/airflow/dags/restaurant_etl_dag.py
[2025-06-26T23:38:52.739+0000] {logging_mixin.py:188} INFO - [2025-06-26T23:38:52.739+0000] {dag.py:3036} INFO - Sync 1 DAGs
[2025-06-26T23:38:52.757+0000] {logging_mixin.py:188} INFO - [2025-06-26T23:38:52.757+0000] {dag.py:3823} INFO - Setting next_dagrun for restaurant_etl_pipeline to 2025-06-26 18:00:00+00:00, run_after=2025-06-27 00:00:00+00:00
[2025-06-26T23:38:52.775+0000] {processor.py:183} INFO - Processing /opt/airflow/dags/restaurant_etl_dag.py took 0.076 seconds
[2025-06-26T23:39:22.992+0000] {processor.py:161} INFO - Started process (PID=2346) to work on /opt/airflow/dags/restaurant_etl_dag.py
[2025-06-26T23:39:22.993+0000] {processor.py:830} INFO - Processing file /opt/airflow/dags/restaurant_etl_dag.py for tasks to queue
[2025-06-26T23:39:22.994+0000] {logging_mixin.py:188} INFO - [2025-06-26T23:39:22.994+0000] {dagbag.py:538} INFO - Filling up the DagBag from /opt/airflow/dags/restaurant_etl_dag.py
[2025-06-26T23:39:23.009+0000] {processor.py:840} INFO - DAG(s) 'restaurant_etl_pipeline' retrieved from /opt/airflow/dags/restaurant_etl_dag.py
[2025-06-26T23:39:23.030+0000] {logging_mixin.py:188} INFO - [2025-06-26T23:39:23.030+0000] {dag.py:3036} INFO - Sync 1 DAGs
[2025-06-26T23:39:23.046+0000] {logging_mixin.py:188} INFO - [2025-06-26T23:39:23.046+0000] {dag.py:3823} INFO - Setting next_dagrun for restaurant_etl_pipeline to 2025-06-26 18:00:00+00:00, run_after=2025-06-27 00:00:00+00:00
[2025-06-26T23:39:23.063+0000] {processor.py:183} INFO - Processing /opt/airflow/dags/restaurant_etl_dag.py took 0.073 seconds
[2025-06-26T23:39:53.289+0000] {processor.py:161} INFO - Started process (PID=2362) to work on /opt/airflow/dags/restaurant_etl_dag.py
[2025-06-26T23:39:53.290+0000] {processor.py:830} INFO - Processing file /opt/airflow/dags/restaurant_etl_dag.py for tasks to queue
[2025-06-26T23:39:53.291+0000] {logging_mixin.py:188} INFO - [2025-06-26T23:39:53.290+0000] {dagbag.py:538} INFO - Filling up the DagBag from /opt/airflow/dags/restaurant_etl_dag.py
[2025-06-26T23:39:53.317+0000] {processor.py:840} INFO - DAG(s) 'restaurant_etl_pipeline' retrieved from /opt/airflow/dags/restaurant_etl_dag.py
[2025-06-26T23:39:53.338+0000] {logging_mixin.py:188} INFO - [2025-06-26T23:39:53.338+0000] {dag.py:3036} INFO - Sync 1 DAGs
[2025-06-26T23:39:53.353+0000] {logging_mixin.py:188} INFO - [2025-06-26T23:39:53.353+0000] {dag.py:3823} INFO - Setting next_dagrun for restaurant_etl_pipeline to 2025-06-26 18:00:00+00:00, run_after=2025-06-27 00:00:00+00:00
[2025-06-26T23:39:53.367+0000] {processor.py:183} INFO - Processing /opt/airflow/dags/restaurant_etl_dag.py took 0.082 seconds
[2025-06-26T23:40:23.504+0000] {processor.py:161} INFO - Started process (PID=2378) to work on /opt/airflow/dags/restaurant_etl_dag.py
[2025-06-26T23:40:23.504+0000] {processor.py:830} INFO - Processing file /opt/airflow/dags/restaurant_etl_dag.py for tasks to queue
[2025-06-26T23:40:23.505+0000] {logging_mixin.py:188} INFO - [2025-06-26T23:40:23.505+0000] {dagbag.py:538} INFO - Filling up the DagBag from /opt/airflow/dags/restaurant_etl_dag.py
[2025-06-26T23:40:23.519+0000] {processor.py:840} INFO - DAG(s) 'restaurant_etl_pipeline' retrieved from /opt/airflow/dags/restaurant_etl_dag.py
[2025-06-26T23:40:23.541+0000] {logging_mixin.py:188} INFO - [2025-06-26T23:40:23.541+0000] {dag.py:3036} INFO - Sync 1 DAGs
[2025-06-26T23:40:23.556+0000] {logging_mixin.py:188} INFO - [2025-06-26T23:40:23.556+0000] {dag.py:3823} INFO - Setting next_dagrun for restaurant_etl_pipeline to 2025-06-26 18:00:00+00:00, run_after=2025-06-27 00:00:00+00:00
[2025-06-26T23:40:23.571+0000] {processor.py:183} INFO - Processing /opt/airflow/dags/restaurant_etl_dag.py took 0.069 seconds
[2025-06-26T23:40:53.798+0000] {processor.py:161} INFO - Started process (PID=2394) to work on /opt/airflow/dags/restaurant_etl_dag.py
[2025-06-26T23:40:53.798+0000] {processor.py:830} INFO - Processing file /opt/airflow/dags/restaurant_etl_dag.py for tasks to queue
[2025-06-26T23:40:53.799+0000] {logging_mixin.py:188} INFO - [2025-06-26T23:40:53.799+0000] {dagbag.py:538} INFO - Filling up the DagBag from /opt/airflow/dags/restaurant_etl_dag.py
[2025-06-26T23:40:53.814+0000] {processor.py:840} INFO - DAG(s) 'restaurant_etl_pipeline' retrieved from /opt/airflow/dags/restaurant_etl_dag.py
[2025-06-26T23:40:53.839+0000] {logging_mixin.py:188} INFO - [2025-06-26T23:40:53.839+0000] {dag.py:3036} INFO - Sync 1 DAGs
[2025-06-26T23:40:53.854+0000] {logging_mixin.py:188} INFO - [2025-06-26T23:40:53.854+0000] {dag.py:3823} INFO - Setting next_dagrun for restaurant_etl_pipeline to 2025-06-26 18:00:00+00:00, run_after=2025-06-27 00:00:00+00:00
[2025-06-26T23:40:53.871+0000] {processor.py:183} INFO - Processing /opt/airflow/dags/restaurant_etl_dag.py took 0.075 seconds
[2025-06-26T23:41:24.007+0000] {processor.py:161} INFO - Started process (PID=2410) to work on /opt/airflow/dags/restaurant_etl_dag.py
[2025-06-26T23:41:24.008+0000] {processor.py:830} INFO - Processing file /opt/airflow/dags/restaurant_etl_dag.py for tasks to queue
[2025-06-26T23:41:24.009+0000] {logging_mixin.py:188} INFO - [2025-06-26T23:41:24.008+0000] {dagbag.py:538} INFO - Filling up the DagBag from /opt/airflow/dags/restaurant_etl_dag.py
[2025-06-26T23:41:24.028+0000] {processor.py:840} INFO - DAG(s) 'restaurant_etl_pipeline' retrieved from /opt/airflow/dags/restaurant_etl_dag.py
[2025-06-26T23:41:24.049+0000] {logging_mixin.py:188} INFO - [2025-06-26T23:41:24.049+0000] {dag.py:3036} INFO - Sync 1 DAGs
[2025-06-26T23:41:24.063+0000] {logging_mixin.py:188} INFO - [2025-06-26T23:41:24.063+0000] {dag.py:3823} INFO - Setting next_dagrun for restaurant_etl_pipeline to 2025-06-26 18:00:00+00:00, run_after=2025-06-27 00:00:00+00:00
[2025-06-26T23:41:24.078+0000] {processor.py:183} INFO - Processing /opt/airflow/dags/restaurant_etl_dag.py took 0.074 seconds
[2025-06-26T23:41:54.296+0000] {processor.py:161} INFO - Started process (PID=2426) to work on /opt/airflow/dags/restaurant_etl_dag.py
[2025-06-26T23:41:54.297+0000] {processor.py:830} INFO - Processing file /opt/airflow/dags/restaurant_etl_dag.py for tasks to queue
[2025-06-26T23:41:54.298+0000] {logging_mixin.py:188} INFO - [2025-06-26T23:41:54.298+0000] {dagbag.py:538} INFO - Filling up the DagBag from /opt/airflow/dags/restaurant_etl_dag.py
[2025-06-26T23:41:54.311+0000] {processor.py:840} INFO - DAG(s) 'restaurant_etl_pipeline' retrieved from /opt/airflow/dags/restaurant_etl_dag.py
[2025-06-26T23:41:54.330+0000] {logging_mixin.py:188} INFO - [2025-06-26T23:41:54.329+0000] {dag.py:3036} INFO - Sync 1 DAGs
[2025-06-26T23:41:54.342+0000] {logging_mixin.py:188} INFO - [2025-06-26T23:41:54.342+0000] {dag.py:3823} INFO - Setting next_dagrun for restaurant_etl_pipeline to 2025-06-26 18:00:00+00:00, run_after=2025-06-27 00:00:00+00:00
[2025-06-26T23:41:54.356+0000] {processor.py:183} INFO - Processing /opt/airflow/dags/restaurant_etl_dag.py took 0.061 seconds
[2025-06-26T23:42:24.509+0000] {processor.py:161} INFO - Started process (PID=2442) to work on /opt/airflow/dags/restaurant_etl_dag.py
[2025-06-26T23:42:24.510+0000] {processor.py:830} INFO - Processing file /opt/airflow/dags/restaurant_etl_dag.py for tasks to queue
[2025-06-26T23:42:24.510+0000] {logging_mixin.py:188} INFO - [2025-06-26T23:42:24.510+0000] {dagbag.py:538} INFO - Filling up the DagBag from /opt/airflow/dags/restaurant_etl_dag.py
[2025-06-26T23:42:24.523+0000] {processor.py:840} INFO - DAG(s) 'restaurant_etl_pipeline' retrieved from /opt/airflow/dags/restaurant_etl_dag.py
[2025-06-26T23:42:24.541+0000] {logging_mixin.py:188} INFO - [2025-06-26T23:42:24.541+0000] {dag.py:3036} INFO - Sync 1 DAGs
[2025-06-26T23:42:24.554+0000] {logging_mixin.py:188} INFO - [2025-06-26T23:42:24.554+0000] {dag.py:3823} INFO - Setting next_dagrun for restaurant_etl_pipeline to 2025-06-26 18:00:00+00:00, run_after=2025-06-27 00:00:00+00:00
[2025-06-26T23:42:24.566+0000] {processor.py:183} INFO - Processing /opt/airflow/dags/restaurant_etl_dag.py took 0.058 seconds
[2025-06-26T23:42:54.723+0000] {processor.py:161} INFO - Started process (PID=2458) to work on /opt/airflow/dags/restaurant_etl_dag.py
[2025-06-26T23:42:54.724+0000] {processor.py:830} INFO - Processing file /opt/airflow/dags/restaurant_etl_dag.py for tasks to queue
[2025-06-26T23:42:54.724+0000] {logging_mixin.py:188} INFO - [2025-06-26T23:42:54.724+0000] {dagbag.py:538} INFO - Filling up the DagBag from /opt/airflow/dags/restaurant_etl_dag.py
[2025-06-26T23:42:54.737+0000] {processor.py:840} INFO - DAG(s) 'restaurant_etl_pipeline' retrieved from /opt/airflow/dags/restaurant_etl_dag.py
[2025-06-26T23:42:54.754+0000] {logging_mixin.py:188} INFO - [2025-06-26T23:42:54.754+0000] {dag.py:3036} INFO - Sync 1 DAGs
[2025-06-26T23:42:54.767+0000] {logging_mixin.py:188} INFO - [2025-06-26T23:42:54.767+0000] {dag.py:3823} INFO - Setting next_dagrun for restaurant_etl_pipeline to 2025-06-26 18:00:00+00:00, run_after=2025-06-27 00:00:00+00:00
[2025-06-26T23:42:54.784+0000] {processor.py:183} INFO - Processing /opt/airflow/dags/restaurant_etl_dag.py took 0.063 seconds
[2025-06-26T23:43:25.041+0000] {processor.py:161} INFO - Started process (PID=2474) to work on /opt/airflow/dags/restaurant_etl_dag.py
[2025-06-26T23:43:25.041+0000] {processor.py:830} INFO - Processing file /opt/airflow/dags/restaurant_etl_dag.py for tasks to queue
[2025-06-26T23:43:25.042+0000] {logging_mixin.py:188} INFO - [2025-06-26T23:43:25.042+0000] {dagbag.py:538} INFO - Filling up the DagBag from /opt/airflow/dags/restaurant_etl_dag.py
[2025-06-26T23:43:25.055+0000] {processor.py:840} INFO - DAG(s) 'restaurant_etl_pipeline' retrieved from /opt/airflow/dags/restaurant_etl_dag.py
[2025-06-26T23:43:25.073+0000] {logging_mixin.py:188} INFO - [2025-06-26T23:43:25.073+0000] {dag.py:3036} INFO - Sync 1 DAGs
[2025-06-26T23:43:25.087+0000] {logging_mixin.py:188} INFO - [2025-06-26T23:43:25.087+0000] {dag.py:3823} INFO - Setting next_dagrun for restaurant_etl_pipeline to 2025-06-26 18:00:00+00:00, run_after=2025-06-27 00:00:00+00:00
[2025-06-26T23:43:25.100+0000] {processor.py:183} INFO - Processing /opt/airflow/dags/restaurant_etl_dag.py took 0.062 seconds
[2025-06-26T23:43:55.369+0000] {processor.py:161} INFO - Started process (PID=2490) to work on /opt/airflow/dags/restaurant_etl_dag.py
[2025-06-26T23:43:55.370+0000] {processor.py:830} INFO - Processing file /opt/airflow/dags/restaurant_etl_dag.py for tasks to queue
[2025-06-26T23:43:55.371+0000] {logging_mixin.py:188} INFO - [2025-06-26T23:43:55.371+0000] {dagbag.py:538} INFO - Filling up the DagBag from /opt/airflow/dags/restaurant_etl_dag.py
[2025-06-26T23:43:55.424+0000] {processor.py:840} INFO - DAG(s) 'restaurant_etl_pipeline' retrieved from /opt/airflow/dags/restaurant_etl_dag.py
[2025-06-26T23:43:55.450+0000] {logging_mixin.py:188} INFO - [2025-06-26T23:43:55.450+0000] {dag.py:3036} INFO - Sync 1 DAGs
[2025-06-26T23:43:55.472+0000] {logging_mixin.py:188} INFO - [2025-06-26T23:43:55.471+0000] {dag.py:3823} INFO - Setting next_dagrun for restaurant_etl_pipeline to 2025-06-26 18:00:00+00:00, run_after=2025-06-27 00:00:00+00:00
[2025-06-26T23:43:55.495+0000] {processor.py:183} INFO - Processing /opt/airflow/dags/restaurant_etl_dag.py took 0.129 seconds
[2025-06-26T23:46:21.360+0000] {processor.py:161} INFO - Started process (PID=2500) to work on /opt/airflow/dags/restaurant_etl_dag.py
[2025-06-26T23:46:21.360+0000] {processor.py:830} INFO - Processing file /opt/airflow/dags/restaurant_etl_dag.py for tasks to queue
[2025-06-26T23:46:21.361+0000] {logging_mixin.py:188} INFO - [2025-06-26T23:46:21.361+0000] {dagbag.py:538} INFO - Filling up the DagBag from /opt/airflow/dags/restaurant_etl_dag.py
[2025-06-26T23:46:21.563+0000] {processor.py:840} INFO - DAG(s) 'restaurant_etl_pipeline' retrieved from /opt/airflow/dags/restaurant_etl_dag.py
[2025-06-26T23:46:21.583+0000] {logging_mixin.py:188} INFO - [2025-06-26T23:46:21.583+0000] {dag.py:3036} INFO - Sync 1 DAGs
[2025-06-26T23:46:21.598+0000] {logging_mixin.py:188} INFO - [2025-06-26T23:46:21.598+0000] {dag.py:3823} INFO - Setting next_dagrun for restaurant_etl_pipeline to 2025-06-26 18:00:00+00:00, run_after=2025-06-27 00:00:00+00:00
[2025-06-26T23:46:21.612+0000] {processor.py:183} INFO - Processing /opt/airflow/dags/restaurant_etl_dag.py took 0.255 seconds
[2025-06-26T23:46:51.823+0000] {processor.py:161} INFO - Started process (PID=2518) to work on /opt/airflow/dags/restaurant_etl_dag.py
[2025-06-26T23:46:51.823+0000] {processor.py:830} INFO - Processing file /opt/airflow/dags/restaurant_etl_dag.py for tasks to queue
[2025-06-26T23:46:51.824+0000] {logging_mixin.py:188} INFO - [2025-06-26T23:46:51.824+0000] {dagbag.py:538} INFO - Filling up the DagBag from /opt/airflow/dags/restaurant_etl_dag.py
[2025-06-26T23:46:51.843+0000] {processor.py:840} INFO - DAG(s) 'restaurant_etl_pipeline' retrieved from /opt/airflow/dags/restaurant_etl_dag.py
[2025-06-26T23:46:51.868+0000] {logging_mixin.py:188} INFO - [2025-06-26T23:46:51.868+0000] {dag.py:3036} INFO - Sync 1 DAGs
[2025-06-26T23:46:51.888+0000] {logging_mixin.py:188} INFO - [2025-06-26T23:46:51.888+0000] {dag.py:3823} INFO - Setting next_dagrun for restaurant_etl_pipeline to 2025-06-26 18:00:00+00:00, run_after=2025-06-27 00:00:00+00:00
[2025-06-26T23:46:51.904+0000] {processor.py:183} INFO - Processing /opt/airflow/dags/restaurant_etl_dag.py took 0.084 seconds
[2025-06-26T23:47:22.126+0000] {processor.py:161} INFO - Started process (PID=2534) to work on /opt/airflow/dags/restaurant_etl_dag.py
[2025-06-26T23:47:22.127+0000] {processor.py:830} INFO - Processing file /opt/airflow/dags/restaurant_etl_dag.py for tasks to queue
[2025-06-26T23:47:22.128+0000] {logging_mixin.py:188} INFO - [2025-06-26T23:47:22.127+0000] {dagbag.py:538} INFO - Filling up the DagBag from /opt/airflow/dags/restaurant_etl_dag.py
[2025-06-26T23:47:22.143+0000] {processor.py:840} INFO - DAG(s) 'restaurant_etl_pipeline' retrieved from /opt/airflow/dags/restaurant_etl_dag.py
[2025-06-26T23:47:22.165+0000] {logging_mixin.py:188} INFO - [2025-06-26T23:47:22.165+0000] {dag.py:3036} INFO - Sync 1 DAGs
[2025-06-26T23:47:22.184+0000] {logging_mixin.py:188} INFO - [2025-06-26T23:47:22.184+0000] {dag.py:3823} INFO - Setting next_dagrun for restaurant_etl_pipeline to 2025-06-26 18:00:00+00:00, run_after=2025-06-27 00:00:00+00:00
[2025-06-26T23:47:22.202+0000] {processor.py:183} INFO - Processing /opt/airflow/dags/restaurant_etl_dag.py took 0.078 seconds
[2025-06-26T23:47:52.344+0000] {processor.py:161} INFO - Started process (PID=2550) to work on /opt/airflow/dags/restaurant_etl_dag.py
[2025-06-26T23:47:52.345+0000] {processor.py:830} INFO - Processing file /opt/airflow/dags/restaurant_etl_dag.py for tasks to queue
[2025-06-26T23:47:52.346+0000] {logging_mixin.py:188} INFO - [2025-06-26T23:47:52.345+0000] {dagbag.py:538} INFO - Filling up the DagBag from /opt/airflow/dags/restaurant_etl_dag.py
[2025-06-26T23:47:52.362+0000] {processor.py:840} INFO - DAG(s) 'restaurant_etl_pipeline' retrieved from /opt/airflow/dags/restaurant_etl_dag.py
[2025-06-26T23:47:52.384+0000] {logging_mixin.py:188} INFO - [2025-06-26T23:47:52.384+0000] {dag.py:3036} INFO - Sync 1 DAGs
[2025-06-26T23:47:52.401+0000] {logging_mixin.py:188} INFO - [2025-06-26T23:47:52.401+0000] {dag.py:3823} INFO - Setting next_dagrun for restaurant_etl_pipeline to 2025-06-26 18:00:00+00:00, run_after=2025-06-27 00:00:00+00:00
[2025-06-26T23:47:52.417+0000] {processor.py:183} INFO - Processing /opt/airflow/dags/restaurant_etl_dag.py took 0.075 seconds
[2025-06-26T23:48:22.577+0000] {processor.py:161} INFO - Started process (PID=2566) to work on /opt/airflow/dags/restaurant_etl_dag.py
[2025-06-26T23:48:22.578+0000] {processor.py:830} INFO - Processing file /opt/airflow/dags/restaurant_etl_dag.py for tasks to queue
[2025-06-26T23:48:22.579+0000] {logging_mixin.py:188} INFO - [2025-06-26T23:48:22.579+0000] {dagbag.py:538} INFO - Filling up the DagBag from /opt/airflow/dags/restaurant_etl_dag.py
[2025-06-26T23:48:22.594+0000] {processor.py:840} INFO - DAG(s) 'restaurant_etl_pipeline' retrieved from /opt/airflow/dags/restaurant_etl_dag.py
[2025-06-26T23:48:22.615+0000] {logging_mixin.py:188} INFO - [2025-06-26T23:48:22.615+0000] {dag.py:3036} INFO - Sync 1 DAGs
[2025-06-26T23:48:22.630+0000] {logging_mixin.py:188} INFO - [2025-06-26T23:48:22.630+0000] {dag.py:3823} INFO - Setting next_dagrun for restaurant_etl_pipeline to 2025-06-26 18:00:00+00:00, run_after=2025-06-27 00:00:00+00:00
[2025-06-26T23:48:22.644+0000] {processor.py:183} INFO - Processing /opt/airflow/dags/restaurant_etl_dag.py took 0.070 seconds
[2025-06-26T23:48:52.820+0000] {processor.py:161} INFO - Started process (PID=2582) to work on /opt/airflow/dags/restaurant_etl_dag.py
[2025-06-26T23:48:52.824+0000] {processor.py:830} INFO - Processing file /opt/airflow/dags/restaurant_etl_dag.py for tasks to queue
[2025-06-26T23:48:52.825+0000] {logging_mixin.py:188} INFO - [2025-06-26T23:48:52.825+0000] {dagbag.py:538} INFO - Filling up the DagBag from /opt/airflow/dags/restaurant_etl_dag.py
[2025-06-26T23:48:52.842+0000] {processor.py:840} INFO - DAG(s) 'restaurant_etl_pipeline' retrieved from /opt/airflow/dags/restaurant_etl_dag.py
[2025-06-26T23:48:52.863+0000] {logging_mixin.py:188} INFO - [2025-06-26T23:48:52.863+0000] {dag.py:3036} INFO - Sync 1 DAGs
[2025-06-26T23:48:52.879+0000] {logging_mixin.py:188} INFO - [2025-06-26T23:48:52.878+0000] {dag.py:3823} INFO - Setting next_dagrun for restaurant_etl_pipeline to 2025-06-26 18:00:00+00:00, run_after=2025-06-27 00:00:00+00:00
[2025-06-26T23:48:52.892+0000] {processor.py:183} INFO - Processing /opt/airflow/dags/restaurant_etl_dag.py took 0.074 seconds
[2025-06-26T23:49:23.096+0000] {processor.py:161} INFO - Started process (PID=2598) to work on /opt/airflow/dags/restaurant_etl_dag.py
[2025-06-26T23:49:23.097+0000] {processor.py:830} INFO - Processing file /opt/airflow/dags/restaurant_etl_dag.py for tasks to queue
[2025-06-26T23:49:23.098+0000] {logging_mixin.py:188} INFO - [2025-06-26T23:49:23.098+0000] {dagbag.py:538} INFO - Filling up the DagBag from /opt/airflow/dags/restaurant_etl_dag.py
[2025-06-26T23:49:23.120+0000] {processor.py:840} INFO - DAG(s) 'restaurant_etl_pipeline' retrieved from /opt/airflow/dags/restaurant_etl_dag.py
[2025-06-26T23:49:23.143+0000] {logging_mixin.py:188} INFO - [2025-06-26T23:49:23.143+0000] {dag.py:3036} INFO - Sync 1 DAGs
[2025-06-26T23:49:23.160+0000] {logging_mixin.py:188} INFO - [2025-06-26T23:49:23.160+0000] {dag.py:3823} INFO - Setting next_dagrun for restaurant_etl_pipeline to 2025-06-26 18:00:00+00:00, run_after=2025-06-27 00:00:00+00:00
[2025-06-26T23:49:23.177+0000] {processor.py:183} INFO - Processing /opt/airflow/dags/restaurant_etl_dag.py took 0.083 seconds
[2025-06-26T23:49:53.391+0000] {processor.py:161} INFO - Started process (PID=2614) to work on /opt/airflow/dags/restaurant_etl_dag.py
[2025-06-26T23:49:53.392+0000] {processor.py:830} INFO - Processing file /opt/airflow/dags/restaurant_etl_dag.py for tasks to queue
[2025-06-26T23:49:53.393+0000] {logging_mixin.py:188} INFO - [2025-06-26T23:49:53.392+0000] {dagbag.py:538} INFO - Filling up the DagBag from /opt/airflow/dags/restaurant_etl_dag.py
[2025-06-26T23:49:53.414+0000] {processor.py:840} INFO - DAG(s) 'restaurant_etl_pipeline' retrieved from /opt/airflow/dags/restaurant_etl_dag.py
[2025-06-26T23:49:53.436+0000] {logging_mixin.py:188} INFO - [2025-06-26T23:49:53.436+0000] {dag.py:3036} INFO - Sync 1 DAGs
[2025-06-26T23:49:53.450+0000] {logging_mixin.py:188} INFO - [2025-06-26T23:49:53.450+0000] {dag.py:3823} INFO - Setting next_dagrun for restaurant_etl_pipeline to 2025-06-26 18:00:00+00:00, run_after=2025-06-27 00:00:00+00:00
[2025-06-26T23:49:53.463+0000] {processor.py:183} INFO - Processing /opt/airflow/dags/restaurant_etl_dag.py took 0.074 seconds
[2025-06-26T23:50:23.678+0000] {processor.py:161} INFO - Started process (PID=2630) to work on /opt/airflow/dags/restaurant_etl_dag.py
[2025-06-26T23:50:23.679+0000] {processor.py:830} INFO - Processing file /opt/airflow/dags/restaurant_etl_dag.py for tasks to queue
[2025-06-26T23:50:23.679+0000] {logging_mixin.py:188} INFO - [2025-06-26T23:50:23.679+0000] {dagbag.py:538} INFO - Filling up the DagBag from /opt/airflow/dags/restaurant_etl_dag.py
[2025-06-26T23:50:23.699+0000] {processor.py:840} INFO - DAG(s) 'restaurant_etl_pipeline' retrieved from /opt/airflow/dags/restaurant_etl_dag.py
[2025-06-26T23:50:23.720+0000] {logging_mixin.py:188} INFO - [2025-06-26T23:50:23.720+0000] {dag.py:3036} INFO - Sync 1 DAGs
[2025-06-26T23:50:23.736+0000] {logging_mixin.py:188} INFO - [2025-06-26T23:50:23.735+0000] {dag.py:3823} INFO - Setting next_dagrun for restaurant_etl_pipeline to 2025-06-26 18:00:00+00:00, run_after=2025-06-27 00:00:00+00:00
[2025-06-26T23:50:23.749+0000] {processor.py:183} INFO - Processing /opt/airflow/dags/restaurant_etl_dag.py took 0.075 seconds
[2025-06-26T23:50:53.932+0000] {processor.py:161} INFO - Started process (PID=2646) to work on /opt/airflow/dags/restaurant_etl_dag.py
[2025-06-26T23:50:53.933+0000] {processor.py:830} INFO - Processing file /opt/airflow/dags/restaurant_etl_dag.py for tasks to queue
[2025-06-26T23:50:53.933+0000] {logging_mixin.py:188} INFO - [2025-06-26T23:50:53.933+0000] {dagbag.py:538} INFO - Filling up the DagBag from /opt/airflow/dags/restaurant_etl_dag.py
[2025-06-26T23:50:53.948+0000] {processor.py:840} INFO - DAG(s) 'restaurant_etl_pipeline' retrieved from /opt/airflow/dags/restaurant_etl_dag.py
[2025-06-26T23:50:53.968+0000] {logging_mixin.py:188} INFO - [2025-06-26T23:50:53.967+0000] {dag.py:3036} INFO - Sync 1 DAGs
[2025-06-26T23:50:53.984+0000] {logging_mixin.py:188} INFO - [2025-06-26T23:50:53.983+0000] {dag.py:3823} INFO - Setting next_dagrun for restaurant_etl_pipeline to 2025-06-26 18:00:00+00:00, run_after=2025-06-27 00:00:00+00:00
[2025-06-26T23:50:53.998+0000] {processor.py:183} INFO - Processing /opt/airflow/dags/restaurant_etl_dag.py took 0.068 seconds
[2025-06-26T23:51:24.245+0000] {processor.py:161} INFO - Started process (PID=2662) to work on /opt/airflow/dags/restaurant_etl_dag.py
[2025-06-26T23:51:24.246+0000] {processor.py:830} INFO - Processing file /opt/airflow/dags/restaurant_etl_dag.py for tasks to queue
[2025-06-26T23:51:24.247+0000] {logging_mixin.py:188} INFO - [2025-06-26T23:51:24.246+0000] {dagbag.py:538} INFO - Filling up the DagBag from /opt/airflow/dags/restaurant_etl_dag.py
[2025-06-26T23:51:24.265+0000] {processor.py:840} INFO - DAG(s) 'restaurant_etl_pipeline' retrieved from /opt/airflow/dags/restaurant_etl_dag.py
[2025-06-26T23:51:24.293+0000] {logging_mixin.py:188} INFO - [2025-06-26T23:51:24.293+0000] {dag.py:3036} INFO - Sync 1 DAGs
[2025-06-26T23:51:24.310+0000] {logging_mixin.py:188} INFO - [2025-06-26T23:51:24.310+0000] {dag.py:3823} INFO - Setting next_dagrun for restaurant_etl_pipeline to 2025-06-26 18:00:00+00:00, run_after=2025-06-27 00:00:00+00:00
[2025-06-26T23:51:24.326+0000] {processor.py:183} INFO - Processing /opt/airflow/dags/restaurant_etl_dag.py took 0.084 seconds
[2025-06-26T23:51:54.480+0000] {processor.py:161} INFO - Started process (PID=2678) to work on /opt/airflow/dags/restaurant_etl_dag.py
[2025-06-26T23:51:54.483+0000] {processor.py:830} INFO - Processing file /opt/airflow/dags/restaurant_etl_dag.py for tasks to queue
[2025-06-26T23:51:54.484+0000] {logging_mixin.py:188} INFO - [2025-06-26T23:51:54.483+0000] {dagbag.py:538} INFO - Filling up the DagBag from /opt/airflow/dags/restaurant_etl_dag.py
[2025-06-26T23:51:54.501+0000] {processor.py:840} INFO - DAG(s) 'restaurant_etl_pipeline' retrieved from /opt/airflow/dags/restaurant_etl_dag.py
[2025-06-26T23:51:54.523+0000] {logging_mixin.py:188} INFO - [2025-06-26T23:51:54.523+0000] {dag.py:3036} INFO - Sync 1 DAGs
[2025-06-26T23:51:54.541+0000] {logging_mixin.py:188} INFO - [2025-06-26T23:51:54.541+0000] {dag.py:3823} INFO - Setting next_dagrun for restaurant_etl_pipeline to 2025-06-26 18:00:00+00:00, run_after=2025-06-27 00:00:00+00:00
[2025-06-26T23:51:54.559+0000] {processor.py:183} INFO - Processing /opt/airflow/dags/restaurant_etl_dag.py took 0.081 seconds
[2025-06-26T23:52:24.797+0000] {processor.py:161} INFO - Started process (PID=2694) to work on /opt/airflow/dags/restaurant_etl_dag.py
[2025-06-26T23:52:24.798+0000] {processor.py:830} INFO - Processing file /opt/airflow/dags/restaurant_etl_dag.py for tasks to queue
[2025-06-26T23:52:24.799+0000] {logging_mixin.py:188} INFO - [2025-06-26T23:52:24.799+0000] {dagbag.py:538} INFO - Filling up the DagBag from /opt/airflow/dags/restaurant_etl_dag.py
[2025-06-26T23:52:24.818+0000] {processor.py:840} INFO - DAG(s) 'restaurant_etl_pipeline' retrieved from /opt/airflow/dags/restaurant_etl_dag.py
[2025-06-26T23:52:24.843+0000] {logging_mixin.py:188} INFO - [2025-06-26T23:52:24.843+0000] {dag.py:3036} INFO - Sync 1 DAGs
[2025-06-26T23:52:24.860+0000] {logging_mixin.py:188} INFO - [2025-06-26T23:52:24.859+0000] {dag.py:3823} INFO - Setting next_dagrun for restaurant_etl_pipeline to 2025-06-26 18:00:00+00:00, run_after=2025-06-27 00:00:00+00:00
[2025-06-26T23:52:24.879+0000] {processor.py:183} INFO - Processing /opt/airflow/dags/restaurant_etl_dag.py took 0.085 seconds
[2025-06-26T23:52:55.117+0000] {processor.py:161} INFO - Started process (PID=2710) to work on /opt/airflow/dags/restaurant_etl_dag.py
[2025-06-26T23:52:55.118+0000] {processor.py:830} INFO - Processing file /opt/airflow/dags/restaurant_etl_dag.py for tasks to queue
[2025-06-26T23:52:55.118+0000] {logging_mixin.py:188} INFO - [2025-06-26T23:52:55.118+0000] {dagbag.py:538} INFO - Filling up the DagBag from /opt/airflow/dags/restaurant_etl_dag.py
[2025-06-26T23:52:55.149+0000] {processor.py:840} INFO - DAG(s) 'restaurant_etl_pipeline' retrieved from /opt/airflow/dags/restaurant_etl_dag.py
[2025-06-26T23:52:55.175+0000] {logging_mixin.py:188} INFO - [2025-06-26T23:52:55.174+0000] {dag.py:3036} INFO - Sync 1 DAGs
[2025-06-26T23:52:55.192+0000] {logging_mixin.py:188} INFO - [2025-06-26T23:52:55.191+0000] {dag.py:3823} INFO - Setting next_dagrun for restaurant_etl_pipeline to 2025-06-26 18:00:00+00:00, run_after=2025-06-27 00:00:00+00:00
[2025-06-26T23:52:55.208+0000] {processor.py:183} INFO - Processing /opt/airflow/dags/restaurant_etl_dag.py took 0.093 seconds
[2025-06-26T23:53:25.354+0000] {processor.py:161} INFO - Started process (PID=2726) to work on /opt/airflow/dags/restaurant_etl_dag.py
[2025-06-26T23:53:25.355+0000] {processor.py:830} INFO - Processing file /opt/airflow/dags/restaurant_etl_dag.py for tasks to queue
[2025-06-26T23:53:25.355+0000] {logging_mixin.py:188} INFO - [2025-06-26T23:53:25.355+0000] {dagbag.py:538} INFO - Filling up the DagBag from /opt/airflow/dags/restaurant_etl_dag.py
[2025-06-26T23:53:25.371+0000] {processor.py:840} INFO - DAG(s) 'restaurant_etl_pipeline' retrieved from /opt/airflow/dags/restaurant_etl_dag.py
[2025-06-26T23:53:25.391+0000] {logging_mixin.py:188} INFO - [2025-06-26T23:53:25.391+0000] {dag.py:3036} INFO - Sync 1 DAGs
[2025-06-26T23:53:25.406+0000] {logging_mixin.py:188} INFO - [2025-06-26T23:53:25.406+0000] {dag.py:3823} INFO - Setting next_dagrun for restaurant_etl_pipeline to 2025-06-26 18:00:00+00:00, run_after=2025-06-27 00:00:00+00:00
[2025-06-26T23:53:25.419+0000] {processor.py:183} INFO - Processing /opt/airflow/dags/restaurant_etl_dag.py took 0.067 seconds
[2025-06-26T23:53:55.616+0000] {processor.py:161} INFO - Started process (PID=2742) to work on /opt/airflow/dags/restaurant_etl_dag.py
[2025-06-26T23:53:55.617+0000] {processor.py:830} INFO - Processing file /opt/airflow/dags/restaurant_etl_dag.py for tasks to queue
[2025-06-26T23:53:55.617+0000] {logging_mixin.py:188} INFO - [2025-06-26T23:53:55.617+0000] {dagbag.py:538} INFO - Filling up the DagBag from /opt/airflow/dags/restaurant_etl_dag.py
[2025-06-26T23:53:55.631+0000] {processor.py:840} INFO - DAG(s) 'restaurant_etl_pipeline' retrieved from /opt/airflow/dags/restaurant_etl_dag.py
[2025-06-26T23:53:55.650+0000] {logging_mixin.py:188} INFO - [2025-06-26T23:53:55.650+0000] {dag.py:3036} INFO - Sync 1 DAGs
[2025-06-26T23:53:55.666+0000] {logging_mixin.py:188} INFO - [2025-06-26T23:53:55.666+0000] {dag.py:3823} INFO - Setting next_dagrun for restaurant_etl_pipeline to 2025-06-26 18:00:00+00:00, run_after=2025-06-27 00:00:00+00:00
[2025-06-26T23:53:55.681+0000] {processor.py:183} INFO - Processing /opt/airflow/dags/restaurant_etl_dag.py took 0.067 seconds
[2025-06-26T23:54:25.811+0000] {processor.py:161} INFO - Started process (PID=2758) to work on /opt/airflow/dags/restaurant_etl_dag.py
[2025-06-26T23:54:25.812+0000] {processor.py:830} INFO - Processing file /opt/airflow/dags/restaurant_etl_dag.py for tasks to queue
[2025-06-26T23:54:25.813+0000] {logging_mixin.py:188} INFO - [2025-06-26T23:54:25.812+0000] {dagbag.py:538} INFO - Filling up the DagBag from /opt/airflow/dags/restaurant_etl_dag.py
[2025-06-26T23:54:25.829+0000] {processor.py:840} INFO - DAG(s) 'restaurant_etl_pipeline' retrieved from /opt/airflow/dags/restaurant_etl_dag.py
[2025-06-26T23:54:25.850+0000] {logging_mixin.py:188} INFO - [2025-06-26T23:54:25.849+0000] {dag.py:3036} INFO - Sync 1 DAGs
[2025-06-26T23:54:25.865+0000] {logging_mixin.py:188} INFO - [2025-06-26T23:54:25.864+0000] {dag.py:3823} INFO - Setting next_dagrun for restaurant_etl_pipeline to 2025-06-26 18:00:00+00:00, run_after=2025-06-27 00:00:00+00:00
[2025-06-26T23:54:25.878+0000] {processor.py:183} INFO - Processing /opt/airflow/dags/restaurant_etl_dag.py took 0.069 seconds
[2025-06-26T23:54:56.086+0000] {processor.py:161} INFO - Started process (PID=2774) to work on /opt/airflow/dags/restaurant_etl_dag.py
[2025-06-26T23:54:56.086+0000] {processor.py:830} INFO - Processing file /opt/airflow/dags/restaurant_etl_dag.py for tasks to queue
[2025-06-26T23:54:56.087+0000] {logging_mixin.py:188} INFO - [2025-06-26T23:54:56.087+0000] {dagbag.py:538} INFO - Filling up the DagBag from /opt/airflow/dags/restaurant_etl_dag.py
[2025-06-26T23:54:56.101+0000] {processor.py:840} INFO - DAG(s) 'restaurant_etl_pipeline' retrieved from /opt/airflow/dags/restaurant_etl_dag.py
[2025-06-26T23:54:56.122+0000] {logging_mixin.py:188} INFO - [2025-06-26T23:54:56.121+0000] {dag.py:3036} INFO - Sync 1 DAGs
[2025-06-26T23:54:56.136+0000] {logging_mixin.py:188} INFO - [2025-06-26T23:54:56.136+0000] {dag.py:3823} INFO - Setting next_dagrun for restaurant_etl_pipeline to 2025-06-26 18:00:00+00:00, run_after=2025-06-27 00:00:00+00:00
[2025-06-26T23:54:56.150+0000] {processor.py:183} INFO - Processing /opt/airflow/dags/restaurant_etl_dag.py took 0.067 seconds
[2025-06-26T23:55:26.303+0000] {processor.py:161} INFO - Started process (PID=2790) to work on /opt/airflow/dags/restaurant_etl_dag.py
[2025-06-26T23:55:26.304+0000] {processor.py:830} INFO - Processing file /opt/airflow/dags/restaurant_etl_dag.py for tasks to queue
[2025-06-26T23:55:26.304+0000] {logging_mixin.py:188} INFO - [2025-06-26T23:55:26.304+0000] {dagbag.py:538} INFO - Filling up the DagBag from /opt/airflow/dags/restaurant_etl_dag.py
[2025-06-26T23:55:26.319+0000] {processor.py:840} INFO - DAG(s) 'restaurant_etl_pipeline' retrieved from /opt/airflow/dags/restaurant_etl_dag.py
[2025-06-26T23:55:26.341+0000] {logging_mixin.py:188} INFO - [2025-06-26T23:55:26.341+0000] {dag.py:3036} INFO - Sync 1 DAGs
[2025-06-26T23:55:26.355+0000] {logging_mixin.py:188} INFO - [2025-06-26T23:55:26.355+0000] {dag.py:3823} INFO - Setting next_dagrun for restaurant_etl_pipeline to 2025-06-26 18:00:00+00:00, run_after=2025-06-27 00:00:00+00:00
[2025-06-26T23:55:26.369+0000] {processor.py:183} INFO - Processing /opt/airflow/dags/restaurant_etl_dag.py took 0.068 seconds
[2025-06-26T23:55:56.521+0000] {processor.py:161} INFO - Started process (PID=2806) to work on /opt/airflow/dags/restaurant_etl_dag.py
[2025-06-26T23:55:56.522+0000] {processor.py:830} INFO - Processing file /opt/airflow/dags/restaurant_etl_dag.py for tasks to queue
[2025-06-26T23:55:56.523+0000] {logging_mixin.py:188} INFO - [2025-06-26T23:55:56.523+0000] {dagbag.py:538} INFO - Filling up the DagBag from /opt/airflow/dags/restaurant_etl_dag.py
[2025-06-26T23:55:56.542+0000] {processor.py:840} INFO - DAG(s) 'restaurant_etl_pipeline' retrieved from /opt/airflow/dags/restaurant_etl_dag.py
[2025-06-26T23:55:56.562+0000] {logging_mixin.py:188} INFO - [2025-06-26T23:55:56.562+0000] {dag.py:3036} INFO - Sync 1 DAGs
[2025-06-26T23:55:56.577+0000] {logging_mixin.py:188} INFO - [2025-06-26T23:55:56.577+0000] {dag.py:3823} INFO - Setting next_dagrun for restaurant_etl_pipeline to 2025-06-26 18:00:00+00:00, run_after=2025-06-27 00:00:00+00:00
[2025-06-26T23:55:56.591+0000] {processor.py:183} INFO - Processing /opt/airflow/dags/restaurant_etl_dag.py took 0.072 seconds
[2025-06-26T23:56:26.816+0000] {processor.py:161} INFO - Started process (PID=2822) to work on /opt/airflow/dags/restaurant_etl_dag.py
[2025-06-26T23:56:26.817+0000] {processor.py:830} INFO - Processing file /opt/airflow/dags/restaurant_etl_dag.py for tasks to queue
[2025-06-26T23:56:26.817+0000] {logging_mixin.py:188} INFO - [2025-06-26T23:56:26.817+0000] {dagbag.py:538} INFO - Filling up the DagBag from /opt/airflow/dags/restaurant_etl_dag.py
[2025-06-26T23:56:26.841+0000] {processor.py:840} INFO - DAG(s) 'restaurant_etl_pipeline' retrieved from /opt/airflow/dags/restaurant_etl_dag.py
[2025-06-26T23:56:26.862+0000] {logging_mixin.py:188} INFO - [2025-06-26T23:56:26.862+0000] {dag.py:3036} INFO - Sync 1 DAGs
[2025-06-26T23:56:26.878+0000] {logging_mixin.py:188} INFO - [2025-06-26T23:56:26.878+0000] {dag.py:3823} INFO - Setting next_dagrun for restaurant_etl_pipeline to 2025-06-26 18:00:00+00:00, run_after=2025-06-27 00:00:00+00:00
[2025-06-26T23:56:26.892+0000] {processor.py:183} INFO - Processing /opt/airflow/dags/restaurant_etl_dag.py took 0.078 seconds
[2025-06-26T23:56:57.129+0000] {processor.py:161} INFO - Started process (PID=2838) to work on /opt/airflow/dags/restaurant_etl_dag.py
[2025-06-26T23:56:57.129+0000] {processor.py:830} INFO - Processing file /opt/airflow/dags/restaurant_etl_dag.py for tasks to queue
[2025-06-26T23:56:57.131+0000] {logging_mixin.py:188} INFO - [2025-06-26T23:56:57.130+0000] {dagbag.py:538} INFO - Filling up the DagBag from /opt/airflow/dags/restaurant_etl_dag.py
[2025-06-26T23:56:57.152+0000] {processor.py:840} INFO - DAG(s) 'restaurant_etl_pipeline' retrieved from /opt/airflow/dags/restaurant_etl_dag.py
[2025-06-26T23:56:57.177+0000] {logging_mixin.py:188} INFO - [2025-06-26T23:56:57.176+0000] {dag.py:3036} INFO - Sync 1 DAGs
[2025-06-26T23:56:57.194+0000] {logging_mixin.py:188} INFO - [2025-06-26T23:56:57.194+0000] {dag.py:3823} INFO - Setting next_dagrun for restaurant_etl_pipeline to 2025-06-26 18:00:00+00:00, run_after=2025-06-27 00:00:00+00:00
[2025-06-26T23:56:57.211+0000] {processor.py:183} INFO - Processing /opt/airflow/dags/restaurant_etl_dag.py took 0.086 seconds
[2025-06-26T23:57:27.507+0000] {processor.py:161} INFO - Started process (PID=2854) to work on /opt/airflow/dags/restaurant_etl_dag.py
[2025-06-26T23:57:27.508+0000] {processor.py:830} INFO - Processing file /opt/airflow/dags/restaurant_etl_dag.py for tasks to queue
[2025-06-26T23:57:27.508+0000] {logging_mixin.py:188} INFO - [2025-06-26T23:57:27.508+0000] {dagbag.py:538} INFO - Filling up the DagBag from /opt/airflow/dags/restaurant_etl_dag.py
[2025-06-26T23:57:27.524+0000] {processor.py:840} INFO - DAG(s) 'restaurant_etl_pipeline' retrieved from /opt/airflow/dags/restaurant_etl_dag.py
[2025-06-26T23:57:27.544+0000] {logging_mixin.py:188} INFO - [2025-06-26T23:57:27.544+0000] {dag.py:3036} INFO - Sync 1 DAGs
[2025-06-26T23:57:27.559+0000] {logging_mixin.py:188} INFO - [2025-06-26T23:57:27.559+0000] {dag.py:3823} INFO - Setting next_dagrun for restaurant_etl_pipeline to 2025-06-26 18:00:00+00:00, run_after=2025-06-27 00:00:00+00:00
[2025-06-26T23:57:27.573+0000] {processor.py:183} INFO - Processing /opt/airflow/dags/restaurant_etl_dag.py took 0.068 seconds
[2025-06-26T23:57:57.763+0000] {processor.py:161} INFO - Started process (PID=2869) to work on /opt/airflow/dags/restaurant_etl_dag.py
[2025-06-26T23:57:57.764+0000] {processor.py:830} INFO - Processing file /opt/airflow/dags/restaurant_etl_dag.py for tasks to queue
[2025-06-26T23:57:57.764+0000] {logging_mixin.py:188} INFO - [2025-06-26T23:57:57.764+0000] {dagbag.py:538} INFO - Filling up the DagBag from /opt/airflow/dags/restaurant_etl_dag.py
[2025-06-26T23:57:57.783+0000] {processor.py:840} INFO - DAG(s) 'restaurant_etl_pipeline' retrieved from /opt/airflow/dags/restaurant_etl_dag.py
[2025-06-26T23:57:57.807+0000] {logging_mixin.py:188} INFO - [2025-06-26T23:57:57.807+0000] {dag.py:3036} INFO - Sync 1 DAGs
[2025-06-26T23:57:57.827+0000] {logging_mixin.py:188} INFO - [2025-06-26T23:57:57.827+0000] {dag.py:3823} INFO - Setting next_dagrun for restaurant_etl_pipeline to 2025-06-26 18:00:00+00:00, run_after=2025-06-27 00:00:00+00:00
[2025-06-26T23:57:57.845+0000] {processor.py:183} INFO - Processing /opt/airflow/dags/restaurant_etl_dag.py took 0.084 seconds
[2025-06-26T23:58:28.009+0000] {processor.py:161} INFO - Started process (PID=2885) to work on /opt/airflow/dags/restaurant_etl_dag.py
[2025-06-26T23:58:28.010+0000] {processor.py:830} INFO - Processing file /opt/airflow/dags/restaurant_etl_dag.py for tasks to queue
[2025-06-26T23:58:28.010+0000] {logging_mixin.py:188} INFO - [2025-06-26T23:58:28.010+0000] {dagbag.py:538} INFO - Filling up the DagBag from /opt/airflow/dags/restaurant_etl_dag.py
[2025-06-26T23:58:28.028+0000] {processor.py:840} INFO - DAG(s) 'restaurant_etl_pipeline' retrieved from /opt/airflow/dags/restaurant_etl_dag.py
[2025-06-26T23:58:28.050+0000] {logging_mixin.py:188} INFO - [2025-06-26T23:58:28.050+0000] {dag.py:3036} INFO - Sync 1 DAGs
[2025-06-26T23:58:28.066+0000] {logging_mixin.py:188} INFO - [2025-06-26T23:58:28.066+0000] {dag.py:3823} INFO - Setting next_dagrun for restaurant_etl_pipeline to 2025-06-26 18:00:00+00:00, run_after=2025-06-27 00:00:00+00:00
[2025-06-26T23:58:28.081+0000] {processor.py:183} INFO - Processing /opt/airflow/dags/restaurant_etl_dag.py took 0.074 seconds
[2025-06-26T23:58:58.220+0000] {processor.py:161} INFO - Started process (PID=2901) to work on /opt/airflow/dags/restaurant_etl_dag.py
[2025-06-26T23:58:58.221+0000] {processor.py:830} INFO - Processing file /opt/airflow/dags/restaurant_etl_dag.py for tasks to queue
[2025-06-26T23:58:58.222+0000] {logging_mixin.py:188} INFO - [2025-06-26T23:58:58.222+0000] {dagbag.py:538} INFO - Filling up the DagBag from /opt/airflow/dags/restaurant_etl_dag.py
[2025-06-26T23:58:58.238+0000] {processor.py:840} INFO - DAG(s) 'restaurant_etl_pipeline' retrieved from /opt/airflow/dags/restaurant_etl_dag.py
[2025-06-26T23:58:58.262+0000] {logging_mixin.py:188} INFO - [2025-06-26T23:58:58.262+0000] {dag.py:3036} INFO - Sync 1 DAGs
[2025-06-26T23:58:58.279+0000] {logging_mixin.py:188} INFO - [2025-06-26T23:58:58.279+0000] {dag.py:3823} INFO - Setting next_dagrun for restaurant_etl_pipeline to 2025-06-26 18:00:00+00:00, run_after=2025-06-27 00:00:00+00:00
[2025-06-26T23:58:58.296+0000] {processor.py:183} INFO - Processing /opt/airflow/dags/restaurant_etl_dag.py took 0.078 seconds
[2025-06-26T23:59:28.708+0000] {processor.py:161} INFO - Started process (PID=2917) to work on /opt/airflow/dags/restaurant_etl_dag.py
[2025-06-26T23:59:28.711+0000] {processor.py:830} INFO - Processing file /opt/airflow/dags/restaurant_etl_dag.py for tasks to queue
[2025-06-26T23:59:28.714+0000] {logging_mixin.py:188} INFO - [2025-06-26T23:59:28.713+0000] {dagbag.py:538} INFO - Filling up the DagBag from /opt/airflow/dags/restaurant_etl_dag.py
[2025-06-26T23:59:28.818+0000] {processor.py:840} INFO - DAG(s) 'restaurant_etl_pipeline' retrieved from /opt/airflow/dags/restaurant_etl_dag.py
[2025-06-26T23:59:28.911+0000] {logging_mixin.py:188} INFO - [2025-06-26T23:59:28.910+0000] {dag.py:3036} INFO - Sync 1 DAGs
[2025-06-26T23:59:28.986+0000] {logging_mixin.py:188} INFO - [2025-06-26T23:59:28.985+0000] {dag.py:3823} INFO - Setting next_dagrun for restaurant_etl_pipeline to 2025-06-26 18:00:00+00:00, run_after=2025-06-27 00:00:00+00:00
[2025-06-26T23:59:29.012+0000] {processor.py:183} INFO - Processing /opt/airflow/dags/restaurant_etl_dag.py took 0.328 seconds
[2025-06-26T23:59:59.255+0000] {processor.py:161} INFO - Started process (PID=2933) to work on /opt/airflow/dags/restaurant_etl_dag.py
[2025-06-26T23:59:59.256+0000] {processor.py:830} INFO - Processing file /opt/airflow/dags/restaurant_etl_dag.py for tasks to queue
[2025-06-26T23:59:59.256+0000] {logging_mixin.py:188} INFO - [2025-06-26T23:59:59.256+0000] {dagbag.py:538} INFO - Filling up the DagBag from /opt/airflow/dags/restaurant_etl_dag.py
[2025-06-26T23:59:59.277+0000] {processor.py:840} INFO - DAG(s) 'restaurant_etl_pipeline' retrieved from /opt/airflow/dags/restaurant_etl_dag.py
[2025-06-26T23:59:59.298+0000] {logging_mixin.py:188} INFO - [2025-06-26T23:59:59.298+0000] {dag.py:3036} INFO - Sync 1 DAGs
[2025-06-26T23:59:59.312+0000] {logging_mixin.py:188} INFO - [2025-06-26T23:59:59.312+0000] {dag.py:3823} INFO - Setting next_dagrun for restaurant_etl_pipeline to 2025-06-26 18:00:00+00:00, run_after=2025-06-27 00:00:00+00:00
[2025-06-26T23:59:59.330+0000] {processor.py:183} INFO - Processing /opt/airflow/dags/restaurant_etl_dag.py took 0.078 seconds
